"n","replication","svd_success","os_success","rml_success","svd_mse","os_mse","rml_mse","svd_constraint","os_constraint","rml_constraint","os_rml_distance","scaled_os_rml_distance","relative_os_rml_distance","likelihood_gap","svd_rml_distance","scaled_svd_rml_distance","relative_svd_rml_distance","likelihood_gap_svd","svd_time","os_time","rml_time","svd_error","os_error","rml_error"
300,1,TRUE,TRUE,TRUE,0.00466009327802104,0.00419061838887751,0.00414862017549462,4.44089209850063e-16,4.44089209850063e-16,4.88498130835069e-14,0.0482347647792345,0.83545063288768,0.00883489533031288,0.00155999624963243,0.149664572781845,2.59226644151246,0.0274132327841857,0.0284934366406802,0.0499999999999972,0.140000000000001,2.87,NA,NA,NA
300,2,TRUE,TRUE,TRUE,0.0037776748947517,0.00348602875686189,0.00346657460213318,4.44089209850063e-16,3.33066907387547e-16,3.53272966435725e-13,0.0360020152960869,0.623573196676943,0.00661852000381758,0.00113482912389884,0.164413202030528,2.84772019351962,0.0302253098217263,0.0243842319247349,0.0200000000000102,0.0499999999999972,2.98,NA,NA,NA
300,3,TRUE,TRUE,TRUE,0.00359938956989015,0.00312576518813,0.00315671775042475,4.44089209850063e-16,2.22044604925031e-16,1.59117163889277e-11,0.0230176246347936,0.398676953370115,0.00426163980435309,0.00037375823017527,0.127697874859734,2.21179207275632,0.0236428543374073,0.0163938906238137,0.019999999999996,0.0300000000000011,2.84,NA,NA,NA
300,4,TRUE,TRUE,TRUE,0.00386929199482093,0.00347677091466754,0.00366749702066553,2.22044604925031e-16,2.22044604925031e-16,1.49658063719471e-13,0.0443988645585361,0.769010892137536,0.0084255578023938,0.002461728456435,0.217694282593704,3.77057557969552,0.0413117718095172,0.0437524184166342,0,0.0300000000000011,2.85000000000001,NA,NA,NA
300,5,TRUE,TRUE,TRUE,0.00383782395349429,0.00355048686330253,0.00353752377874467,4.44089209850063e-16,2.22044604925031e-16,8.88178419700125e-16,0.0251103221847178,0.434923538183551,0.00468338662512162,0.00111792589004267,0.144698325284528,2.50624851162931,0.0269880329025604,0.0244499906320179,0,0.0300000000000011,2.88,NA,NA,NA
300,6,TRUE,TRUE,TRUE,0.00312460733151947,0.00320474979326884,0.00322383573904445,4.44089209850063e-16,2.22044604925031e-16,5.41788836017076e-14,0.022313075238612,0.38647379986383,0.00405872109068606,0.000677115996296607,0.168518490369164,2.91882587334199,0.030653307252257,0.0268544972740834,0.0100000000000051,0.0299999999999869,2.86,NA,NA,NA
300,7,TRUE,TRUE,TRUE,0.00340926494737824,0.00340742639527545,0.00340508820657271,2.22044604925031e-16,2.22044604925031e-16,6.21724893790088e-15,0.0289324315820872,0.501124414866854,0.00550263420758455,0.00164830681267603,0.133910759041306,2.31940238339655,0.0254683717603781,0.0211343447032313,0,0.0300000000000011,2.75,NA,NA,NA
300,8,TRUE,TRUE,TRUE,0.00405548560284717,0.00337828911229302,0.00338577664016497,2.22044604925031e-16,4.44089209850063e-16,4.17443857259059e-14,0.0144473487646644,0.250235420950662,0.00264151600965398,0.000352127325534468,0.120274521042491,2.08321581301607,0.021990683416203,0.0167354090791108,0,0.0299999999999869,2.83000000000001,NA,NA,NA
300,9,TRUE,TRUE,TRUE,0.00379270960984386,0.00327956532273018,0.00328592293307076,6.66133814775094e-16,2.22044604925031e-16,1.99840144432528e-13,0.0296998505025629,0.514416500476389,0.00549662951796647,0.00140491560630096,0.15071117201538,2.61039407198891,0.0278925133550951,0.0272258087804893,0.00999999999999091,0.0300000000000011,2.83000000000001,NA,NA,NA
300,10,TRUE,TRUE,TRUE,0.00415642096837352,0.00406205899808001,0.00427129081130509,4.44089209850063e-16,2.22044604925031e-16,2.72226685638088e-13,0.044123299503741,0.76423796538058,0.00806703243666089,0.0016328562372081,0.240501593214738,4.16560978749189,0.0439707405237775,0.0469768086602897,0,0.0500000000000114,2.88,NA,NA,NA
300,11,TRUE,TRUE,TRUE,0.00529302454970497,0.00482680619542916,0.00478259119661597,4.44089209850063e-16,2.22044604925031e-16,1.49213974509621e-13,0.0223847953935297,0.387716029386272,0.00423738006008752,0.000332336987167281,0.0879435170376523,1.52322639705513,0.016647465342347,0.00960480400135211,0.019999999999996,0.0300000000000011,2.92,NA,NA,NA
300,12,TRUE,TRUE,TRUE,0.0060237615444596,0.00532904781576893,0.00545965828212579,4.44089209850063e-16,2.22044604925031e-16,2.43582931602759e-13,0.0306296021718137,0.530520271772034,0.00600103832337698,0.000622236147957977,0.122876237927121,2.12827887132695,0.0240742602106535,0.0137103433030994,0,0.0499999999999972,2.8,NA,NA,NA
300,13,TRUE,TRUE,TRUE,0.00648701243752337,0.00614277888247532,0.00613379400960477,6.66133814775094e-16,2.22044604925031e-16,3.84137166520304e-14,0.0189788001752471,0.32872246170225,0.0032949616967705,0.000506450276777315,0.0846606013486996,1.46636462935282,0.0146981598464451,0.0112620194884876,0.019999999999996,0.0300000000000011,2.84,NA,NA,NA
300,14,TRUE,TRUE,TRUE,0.00336662525946172,0.0033987237288799,0.00343516933857959,4.44089209850063e-16,2.22044604925031e-16,1.66533453693773e-14,0.0214556181011205,0.371622206589351,0.0040476198302205,0.000408621352857352,0.135942506162646,2.35459327581949,0.0256456645117609,0.0160295112521531,0,0.0299999999999869,2.77000000000001,NA,NA,NA
300,15,TRUE,TRUE,TRUE,0.00561529777788547,0.00487230272827361,0.00497671351093216,4.44089209850063e-16,6.66133814775094e-16,5.77315972805081e-15,0.04487021266119,0.777174880756014,0.00792069133969048,0.00147176772532021,0.202013285711809,3.49897274656782,0.0356602919340278,0.0338499680052209,0.0100000000000051,0.0300000000000011,2.86,NA,NA,NA
300,16,TRUE,TRUE,TRUE,0.00456380994983624,0.00398077872146953,0.00382425555015215,4.44089209850063e-16,3.33066907387547e-16,7.36455341154851e-11,0.0370254374067527,0.641299387609569,0.00697915790426261,0.00123352702292223,0.171272487879411,2.96652650945865,0.032284230012859,0.0199897547086891,0.019999999999996,0.0300000000000011,2.92,NA,NA,NA
300,17,TRUE,TRUE,TRUE,0.00432702047943598,0.00404556228054514,0.00409564786648075,2.22044604925031e-16,3.33066907387547e-16,7.105427357601e-14,0.0243013827921337,0.420912296901556,0.00460894448837183,0.000660996515243539,0.116479959723559,2.0174920830478,0.0220913218381732,0.0131752544100152,0,0.0499999999999972,2.81,NA,NA,NA
300,18,TRUE,TRUE,TRUE,0.00660387622080915,0.00608986681167064,0.00615262704256616,4.44089209850063e-16,4.44089209850063e-16,4.44089209850063e-15,0.0291504131190878,0.504899965838823,0.00563857843643987,0.0010652609484616,0.139332783357341,2.41331459934902,0.0269512073300057,0.0195410848486297,0.0200000000000102,0.0300000000000011,2.78,NA,NA,NA
300,19,TRUE,TRUE,TRUE,0.00386614850140355,0.0032097999779086,0.00319593192552196,4.44089209850063e-16,2.22044604925031e-16,1.34203759216689e-12,0.0494851403478526,0.857107773021573,0.00968851857591814,0.0026959978075638,0.238191859700352,4.12560402950328,0.046634731984538,0.0496008004204178,0.0100000000000051,0.0299999999999869,2.85000000000001,NA,NA,NA
300,20,TRUE,TRUE,TRUE,0.00549722364049885,0.00594255460720002,0.00616048072761479,2.22044604925031e-16,4.44089209850063e-16,3.35997896172557e-12,0.0304942131845452,0.528175265724691,0.00605328835130076,0.000488082240249099,0.142591817885244,2.46976273320852,0.0283053504273723,0.0164026076197068,0,0.0499999999999972,2.92,NA,NA,NA
300,21,TRUE,TRUE,TRUE,0.00451803736144158,0.00358549507876094,0.00341605205700967,5.55111512312578e-16,4.44089209850063e-16,2.17159623616681e-13,0.0481547386471432,0.834064539620526,0.0092192878555573,0.00137091092710406,0.183980225468588,3.18663098099571,0.0352232554049147,0.0334323102502303,0,0.0400000000000063,2.79000000000001,NA,NA,NA
300,22,TRUE,TRUE,TRUE,0.00389381573854723,0.00385547135316579,0.00381123055610703,4.44089209850063e-16,2.22044604925031e-16,8.88178419700125e-16,0.0483430582262932,0.837326330412005,0.00909936332842191,0.00114178457994996,0.13683889307607,2.37011915259238,0.0257564757225271,0.0115474809570166,0.0200000000000102,0.0300000000000011,2.61,NA,NA,NA
300,23,TRUE,TRUE,TRUE,0.00565096894219738,0.00548459745213945,0.00557940475667104,4.44089209850063e-16,4.44089209850063e-16,4.94501106729217e-10,0.0412842382933559,0.715063982758731,0.00729814192613494,0.002141008160919,0.142944348896978,2.47586874944419,0.0252694051995381,0.0238773005807928,0,0.0300000000000011,2.83,NA,NA,NA
300,24,TRUE,TRUE,TRUE,0.00295364009307794,0.00229433188780593,0.00233974412822395,2.22044604925031e-16,5.55111512312578e-16,5.58766366509644e-11,0.0192469987581154,0.33336779742271,0.00361234528432669,0.000610867145248051,0.146088853798402,2.53033317198333,0.0274184764462997,0.0233131595808445,0,0.0300000000000011,2.85999999999999,NA,NA,NA
300,25,TRUE,TRUE,TRUE,0.00431190699654428,0.00385945786401795,0.00389880512739591,2.22044604925031e-16,2.22044604925031e-16,1.77635683940025e-15,0.0511027866112828,0.885126228190925,0.00991508856440442,0.00230093373039608,0.19870320454079,3.44164045891399,0.0385528853062176,0.0353606182021196,0,0.0300000000000011,2.89000000000001,NA,NA,NA
300,26,TRUE,TRUE,TRUE,0.00327905349934228,0.00327635988247099,0.00324625865958625,4.44089209850063e-16,4.44089209850063e-16,6.1147087393465e-11,0.0164728035463457,0.285317326853716,0.00307735715444345,0.000193993069899534,0.0652395310068547,1.12998182365837,0.0121876848061493,0.00572774543702081,0.0100000000000193,0.0300000000000011,2.81999999999999,NA,NA,NA
300,27,TRUE,TRUE,TRUE,0.00279113505497926,0.00308377949712307,0.00309013011237447,4.44089209850063e-16,3.33066907387547e-16,2.89612778203718e-12,0.0234417057326435,0.406022253450171,0.00456279315919724,0.000505167964014674,0.12980757877694,2.24833321649159,0.0252662984174653,0.0158430878743232,0.0200000000000102,0.0300000000000011,2.75999999999999,NA,NA,NA
300,28,TRUE,TRUE,TRUE,0.00481491750157191,0.00411459734685679,0.00413332855385964,2.22044604925031e-16,2.22044604925031e-16,2.39808173319034e-14,0.0324346178161886,0.561784059817173,0.00592772207585501,0.0019446462792132,0.195480429533347,3.38582035837145,0.0357258304725296,0.039198030942778,0,0.0300000000000011,2.87,NA,NA,NA
300,29,TRUE,TRUE,TRUE,0.00544045044386474,0.00493030843655359,0.00498131286566163,3.33066907387547e-16,4.44089209850063e-16,8.88178419700125e-16,0.0202261425386888,0.350327065181392,0.00384453908430321,0.000768563598697369,0.133187126516433,2.30686870040567,0.0253159055138182,0.0206740266673791,0.00999999999999091,0.0300000000000011,2.83000000000001,NA,NA,NA
300,30,TRUE,TRUE,TRUE,0.00441925901593636,0.00377279736103676,0.00400034496067741,4.44089209850063e-16,2.22044604925031e-16,6.66133814775094e-16,0.0529939761075279,0.917882591133294,0.00983548622225592,0.00164236932540973,0.225648593856477,3.90834829215892,0.0418795455438856,0.045460465454596,0,0.0499999999999829,2.91,NA,NA,NA
300,31,TRUE,TRUE,TRUE,0.00589216774105894,0.00534771950772088,0.00560193421552766,2.22044604925031e-16,4.44089209850063e-16,3.99680288865056e-15,0.0221478406226652,0.38361185236394,0.00408180788254965,0.000287595333006152,0.101107923783191,1.75124061040288,0.0186340116545771,0.0129099931893712,0,0.0300000000000011,2.80000000000001,NA,NA,NA
300,32,TRUE,TRUE,TRUE,0.00349254745348171,0.00327219520666427,0.00329789798907464,4.44089209850063e-16,2.22044604925031e-16,6.19504447740837e-14,0.0248684069619481,0.430733443613937,0.00462213311867267,0.000706542042472336,0.159003049159602,2.75401359702803,0.0295528885551487,0.0247964221690467,0.0200000000000102,0.0300000000000011,2.85999999999999,NA,NA,NA
300,33,TRUE,TRUE,TRUE,0.00623477164495679,0.00570704833167895,0.00562568368366707,2.22044604925031e-16,4.44089209850063e-16,6.83675338564171e-13,0.0290662103345837,0.503441530829826,0.00518141296044542,0.00120666512793832,0.151116107063544,2.61740775276076,0.0269383227692217,0.0247908563288206,0,0.0300000000000011,2.84,NA,NA,NA
300,34,TRUE,TRUE,TRUE,0.00498182802898211,0.0036351375450201,0.00350449367903774,2.22044604925031e-16,3.33066907387547e-16,1.29452004671293e-13,0.0728922621425414,1.26253101509511,0.0140629874001022,0.00349072358595492,0.265414230629948,4.59710932502873,0.051205942461462,0.0552330070728573,0,0.0300000000000011,2.94,NA,NA,NA
300,35,TRUE,TRUE,TRUE,0.00809274614780854,0.00732120646824978,0.00731844220103903,4.44089209850063e-16,3.33066907387547e-16,3.58157947744075e-13,0.0370734306542703,0.642130655040776,0.00747555283465152,0.00142616069947366,0.143265695362482,2.48143463349504,0.028888350934201,0.0245764410223011,0,0.0300000000000011,2.81999999999999,NA,NA,NA
300,36,TRUE,TRUE,TRUE,0.0107770041540743,0.0100126253286019,0.0102014075416051,4.44089209850063e-16,2.22044604925031e-16,4.17355039417089e-12,0.0330620157631559,0.572650911024291,0.00557585003729672,0.00106924328761338,0.178438520907398,3.09064584239055,0.0300933385485059,0.0345769894853198,0.0200000000000102,0.0300000000000011,2.82999999999998,NA,NA,NA
300,37,TRUE,TRUE,TRUE,0.00380060527935839,0.0033524177038978,0.00334835139988706,2.22044604925031e-16,2.22044604925031e-16,8.88178419700125e-16,0.0117403015863653,0.203347988437663,0.00223403362394142,0.000184247364405365,0.0907918537985237,1.57256103692408,0.0172765625034228,0.00832581803241084,0,0.0400000000000205,2.84999999999999,NA,NA,NA
300,38,TRUE,TRUE,TRUE,0.00418426433389306,0.00363028345626443,0.00366078625489147,2.22044604925031e-16,6.66133814775094e-16,9.43689570931383e-14,0.0257974366500446,0.446824709829167,0.00486980799295699,0.000690602704963794,0.134243097467105,2.32515865378447,0.0253412041635339,0.0187354637621375,0.0200000000000102,0.0300000000000011,2.85999999999999,NA,NA,NA
300,39,TRUE,TRUE,TRUE,0.00576249264194481,0.00527039805077199,0.00533176406580222,3.33066907387547e-16,3.33066907387547e-16,1.62092561595273e-14,0.0538523333052243,0.93274977390782,0.00994272538869294,0.00182978114219878,0.170138628537039,2.94688748956239,0.0314125973328719,0.0254634774613436,0.00999999999999091,0.0300000000000011,2.91,NA,NA,NA
300,40,TRUE,TRUE,TRUE,0.00798919796489885,0.00778655491158282,0.00773919356708294,2.22044604925031e-16,2.22044604925031e-16,1.44551037806195e-13,0.0107655502907206,0.18646480074966,0.00212753689232785,0.00016853923836635,0.0552504715744367,0.956966239090645,0.0109188488668755,0.00531606846520205,0,0.0300000000000011,2.81,NA,NA,NA
300,41,TRUE,TRUE,TRUE,0.00370793272889413,0.00368485717702274,0.00375135584966445,2.22044604925031e-16,2.22044604925031e-16,2.25819363208757e-13,0.0289811209039692,0.501967738659711,0.00560600994556661,0.000527988376539668,0.142550050780543,2.46903930573424,0.0275743993845077,0.0195886921137678,0,0.039999999999992,2.84,NA,NA,NA
300,42,TRUE,TRUE,TRUE,0.00363361156570352,0.00332059957750507,0.00327692608044351,2.22044604925031e-16,2.22044604925031e-16,8.92619311798626e-14,0.0273527657113844,0.473763799396456,0.00491654796700643,0.000757345066109139,0.123363693356262,2.13672184702393,0.0221741202397202,0.0175296038101607,0,0.0300000000000011,2.86000000000001,NA,NA,NA
300,43,TRUE,TRUE,TRUE,0.00350869847483408,0.00285020387209485,0.00285215296540399,4.44089209850063e-16,4.44089209850063e-16,2.36692887511936e-11,0.0289583219726044,0.50157284958489,0.00526856800838871,0.000714037339907492,0.158381765619517,2.7432526504547,0.0288153817836725,0.0249244770136059,0,0.0499999999999829,2.95000000000002,NA,NA,NA
300,44,TRUE,TRUE,TRUE,0.0038023528116308,0.00298147305736203,0.00304279763644377,2.22044604925031e-16,2.22044604925031e-16,2.55795384873636e-13,0.029096558323681,0.503967173420066,0.00532263834024184,0.00160368109902365,0.167058657521163,2.89354082670903,0.0305600685036271,0.0323664960880059,0.0100000000000193,0.039999999999992,2.78,NA,NA,NA
300,45,TRUE,TRUE,TRUE,0.00294391533083795,0.00310330700768416,0.00314951914059854,4.44089209850063e-16,2.22044604925031e-16,4.80726569662693e-13,0.0130248440916586,0.225596917274161,0.00241217259579053,0.000249818444441274,0.0982278830102099,1.70135684093615,0.0181915887723745,0.0112916356580008,0,0.039999999999992,2.83000000000001,NA,NA,NA
300,46,TRUE,TRUE,TRUE,0.00554638792334483,0.00561444248636167,0.00582807710076214,2.22044604925031e-16,2.22044604925031e-16,1.36957112317759e-12,0.0399619540295441,0.692161347489022,0.00754514913506927,0.000746385248625359,0.144441338783032,2.50179737485481,0.0272717255412817,0.0235591754700373,0.0100000000000193,0.039999999999992,2.81999999999999,NA,NA,NA
300,47,TRUE,TRUE,TRUE,0.00729160008827331,0.00531657377725064,0.00537951540905049,3.33066907387547e-16,2.22044604925031e-16,9.8987484875579e-13,0.0381825777148919,0.6613416456614,0.00685331355172962,0.00132591022111228,0.223611278750583,3.87306095941457,0.0401355355948968,0.041286378845129,0,0.039999999999992,2.84,NA,NA,NA
300,48,TRUE,TRUE,TRUE,0.00635553454272778,0.00547311049940174,0.00547705478131024,2.22044604925031e-16,4.44089209850063e-16,8.21565038222616e-15,0.0285433194949661,0.494384795819525,0.00525247679809593,0.00086993744948316,0.179581007938927,3.11043429824652,0.0330460890417545,0.0341565773703607,0,0.0300000000000011,2.91999999999999,NA,NA,NA
300,49,TRUE,TRUE,TRUE,0.00509520241381476,0.00491774371389188,0.00499006262489584,2.22044604925031e-16,2.22044604925031e-16,4.44089209850063e-16,0.0229647771738675,0.397761608496366,0.00426427264805521,0.000436199802667403,0.0935024585499979,1.61951008841199,0.0173622401603091,0.00989411188351852,0,0.0500000000000114,2.69999999999999,NA,NA,NA
300,50,TRUE,TRUE,TRUE,0.00403043543041773,0.00419055414115742,0.00421734258665289,4.44089209850063e-16,2.22044604925031e-16,1.82076576038526e-14,0.0102783307979249,0.178025911590058,0.00189231603885839,0.00011847574248236,0.0821228399250401,1.42240931212015,0.0151194167809941,0.00709066181302731,0.0200000000000102,0.0300000000000011,2.81,NA,NA,NA
300,51,TRUE,TRUE,TRUE,0.00441055428275341,0.00307722985918651,0.0033877312711942,2.22044604925031e-16,4.44089209850063e-16,3.99680288865056e-15,0.0485144778291412,0.840295405027464,0.00919333945308951,0.00218431181692225,0.196782791579018,3.40837793070096,0.037289713967112,0.0371681738128196,0,0.0499999999999829,2.80000000000001,NA,NA,NA
300,52,TRUE,TRUE,TRUE,0.00479981759593916,0.00368812439565082,0.00329305633538552,2.22044604925031e-16,2.22044604925031e-16,5.97859539652745e-11,0.0758641726870486,1.31400601568147,0.014589746904358,0.00500940385559545,0.263272742482083,4.56001766226965,0.0506310494609211,0.064383917354057,0,0.039999999999992,2.83000000000001,NA,NA,NA
300,53,TRUE,TRUE,TRUE,0.00423938422373622,0.00330318965512842,0.00334598515653506,4.44089209850063e-16,4.44089209850063e-16,1.33226762955019e-15,0.0330329427007132,0.572147350811467,0.00610021799679833,0.00135270357826656,0.193689462161809,3.35479989354942,0.0357687764476443,0.0371650137976474,0,0.039999999999992,2.94999999999999,NA,NA,NA
300,54,TRUE,TRUE,TRUE,0.00432088820035152,0.00379894220359915,0.00378572024106051,2.22044604925031e-16,4.44089209850063e-16,2.22044604925031e-16,0.0406130396002022,0.70343848037357,0.00791776864753429,0.00134828172773993,0.163612974323061,2.83385984305004,0.0318973829877662,0.0240112877579968,0,0.0300000000000011,2.83000000000001,NA,NA,NA
300,55,TRUE,TRUE,TRUE,0.00498165734823396,0.00355734593619596,0.00340234611302663,4.44089209850063e-16,2.22044604925031e-16,7.7715611723761e-15,0.0364912559492585,0.632047093361157,0.00693108479443125,0.000908106880384452,0.197256592363523,3.41658440101526,0.0374665692469794,0.0315924476857141,0.0200000000000102,0.0300000000000011,2.84999999999999,NA,NA,NA
300,56,TRUE,TRUE,TRUE,0.00537569852946632,0.00463753904163011,0.00488308827824496,2.22044604925031e-16,4.44089209850063e-16,4.41233094505833e-09,0.0308516640735052,0.534366496733583,0.00579709419018477,0.000559168730202231,0.151829481893572,2.62976376726526,0.0285290869655185,0.0191033482010212,0,0.0300000000000011,2.78,NA,NA,NA
300,57,TRUE,TRUE,TRUE,0.0086987360007445,0.00765571222106312,0.00762644199416788,2.22044604925031e-16,2.22044604925031e-16,1.42952316650735e-12,0.0340377562838796,0.589551232593263,0.0060080947920859,0.00157399427371985,0.228285916150122,3.95402805424421,0.0402953535623524,0.0474754209101711,0.0199999999999818,0.0300000000000011,2.90000000000001,NA,NA,NA
300,58,TRUE,TRUE,TRUE,0.00553694639256143,0.00530442546149859,0.00526954526598006,4.44089209850063e-16,3.33066907387547e-16,6.59472476627343e-13,0.0336978194896716,0.58366335460396,0.00637807154212778,0.00133388846970917,0.18840088789441,3.26319910024207,0.035659112660368,0.0325577507685821,0,0.0500000000000114,2.78,NA,NA,NA
300,59,TRUE,TRUE,TRUE,0.00524995573347096,0.0048355933721003,0.00505937179339405,6.66133814775094e-16,4.44089209850063e-16,7.85653231361039e-09,0.0867258703932335,1.50213613851714,0.0161641586273503,0.0050715228297129,0.304567145267785,5.27525769920014,0.0567658949568965,0.067936653113275,0.0199999999999818,0.0300000000000011,2.84,NA,NA,NA
300,60,TRUE,TRUE,TRUE,0.00419388653393662,0.00379256293725775,0.00381533957736977,4.44089209850063e-16,4.44089209850063e-16,3.04007929941008e-11,0.0245742620889359,0.425638704965507,0.00436004927316241,0.000695768137138231,0.18465525342307,3.19832280813265,0.0327621639485713,0.027647755165578,0.0100000000000193,0.0300000000000011,3,NA,NA,NA
300,61,TRUE,TRUE,TRUE,0.00306806472230012,0.00308783387811357,0.00306697489065097,2.22044604925031e-16,2.22044604925031e-16,1.4388490399142e-13,0.016478383688064,0.285413977743411,0.00303147681011498,0.000183651163382592,0.0895299794299622,1.55070473173291,0.0164705508495104,0.00741725655994685,0,0.0499999999999829,2.86000000000001,NA,NA,NA
300,62,TRUE,TRUE,TRUE,0.00330350108746899,0.00299764657766744,0.00313336477481157,2.22044604925031e-16,2.22044604925031e-16,2.36477504245158e-13,0.0506401851306377,0.877113735509584,0.00942542352515699,0.00129560726929157,0.167427137553043,2.89992308807693,0.0311624390189561,0.0229700030496822,0.0199999999999818,0.0300000000000011,3.19,NA,NA,NA
300,63,TRUE,TRUE,TRUE,0.0046940275601253,0.00387923830928449,0.00376964885642337,3.33066907387547e-16,4.44089209850063e-16,8.42881320295419e-13,0.0342792877656757,0.593734680574245,0.00658345000813263,0.000913166912706487,0.158165945681177,2.73951453946978,0.0303762902980643,0.0214896239579723,0,0.0600000000000023,3.14000000000001,NA,NA,NA
300,64,TRUE,TRUE,TRUE,0.00339631191579936,0.00332679274890787,0.00343482525828699,2.22044604925031e-16,4.44089209850063e-16,8.88178419700125e-16,0.0275554550792463,0.477274482229365,0.0052663051298615,0.000530218786956027,0.118168877243022,2.04674499258284,0.0225840350894296,0.0123695623895586,0,0.0300000000000011,3.12,NA,NA,NA
300,65,TRUE,TRUE,TRUE,0.00387146751648789,0.00343624130656203,0.00345978705913904,2.22044604925031e-16,2.22044604925031e-16,1.84297022087776e-14,0.025850208762533,0.447738749629694,0.00482923422078054,0.000426881739802099,0.102734051868891,1.77940597504335,0.0191923710745335,0.0121012105629994,0.00999999999999091,0.039999999999992,2.98000000000002,NA,NA,NA
300,66,TRUE,TRUE,TRUE,0.00833500201283397,0.00771604710974011,0.0076003324324759,4.44089209850063e-16,4.44089209850063e-16,4.21884749357559e-15,0.0374396054691763,0.648472988879469,0.00654117585921788,0.000836466619798415,0.157349527261634,2.72537375764095,0.0274909662183946,0.0202863138219911,0,0.0499999999999829,3.03000000000003,NA,NA,NA
300,67,TRUE,TRUE,TRUE,0.00423877860176131,0.0041769518872837,0.00406452137364495,4.44089209850063e-16,2.22044604925031e-16,4.54747350886464e-13,0.0292182566703737,0.506075050616755,0.00528052876085381,0.000369898354076525,0.0951359839014857,1.64780357745428,0.0171936438525884,0.0122426930030457,0,0.0500000000000114,2.88999999999999,NA,NA,NA
300,68,TRUE,TRUE,TRUE,0.00332482826568772,0.00346741281348014,0.00349351434034568,1.11022302462516e-16,2.22044604925031e-16,2.88657986402541e-14,0.0208957950958332,0.361925787705316,0.00395303761804749,0.000675283873921018,0.1087804503186,1.88413266822038,0.0205789351515665,0.011343719104179,0,0.0499999999999545,2.92000000000002,NA,NA,NA
300,69,TRUE,TRUE,TRUE,0.00411023300562961,0.00402757865077452,0.0041683081798982,1.11022302462516e-16,4.44089209850063e-16,8.88178419700125e-16,0.0262657957270823,0.45493692700532,0.00487692131428797,0.000564770922991897,0.139709956726099,2.41984743372852,0.0259407509620288,0.0167801432723067,0,0.0499999999999545,2.95000000000005,NA,NA,NA
300,70,TRUE,TRUE,TRUE,0.00278689397040411,0.00213455608631796,0.00207738577823101,4.44089209850063e-16,2.22044604925031e-16,8.88178419700125e-16,0.0561531290083347,0.972600724464055,0.0104249867848777,0.00226979271115724,0.218734732986823,3.7885967091319,0.0406087201381589,0.0465620294644324,0.00999999999999091,0.0300000000000296,3.45999999999998,NA,NA,NA
300,71,TRUE,TRUE,TRUE,0.00378754425686413,0.003759942618471,0.0036866041517674,3.33066907387547e-16,4.44089209850063e-16,1.60538249360798e-13,0.0252014117973197,0.436501256554234,0.0045434879414672,0.000781894151177909,0.135840173855555,2.35282082826811,0.0244902228828769,0.0207422588026169,0.0100000000000477,0.0499999999999545,3.17000000000002,NA,NA,NA
300,72,TRUE,TRUE,TRUE,0.0035837221288497,0.00330235507299749,0.00329071565149518,2.22044604925031e-16,4.44089209850063e-16,4.88498130835069e-15,0.0304964900970972,0.528214703006935,0.0056735995297484,0.000822938587255351,0.145934845767719,2.52766567464417,0.0271498742866953,0.0195118116781359,0.0100000000000477,0.0299999999999727,3.07999999999998,NA,NA,NA
300,73,TRUE,TRUE,TRUE,0.00397492026676271,0.00380077826813914,0.00402419081882579,1.11022302462516e-16,4.44089209850063e-16,2.44249065417534e-15,0.0509351179111198,0.882222121115711,0.00934233720409674,0.00157349458584122,0.178270980158998,3.08774395150488,0.0326978257566104,0.0288284470549947,0,0.0500000000000114,2.95999999999998,NA,NA,NA
300,74,TRUE,TRUE,TRUE,0.00378802110324455,0.00332896965221134,0.0033457962813415,4.44089209850063e-16,4.44089209850063e-16,1.11022302462516e-15,0.0355513761053472,0.615767896934516,0.00662128024098676,0.00177636740520981,0.18058145958239,3.12776262901646,0.0336324660592136,0.0352077582757175,0,0.0299999999999727,2.82999999999998,NA,NA,NA
300,75,TRUE,TRUE,TRUE,0.00331839264293822,0.00276997608707943,0.00288270333948606,2.22044604925031e-16,4.44089209850063e-16,1.48769885299771e-14,0.0318430740848478,0.551538221841361,0.00595326449683542,0.00125495704920553,0.196952617562378,3.41131940301721,0.0368215399860166,0.0357138721421606,0.0200000000000387,0.0299999999999727,3.05000000000001,NA,NA,NA
300,76,TRUE,TRUE,TRUE,0.00403827316370888,0.00333365843342078,0.003309240803521,0,3.33066907387547e-16,2.44249065417534e-15,0.0272259762808189,0.471567742040435,0.00505639354478762,0.000833805406657007,0.155969462834948,2.70147034059356,0.0289665640243077,0.0265606314853883,0,0.0300000000000296,2.89999999999998,NA,NA,NA
300,77,TRUE,TRUE,TRUE,0.00834390077556474,0.00730150960986969,0.00697514997028793,4.44089209850063e-16,2.22044604925031e-16,3.35402816631358e-11,0.0455183902290767,0.788401645555077,0.00821802082286925,0.00131274553357841,0.196960004496429,3.4114473484681,0.03555972454382,0.0331821006265933,0.00999999999999091,0.0300000000000296,2.90999999999997,NA,NA,NA
300,78,TRUE,TRUE,TRUE,0.00338644304071567,0.0030659576084533,0.0030674131282141,2.22044604925031e-16,4.44089209850063e-16,1.22124532708767e-14,0.0122195710942892,0.211649179820089,0.00232530955841674,0.000203640674108385,0.0875155118550296,1.51581312983308,0.0166536660457207,0.0093389536259707,0.0199999999999818,0.0299999999999727,2.92000000000002,NA,NA,NA
300,79,TRUE,TRUE,TRUE,0.00437209815577206,0.00410394836186726,0.00424498223812451,4.44089209850063e-16,2.22044604925031e-16,1.64535052249448e-12,0.0220910162435716,0.382627625246953,0.00407624598389267,0.000434864996602613,0.0815330409815046,1.41219369475561,0.0150445197808465,0.0121038873652957,0,0.0299999999999727,2.94999999999999,NA,NA,NA
300,80,TRUE,TRUE,TRUE,0.00417023169781234,0.00381364792759426,0.00386609356596534,2.22044604925031e-16,2.22044604925031e-16,3.25250937294186e-12,0.017480622424119,0.30277326186502,0.00319316405730089,0.000233129254283426,0.0989508867451994,1.71387963296679,0.0180752382453422,0.00961821995092293,0,0.0400000000000205,3.06,NA,NA,NA
300,81,TRUE,TRUE,TRUE,0.00283328247928099,0.00289051434722774,0.0029147001902718,4.44089209850063e-16,5.55111512312578e-16,2.47752929283251e-11,0.0254904521906963,0.441507583021914,0.00463855362919981,0.000477710542067911,0.116257365790453,2.01363664303184,0.0211556084597566,0.0152681375027548,0.0199999999999818,0.0300000000000296,2.89999999999998,NA,NA,NA
300,82,TRUE,TRUE,TRUE,0.00376960204718408,0.0034121515198163,0.00332066685215528,2.22044604925031e-16,3.33066907387547e-16,8.88178419700125e-16,0.0261967160279511,0.453740431518653,0.00502387428735466,0.000952090101492331,0.133059527026493,2.30465861240971,0.0255174860773667,0.020925729529484,0,0.0299999999999727,2.94,NA,NA,NA
300,83,TRUE,TRUE,TRUE,0.0056947029923677,0.00511341466046249,0.00513160838194761,2.22044604925031e-16,5.55111512312578e-16,9.2370555648813e-14,0.029678690416844,0.514049997040814,0.00570446602895477,0.000885556656587738,0.185715513621598,3.21668705346358,0.0356959092070664,0.027354685295478,0,0.0500000000000114,2.89999999999998,NA,NA,NA
300,84,TRUE,TRUE,TRUE,0.00428698784367374,0.0034913384146011,0.00367043024724913,4.44089209850063e-16,2.22044604925031e-16,8.43769498715119e-15,0.102563531642081,1.77645247807782,0.0188689887504939,0.00887291417647873,0.235682379574054,4.08213855870994,0.0433593510058879,0.0499217418735469,0.0199999999999818,0.0299999999999727,2.94,NA,NA,NA
300,85,TRUE,TRUE,TRUE,0.00385977592892806,0.00350023907813054,0.00359830530567664,4.44089209850063e-16,2.22044604925031e-16,8.88178419700125e-16,0.0299696105315514,0.519088881236983,0.00576214837864796,0.000755539684430317,0.136987930118223,2.37270054988456,0.0263381727498277,0.0176249959292001,0.0199999999999818,0.0299999999999727,3.02000000000004,NA,NA,NA
300,86,TRUE,TRUE,TRUE,0.00250542277509544,0.00253529166314059,0.00266761913253855,4.44089209850063e-16,2.22044604925031e-16,1.93767002443224e-10,0.0383111501867078,0.663568586197799,0.00730380411196383,0.00161074543519746,0.148635315020661,2.5744391741479,0.0283364821922678,0.0205134851443063,0,0.0300000000000296,2.91999999999996,NA,NA,NA
300,87,TRUE,TRUE,TRUE,0.00384230709383676,0.00303138305609346,0.00295489533186212,4.44089209850063e-16,2.22044604925031e-16,2.44210429656277e-09,0.0346449593222019,0.600068297722107,0.0065668082954939,0.00121882682359953,0.188167567565027,3.25915787359277,0.035666381713344,0.0321524127938773,0,0.0300000000000296,2.91999999999996,NA,NA,NA
300,88,TRUE,TRUE,TRUE,0.00340182890299051,0.00311640359252661,0.00302990919958709,2.22044604925031e-16,2.22044604925031e-16,6.92779167366098e-14,0.0337821450057957,0.585123915386974,0.00639837596952988,0.00110830896987224,0.163142199598528,2.82570578563194,0.0308993146926693,0.0267688345845229,0,0.0299999999999727,2.96000000000004,NA,NA,NA
300,89,TRUE,TRUE,TRUE,0.00469803308250551,0.00332392021597781,0.00334521509228444,2.22044604925031e-16,4.44089209850063e-16,9.31545307558679e-09,0.0475515277801613,0.823616620927622,0.00874906619066987,0.00179626774580299,0.206519076856462,3.57701533847614,0.0379977081158483,0.0424554159592887,0.00999999999999091,0.0400000000000205,3.02999999999997,NA,NA,NA
300,90,TRUE,TRUE,TRUE,0.00447097839510757,0.00436881519441096,0.00436907708564154,2.22044604925031e-16,4.44089209850063e-16,1.22120091816669e-11,0.0170052990722416,0.294540419910263,0.00304325935091112,0.000333417980030504,0.0719447616789388,1.24611982566356,0.0128751965959774,0.00895349992905636,0,0.0299999999999727,2.91000000000003,NA,NA,NA
300,91,TRUE,TRUE,TRUE,0.00458471015093781,0.0042856863219754,0.00437646282827733,4.44089209850063e-16,2.22044604925031e-16,1.24833476888853e-12,0.0346504242146332,0.600162952435597,0.00650927851975833,0.00141692177062325,0.135756991476468,2.35138006719938,0.0255027200547692,0.0243226381398181,0.0100000000000477,0.0299999999999727,2.93000000000001,NA,NA,NA
300,92,TRUE,TRUE,TRUE,0.00433020082829821,0.00443095034876942,0.00432268695410428,4.44089209850063e-16,3.33066907387547e-16,2.8421709430404e-14,0.0560249024578409,0.970379775460709,0.0103516628573316,0.00159986521250843,0.181908293984346,3.15074407499064,0.0336110059574907,0.0287821183281451,0,0.0400000000000205,2.93000000000001,NA,NA,NA
300,93,TRUE,TRUE,TRUE,0.00508858062321443,0.00507470321264049,0.00495597765126318,2.22044604925031e-16,4.44089209850063e-16,7.99360577730113e-15,0.0226306329338885,0.391974060489364,0.00438664294870666,0.000403218839309716,0.113348002160921,1.96324498679141,0.0219709813632577,0.0110968774015738,0,0.0400000000000205,2.94,NA,NA,NA
300,94,TRUE,TRUE,TRUE,0.00398140769379688,0.00374445359932086,0.00383245788679643,4.44089209850063e-16,4.44089209850063e-16,1.95521820955946e-10,0.0343157572402747,0.594366350403554,0.00644320065089166,0.000992873389719762,0.169776375186582,2.94061307748036,0.0318775786717698,0.0255292880319544,0,0.0299999999999727,3.01999999999998,NA,NA,NA
300,95,TRUE,TRUE,TRUE,0.00363326146221398,0.00314515520337584,0.00323674266117333,4.44089209850063e-16,1.11022302462516e-16,1.55431223447522e-15,0.0278541797340575,0.482448545025429,0.00534046219699388,0.000457999639611018,0.119608717063644,2.07168374982361,0.0229324947999924,0.0160351189121855,0,0.0500000000000114,2.87,NA,NA,NA
300,96,TRUE,TRUE,TRUE,0.00294149501322544,0.00272970311900867,0.00277856529908928,3.33066907387547e-16,2.22044604925031e-16,2.17381668221606e-13,0.0160713496341171,0.278363941124944,0.00306306435235634,0.000323250819157295,0.0776277133918043,1.3445514367,0.0147951906379164,0.00862717727521556,0,0.0500000000000114,2.88999999999999,NA,NA,NA
300,97,TRUE,TRUE,TRUE,0.00299597742163765,0.00252050954153225,0.00247608493652302,4.44089209850063e-16,2.22044604925031e-16,1.69472436084561e-10,0.0277505359835061,0.480653382607009,0.00528608265421915,0.000734710679356709,0.108990007540415,1.88776230577313,0.0207610472347284,0.0142429474305032,0,0.0499999999999545,2.92000000000002,NA,NA,NA
300,98,TRUE,TRUE,TRUE,0.0031400446890738,0.00260760639990205,0.0027099275877853,3.33066907387547e-16,2.22044604925031e-16,1.11022302462516e-15,0.0213276505519652,0.369405743620781,0.00396570709653351,0.000793568326407978,0.168814357670614,2.92395044532608,0.0313896879818023,0.0255762745660633,0,0.0299999999999727,3.05000000000001,NA,NA,NA
300,99,TRUE,TRUE,TRUE,0.00370777206240751,0.00374511173561099,0.00381464681989233,4.44089209850063e-16,4.44089209850063e-16,2.66453525910038e-15,0.026649215852654,0.461577958386666,0.00504372463012371,0.000599682432955717,0.122930147946339,2.12921262025019,0.0232661935874543,0.0134488643630846,0,0.0500000000000114,2.94,NA,NA,NA
300,100,TRUE,TRUE,TRUE,0.00311023481012967,0.00268259216418421,0.00250260066885533,2.22044604925031e-16,4.44089209850063e-16,4.44089209850063e-16,0.0495021092056377,0.857401682259876,0.00924277301593102,0.00169915107825958,0.192755707041299,3.33862678044391,0.0359903300343638,0.0421110087958603,0.0200000000000387,0.0299999999999727,2.94999999999999,NA,NA,NA
300,101,TRUE,TRUE,TRUE,0.00249493835853888,0.0025082264685077,0.00263409507293559,4.44089209850063e-16,4.44089209850063e-16,7.37099270509134e-12,0.0378085893232354,0.6548639767035,0.00685835852122434,0.000818351608177892,0.187028633717725,3.23943096069289,0.0339264026172648,0.024830662275253,0.0199999999999818,0.0300000000000296,2.94999999999999,NA,NA,NA
300,102,TRUE,TRUE,TRUE,0.00495982402309948,0.00438639879282905,0.00429050513349951,2.22044604925031e-16,1.11022302462516e-16,1.01881392211567e-10,0.0316123364853374,0.547541729385678,0.00622872699346308,0.000999961911126945,0.170322964767338,2.95008028672794,0.0335595329609708,0.0245310622327324,0,0.0400000000000205,2.97000000000003,NA,NA,NA
300,103,TRUE,TRUE,TRUE,0.00325168220704747,0.00334946065798408,0.00331535736364229,4.44089209850063e-16,2.22044604925031e-16,5.15143483426073e-14,0.0267544199184273,0.463400146257489,0.00477516723078619,0.000675899062358098,0.149383278579851,2.58739428301518,0.0266621417648677,0.0228787229901357,0.0199999999999818,0.0300000000000296,3.02999999999997,NA,NA,NA
300,104,TRUE,TRUE,TRUE,0.0044609749263417,0.00442901785802101,0.0044990341665297,0,4.44089209850063e-16,2.69184674550615e-12,0.0190303264899749,0.329614923652604,0.00370417257097124,0.000344943703019851,0.145736070095075,2.52422277900088,0.0283669097181122,0.0153704285092786,0,0.0500000000000114,2.93000000000001,NA,NA,NA
300,105,TRUE,TRUE,TRUE,0.00755158367678735,0.0076013558869968,0.00753219696351632,2.22044604925031e-16,2.22044604925031e-16,2.655275999075e-11,0.0261831105650269,0.453504777988201,0.00456456501337278,0.00102326551966314,0.145604367338583,2.52194162034347,0.0253835616397585,0.0215509814233421,0.00999999999999091,0.0300000000000296,2.95999999999998,NA,NA,NA
300,106,TRUE,TRUE,TRUE,0.00755284022715221,0.00644539579130993,0.00635876994358416,2.22044604925031e-16,3.33066907387547e-16,1.51382906210529e-10,0.0689808374569769,1.19478315224134,0.0124630132568262,0.00375889759019543,0.251366642911311,4.35379796850413,0.0454153054445225,0.0554356378649246,0.00999999999999091,0.0299999999999727,2.96000000000004,NA,NA,NA
300,107,TRUE,TRUE,TRUE,0.00424880371637173,0.00357689135447511,0.00375559516048629,2.22044604925031e-16,2.22044604925031e-16,5.46229728115577e-14,0.0424914960804256,0.735974301009109,0.00772560424985751,0.00222135343807395,0.220769509333072,3.82384006926933,0.0401392753108603,0.0477530298320161,0,0.0300000000000296,3.06,NA,NA,NA
300,108,TRUE,TRUE,TRUE,0.00556757026701622,0.00534427843244511,0.00534679771785202,4.44089209850063e-16,2.22044604925031e-16,9.83657599817889e-14,0.0199092837306277,0.344838909637516,0.00360830388727192,0.000721594336138054,0.113250364758134,1.96155385736795,0.0205251849800652,0.014862982563411,0.0100000000000477,0.0399999999999636,2.92000000000002,NA,NA,NA
300,109,TRUE,TRUE,TRUE,0.00384758326709301,0.00319737288934627,0.00317024394421149,3.33066907387547e-16,2.22044604925031e-16,4.9915627187147e-13,0.0448053094262859,0.776050723751719,0.00816220058893627,0.00203870095550229,0.211859572492124,3.6695154362618,0.0385945404575759,0.0412382536039857,0,0.0399999999999636,2.94999999999999,NA,NA,NA
300,110,TRUE,TRUE,TRUE,0.00605646815910199,0.00536999690755224,0.00536050912816046,4.44089209850063e-16,2.22044604925031e-16,1.09570130746306e-11,0.0236328566417587,0.409333084315177,0.00414797577069715,0.000772949709755721,0.159586844583394,2.76412523038036,0.0280102560045262,0.0218308077808373,0,0.0299999999999727,2.94999999999999,NA,NA,NA
300,111,TRUE,TRUE,TRUE,0.00474263483704348,0.00448899659723547,0.00449701271803275,4.44089209850063e-16,4.44089209850063e-16,1.75237602206835e-12,0.0239423054313834,0.414692894574883,0.00435200835095019,0.000530667289353914,0.124416924153673,2.15496433955605,0.0226153448116393,0.0169833074273384,0,0.0300000000000296,2.96999999999997,NA,NA,NA
300,112,TRUE,TRUE,TRUE,0.00478020756634235,0.0048749042179099,0.00538095672013387,3.33066907387547e-16,3.33066907387547e-16,2.02060590481778e-14,0.0511351644957453,0.885687029600231,0.00938801750103703,0.0017657982859518,0.164583123290194,2.85066331606988,0.0302161781830629,0.0321900262727901,0,0.0299999999999727,3.04999999999995,NA,NA,NA
300,113,TRUE,TRUE,TRUE,0.00412829799095938,0.00396747871722031,0.00384362648815957,2.22044604925031e-16,4.44089209850063e-16,4.44089209850063e-16,0.0443190518944968,0.767628496245502,0.00828316691222363,0.00141848393018407,0.11393965814185,1.97349276898713,0.0212951578602663,0.0154609000478132,0.0199999999999818,0.0299999999999727,2.94,NA,NA,NA
300,114,TRUE,TRUE,TRUE,0.00393897178829694,0.00363239243057506,0.00359825514044603,4.44089209850063e-16,2.22044604925031e-16,1.85851334322251e-12,0.0238146003729857,0.412480978079599,0.00456490449017411,0.000731022142936411,0.118020832202697,2.04418077726633,0.022622837184676,0.0135578951135322,0.00999999999999091,0.0300000000000296,2.95999999999998,NA,NA,NA
300,115,TRUE,TRUE,TRUE,0.00282262523220215,0.00250924203790331,0.00258066309870367,2.22044604925031e-16,0,4.64073224293315e-14,0.052522347463952,0.909713743403512,0.00986398340888465,0.00246275016518993,0.213167898085655,3.69217630027019,0.0400340942770478,0.03521343603623,0,0.0500000000000114,2.96000000000004,NA,NA,NA
300,116,TRUE,TRUE,TRUE,0.00231133872896548,0.00231001711713453,0.0022914098187343,4.44089209850063e-16,2.22044604925031e-16,4.44089209850063e-16,0.0328212953099818,0.568481510471106,0.00622759583627831,0.000729419618284766,0.13062794618598,2.2625423968249,0.0247856778986413,0.0168175966672912,0,0.0500000000000114,2.97000000000003,NA,NA,NA
300,117,TRUE,TRUE,TRUE,0.00470128212780794,0.00449813246607705,0.00455292148334588,4.44089209850063e-16,4.44089209850063e-16,1.33226762955019e-15,0.0289008580336278,0.500577544965786,0.00551591548457949,0.00114986758590874,0.190948102418684,3.30731814998027,0.0364436790650564,0.0330550710349264,0,0.0500000000000114,2.68000000000001,NA,NA,NA
300,118,TRUE,TRUE,TRUE,0.0027621705674342,0.0027884400433471,0.00274193641004386,2.22044604925031e-16,2.22044604925031e-16,1.00364161426114e-13,0.0407502162799901,0.705814450163632,0.00750796020641672,0.00121480325420364,0.181213102880052,3.13870301185456,0.033387326240347,0.0300362511263046,0,0.0400000000000205,2.93000000000001,NA,NA,NA
300,119,TRUE,TRUE,TRUE,0.00549032329579984,0.00351810759548156,0.00369246837258096,4.44089209850063e-16,4.44089209850063e-16,1.19904086659517e-14,0.0344829853633261,0.597262826459347,0.00665826270692399,0.00204226598827262,0.214074868091564,3.70788548158195,0.0413353628082232,0.0509277162665214,0,0.0299999999999727,2.94999999999999,NA,NA,NA
300,120,TRUE,TRUE,TRUE,0.00467370801994258,0.0029038251215974,0.00298430820832883,1.11022302462516e-16,6.66133814775094e-16,6.66133814775094e-15,0.0647924904648338,1.12223885434014,0.0120524182230992,0.00481195216384478,0.234720686717267,4.06548154981763,0.0436617247096706,0.0564347387498962,0,0.0400000000000205,2.95999999999998,NA,NA,NA
300,121,TRUE,TRUE,TRUE,0.00315197371138924,0.0031368177440667,0.00307131226118454,4.44089209850063e-16,2.22044604925031e-16,2.08943973234454e-12,0.0342495350989496,0.593219349269942,0.00637777137899097,0.000678286941912631,0.139521796110436,2.41658839626542,0.0259810276375356,0.020582833192087,0.0100000000000477,0.0299999999999727,3.03000000000003,NA,NA,NA
300,122,TRUE,TRUE,TRUE,0.00424689551458877,0.0040365036521701,0.00405448881095439,2.22044604925031e-16,3.33066907387547e-16,1.31228361510694e-13,0.0387409398964387,0.67101276233604,0.00734959295324907,0.00133087794636566,0.177552165933915,3.07529372391442,0.0336836470945294,0.0233785443853876,0,0.0400000000000205,2.92000000000002,NA,NA,NA
300,123,TRUE,TRUE,TRUE,0.00500845896907085,0.00482920743985731,0.00491728220235174,2.22044604925031e-16,4.44089209850063e-16,9.14823772291129e-13,0.0545294704631537,0.944478133520086,0.0100171727022765,0.00268405738601629,0.248182593973138,4.29864862315713,0.0455916385105514,0.0556195558765964,0,0.0300000000000296,3.01999999999998,NA,NA,NA
300,124,TRUE,TRUE,TRUE,0.00550037897273196,0.00521924161597839,0.00516166398910202,2.22044604925031e-16,1.11022302462516e-16,4.44755343664838e-13,0.041188062550629,0.713398170030144,0.00740069014063123,0.00163783158372155,0.160949935074669,2.78773465024239,0.0289195588206697,0.0292830882298745,0.0199999999999818,0.0299999999999727,2.93000000000001,NA,NA,NA
300,125,TRUE,TRUE,TRUE,0.00444195481237094,0.00446113872596125,0.00451702895007563,4.44089209850063e-16,2.22044604925031e-16,2.08721928629529e-14,0.0269083323527555,0.466065987819219,0.00488292243212354,0.0010204972160075,0.14489116276506,2.50958855476816,0.0262926850912604,0.024365121078084,0.00999999999999091,0.0300000000000296,3.01999999999998,NA,NA,NA
300,126,TRUE,TRUE,TRUE,0.00243731006602114,0.00214279819388158,0.00218361291924883,3.33066907387547e-16,2.22044604925031e-16,1.19904086659517e-14,0.0220608161470941,0.382104544232028,0.0040955499116243,0.000797255394022756,0.126270658517519,2.18707196057523,0.0234419153345915,0.0177448502208826,0,0.0500000000000114,2.98000000000002,NA,NA,NA
300,127,TRUE,TRUE,TRUE,0.00445357876348167,0.00411275020260672,0.00417149852482972,2.22044604925031e-16,4.44089209850063e-16,1.16435749930588e-11,0.0383674171245417,0.664543158148944,0.0074946145190185,0.00154681912955468,0.201108371618862,3.48329917471312,0.0392841070572559,0.0364337799983723,0,0.0500000000000114,2.94,NA,NA,NA
300,128,TRUE,TRUE,TRUE,0.00717304091989734,0.0060814362836068,0.00612184875103819,2.22044604925031e-16,4.44089209850063e-16,5.01820807130571e-14,0.0313144644424808,0.542382434261858,0.00611669442031086,0.000871765055116214,0.16596468709591,2.87459270312387,0.0324180947559506,0.026658949784089,0,0.0399999999999636,2.96000000000004,NA,NA,NA
300,129,TRUE,TRUE,TRUE,0.00303129663839402,0.00261333403535849,0.00267049195230195,4.44089209850063e-16,4.44089209850063e-16,5.99520433297585e-15,0.0169218608693628,0.29309522784348,0.00316150567828877,0.000313683870349024,0.102683514089147,1.77853063502117,0.0191843270291412,0.0119060115509448,0.00999999999999091,0.0400000000000205,2.93000000000001,NA,NA,NA
300,130,TRUE,TRUE,TRUE,0.0029228800783709,0.00265678437802984,0.00274251575674082,2.22044604925031e-16,4.44089209850063e-16,5.44009282066327e-14,0.0298155638966582,0.516420715253283,0.005749280924311,0.000853947899805974,0.178318562653652,3.0885681044878,0.0343848439113408,0.0313419289269419,0,0.0500000000000114,3.07999999999998,NA,NA,NA
300,131,TRUE,TRUE,TRUE,0.00307748701207782,0.00340237851326967,0.00337373710348189,3.33066907387547e-16,4.44089209850063e-16,6.92941259927693e-11,0.0262291781309878,0.454302691636453,0.00493275999022693,0.000914794113484163,0.166448716575315,2.88297633963077,0.0313029849981203,0.0272821862582902,0,0.0299999999999727,2.95000000000005,NA,NA,NA
300,132,TRUE,TRUE,TRUE,0.00355382058546956,0.00276944198920838,0.00273208702153436,2.22044604925031e-16,4.44089209850063e-16,2.22044604925031e-16,0.023813036424951,0.412453889705035,0.00457202072562586,0.00075017324488158,0.159139876799866,2.7563835212762,0.0305543065579059,0.0266463228583547,0,0.0400000000000205,2.88,NA,NA,NA
300,133,TRUE,TRUE,TRUE,0.00370619672692804,0.0036810798665078,0.0037939371971423,4.44089209850063e-16,2.22044604925031e-16,1.4210854715202e-14,0.0258930288891865,0.448480415979198,0.00478948363141055,0.00109905640112729,0.135166441837019,2.34115144740021,0.0250019981619365,0.0209617693014295,0,0.0300000000000296,2.94999999999999,NA,NA,NA
300,134,TRUE,TRUE,TRUE,0.00496537192911346,0.0046616321472233,0.00467610038540457,4.44089209850063e-16,4.44089209850063e-16,2.92210700081341e-13,0.0344568044589091,0.596809359892965,0.00624396124035834,0.00117568755686293,0.164465175284308,2.84862039668143,0.0298029430177888,0.0329218557319777,0,0.0500000000000114,2.96999999999997,NA,NA,NA
300,135,TRUE,TRUE,TRUE,0.00675297084942115,0.0063802635642617,0.00640297198410902,3.33066907387547e-16,4.44089209850063e-16,1.73194791841524e-14,0.0447346224447817,0.77482638931773,0.00785177308012948,0.000951801822079545,0.144457599505724,2.5020790188335,0.0253550433429773,0.0179234548616591,0.0200000000000387,0.0299999999999727,3.05000000000001,NA,NA,NA
300,136,TRUE,TRUE,TRUE,0.0041729595202662,0.00348918204021312,0.00359689619579204,2.22044604925031e-16,4.44089209850063e-16,2.77999845366139e-13,0.028693688578469,0.496989264744672,0.00553871975889166,0.000584591581450411,0.137728747229223,2.38553187863825,0.0265856699308539,0.0183322436478797,0,0.0400000000000205,2.95999999999998,NA,NA,NA
300,137,TRUE,TRUE,TRUE,0.00589120220761558,0.00492998248263167,0.00489025276025153,2.22044604925031e-16,4.44089209850063e-16,2.73114864057789e-14,0.0417981673116491,0.723965494470408,0.00736666045676965,0.00150410215364616,0.204900147505684,3.54897465958203,0.03611234442319,0.0429837783546425,0.00999999999999091,0.0300000000000296,2.92999999999995,NA,NA,NA
300,138,TRUE,TRUE,TRUE,0.00434135893641084,0.00413566128367662,0.00411442428247155,0,2.22044604925031e-16,3.43676642700075e-10,0.0195624645310967,0.338831824891236,0.00368330263315189,0.000347026599463618,0.104053196789591,1.80225423529535,0.0195915710473871,0.0100178059528133,0.00999999999999091,0.0300000000000296,2.96999999999997,NA,NA,NA
300,139,TRUE,TRUE,TRUE,0.00525121063982025,0.00561614798545177,0.00569307227350843,3.33066907387547e-16,6.66133814775094e-16,5.61550805855404e-13,0.0423889748796698,0.73419858172349,0.00751771231532286,0.00193930826260313,0.147671504227215,2.55774548151658,0.0261896374966035,0.0277454529720629,0.0100000000000477,0.0399999999999636,2.98000000000002,NA,NA,NA
300,140,TRUE,TRUE,TRUE,0.00456306154915901,0.00421742769196435,0.00418306739798468,4.44089209850063e-16,2.22044604925031e-16,5.08482145278322e-14,0.0335559290196753,0.581205739572526,0.00600667997776387,0.0012028256501857,0.170483287561357,2.95285715897646,0.0305173654807091,0.0263331571368575,0.0199999999999818,0.0300000000000296,2.94,NA,NA,NA
300,141,TRUE,TRUE,TRUE,0.00585393441358226,0.0061137915913312,0.00612433851381891,2.22044604925031e-16,4.44089209850063e-16,4.07974543037426e-10,0.0229182525681339,0.396955778687038,0.00429913351590607,0.000499149575407642,0.135693611743181,2.35028229801715,0.025454163767729,0.0197867045028666,0,0.0300000000000296,3.04000000000002,NA,NA,NA
300,142,TRUE,TRUE,TRUE,0.00398838516719511,0.00316840180790786,0.00308656036604023,3.33066907387547e-16,4.44089209850063e-16,6.43289865820407e-11,0.0281222723774343,0.48709204582007,0.00509433016846705,0.000908504025922241,0.174089469613903,3.01531806433998,0.0315361868757864,0.029113489358739,0,0.0300000000000296,2.97999999999996,NA,NA,NA
300,143,TRUE,TRUE,TRUE,0.00494582029936785,0.00397422015537384,0.00392629347055615,2.22044604925031e-16,2.22044604925031e-16,3.39728245535298e-14,0.0551952137171482,0.956009144927233,0.0101919101933317,0.00227909442283192,0.274638471227094,4.75687785878371,0.0507125608521891,0.0648863813074527,0,0.0299999999999727,2.97000000000003,NA,NA,NA
300,144,TRUE,TRUE,TRUE,0.00448417057889719,0.00437362192950338,0.00443896735524888,4.44089209850063e-16,2.22044604925031e-16,1.46993528460371e-13,0.0274183444494083,0.474899656457992,0.00499707078807876,0.00109452498054452,0.121751099678678,2.10879090520854,0.0221894821090819,0.0250372167064654,0.0200000000000387,0.0299999999999727,3.05000000000001,NA,NA,NA
300,145,TRUE,TRUE,TRUE,0.00788203427055164,0.00725608910052574,0.00725077410373026,2.22044604925031e-16,2.22044604925031e-16,5.32907051820075e-15,0.0565080910692932,0.97874884770745,0.0114925392291411,0.00252205143417328,0.233454275441968,4.04354666309667,0.0474796151835585,0.0384575245658638,0.0100000000000477,0.0399999999999636,2.94999999999999,NA,NA,NA
300,146,TRUE,TRUE,TRUE,0.00617077285900779,0.00559485024387509,0.00565175499533573,4.44089209850063e-16,5.55111512312578e-16,4.70734562441066e-14,0.0368524381066844,0.638302951835648,0.00655983532212073,0.0017656657481453,0.147509406653202,2.55493786917684,0.026257080014829,0.0355659663685159,0,0.0500000000000114,2.96999999999997,NA,NA,NA
300,147,TRUE,TRUE,TRUE,0.00377096373048236,0.00360573760857954,0.00346409630735707,2.22044604925031e-16,4.44089209850063e-16,7.32747196252603e-15,0.0299386368273227,0.518552400942757,0.00570296301035097,0.000752274346417892,0.140919812191589,2.44080274508896,0.0268435894723435,0.0165299067436386,0,0.0399999999999636,2.74000000000001,NA,NA,NA
300,148,TRUE,TRUE,TRUE,0.0067571942734433,0.00688115676947623,0.00708419640729741,2.22044604925031e-16,4.44089209850063e-16,4.66293670342566e-15,0.0319365574598545,0.553157401393108,0.00627202287467002,0.00100042223800401,0.148345424763181,2.56941812760216,0.0291335689088248,0.0185613403334166,0.0199999999999818,0.0299999999999727,2.90000000000003,NA,NA,NA
300,149,TRUE,TRUE,TRUE,0.00443353172105996,0.00457991580578629,0.00439131715755973,3.33066907387547e-16,2.22044604925031e-16,6.65689725565244e-13,0.0472831328983994,0.818967885210593,0.00851435037651349,0.00186841859876097,0.225179751014264,3.90022769592415,0.0405484827317019,0.0396648955947043,0,0.0500000000000114,3.06,NA,NA,NA
300,150,TRUE,TRUE,TRUE,0.00320672182904067,0.00309230189647644,0.00299720611812012,2.22044604925031e-16,2.22044604925031e-16,1.11022302462516e-15,0.036877266839141,0.638732998096671,0.0069331853413475,0.00139013232896446,0.168690129169459,2.92179874456859,0.0317149298479559,0.0315048546935195,0,0.0299999999999727,2.97000000000003,NA,NA,NA
300,151,TRUE,TRUE,TRUE,0.00655895032320302,0.00612273323412798,0.00625266792469558,2.22044604925031e-16,4.44089209850063e-16,3.5527136788005e-15,0.0312428703909265,0.54114238891374,0.00604093574331038,0.00124430186410152,0.179298990375364,3.10554961075933,0.0346681872102431,0.0292286751440685,0.0199999999999818,0.0300000000000864,2.96999999999991,NA,NA,NA
300,152,TRUE,TRUE,TRUE,0.00472834154974507,0.00449335037738833,0.00455073500777888,2.22044604925031e-16,2.22044604925031e-16,4.44089209850063e-16,0.0251561063409202,0.435716543030794,0.00491088971997914,0.00048691045464011,0.10131090402093,1.75475633124985,0.0197775709140201,0.0128820101383482,0,0.0299999999999727,2.89999999999998,NA,NA,NA
300,153,TRUE,TRUE,TRUE,0.00377953880445474,0.00293151970440052,0.00288430771736263,4.44089209850063e-16,4.44089209850063e-16,4.44089209850063e-15,0.0283900769840599,0.491730557671835,0.00523825553578136,0.00111771956201423,0.151387339551939,2.62210563726639,0.0279324909862133,0.0265281445598156,0,0.0300000000000864,3.07999999999993,NA,NA,NA
300,154,TRUE,TRUE,TRUE,0.00435246925303043,0.00388548829128725,0.00393050638531113,2.22044604925031e-16,4.44089209850063e-16,5.75095526755831e-14,0.0284079337883361,0.492039846594507,0.00513810143748683,0.000705745354604659,0.157508025783464,2.72811903256828,0.0284882462668233,0.0233418991604921,0.0199999999999818,0.0299999999999727,3.09000000000003,NA,NA,NA
300,155,TRUE,TRUE,TRUE,0.00393615044290968,0.00286690184648067,0.00301479832623669,6.66133814775094e-16,4.44089209850063e-16,7.32747196252603e-15,0.0480436229875081,0.83213995994048,0.00902472895492135,0.00168224179467913,0.204704500079842,3.54558594676273,0.0384526085710396,0.0348479966806714,0,0.0299999999999727,2.98000000000002,NA,NA,NA
300,156,TRUE,TRUE,TRUE,0.00371276832471731,0.00296196015754774,0.00334142531904525,2.22044604925031e-16,4.44089209850063e-16,2.88657986402541e-14,0.0654884688993825,1.13429355443625,0.012485510863352,0.0023049155450785,0.239826425406442,4.15391553801584,0.0457233997076885,0.0481992595622742,0,0.0500000000000682,2.96999999999991,NA,NA,NA
300,157,TRUE,TRUE,TRUE,0.00651640006332441,0.00587559289811012,0.00586953595884506,2.22044604925031e-16,2.22044604925031e-16,3.10862446895044e-15,0.0122761841631701,0.212629746936831,0.00247825710061793,0.000267024897084411,0.108473786009321,1.87882108657498,0.0218981669576949,0.0132109921997241,0,0.0499999999999545,2.88999999999999,NA,NA,NA
300,158,TRUE,TRUE,TRUE,0.00499895759676576,0.00491211261397214,0.00493731117177304,2.22044604925031e-16,4.44089209850063e-16,1.19904086659517e-14,0.0196279748378653,0.339966496688661,0.00360037961550275,0.000720333201378764,0.125539212289221,2.17440294027106,0.0230277868504514,0.0209647897452356,0,0.0300000000000864,3.05999999999995,NA,NA,NA
300,159,TRUE,TRUE,TRUE,0.00374571458343619,0.0037353578839361,0.00361340278405595,4.44089209850063e-16,2.22044604925031e-16,6.16462436653364e-12,0.0418637124016577,0.725100768731225,0.00766565916557811,0.00161945835042232,0.181320704806805,3.14056673189584,0.0332016116816321,0.0279118755335936,0,0.0299999999999727,3,NA,NA,NA
300,160,TRUE,TRUE,TRUE,0.00364676671693412,0.00315780822016972,0.00318363807352267,2.22044604925031e-16,4.44089209850063e-16,8.65973959207622e-15,0.0233429511906677,0.404311774608369,0.00429667899572198,0.000538500801440023,0.12312539596786,2.1325944151837,0.0226633855494055,0.012561424963593,0,0.0299999999999727,2.99000000000001,NA,NA,NA
300,161,TRUE,TRUE,TRUE,0.00285867344226309,0.00285571725148216,0.00286941932750565,4.44089209850063e-16,3.33066907387547e-16,8.48432435418545e-13,0.0199514301422459,0.34556890690031,0.00380342377470263,0.000449576721624823,0.108123933906819,1.8727614704083,0.0206121134126016,0.0147137728852798,0.0100000000001046,0.0299999999999727,2.97000000000003,NA,NA,NA
300,162,TRUE,TRUE,TRUE,0.00443266002058802,0.00430755594236064,0.00432641541371219,4.44089209850063e-16,4.44089209850063e-16,5.67768054793305e-13,0.0169398665003282,0.293407094520024,0.00304201686553729,0.000489892519802027,0.141009279065297,2.44235235679753,0.0253220770721881,0.0202973130995296,0.0199999999999818,0.0299999999999727,3.13,NA,NA,NA
300,163,TRUE,TRUE,TRUE,0.0066718082346748,0.00681172519082787,0.00697027775049667,4.44089209850063e-16,3.33066907387547e-16,4.35111058294524e-10,0.0332465071465347,0.575846395519998,0.00641582941133473,0.00127636578010382,0.156079842713732,2.70338217617543,0.0301199052575854,0.0247927295920931,0,0.0300000000000864,2.94999999999993,NA,NA,NA
300,164,TRUE,TRUE,TRUE,0.00475315841656185,0.00470083153114424,0.00469546365824416,2.22044604925031e-16,3.33066907387547e-16,5.79536418854332e-14,0.0147764107098825,0.255934941030215,0.00282635945089538,0.000339743644964585,0.0975044834898857,1.68882719370243,0.0186501799271186,0.0107707838871782,0,0.0299999999999727,2.97000000000003,NA,NA,NA
300,165,TRUE,TRUE,TRUE,0.00620480170542016,0.00484624427945685,0.00482575050031696,4.44089209850063e-16,4.44089209850063e-16,1.13807185897485e-10,0.055023722488573,0.953038829717786,0.0100596683569276,0.00235963516180249,0.225256127587368,3.90155057697538,0.0411822725982469,0.0438645381333842,0,0.0499999999999545,3,NA,NA,NA
300,166,TRUE,TRUE,TRUE,0.00402034247055131,0.00353241170850067,0.00360665743294195,4.44089209850063e-16,2.22044604925031e-16,1.33670852164869e-13,0.0289005674340702,0.500572511633801,0.00528493419892731,0.000839155026881144,0.143498354364146,2.48546440561224,0.0262409851363274,0.019864635927302,0,0.0500000000000682,2.98000000000002,NA,NA,NA
300,167,TRUE,TRUE,TRUE,0.00374449661873794,0.0033944107511909,0.00344513370896545,3.33066907387547e-16,4.44089209850063e-16,1.7794654638692e-12,0.028006576892369,0.485088141236676,0.00542820762505689,0.000911613673274303,0.166564679935202,2.88498488394218,0.0322834050431839,0.0282154176048124,0,0.0399999999999636,3.06000000000006,NA,NA,NA
300,168,TRUE,TRUE,TRUE,0.00500070387767707,0.00431460443866098,0.00414795141287898,4.44089209850063e-16,2.22044604925031e-16,1.55431223447522e-15,0.0445153526350811,0.771028524808055,0.00804835012939005,0.00222543344235149,0.193122041788035,3.34497188438317,0.0349163539768952,0.0359633108341271,0,0.0399999999999636,2.97000000000003,NA,NA,NA
300,169,TRUE,TRUE,TRUE,0.00402342453808142,0.00327683305124392,0.00326570264370325,6.66133814775094e-16,2.22044604925031e-16,2.35367281220533e-14,0.0447365455577623,0.774859698611642,0.00857056453700849,0.00170642171206836,0.207756233013903,3.59844351169199,0.0398016471949627,0.0361990505487988,0,0.0300000000000864,2.99000000000001,NA,NA,NA
300,170,TRUE,TRUE,TRUE,0.00380875371440737,0.00357276347157146,0.00368661090712682,2.22044604925031e-16,2.22044604925031e-16,7.23615123376931e-09,0.0221996214463506,0.384508722538749,0.00410783290795529,0.000511325205188484,0.149532967639242,2.58998697357719,0.0276696810698846,0.0219550442019063,0,0.0299999999999727,2.97000000000003,NA,NA,NA
300,171,TRUE,TRUE,TRUE,0.00658644394958841,0.00614689910473124,0.00622359151165615,2.22044604925031e-16,2.22044604925031e-16,8.88178419700125e-16,0.0261172736681162,0.452364449483581,0.00524899983136025,0.000442311763031,0.0998168772696223,1.72887902883853,0.0200610055480168,0.0104668859522654,0,0.0400000000000773,2.9899999999999,NA,NA,NA
300,172,TRUE,TRUE,TRUE,0.00327470990555617,0.00307665130689487,0.00307309420994403,4.44089209850063e-16,3.33066907387547e-16,9.42046440854938e-12,0.0248673457820163,0.430715063438359,0.00471419666718173,0.000487607863401962,0.102671979940501,1.77833085770641,0.0194639150430961,0.0133638864148793,0,0.159999999999968,2.92999999999995,NA,NA,NA
300,173,TRUE,TRUE,TRUE,0.00319758686956442,0.0032366370511422,0.0031979247664122,2.22044604925031e-16,2.22044604925031e-16,3.33066907387547e-15,0.0215409031288876,0.373099386601527,0.00415840171193164,0.000519571891089754,0.0889171816995201,1.54009076369402,0.0171651744769958,0.00899137457891541,0,0.0499999999999545,2.83000000000004,NA,NA,NA
300,174,TRUE,TRUE,TRUE,0.0037888903631784,0.00394304472539669,0.00397806915238226,4.44089209850063e-16,4.44089209850063e-16,1.4477308241112e-13,0.022267660783323,0.385687198424244,0.00401772888976237,0.000675418988372201,0.145742807283059,2.52433947051977,0.0262962101405261,0.021640400937855,0.0199999999999818,0.0299999999999727,2.98000000000002,NA,NA,NA
300,175,TRUE,TRUE,TRUE,0.00503975991115697,0.00480633978255041,0.00482585844714418,4.44089209850063e-16,1.11022302462516e-16,5.97299987248334e-14,0.0187121991113738,0.324104795822445,0.00327781438540953,0.000448454879865778,0.137940141097392,2.38919332783903,0.0241629632157788,0.0174320171438538,0.00999999999999091,0.0300000000000864,3.01999999999998,NA,NA,NA
300,176,TRUE,TRUE,TRUE,0.00752758847286459,0.00772513432903763,0.00769247891532245,2.22044604925031e-16,2.22044604925031e-16,2.22044604925031e-15,0.0127051904159307,0.220060353202292,0.00245926137021273,0.000162361976737913,0.10253964311095,1.77603871658145,0.0198479341877447,0.00831005372223714,0.00999999999999091,0.0299999999999727,3.08000000000004,NA,NA,NA
300,177,TRUE,TRUE,TRUE,0.00509501243709056,0.00470962349606183,0.0047752954968019,5.55111512312578e-16,2.22044604925031e-16,4.44089209850063e-16,0.0353130750806539,0.611640402111869,0.00641578318469346,0.000959444724422553,0.13993962374869,2.42382538324804,0.0254246418038809,0.0187844029170705,0,0.0500000000000682,2.82999999999993,NA,NA,NA
300,178,TRUE,TRUE,TRUE,0.00399513003028761,0.00441933203407851,0.00448010399591133,5.55111512312578e-16,5.55111512312578e-16,5.84199355557757e-13,0.0204850018453581,0.354810639893025,0.00381699405389786,0.000661666632861824,0.145884039691572,2.52678568759198,0.0271827416109074,0.0238321979121245,0.0100000000001046,0.0299999999999727,2.99000000000001,NA,NA,NA
300,179,TRUE,TRUE,TRUE,0.00682779230383349,0.00614459062350678,0.00620667371199646,4.44089209850063e-16,3.33066907387547e-16,2.0427659563893e-11,0.0276299279686832,0.478564390512276,0.0049872851058843,0.000726453470235811,0.127589430103025,2.20991375447197,0.0230302759074261,0.0165946371483194,0.0199999999999818,0.0299999999999727,2.99000000000001,NA,NA,NA
300,180,TRUE,TRUE,TRUE,0.00283098737640144,0.00295812629310135,0.00307888049140018,4.44089209850063e-16,2.22044604925031e-16,8.19270429275321e-10,0.0243255309157093,0.42133055467096,0.00454860635873593,0.000958598996547266,0.130293608033731,2.25675149015887,0.0243634696425945,0.0223534174368538,0,0.0300000000000864,3,NA,NA,NA
300,181,TRUE,TRUE,TRUE,0.00263028219654516,0.00254854691516932,0.00251210582002918,2.22044604925031e-16,2.22044604925031e-16,3.24629212400396e-13,0.0207012946965911,0.35855694196952,0.00384549809054489,0.000432393679741239,0.0880764677591639,1.52552917110074,0.0163611935173106,0.00986415748083047,0,0.0299999999999727,2.97000000000003,NA,NA,NA
300,182,TRUE,TRUE,TRUE,0.00449395395494834,0.00423493881758608,0.00447601015947506,2.22044604925031e-16,3.33066907387547e-16,4.48991954726807e-11,0.0492252381072092,0.852606134163619,0.00895849580728087,0.00252318207350299,0.174100454473535,3.01550832768995,0.0316845230499442,0.036614796748097,0.0199999999999818,0.0299999999999727,2.98000000000002,NA,NA,NA
300,183,TRUE,TRUE,TRUE,0.00232491383193139,0.00224925330736924,0.00227460719385472,2.22044604925031e-16,2.22044604925031e-16,6.57252030578093e-14,0.019427388128734,0.336492232973278,0.00361736634870485,0.000660680637903255,0.104569254241626,1.81119261256083,0.0194707234393153,0.0142600568387437,0,0.0499999999999545,2.97000000000003,NA,NA,NA
300,184,TRUE,TRUE,TRUE,0.00567828274318872,0.00431887919109092,0.00435115074987767,4.44089209850063e-16,4.44089209850063e-16,8.88178419700125e-16,0.0335128984920323,0.580460428970984,0.00639043219118494,0.00096609201981579,0.150809095122984,2.61209014996497,0.0287571454443583,0.02514268425913,0,0.0499999999999545,2.97000000000003,NA,NA,NA
300,185,TRUE,TRUE,TRUE,0.00323087371382565,0.00314127599283207,0.00317164947823342,4.44089209850063e-16,4.44089209850063e-16,3.77475828372553e-15,0.0409523674379952,0.70931581092837,0.00761656549639894,0.00116161348867294,0.157140351662337,2.72175072998407,0.0292258996351186,0.0212186462361181,0.00999999999999091,0.0300000000000864,3.13,NA,NA,NA
300,186,TRUE,TRUE,TRUE,0.00492244603439334,0.00501328145383505,0.004978358817115,4.44089209850063e-16,4.44089209850063e-16,7.54951656745106e-15,0.0114519985229414,0.198354432899382,0.00224182435650465,0.000143153170281352,0.0791089466835822,1.37020714989222,0.0154862370211982,0.00721421123732569,0,0.0499999999999545,2.93000000000006,NA,NA,NA
300,187,TRUE,TRUE,TRUE,0.00349846336150519,0.00268859993595431,0.00266631254175135,3.33066907387547e-16,4.44089209850063e-16,4.59632332194815e-14,0.0322486741886802,0.558563421715291,0.00622238385243605,0.00114712204736378,0.137602648371371,2.3833477823525,0.0265504402527966,0.0176728311393823,0,0.0299999999999727,2.7700000000001,NA,NA,NA
300,188,TRUE,TRUE,TRUE,0.0034916132361094,0.0039445536254162,0.00415896712818698,4.44089209850063e-16,2.22044604925031e-16,1.17683640610267e-14,0.0212630819345862,0.368287382362032,0.00402347589762249,0.000178632925301514,0.101878791919919,1.76459243819037,0.0192778669164578,0.00907686789082973,0,0.0299999999999727,3,NA,NA,NA
300,189,TRUE,TRUE,TRUE,0.00453353602935484,0.00344937083697364,0.003453625062866,2.22044604925031e-16,2.22044604925031e-16,6.3726801613484e-14,0.0398750699032071,0.690656470277152,0.00754008925733912,0.00187081033634939,0.196306982842825,3.40013668164324,0.0371202401918496,0.0371591361922441,0.0199999999999818,0.0300000000000864,2.98000000000002,NA,NA,NA
300,190,TRUE,TRUE,TRUE,0.00439406271768041,0.00253331770252057,0.002543104265622,4.44089209850063e-16,3.33066907387547e-16,5.92859095149834e-13,0.0628396702627407,1.08841501625942,0.0118814633753953,0.00235900569677483,0.253640339829985,4.39317955434569,0.0479572600494632,0.0613159600778879,0.0199999999999818,0.0299999999999727,3.06000000000006,NA,NA,NA
300,191,TRUE,TRUE,TRUE,0.00446286289234937,0.00379771035467212,0.0041610379349966,4.44089209850063e-16,3.33066907387547e-16,1.12598819157483e-12,0.065603196658354,1.13628069751202,0.0126220829466375,0.0029944136169533,0.221987384704421,3.84493428947396,0.0427104672572313,0.0501709440589195,0,0.0299999999999727,2.97000000000003,NA,NA,NA
300,192,TRUE,TRUE,TRUE,0.00756355268940372,0.00756778865192591,0.0075977191510811,3.33066907387547e-16,2.22044604925031e-16,1.73194791841524e-14,0.0265480385864854,0.459825516730918,0.00518935594983164,0.000741584337696111,0.126223950856513,2.18626296015558,0.0246730472480912,0.0155764490773009,0,0.0299999999999727,2.87,NA,NA,NA
300,193,TRUE,TRUE,TRUE,0.00580602769657513,0.00531671165025483,0.00570468350492492,2.22044604925031e-16,6.66133814775094e-16,7.38076266770804e-13,0.0363369483235765,0.629374406884392,0.00678550138868211,0.000668801608053826,0.152022791221619,2.6331119830428,0.0283884835831501,0.0197252282536802,0,0.0499999999999545,2.97000000000003,NA,NA,NA
300,194,TRUE,TRUE,TRUE,0.00681714746903901,0.0051496611608099,0.00546422063709746,4.44089209850063e-16,4.44089209850063e-16,7.105427357601e-15,0.0599295320303243,1.03800994350348,0.0108158833544758,0.00153866465171149,0.167447545724548,2.9002765679763,0.0302203781873943,0.0320069135048655,0,0.0299999999999727,3.24000000000001,NA,NA,NA
300,195,TRUE,TRUE,TRUE,0.0031828796115191,0.00312632910103569,0.00316704870921576,2.22044604925031e-16,2.22044604925031e-16,9.10382880192628e-14,0.0253726387097357,0.439466993673511,0.00493078925118091,0.0012307085582357,0.125243156739912,2.16927510773839,0.0243391165618168,0.0211072381308171,0.0100000000001046,0.0299999999999727,3.29999999999995,NA,NA,NA
300,196,TRUE,TRUE,TRUE,0.00394179175463734,0.00360143720415482,0.00361187881277192,2.22044604925031e-16,4.44089209850063e-16,8.09308176030754e-12,0.0215149316796032,0.372649547904459,0.00385969662715491,0.0004897104139161,0.13717340268396,2.37591302895724,0.0246083848909721,0.0225408526058146,0,0.0499999999999545,3.23000000000002,NA,NA,NA
300,197,TRUE,TRUE,TRUE,0.0054104383360222,0.00506043750559123,0.00506742045513129,4.44089209850063e-16,2.22044604925031e-16,4.44133618771048e-12,0.0185450841838648,0.321210280370959,0.00362322698380338,0.000374835074779867,0.0936262026307104,1.62165339876129,0.0182921242308396,0.00885360149495895,0,0.0499999999999545,3.69000000000005,NA,NA,NA
300,198,TRUE,TRUE,TRUE,0.00416393189068573,0.00421430988106564,0.00418880487050138,4.44089209850063e-16,0,8.5265128291212e-14,0.033105056202745,0.573396393305775,0.00620197073256194,0.00107848364667973,0.115024648614269,1.99228535522671,0.02154895916382,0.0164525512694702,0.0199999999999818,0.0400000000000773,3.51999999999998,NA,NA,NA
300,199,TRUE,TRUE,TRUE,0.00502838706728295,0.00454955454786498,0.00437269817380789,4.44089209850063e-16,3.33066907387547e-16,1.48880907602233e-12,0.0284139779004969,0.492144533687998,0.00529970061142817,0.00091805958324187,0.164903000036792,2.85620374384255,0.0307572749293242,0.0268351032234229,0,0.0299999999999727,3.33000000000004,NA,NA,NA
300,200,TRUE,TRUE,TRUE,0.00552891445827148,0.00433209175744576,0.00435885754761922,3.33066907387547e-16,2.22044604925031e-16,7.8159700933611e-14,0.0280863507542819,0.486469865056167,0.00534101193567888,0.000766658399363962,0.162034755913831,2.80652429834776,0.0308131723092806,0.0245434211479818,0.0199999999999818,0.0300000000000864,3.00999999999999,NA,NA,NA
300,201,TRUE,TRUE,TRUE,0.00444230088409278,0.00454634534550997,0.00458355891007069,2.22044604925031e-16,0,1.11022302462516e-15,0.0203308614959128,0.352140850725667,0.00361878137707231,0.000577972890162926,0.120386005330073,2.08514677751943,0.0214280459407082,0.0212707874345597,0.00999999999999091,0.0299999999999727,3.08000000000004,NA,NA,NA
300,202,TRUE,TRUE,TRUE,0.00855944665739141,0.00824646488892024,0.00824007690516742,4.44089209850063e-16,2.22044604925031e-16,8.46211989369294e-13,0.0250995497630997,0.434736954367921,0.0043156740389358,0.000950848615381972,0.109202060283428,1.89143516702096,0.0187764522077742,0.0196160743182432,0,0.0300000000000864,3.01999999999998,NA,NA,NA
300,203,TRUE,TRUE,TRUE,0.00625027820266839,0.00573482410292058,0.0057862819892298,2.22044604925031e-16,4.44089209850063e-16,7.105427357601e-15,0.0379253413124361,0.656886180475302,0.0067732124538064,0.00179009000439834,0.20844553464016,3.61038256607615,0.0372269791729496,0.0414291616696758,0,0.0299999999999727,3,NA,NA,NA
300,204,TRUE,TRUE,TRUE,0.00359980907868019,0.00372992314354497,0.0037757609639782,4.44089209850063e-16,2.22044604925031e-16,7.105427357601e-15,0.0289907690787108,0.502134849948239,0.005286484626624,0.00067696906289072,0.121544400956438,2.10521077832073,0.0221636964981477,0.0138398374400772,0.0200000000000955,0.0299999999999727,3.04999999999995,NA,NA,NA
300,205,TRUE,TRUE,TRUE,0.00367426556992555,0.00378321339854345,0.00375396682812235,2.22044604925031e-16,4.44089209850063e-16,1.22124532708767e-14,0.00897434752903965,0.155440258850769,0.00165820720810289,8.48103462374183e-05,0.0789217391104981,1.36696461961078,0.0145825193692993,0.00706438823174693,0,0.0300000000000864,2.94999999999993,NA,NA,NA
300,206,TRUE,TRUE,TRUE,0.00926236820720275,0.00914478224696698,0.00913423221013672,4.44089209850063e-16,2.22044604925031e-16,3.14726023020739e-12,0.0332164992979073,0.575326644335514,0.00562253449858074,0.00147001124057056,0.16885761590258,2.92469969988219,0.0285824150897252,0.0305860391818022,0,0.0499999999999545,2.95000000000005,NA,NA,NA
300,207,TRUE,TRUE,TRUE,0.00369729784387364,0.00378050246574288,0.00384832441429858,3.33066907387547e-16,2.22044604925031e-16,4.44089209850063e-15,0.0181690256158239,0.314696754906274,0.00339145595339382,0.000564258005699259,0.0858179423833695,1.48641036409015,0.0160188981929006,0.0131265514063692,0,0.0499999999999545,2.88,NA,NA,NA
300,208,TRUE,TRUE,TRUE,0.00349644062024864,0.00333254570694514,0.00357022144267233,4.44089209850063e-16,0,1.57651669496772e-14,0.0495875691970796,0.858881892731792,0.00942928341134288,0.00209896407896792,0.150229343231424,2.6020485526453,0.0285667371271837,0.0228594315126536,0,0.0300000000000864,3.03999999999996,NA,NA,NA
300,209,TRUE,TRUE,TRUE,0.00672431313386484,0.00587530497278827,0.00585878814362225,4.44089209850063e-16,2.22044604925031e-16,1.22568621918617e-13,0.0168058926196591,0.291086598837963,0.0029899894795069,0.000575464683016946,0.135005573837666,2.33836513191829,0.0240192683950163,0.0191837495601277,0,0.0400000000000773,2.93999999999994,NA,NA,NA
300,210,TRUE,TRUE,TRUE,0.00288163488615777,0.00287162786995745,0.00290490282120725,4.44089209850063e-16,2.22044604925031e-16,1.61229918305139e-10,0.0187784530586641,0.325252347851535,0.00360694664961102,0.000259550110548901,0.11254725990511,1.9493757240831,0.0216179661215669,0.0119336902477016,0.0200000000000955,0.0299999999999727,2.90999999999997,NA,NA,NA
300,211,TRUE,TRUE,TRUE,0.00339210316551262,0.00302803492518629,0.00298244398558511,3.33066907387547e-16,4.44089209850063e-16,5.10702591327572e-15,0.0500221040960309,0.866408257958248,0.0093164688252085,0.00278193019439144,0.230840082620127,3.99826751521457,0.0429932821140487,0.0504850570686379,0,0.0400000000000773,2.96999999999991,NA,NA,NA
300,212,TRUE,TRUE,TRUE,0.00377085500201825,0.00354643784965933,0.00352324296060468,2.22044604925031e-16,2.22044604925031e-16,1.11022302462516e-14,0.0377672788606314,0.654148458502355,0.00715415045261954,0.00162781433451897,0.203262348781908,3.5206071535605,0.0385034206436944,0.0419340400924426,0,0.0299999999999727,2.97000000000003,NA,NA,NA
300,213,TRUE,TRUE,TRUE,0.00433397104210801,0.00343757928439649,0.00344200785934476,3.33066907387547e-16,2.22044604925031e-16,3.09308134660569e-13,0.0209326240127624,0.362563683258408,0.00393819860920154,0.000555992269255512,0.12680554546796,2.19633647431993,0.0238567999165558,0.0185687709042455,0,0.0299999999999727,2.94000000000005,NA,NA,NA
300,214,TRUE,TRUE,TRUE,0.0037927255020701,0.00335415788554823,0.0034332612514359,4.44089209850063e-16,4.44089209850063e-16,1.4210854715202e-14,0.0200324477123505,0.34697217237758,0.00379737788383121,0.000422809784467404,0.111670014631864,1.93418139024348,0.0211683190161883,0.0132311269810153,0,0.0299999999999727,2.95000000000005,NA,NA,NA
300,215,TRUE,TRUE,TRUE,0.00510512225290795,0.00522255833294292,0.00516047502139873,2.22044604925031e-16,3.33066907387547e-16,1.3156364886413e-11,0.0341007611073575,0.59064250814712,0.00643406658586446,0.000618386923026293,0.148097783684685,2.56512885830219,0.0279428074477969,0.0222024015118905,0.0199999999999818,0.0300000000000864,2.96999999999991,NA,NA,NA
300,216,TRUE,TRUE,TRUE,0.00491990537450514,0.00461880527839989,0.00467325453831668,3.33066907387547e-16,4.44089209850063e-16,8.54871728961371e-14,0.0609476839380356,1.05564485184327,0.0112910832082707,0.00166771652502717,0.211804391339524,3.66855967066257,0.0392385871286444,0.0326938976406872,0,0.0499999999999545,2.93000000000006,NA,NA,NA
300,217,TRUE,TRUE,TRUE,0.00353008887115157,0.00260047018427601,0.0026235374016273,2.22044604925031e-16,4.44089209850063e-16,2.66453525910038e-15,0.0241657733403346,0.418563472296531,0.00445593050948005,0.000885710816856289,0.158174006688417,2.73965416021077,0.029165728416116,0.0287056976619766,0.0199999999999818,0.0299999999999727,3.13,NA,NA,NA
300,218,TRUE,TRUE,TRUE,0.00472134252948965,0.00329845613986101,0.00318282950990989,2.22044604925031e-16,2.22044604925031e-16,2.35367281220533e-14,0.0720602226800079,1.24811966886501,0.0136062657563248,0.00334566576695039,0.257057770649611,4.45237119245513,0.0485371292525488,0.0479168261757934,0.0100000000001046,0.0299999999999727,3.01999999999998,NA,NA,NA
300,219,TRUE,TRUE,TRUE,0.00311060634742635,0.00276810353759945,0.00278569683139608,2.22044604925031e-16,4.44089209850063e-16,1.33226762955019e-15,0.030072242096068,0.520866512079014,0.00566161972667711,0.000436988714149322,0.114696908161387,1.98660872406583,0.0215936768452754,0.0111844838640209,0,0.0300000000000864,2.91999999999996,NA,NA,NA
300,220,TRUE,TRUE,TRUE,0.00341381240229193,0.00340197141818814,0.00339772245199046,2.22044604925031e-16,2.22044604925031e-16,2.64233079860787e-14,0.00901047580540824,0.156066018953372,0.00168395030078482,5.56993723073163e-05,0.0536819000526242,0.929797783379795,0.0100325059067423,0.00345175403305475,0.0199999999999818,0.0300000000000864,3,NA,NA,NA
300,221,TRUE,TRUE,TRUE,0.00254287576886598,0.00244846336568106,0.00246239621926411,1.11022302462516e-16,2.22044604925031e-16,2.22044604925031e-15,0.0137413115299026,0.238006497324233,0.00253089923424584,0.000283031760499597,0.103764563563101,1.79725496116501,0.0191115421473578,0.0123517233150459,0,0.0499999999999545,2.97000000000003,NA,NA,NA
300,222,TRUE,TRUE,TRUE,0.00339849750588891,0.00332092237962501,0.00340476461362591,4.44089209850063e-16,2.22044604925031e-16,1.77635683940025e-15,0.0471456784185047,0.816587103781536,0.00875822351866102,0.00177934450073636,0.194746252353992,3.37310403660744,0.0361778908428724,0.0290864643131634,0,0.0299999999999727,3.06000000000006,NA,NA,NA
300,223,TRUE,TRUE,TRUE,0.00347946675297641,0.00369311275409518,0.00373284466343686,4.44089209850063e-16,2.22044604925031e-16,3.47191830840643e-10,0.0198937116054268,0.344569192517219,0.00369252937061808,0.000569753621388003,0.180031605223206,3.11823887214775,0.0334161871405064,0.0322569078362989,0,0.0500000000000682,2.93999999999994,NA,NA,NA
300,224,TRUE,TRUE,TRUE,0.00787437874748286,0.00766251165512789,0.00793520969556198,3.33066907387547e-16,2.22044604925031e-16,5.32907051820075e-15,0.0468608264249176,0.811653322526235,0.00949400217855728,0.00248266315903578,0.167581225071457,2.90259196218399,0.0339519517109436,0.0352788593105586,0,0.0400000000000773,2.96999999999991,NA,NA,NA
300,225,TRUE,TRUE,TRUE,0.00392424124076982,0.00346403843031448,0.00355766624081725,2.22044604925031e-16,4.44089209850063e-16,1.99840144432528e-15,0.0386812465823881,0.669978843807963,0.00701456840443248,0.00194895159134134,0.217929233733401,3.77464505280804,0.0395199134570941,0.046479688509109,0,0.0399999999999636,2.98000000000002,NA,NA,NA
300,226,TRUE,TRUE,TRUE,0.0074014508408663,0.00655728989912557,0.00657694674086775,2.22044604925031e-16,4.44089209850063e-16,4.44089209850063e-16,0.0278567102964969,0.482492375652597,0.00520774688405963,0.000826717353120898,0.132275118855437,2.29107226434829,0.0247285243205708,0.02053656291287,0,0.0499999999999545,2.98000000000002,NA,NA,NA
300,227,TRUE,TRUE,TRUE,0.00528389867812475,0.00555901515152202,0.00559968830997049,2.22044604925031e-16,4.44089209850063e-16,2.53506549086069e-10,0.029674297255207,0.513973905249202,0.00545143544515281,0.00106899006343042,0.141098903498289,2.44390469751295,0.025921138323429,0.0217491803494632,0,0.0499999999999545,3.08000000000004,NA,NA,NA
300,228,TRUE,TRUE,TRUE,0.00506457406312711,0.00292862750557288,0.00292596912524878,3.33066907387547e-16,5.55111512312578e-16,3.10862446895044e-15,0.0573275373149752,0.992942073023378,0.0107871291686267,0.00414641638076674,0.265518963561939,4.59892335262307,0.0499618070269751,0.069477995633104,0,0.0499999999999545,2.97000000000003,NA,NA,NA
300,229,TRUE,TRUE,TRUE,0.00504633166994013,0.00499340124646298,0.00501536130625231,4.44089209850063e-16,3.33066907387547e-16,2.62012633811537e-14,0.0144490756779249,0.250265331965736,0.00284462386125888,0.000222233735343025,0.109843900526593,1.902552166136,0.0216252296975005,0.0121863606985819,0,0.0400000000000773,2.96999999999991,NA,NA,NA
300,230,TRUE,TRUE,TRUE,0.00454406100810878,0.00474131021624484,0.00470914284434212,4.44089209850063e-16,4.44089209850063e-16,1.65690128284268e-10,0.0297832269170739,0.515860622337249,0.00542989612831243,0.000787535262059436,0.180315845666612,3.1231620610432,0.0328740842953195,0.0271886157670238,0,0.0299999999999727,3.10000000000002,NA,NA,NA
300,231,TRUE,TRUE,TRUE,0.0061617257712018,0.00575494609292982,0.00573782840799875,4.44089209850063e-16,4.44089209850063e-16,7.38520355980654e-13,0.0267807031632084,0.463855385410975,0.00473440995177081,0.000864009965852119,0.152891831431736,2.64816420102023,0.0270288873247104,0.0225110895285106,0.0199999999999818,0.0599999999999454,3.67000000000007,NA,NA,NA
300,232,TRUE,TRUE,TRUE,0.00379568181914363,0.00290876310967838,0.00292961763905351,2.22044604925031e-16,2.22044604925031e-16,5.7065463465733e-14,0.0238748475319473,0.413524489482931,0.00438205023804308,0.000610512753922876,0.129432163619313,2.24183083522217,0.0237563085016351,0.0165432294905159,0,0.0499999999999545,2.95000000000005,NA,NA,NA
300,233,TRUE,TRUE,TRUE,0.00539069106702123,0.00538834641436233,0.00522086633916145,2.22044604925031e-16,4.44089209850063e-16,3.13771231219562e-12,0.0264748469085045,0.458557799681376,0.00504671932217841,0.000433161556181005,0.146414469157569,2.53597299544136,0.0279099906827654,0.0194215669074111,0.00999999999999091,0.0300000000000864,2.95999999999992,NA,NA,NA
300,234,TRUE,TRUE,TRUE,0.00371375162678846,0.00322176654730352,0.00332174121108012,4.44089209850063e-16,2.22044604925031e-16,5.59552404411079e-14,0.027445965627166,0.475378069290405,0.00514514768479293,0.000417810273347641,0.111543843577461,1.93199604347678,0.0209105249322116,0.0132371140735827,0,0.0400000000000773,2.95999999999992,NA,NA,NA
300,235,TRUE,TRUE,TRUE,0.00596397335681587,0.0046764928908998,0.00473238872698848,2.22044604925031e-16,1.11022302462516e-16,2.17603712826531e-14,0.0475908586885518,0.824297852244025,0.00917819430909537,0.0020436033230169,0.167525981701735,2.90163511895259,0.0323084317923928,0.0353752701031667,0,0.0499999999999545,3.09000000000003,NA,NA,NA
300,236,TRUE,TRUE,TRUE,0.00442877913413715,0.00327222294339719,0.00329979236973128,2.22044604925031e-16,3.33066907387547e-16,8.88178419700125e-16,0.022250882860391,0.385396596274607,0.00425654358526356,0.000550982916514897,0.146751614301409,2.54181252062791,0.0280732520323356,0.0217004838446471,0,0.0600000000000591,3.62,NA,NA,NA
300,237,TRUE,TRUE,TRUE,0.00719526582182387,0.00610464929976623,0.00631557600742684,2.22044604925031e-16,5.55111512312578e-16,1.01163522003844e-12,0.0621694957775088,1.07680725367584,0.0110285371481445,0.00331805436160337,0.27207196418783,4.71242465288382,0.0482641161310437,0.0650973837981113,0.00999999999999091,0.0299999999999727,3.13,NA,NA,NA
300,238,TRUE,TRUE,TRUE,0.00593929369981956,0.00573844973862048,0.00611485981845259,4.44089209850063e-16,4.44089209850063e-16,8.88622508909975e-13,0.0578458016470285,1.00191867457205,0.010742570856962,0.00228362527828097,0.167977509369514,2.90945580756875,0.0311951817659821,0.0294728399116337,0,0.0499999999999545,3.05999999999995,NA,NA,NA
300,239,TRUE,TRUE,TRUE,0.0050537978198411,0.00484166681531547,0.00484900222336442,5.55111512312578e-16,0,1.33226762955019e-15,0.0177613469675248,0.307635553586123,0.00316323188806175,0.000400127905574976,0.111620034627137,1.933315711168,0.0198791259201623,0.0130672494239832,0.0199999999999818,0.0299999999999727,3.05999999999995,NA,NA,NA
300,240,TRUE,TRUE,TRUE,0.00371368532126805,0.00355137004406353,0.00354527733875776,2.22044604925031e-16,2.22044604925031e-16,9.09428088391451e-12,0.0215316483811985,0.372939089669439,0.00398008372312702,0.000609038520135385,0.124698182158035,2.15983587109196,0.0230502187442418,0.0151032735276502,0.00999999999999091,0.0399999999999636,3.12,NA,NA,NA
300,241,TRUE,TRUE,TRUE,0.00250477287710527,0.00224364542481829,0.00225623104522154,6.66133814775094e-16,3.33066907387547e-16,1.19464438341765e-11,0.020430078560783,0.353859340698999,0.00375907677172168,0.000669640090613655,0.117429574731111,2.0339398974549,0.0216067101930887,0.0144491471969808,0,0.0500000000000682,3.00999999999999,NA,NA,NA
300,242,TRUE,TRUE,TRUE,0.00638639298603051,0.00611437796297745,0.00613645019270896,1.11022302462516e-16,4.44089209850063e-16,2.66453525910038e-14,0.0126048802257793,0.2183229297437,0.00222167960027928,0.000216915441388466,0.105632466300883,1.82960798561936,0.0186183042840734,0.0135618877624779,0,0.0399999999999636,3,NA,NA,NA
300,243,TRUE,TRUE,TRUE,0.00419823927394571,0.00382626749869213,0.00387157458097104,2.22044604925031e-16,4.44089209850063e-16,1.33226762955019e-15,0.0312500470148439,0.541266691686258,0.00573666869310089,0.00097396866256716,0.115022533976013,1.99224872861772,0.021115045662104,0.0190825632191896,0.0199999999999818,0.0299999999999727,3.02999999999997,NA,NA,NA
300,244,TRUE,TRUE,TRUE,0.00351741784465219,0.00334993444795737,0.00343529444524637,4.44089209850063e-16,4.44089209850063e-16,8.03801469828613e-14,0.0300558341676094,0.520582318421641,0.00570836084080768,0.000544482361885201,0.161483761741986,2.79698079934466,0.0306698385682366,0.0226251740057783,0,0.0500000000000682,3.13999999999999,NA,NA,NA
300,245,TRUE,TRUE,TRUE,0.00760174832970638,0.00747844953629142,0.00753402675675144,4.44089209850063e-16,2.22044604925031e-16,7.19946324778675e-11,0.0213075044932439,0.369056803648006,0.00437162329980565,0.000450589493144804,0.122207888650952,2.11670272229169,0.02507317802589,0.0179321055131787,0.0199999999999818,0.0300000000000864,3.33999999999992,NA,NA,NA
300,246,TRUE,TRUE,TRUE,0.00206414635208824,0.0021553756353096,0.00219384056424432,2.22044604925031e-16,2.22044604925031e-16,1.55431223447522e-15,0.0255052005500461,0.441763032099136,0.00479346500773715,0.000494063787158439,0.139295069349311,2.41266137356837,0.026179211544174,0.0171685856305324,0.0199999999999818,0.0299999999999727,3.36000000000001,NA,NA,NA
300,247,TRUE,TRUE,TRUE,0.00345084239352961,0.0035827625701433,0.00369591136698524,6.66133814775094e-16,4.44089209850063e-16,7.03145586200549e-09,0.0375476102906704,0.650343687262372,0.00677682496328854,0.000682645748810273,0.117836058750254,2.04098040719111,0.0212677807810495,0.0102515247386421,0,0.0299999999999727,3,NA,NA,NA
300,248,TRUE,TRUE,TRUE,0.00395582249061616,0.00336783963713347,0.00416460812785957,2.22044604925031e-16,4.44089209850063e-16,9.08606523353228e-13,0.116996802230026,2.02644405785493,0.0219674040961562,0.00423432297160886,0.284134611831279,4.92135583880637,0.053349319954322,0.0557242836118128,0.0199999999999818,0.0299999999999727,3,NA,NA,NA
300,249,TRUE,TRUE,TRUE,0.0049101998907482,0.00456884599902539,0.00473794175071515,3.33066907387547e-16,2.22044604925031e-16,2.26485497023532e-14,0.0295060181862527,0.51105922627641,0.00529881849958913,0.000676078525195578,0.124113504534479,2.14970895759149,0.0222888405248307,0.0177024222713413,0.00999999999999091,0.0299999999999727,3.13,NA,NA,NA
300,250,TRUE,TRUE,TRUE,0.00523099282997397,0.00494121058771402,0.00490980174667982,4.44089209850063e-16,4.44089209850063e-16,1.77635683940025e-15,0.0276137375219081,0.478283963748159,0.00519957612271749,0.000803198822200812,0.142884689389922,2.47483541647043,0.026904717938465,0.0223948139022347,0,0.0299999999999727,2.97000000000003,NA,NA,NA
300,251,TRUE,TRUE,TRUE,0.00479029709390732,0.0041816475765445,0.00436926361424742,4.44089209850063e-16,4.44089209850063e-16,6.06282091197841e-09,0.0272001772625542,0.471120889936237,0.00494711242630268,0.000576529607030807,0.152302811812507,2.63796208194863,0.0277005228901857,0.0210726140624899,0,0.0499999999999545,2.98000000000002,NA,NA,NA
300,252,TRUE,TRUE,TRUE,0.00418617099660239,0.00327520792709194,0.00327250070294758,4.44089209850063e-16,2.22044604925031e-16,8.88178419700125e-16,0.0372573786799905,0.64531672830577,0.00693187429513644,0.00235154677815075,0.204138210738478,3.53577752765247,0.0379806756623266,0.0436824304632388,0.0200000000000955,0.0299999999999727,3.01999999999998,NA,NA,NA
300,253,TRUE,TRUE,TRUE,0.00201068981935439,0.00158802139967874,0.00166353975306839,4.44089209850063e-16,2.22044604925031e-16,1.04360964314765e-14,0.0186401219644996,0.322856383017939,0.00345159544821729,0.000502639069782873,0.138326435348558,2.39588414053595,0.0256139361923979,0.0189618888480751,0,0.0400000000000773,3,NA,NA,NA
300,254,TRUE,TRUE,TRUE,0.0038649029016008,0.00409951151249963,0.00408517119948057,2.22044604925031e-16,4.44089209850063e-16,3.14348547192367e-12,0.0165824356604306,0.287216210771078,0.00307251496576234,0.000416705909106696,0.11799218857697,2.04368465511561,0.0218624557133592,0.0177063792561469,0.0199999999999818,0.0299999999999727,3.08000000000004,NA,NA,NA
300,255,TRUE,TRUE,TRUE,0.00676999791250456,0.00603639961174821,0.00617888923786636,3.33066907387547e-16,4.44089209850063e-16,3.99680288865056e-15,0.0391572907796387,0.678224171170826,0.00692515337968541,0.00193358438117031,0.235684777911542,4.08218009913378,0.0416819755350189,0.0518295622071179,0,0.0499999999999545,3.0100000000001,NA,NA,NA
300,256,TRUE,TRUE,TRUE,0.00525795462661025,0.00431653105852467,0.00415927821267004,1.11022302462516e-16,0,1.81632486828676e-13,0.0510780306202191,0.884697441847783,0.00915463475837549,0.00287004744515684,0.223478556408756,3.87076214102114,0.0400537087160391,0.0527775564070794,0,0.0399999999999636,2.98000000000002,NA,NA,NA
300,257,TRUE,TRUE,TRUE,0.00305028495554472,0.0029865149496768,0.00295776101861932,4.44089209850063e-16,2.22044604925031e-16,5.26245713672324e-14,0.0105954467944068,0.183518521768054,0.00198472840846034,0.000152846936568807,0.110827295224822,1.91958506194827,0.0207600571767902,0.0114798579612696,0.00999999999999091,0.0299999999999727,2.99000000000001,NA,NA,NA
300,258,TRUE,TRUE,TRUE,0.00534123840465735,0.00553278764439476,0.00554517067630605,4.44089209850063e-16,4.44089209850063e-16,4.2632564145606e-14,0.0148172122470003,0.256641644383363,0.00266986537874581,0.000245710350043282,0.0838531899761455,1.45237985415409,0.015109234117911,0.0087988157304828,0,0.0299999999999727,3.12,NA,NA,NA
300,259,TRUE,TRUE,TRUE,0.0062588713505662,0.0059498485831496,0.00582956781956992,2.22044604925031e-16,2.22044604925031e-16,6.21724893790088e-15,0.0311801459395679,0.54005596954744,0.00616447528952305,0.00103428734148991,0.126892308838462,2.19783925997938,0.0250872623810454,0.0178397542080972,0,0.0299999999999727,2.97000000000003,NA,NA,NA
300,260,TRUE,TRUE,TRUE,0.00456342478726883,0.00422295532961315,0.00431121630775401,4.44089209850063e-16,4.44089209850063e-16,5.44009282066327e-14,0.0269029567697057,0.465972879989594,0.0049362520690171,0.0008163783741999,0.119953505440705,2.07765565969291,0.0220095041777823,0.0184333722520371,0,0.0400000000000773,2.96999999999991,NA,NA,NA
300,261,TRUE,TRUE,TRUE,0.00379601286175695,0.00337399909816762,0.00337727872357898,6.66133814775094e-16,4.44089209850063e-16,1.99840144432528e-15,0.0429333371295444,0.743627212468543,0.00796497651539762,0.00216436432392442,0.193925092857067,3.35888113690953,0.0359769101034992,0.0337362350324781,0.00999999999999091,0.0399999999999636,2.98000000000002,NA,NA,NA
300,262,TRUE,TRUE,TRUE,0.00306358797398927,0.00310602416074841,0.00315817721209065,1.11022302462516e-16,2.22044604925031e-16,4.44089209850063e-16,0.0262545376861614,0.454741932016634,0.00487794514952352,0.000679846874255929,0.140314737740262,2.43032254816836,0.0260696875545267,0.0156138871603275,0.00999999999999091,0.0299999999999727,2.94000000000005,NA,NA,NA
300,263,TRUE,TRUE,TRUE,0.00306328144053219,0.00249476532762897,0.0024384912157205,4.44089209850063e-16,3.33066907387547e-16,7.15376646809318e-11,0.0448906421494443,0.777528729872304,0.0084363259553279,0.00192065811896214,0.207960911064295,3.60198863951671,0.0390822217660584,0.0349433843867075,0,0.0499999999999545,3.06000000000006,NA,NA,NA
300,264,TRUE,TRUE,TRUE,0.00313470286272835,0.00334617597820661,0.00336004439562786,2.22044604925031e-16,2.22044604925031e-16,1.13242748511766e-14,0.010028002885179,0.173690104955773,0.00180790948298989,0.000197657925689043,0.0800563922361173,1.38661738823618,0.0144330543533794,0.00784477195691835,0,0.0299999999999727,2.94999999999993,NA,NA,NA
300,265,TRUE,TRUE,TRUE,0.00383679664502408,0.00386071298358454,0.00396040165305199,4.44089209850063e-16,4.44089209850063e-16,5.32907051820075e-15,0.0218985191029667,0.37929347696856,0.00419254639339324,0.000584179179579536,0.12608791581392,2.18390676410177,0.0241399628080104,0.0186713341180358,0,0.0300000000000864,2.84999999999991,NA,NA,NA
300,266,TRUE,TRUE,TRUE,0.00547673711482619,0.00558403797417435,0.00579319965115827,2.22044604925031e-16,3.33066907387547e-16,1.28785870856518e-14,0.0329284369074681,0.570337257375609,0.00643218588966153,0.00110513468393947,0.160659054366424,2.78269644858617,0.0313828714507766,0.0253291908133626,0,0.0499999999999545,2.96000000000004,NA,NA,NA
300,267,TRUE,TRUE,TRUE,0.00412913893095893,0.00410553489676234,0.00419418557535225,4.44089209850063e-16,2.22044604925031e-16,1.00994546059496e-10,0.0308615959413486,0.534538521730772,0.00588239750104649,0.000776894880353041,0.149558519675294,2.59042954782399,0.0285067131353195,0.0182005484781307,0.0199999999999818,0.0299999999999727,3.03000000000009,NA,NA,NA
300,268,TRUE,TRUE,TRUE,0.00379711409350562,0.00378403840209789,0.00376566297031967,2.22044604925031e-16,4.44089209850063e-16,2.98339131177272e-12,0.0227116903905231,0.393378016821599,0.00409686353569023,0.000729975760847879,0.179328044006572,3.10605283441331,0.0323482097450456,0.0319879195190822,0,0.0499999999999545,3.17000000000007,NA,NA,NA
300,269,TRUE,TRUE,TRUE,0.00451429388741162,0.00445084227583914,0.0043420867376822,4.44089209850063e-16,2.22044604925031e-16,1.11022302462516e-15,0.0341284236906729,0.591121638144828,0.00616064453225923,0.000699602374208297,0.117385406182653,2.03317487575464,0.0211896619463215,0.0157479096902016,0.0199999999999818,0.0299999999999727,3.06000000000006,NA,NA,NA
300,270,TRUE,TRUE,TRUE,0.00499417202542515,0.00470715756845191,0.00474187972597794,4.44089209850063e-16,4.44089209850063e-16,1.48769885299771e-14,0.0298481229316078,0.516984654281064,0.00554042401333136,0.00150920987049119,0.154727343051908,2.67995619486044,0.0287205694283696,0.0295364629258152,0.0199999999999818,0.0299999999999727,2.97000000000003,NA,NA,NA
300,271,TRUE,TRUE,TRUE,0.0045069838190934,0.0043885531789542,0.00447877312404202,3.33066907387547e-16,4.44089209850063e-16,4.72955008490317e-14,0.0265808166048979,0.460393248663536,0.00479745573316756,0.000672379544226942,0.130130960490231,2.25393435206818,0.0234867698666347,0.0191255251355713,0,0.0400000000000773,2.99000000000001,NA,NA,NA
300,272,TRUE,TRUE,TRUE,0.00487604149265322,0.00440771411686849,0.00446137490336764,4.44089209850063e-16,2.22044604925031e-16,1.28785870856518e-14,0.0228933876614962,0.396525105870819,0.00424791726481475,0.000604847987098367,0.103740402705263,1.79683648283172,0.0192492545981603,0.0146547080229666,0.0199999999999818,0.0299999999999727,3.07000000000005,NA,NA,NA
300,273,TRUE,TRUE,TRUE,0.00461604559864378,0.0028744383716172,0.00280452221164212,4.44089209850063e-16,4.44089209850063e-16,1.99336547268558e-10,0.0903845735485492,1.56550673606533,0.0168956437013129,0.00432766266348494,0.250683849975265,4.34197164794133,0.0468604856400679,0.0540158853478871,0,0.0399999999999636,2.97000000000003,NA,NA,NA
300,274,TRUE,TRUE,TRUE,0.00717562344808915,0.00693796936400587,0.00682979488124205,3.33066907387547e-16,4.44089209850063e-16,3.86357612569554e-14,0.038872070123821,0.673284004498382,0.00697313654894384,0.00172620335258955,0.197384692326431,3.4188031574573,0.0354082097474921,0.0434560391670793,0,0.0300000000000864,3,NA,NA,NA
300,275,TRUE,TRUE,TRUE,0.00232243100752663,0.00208493902052122,0.00210100578549881,4.44089209850063e-16,2.22044604925031e-16,1.7874590696465e-13,0.0289401778682939,0.501258584479653,0.0053752738355592,0.00123330368872843,0.122291328589354,2.11814794441862,0.0227140752857053,0.017727890089084,0,0.0299999999999727,2.98000000000002,NA,NA,NA
300,276,TRUE,TRUE,TRUE,0.00641658074531499,0.00434430632962498,0.00489054570535379,4.44089209850063e-16,1.11022302462516e-16,2.30038210702332e-13,0.0818747708478392,1.41811262966517,0.0151660811446492,0.00405206176560213,0.262923596526272,4.55397027692243,0.0487026779857629,0.0637679900229351,0.0199999999999818,0.0300000000000864,3,NA,NA,NA
300,277,TRUE,TRUE,TRUE,0.00509696252289708,0.00486587699641913,0.00488997649874085,4.44089209850063e-16,2.22044604925031e-16,8.88178419700125e-16,0.0199918579076047,0.346269136336689,0.00393291605860904,0.000450050338432817,0.113482821153569,1.96558012024233,0.0223250090988969,0.0126990451242719,0.0199999999999818,0.0299999999999727,3.03000000000009,NA,NA,NA
300,278,TRUE,TRUE,TRUE,0.00594311026029915,0.00581275555722399,0.00569244010492034,2.22044604925031e-16,2.22044604925031e-16,3.87423426673195e-12,0.0374026980869844,0.647833734268163,0.00661197660142535,0.00162116418469793,0.220670401026616,3.82212346304698,0.0390096865424493,0.0377759512534404,0,0.0299999999999727,2.97000000000003,NA,NA,NA
300,279,TRUE,TRUE,TRUE,0.00334671467560082,0.00304105410067977,0.00309053095029585,4.44089209850063e-16,4.44089209850063e-16,1.12201581359272e-10,0.0204216988038154,0.353714199050768,0.00380956570726117,0.00053067327861811,0.122706496242046,2.12533885909984,0.0228902827640635,0.0180324756516761,0.0199999999999818,0.0299999999999727,2.95000000000005,NA,NA,NA
300,280,TRUE,TRUE,TRUE,0.00397663311808044,0.00363167871948998,0.00358504031311004,4.44089209850063e-16,2.22044604925031e-16,3.5527136788005e-15,0.0403869569361579,0.699522613765218,0.00749385001094407,0.00106499050154696,0.117522627884266,2.0355516253456,0.021806469540373,0.0172488613802102,0,0.0500000000000682,2.96999999999991,NA,NA,NA
300,281,TRUE,TRUE,TRUE,0.0048118202814648,0.00384855825629033,0.00386745528002483,4.44089209850063e-16,3.33066907387547e-16,6.66133814775094e-16,0.0477466463976958,0.826996174518347,0.00875597609083859,0.0016085507221888,0.228991372502352,3.96624691669004,0.0419933782561044,0.0385101676565363,0,0.0499999999999545,3.03999999999996,NA,NA,NA
300,282,TRUE,TRUE,TRUE,0.0054476421657744,0.00489096447649034,0.00473310263326708,6.66133814775094e-16,4.44089209850063e-16,2.8421709430404e-13,0.0594064018953038,1.02894906377522,0.0110514950536759,0.00204767500529712,0.221251009976114,3.83217990504558,0.0411597801644527,0.0438037937024696,0.0199999999999818,0.0299999999999727,2.94000000000005,NA,NA,NA
300,283,TRUE,TRUE,TRUE,0.00348332199643826,0.0034311265571743,0.00345677449951661,4.44089209850063e-16,4.44089209850063e-16,7.40496775009092e-09,0.027432352491732,0.475142282868185,0.00519266963143091,0.000697008310517333,0.154743088998213,2.68022892265057,0.0292913172195863,0.0167841371151596,0,0.0499999999999545,2.95000000000005,NA,NA,NA
300,284,TRUE,TRUE,TRUE,0.00397753518785567,0.002530163235991,0.00257037628053651,2.22044604925031e-16,2.22044604925031e-16,7.105427357601e-15,0.0582392875259987,1.00873404991642,0.0109313060810055,0.00464387332116445,0.281010633187173,4.86724694147285,0.052744691322243,0.0802117065706689,0,0.0499999999999545,2.97000000000003,NA,NA,NA
300,285,TRUE,TRUE,TRUE,0.00326879548903624,0.00299558877715705,0.00335732409534566,2.22044604925031e-16,2.22044604925031e-16,7.91144927347887e-13,0.0517092825677008,0.895631046301934,0.00962914481218859,0.00226261819002005,0.180163030756128,3.12051522915209,0.0335494098314403,0.0267895129364462,0.0199999999999818,0.0300000000000864,2.98000000000002,NA,NA,NA
300,286,TRUE,TRUE,TRUE,0.00399646441246597,0.00328543323151139,0.00378869662717162,4.44089209850063e-16,4.44089209850063e-16,1.3899992268307e-13,0.0695287265879063,1.20427287035819,0.0130389501336133,0.00286576693228469,0.194835034646548,3.37464179102264,0.0365380530567497,0.0455223833368983,0,0.0499999999999545,3.08000000000004,NA,NA,NA
300,287,TRUE,TRUE,TRUE,0.00469626180363923,0.0046115866664385,0.00467015878445481,3.33066907387547e-16,2.22044604925031e-16,1.85407245112401e-13,0.0309534342051219,0.536129207120115,0.00606620955983721,0.000947533857818428,0.126066508179325,2.18353597299389,0.0247063331333418,0.0166657232157696,0,0.0299999999999727,2.7600000000001,NA,NA,NA
300,288,TRUE,TRUE,TRUE,0.00409896313633245,0.00369720480321077,0.00361599962506298,3.33066907387547e-16,4.44089209850063e-16,1.21902488103842e-13,0.024422954181989,0.423017975141317,0.00454712622889319,0.000648821486993967,0.143677576876875,2.4885686305913,0.0267502478796138,0.0185764044752581,0,0.0399999999999636,2.96000000000004,NA,NA,NA
300,289,TRUE,TRUE,TRUE,0.00504468703247963,0.00440597739356345,0.00438707551997186,6.66133814775094e-16,4.44089209850063e-16,2.64233079860787e-14,0.0236959169933753,0.410425321644607,0.00437132305585092,0.000666121213221516,0.1653176347841,2.86338542833177,0.0304971016176548,0.0283436928150849,0,0.0399999999999636,2.96000000000004,NA,NA,NA
300,290,TRUE,TRUE,TRUE,0.00330391481204224,0.00259852337157599,0.00262462655988699,6.66133814775094e-16,2.22044604925031e-16,8.65973959207622e-15,0.0412654722841887,0.714738945945402,0.00752601355041975,0.00175796429537911,0.186988729880488,3.23873980595778,0.0341030802983332,0.0398399090943684,0.0199999999999818,0.0300000000000864,3.07999999999993,NA,NA,NA
300,291,TRUE,TRUE,TRUE,0.00568348348841685,0.00498438976168638,0.00494537556544989,2.22044604925031e-16,2.22044604925031e-16,1.8052226380405e-13,0.0239269893264311,0.41442761185537,0.00425410395977139,0.000444825435025109,0.14803453037877,2.56403327890628,0.0263198295980999,0.0222956651601969,0,0.0400000000000773,3.03999999999996,NA,NA,NA
300,292,TRUE,TRUE,TRUE,0.00464491819519124,0.0042940965180134,0.00416225161786711,4.44089209850063e-16,4.44089209850063e-16,1.24344978758018e-14,0.041793705557977,0.723888214629899,0.00768965712596525,0.00212513640143541,0.189419518621917,3.28084230198399,0.034851447884834,0.0365252287419011,0.00999999999999091,0.0300000000000864,3.04999999999995,NA,NA,NA
300,293,TRUE,TRUE,TRUE,0.00331634244871292,0.00321811762823803,0.00325445507978833,4.44089209850063e-16,4.44089209850063e-16,3.02180502842475e-12,0.0290332476013559,0.502870599542756,0.00532277834361591,0.000897682320356807,0.108219976937346,1.87442498449416,0.0198403898006167,0.0154350813364523,0,0.0500000000000682,3.02999999999997,NA,NA,NA
300,294,TRUE,TRUE,TRUE,0.00506005911832206,0.00492840385873656,0.00490982592253492,4.44089209850063e-16,4.44089209850063e-16,8.88178419700125e-16,0.019997383525641,0.346364842848511,0.0037628033360161,0.00035986843618474,0.102841071321551,1.78125960633741,0.0193510678910579,0.0109739149415589,0.0199999999999818,0.0300000000000864,3.08999999999992,NA,NA,NA
300,295,TRUE,TRUE,TRUE,0.00523590092685504,0.0045394806563811,0.0045276022602489,4.44089209850063e-16,4.44089209850063e-16,5.81534820298657e-13,0.0188145945700376,0.325878337191147,0.00352550588269738,0.000447383546116953,0.120731332847246,2.09112802556939,0.02262281138158,0.0143335887052132,0,0.0499999999999545,3.02999999999997,NA,NA,NA
300,296,TRUE,TRUE,TRUE,0.00534841612944671,0.00468494044745044,0.00485093635875463,2.22044604925031e-16,2.22044604925031e-16,6.66133814775094e-16,0.042100794869386,0.729207157528116,0.00802652444848358,0.00157262679606163,0.2049114001802,3.54916956162185,0.0390663969272314,0.0374331772766077,0,0.0500000000000682,2.94999999999993,NA,NA,NA
300,297,TRUE,TRUE,TRUE,0.00436961182480078,0.00423889830997991,0.00429168764142429,4.44089209850063e-16,4.44089209850063e-16,1.44973166804618e-09,0.0138835806712821,0.240470671136419,0.0027222103687128,0.000312962653637783,0.0801606519116223,1.38842321878773,0.0157174264307742,0.00795213714153675,0,0.0399999999999636,2.80999999999995,NA,NA,NA
300,298,TRUE,TRUE,TRUE,0.0034453571497987,0.00279036443445181,0.00280914514178581,2.22044604925031e-16,4.44089209850063e-16,4.81836792687318e-14,0.0218834722287521,0.379032857462212,0.00417637106826478,0.000691205156094554,0.142066105742596,2.46065713179629,0.0271127345606916,0.0261497013906151,0,0.0499999999999545,2.98000000000002,NA,NA,NA
300,299,TRUE,TRUE,TRUE,0.00458989925037019,0.00351852403803363,0.003688276449475,3.33066907387547e-16,2.22044604925031e-16,5.79536418854332e-12,0.0457386837443033,0.79221724116458,0.00858784644535399,0.00147826929984518,0.215373151938987,3.73037241744577,0.040438233151698,0.0350547147013529,0.00999999999999091,0.0299999999999727,3.03000000000009,NA,NA,NA
300,300,TRUE,TRUE,TRUE,0.00485057877661891,0.00471988807002795,0.00474797571383233,2.22044604925031e-16,1.11022302462516e-16,4.47242243239998e-12,0.0185347577545692,0.321031421368952,0.00350268435503738,0.000365774606997604,0.160500229191134,2.77994551585493,0.030331210648227,0.0253986477499382,0,0.0299999999999727,3.13999999999999,NA,NA,NA
300,301,TRUE,TRUE,TRUE,0.00822834197132411,0.00837409277079489,0.00834314142749487,4.44089209850063e-16,2.22044604925031e-16,1.33226762955019e-14,0.0182523385117999,0.316139776593836,0.00316665305229698,0.000391432087774035,0.107502304886679,1.86199453994487,0.0186508978933457,0.0129145881104407,0,0.0499999999999545,3.00999999999999,NA,NA,NA
300,302,TRUE,TRUE,TRUE,0.00356105286057331,0.00312181575588758,0.00302634432664449,4.44089209850063e-16,4.44089209850063e-16,1.06581410364015e-14,0.0385926874603348,0.668444954819262,0.00720222501616415,0.00149257416001447,0.212649697674441,3.68320080586293,0.0396850044155312,0.039970979575024,0.0199999999999818,0.0300000000000864,3.25,NA,NA,NA
300,303,TRUE,TRUE,TRUE,0.00494652737182191,0.0047456293719849,0.00478444378211935,3.33066907387547e-16,4.44089209850063e-16,2.97539770599542e-14,0.0173865554431499,0.301143973961489,0.00314596168066079,0.000254804174527834,0.0697461603819725,1.20803893414424,0.0126200240555041,0.00628249186625496,0.0199999999999818,0.0299999999999727,3.5,NA,NA,NA
300,304,TRUE,TRUE,TRUE,0.00506432410034874,0.00541629797693604,0.00543117197852685,4.44089209850063e-16,3.33066907387547e-16,3.59712259978551e-14,0.0348250135996159,0.603186929288119,0.00691739725293068,0.000958641949377892,0.17785694219333,3.08057260357688,0.035328259666677,0.029536205835992,0.00999999999999091,0.0499999999999545,3.61000000000001,NA,NA,NA
300,305,TRUE,TRUE,TRUE,0.00325299408347727,0.00272522591345673,0.00268428820229597,2.22044604925031e-16,2.22044604925031e-16,4.05961930738385e-11,0.0448116454209277,0.77616046639808,0.00825123516685293,0.00145286108332598,0.190460856981686,3.2988788114539,0.0350698419188666,0.0310875456285515,0.0199999999999818,0.0400000000000773,3.59999999999991,NA,NA,NA
300,306,TRUE,TRUE,TRUE,0.00363872076053225,0.00315893836723167,0.00323183501140671,2.22044604925031e-16,4.44089209850063e-16,2.95585778076202e-12,0.0174793197353105,0.302750698632992,0.0031577213515632,0.000434853628210163,0.0906719198529266,1.57048372005082,0.0163803089389352,0.0110536065449125,0,0.0499999999999545,3.83000000000004,NA,NA,NA
300,307,TRUE,TRUE,TRUE,0.00385364199336802,0.00349132600346008,0.00357174639365282,2.22044604925031e-16,4.44089209850063e-16,4.32986979603811e-14,0.0328601953062687,0.569155278170937,0.00595094243803872,0.00102647142556478,0.117649737978015,2.03775323675087,0.0213062281593908,0.0186636864327809,0.0199999999999818,0.0400000000000773,4,NA,NA,NA
300,308,TRUE,TRUE,TRUE,0.00473638483019513,0.00424161056204031,0.00438475441953632,4.44089209850063e-16,1.11022302462516e-16,2.70894418008538e-13,0.0293740322213529,0.508773162305485,0.00538330604687128,0.000865595902599381,0.189610827913795,3.28415587611893,0.0347495062567066,0.0318512402442366,0,0.0699999999999363,3.56000000000006,NA,NA,NA
300,309,TRUE,TRUE,TRUE,0.00526362314130812,0.00533787000135939,0.00524878934837149,4.44089209850063e-16,4.44089209850063e-16,9.14391096173972e-09,0.0298161516799714,0.516430895958906,0.00533634956390332,0.000610945926464268,0.136006875450005,2.355708184581,0.0243418479448848,0.0187928520019938,0,0.0400000000000773,3.54999999999995,NA,NA,NA
300,310,TRUE,TRUE,TRUE,0.00476152248211104,0.00430332934972595,0.00431416913556742,2.22044604925031e-16,2.22044604925031e-16,6.3726801613484e-14,0.0323964304503616,0.561122635238977,0.00588366972553436,0.00130918969620097,0.203919874410607,3.53199583152236,0.0370348576934366,0.0408738743787218,0,0.0299999999999727,3.35000000000002,NA,NA,NA
300,311,TRUE,TRUE,TRUE,0.00498218626646654,0.00432932575797049,0.00427548590630378,2.22044604925031e-16,4.44089209850063e-16,4.54500881374997e-11,0.0336154656970406,0.582236945073631,0.00629929462097725,0.00102547084213001,0.159806910540586,2.76793688456909,0.0299466567274696,0.0267876389977779,0.0100000000001046,0.0299999999999727,3.51999999999998,NA,NA,NA
300,312,TRUE,TRUE,TRUE,0.00340732091648119,0.00291300523357433,0.00293757650279986,2.22044604925031e-16,2.22044604925031e-16,3.5527136788005e-15,0.0292630571701697,0.506851018035267,0.00540618463861977,0.00108238941727734,0.169510325651976,2.93600496436769,0.0313160758733478,0.0289020100034207,0,0.0500000000000682,3.43999999999994,NA,NA,NA
300,313,TRUE,TRUE,TRUE,0.00424890708487118,0.0045120126440408,0.00462490674600708,4.44089209850063e-16,4.44089209850063e-16,1.11022302462516e-15,0.01811372689178,0.313738952909897,0.00338712941102452,0.000394826847987417,0.114848217146864,1.98922947257071,0.0214757446894268,0.012249597230106,0.00999999999999091,0.0500000000000682,3.44999999999993,NA,NA,NA
300,314,TRUE,TRUE,TRUE,0.00541827731631346,0.00512556423504132,0.00519590868891422,4.44089209850063e-16,4.44089209850063e-16,2.88657986402541e-15,0.0214957590012007,0.372317467373357,0.00378352967633034,0.00067906646615512,0.116131589781559,2.01145813865407,0.0204406513988832,0.018213458973495,0,0.0299999999999727,3.41000000000008,NA,NA,NA
300,315,TRUE,TRUE,TRUE,0.00470809147946661,0.00412229835736483,0.00417952421854657,2.22044604925031e-16,2.22044604925031e-16,1.32827082666154e-11,0.0615877525713741,1.06673116577601,0.0119387975897527,0.00335490499945834,0.24282815853446,4.20590708090075,0.0470722848747496,0.052507571138829,0.00999999999999091,0.0499999999999545,3.25,NA,NA,NA
300,316,TRUE,TRUE,TRUE,0.00679193012766918,0.00683162778314127,0.00642745780249414,2.22044604925031e-16,2.22044604925031e-16,1.11044506923008e-12,0.0507976525401516,0.879841151047728,0.00887141061611863,0.000778112207001413,0.138370290937552,2.39664374161927,0.0241652833663631,0.0195902507438959,0,0.0599999999999454,3.67000000000007,NA,NA,NA
300,317,TRUE,TRUE,TRUE,0.00604623271095784,0.00583919872214348,0.00596098810909143,2.22044604925031e-16,4.44089209850063e-16,4.59632332194815e-14,0.0285697737731718,0.494842997358824,0.00506908737173141,0.00147974446996813,0.146036759070385,2.52943086482602,0.0259110589075583,0.0302347046899278,0,0.0299999999999727,3.35000000000014,NA,NA,NA
300,318,TRUE,TRUE,TRUE,0.00422208762375107,0.00421155024539594,0.00421387386826343,5.55111512312578e-16,3.33066907387547e-16,1.33226762955019e-15,0.0268324525824445,0.464751711644766,0.00491732529782561,0.00092129440494304,0.108561255538602,1.88033610326327,0.0198949763009344,0.0181260612878553,0,0.0499999999999545,3.25999999999999,NA,NA,NA
300,319,TRUE,TRUE,TRUE,0.00346585683937199,0.00341887415200549,0.00340914051046905,2.22044604925031e-16,5.55111512312578e-16,2.08721928629529e-14,0.0174620025304073,0.302450755845617,0.00322075844076817,0.000413751104357374,0.134822085672298,2.33518702366824,0.0248671004184591,0.0149941275972374,0,0.0499999999999545,3.09000000000015,NA,NA,NA
300,320,TRUE,TRUE,TRUE,0.00464335134346875,0.00441344824488194,0.00444050885334652,4.44089209850063e-16,4.44089209850063e-16,1.75703895877177e-12,0.0264789195610707,0.458628340093039,0.00479788669472801,0.000616691656496471,0.138046972438106,2.39104370093861,0.0250136237915854,0.0178373008750796,0,0.0299999999999727,3.11000000000013,NA,NA,NA
300,321,TRUE,TRUE,TRUE,0.00279062314395281,0.00236749996574289,0.00224503709825193,2.22044604925031e-16,4.44089209850063e-16,2.88657986402541e-14,0.0286680141823991,0.496544571160204,0.00532662028387011,0.000886539020697796,0.159890459496178,2.76938399492914,0.0297082232250514,0.0239088850953308,0,0.0499999999999545,3.30999999999995,NA,NA,NA
300,322,TRUE,TRUE,TRUE,0.00455245162069872,0.00418704161775531,0.00438981334162377,4.44089209850063e-16,3.33066907387547e-16,1.33226762955019e-14,0.0294984542261695,0.510928214644704,0.00548831367200406,0.000616936660811973,0.112863667792492,1.95485606945172,0.0209987684869444,0.0133587446925105,0.0199999999999818,0.0299999999999727,3.66000000000008,NA,NA,NA
300,323,TRUE,TRUE,TRUE,0.00421596134102527,0.00372620334812415,0.00370935794938274,4.44089209850063e-16,2.22044604925031e-16,3.5527136788005e-14,0.0218844540409133,0.379049862947678,0.00399612864907852,0.000569325921883745,0.165261048145986,2.86240531900934,0.0301768738593288,0.0268741260092398,0.00999999999999091,0.0299999999999727,3.21000000000004,NA,NA,NA
300,324,TRUE,TRUE,TRUE,0.00354089500585065,0.00360481017189554,0.00369918139345393,2.22044604925031e-16,4.44089209850063e-16,1.95399252334028e-14,0.0322006473491679,0.55773157245367,0.00602139693609098,0.000646106913496425,0.119596510935032,2.07147233347442,0.0223640865570978,0.0173282946949307,0,0.0500000000001819,3,NA,NA,NA
300,325,TRUE,TRUE,TRUE,0.00591770365597595,0.005574038550746,0.00574140833438185,4.44089209850063e-16,4.44089209850063e-16,1.11022302462516e-15,0.024815239451756,0.42981255532429,0.00491737226282152,0.000586125615168243,0.130966505426854,2.26840641489057,0.0259522404527556,0.0209794671132322,0,0.0399999999999636,3.56999999999994,NA,NA,NA
300,326,TRUE,TRUE,TRUE,0.00541804243097376,0.00598127997984619,0.00602286837198185,4.44089209850063e-16,4.44089209850063e-16,3.33066907387547e-15,0.0152664153852474,0.264422070966997,0.00293673673223697,0.000388458475562459,0.117279506328113,2.03134063646888,0.0225605700802047,0.0141831684538083,0.0199999999999818,0.0399999999999636,3.01999999999998,NA,NA,NA
300,327,TRUE,TRUE,TRUE,0.00436072601790578,0.00341455359227231,0.00344967081201335,2.22044604925031e-16,4.44089209850063e-16,1.33226762955019e-15,0.0510528130033812,0.884260659911692,0.00966068460162107,0.00249733533769358,0.238404720437674,4.12929088562305,0.0451131421795205,0.0511161155033051,0.00999999999999091,0.0299999999999727,3.02999999999997,NA,NA,NA
300,328,TRUE,TRUE,TRUE,0.00413398612144396,0.00384064126911018,0.0039981133767052,2.22044604925031e-16,2.22044604925031e-16,1.73194791841524e-14,0.0481828428394699,0.834551318510681,0.00915806882584218,0.00182340389435964,0.212142637414922,3.67441826454308,0.0403217568713079,0.0398067027765983,0,0.0299999999999727,2.97000000000003,NA,NA,NA
300,329,TRUE,TRUE,TRUE,0.00506478493866203,0.00447438294798355,0.0044852736039452,4.44089209850063e-16,4.44089209850063e-16,8.43769498715119e-15,0.0329725082972828,0.571100596238802,0.00619343768976837,0.000772711882291333,0.11247381339934,1.94810359328679,0.0211266776776232,0.0153040714684778,0,0.0399999999999636,2.97000000000003,NA,NA,NA
300,330,TRUE,TRUE,TRUE,0.00413511102660248,0.00362822744351819,0.00329646323616882,1.11022302462516e-16,4.44089209850063e-16,5.88418203051333e-14,0.11834264940222,2.04975481466956,0.0211608503179038,0.00701575726151304,0.35022871859209,6.06613934871243,0.0626244006585461,0.0845328446229914,0,0.0499999999999545,2.98000000000002,NA,NA,NA
300,331,TRUE,TRUE,TRUE,0.00282853794112392,0.00274959711631717,0.00282826443566009,3.33066907387547e-16,4.44089209850063e-16,3.41543682225165e-10,0.0143375567710404,0.248333767838451,0.00273362942989914,0.000322628005115178,0.100664418824389,1.74355887918235,0.0191928947334921,0.0107925773968134,0,0.0399999999999636,3,NA,NA,NA
300,332,TRUE,TRUE,TRUE,0.00305923560681765,0.00264938636940211,0.00269132601919985,4.44089209850063e-16,2.22044604925031e-16,1.04236619336007e-11,0.085371993238524,1.4786862983255,0.0160171108763715,0.00367842614219427,0.253065370909796,4.38322080052029,0.0474789910727209,0.0392455388137058,0,0.0399999999999636,3.16000000000008,NA,NA,NA
300,333,TRUE,TRUE,TRUE,0.0023798380876614,0.00204441397547873,0.00210930767302246,3.33066907387547e-16,2.22044604925031e-16,3.20188320301895e-13,0.0392760668266585,0.68028143265243,0.00743606966565693,0.00155729552829342,0.190830500247111,3.30528122061781,0.036129607896647,0.0302987476169108,0,0.0499999999999545,2.96000000000004,NA,NA,NA
300,334,TRUE,TRUE,TRUE,0.0049567058925597,0.00440604617359149,0.00438349309549245,4.44089209850063e-16,2.22044604925031e-16,4.44089209850063e-16,0.0311467138120035,0.539476908111973,0.00594596826380404,0.00103732166473236,0.15862227359459,2.7474183707792,0.0302813006347524,0.024967369253357,0,0.0299999999999727,3,NA,NA,NA
300,335,TRUE,TRUE,TRUE,0.00350952928850598,0.0027361958564077,0.00284818450773674,1.11022302462516e-16,4.44089209850063e-16,1.55431223447522e-15,0.028301436476009,0.490195259036306,0.00523461766716632,0.00065918238124496,0.145729291341337,2.52410536754203,0.026954007218879,0.0234439717295487,0.00999999999999091,0.0299999999999727,3,NA,NA,NA
300,336,TRUE,TRUE,TRUE,0.00419055769976848,0.00362685056939047,0.00368261745414278,4.44089209850063e-16,2.22044604925031e-16,3.04201108747293e-14,0.0272229795267129,0.471515836736741,0.00499966244571894,0.000747086097636185,0.160988076390449,2.78839527721037,0.0295664197575455,0.0226041367403589,0,0.0399999999999636,3.07999999999993,NA,NA,NA
300,337,TRUE,TRUE,TRUE,0.0043108137042483,0.00428354604281332,0.00434809919239906,4.44089209850063e-16,1.11022302462516e-16,8.21565038222616e-15,0.0262307014788357,0.454329076795155,0.00476311384365424,0.00101127858729555,0.138085385321246,2.39170903159124,0.0250742974205489,0.0198830364529492,0.0199999999999818,0.0299999999999727,3,NA,NA,NA
300,338,TRUE,TRUE,TRUE,0.00311697277745694,0.00330330369824737,0.00330536077017209,4.44089209850063e-16,2.22044604925031e-16,4.66293670342566e-15,0.0275585544524224,0.477328164947491,0.00530955842322471,0.000670179234592894,0.149513186164694,2.58964434838753,0.028805901207715,0.0241246669357693,0,0.0500000000001819,2.91999999999985,NA,NA,NA
300,339,TRUE,TRUE,TRUE,0.00292839023387576,0.00282614685642216,0.0028840836297776,2.22044604925031e-16,3.33066907387547e-16,4.44089209850063e-15,0.0301726536549341,0.522605691295247,0.00572841257838444,0.00038523197162732,0.0857909142786764,1.48594222358454,0.0162877868842903,0.00827653231061021,0,0.0500000000001819,2.97000000000003,NA,NA,NA
300,340,TRUE,TRUE,TRUE,0.00360023642927753,0.00315187588989591,0.00316055449278494,2.22044604925031e-16,4.44089209850063e-16,1.86517468137026e-14,0.0229929912190515,0.398250290093823,0.0043112581562315,0.000465517996815379,0.124102123115192,2.14951182562681,0.0232695383296933,0.0169132274827746,0,0.0299999999999727,2.95000000000005,NA,NA,NA
300,341,TRUE,TRUE,TRUE,0.0065438493065389,0.00550725166334968,0.00556630394134123,4.44089209850063e-16,4.44089209850063e-16,3.23296944770846e-13,0.0299143084453697,0.518131021006671,0.00529197966333079,0.00164424682087727,0.156481437309603,2.71033799861637,0.0276822907487058,0.0405781627575266,0,0.0299999999999727,3.07999999999993,NA,NA,NA
300,342,TRUE,TRUE,TRUE,0.00512690744392719,0.00433346662550316,0.0046024830505923,2.22044604925031e-16,2.22044604925031e-16,7.20885573457508e-11,0.0807627986724231,1.39885270662093,0.0146377296320847,0.00294132425085891,0.271770865446811,4.70720946970841,0.0492566938699515,0.0513367677840648,0.0199999999999818,0.0299999999999727,2.95000000000005,NA,NA,NA
300,343,TRUE,TRUE,TRUE,0.00424065442172658,0.00328047068075429,0.00326122288911496,2.22044604925031e-16,1.11022302462516e-16,7.8159700933611e-14,0.0342301044030325,0.592882799744394,0.00640331681964153,0.00114813174691264,0.203569854275059,3.52593330493794,0.0380811655291352,0.035735673568297,0.0199999999999818,0.0300000000002001,3,NA,NA,NA
300,344,TRUE,TRUE,TRUE,0.00333073418465321,0.0029404913665473,0.00293122588053544,3.33066907387547e-16,4.44089209850063e-16,1.11022302462516e-15,0.0307983072672942,0.533442329740714,0.00579359273329825,0.000850997452513269,0.183829927756341,3.18402774825698,0.0345809827913132,0.0268432759614328,0,0.0299999999999727,3,NA,NA,NA
300,345,TRUE,TRUE,TRUE,0.00530239925916699,0.00505729823461792,0.00515327908826742,3.33066907387547e-16,2.22044604925031e-16,8.88178419700125e-16,0.0192795028649491,0.333930785067616,0.00367197488951783,0.00032899399340991,0.119560054393864,2.07084088765871,0.0227714127588743,0.0129526547886094,0,0.0499999999999545,3.12000000000012,NA,NA,NA
300,346,TRUE,TRUE,TRUE,0.00629245841592268,0.00539496070752889,0.00537255267797564,6.66133814775094e-16,3.33066907387547e-16,2.17603712826531e-14,0.0397216528673372,0.68799920926842,0.00743687817064087,0.00136928143934156,0.17002579680115,2.94493318656974,0.0318330443322526,0.029097868089675,0,0.0499999999999545,2.95000000000005,NA,NA,NA
300,347,TRUE,TRUE,TRUE,0.00383748288163851,0.00378798152623108,0.00385741638089968,2.22044604925031e-16,4.44089209850063e-16,1.33226762955019e-15,0.0180593669136793,0.312797410470208,0.00344988015900737,0.0004248720711999,0.103719366760013,1.79647212957213,0.0198135065974623,0.0153143912998743,0,0.0399999999999636,2.71000000000004,NA,NA,NA
300,348,TRUE,TRUE,TRUE,0.00349330294695725,0.00328583368010567,0.00315839181664034,6.66133814775094e-16,2.22044604925031e-16,4.25393054115375e-12,0.0424537200661421,0.735320001248644,0.00828495430006715,0.00167031636711812,0.14794818130508,2.56253766907811,0.0288724738133891,0.0250990973791971,0,0.0399999999999636,3.32000000000016,NA,NA,NA
300,349,TRUE,TRUE,TRUE,0.00306622259514164,0.00278796935869637,0.00270922603409263,1.11022302462516e-16,4.44089209850063e-16,4.97905627838691e-09,0.024193084538623,0.419036516127041,0.00442436781926057,0.000494917275300821,0.119584262351591,2.07126018178601,0.0218692561171245,0.015895263648666,0.0199999999999818,0.0499999999999545,3.59999999999991,NA,NA,NA
300,350,TRUE,TRUE,TRUE,0.00362381409300885,0.00365771783632276,0.003622723634475,4.44089209850063e-16,2.22044604925031e-16,1.55431223447522e-15,0.0144737760246363,0.250693154520423,0.00283024068574727,0.000176306368000922,0.0899252720352719,1.55755140049544,0.0175842270294848,0.00960309741985199,0,0.0399999999999636,3.21000000000004,NA,NA,NA
300,351,TRUE,TRUE,TRUE,0.00387382414845847,0.00392527421034068,0.003748228030772,1.11022302462516e-16,2.22044604925031e-16,2.33146835171283e-14,0.0377069409224218,0.653103374756326,0.00683576117791886,0.00122773147457167,0.165791702433885,2.8715965208883,0.0300558055200051,0.0268492793721613,0.0199999999999818,0.0499999999999545,3.15000000000009,NA,NA,NA
300,352,TRUE,TRUE,TRUE,0.00442323224645967,0.00385592807007998,0.00385012495080241,4.44089209850063e-16,2.22044604925031e-16,8.88178419700125e-16,0.0202723211211918,0.351126901692558,0.00388807025607246,0.000381251716500941,0.130981061984449,2.26865854186394,0.0251211278750985,0.0173055196525453,0,0.0299999999999727,3.02999999999997,NA,NA,NA
300,353,TRUE,TRUE,TRUE,0.00663791098051971,0.00493752273663588,0.00506358209712098,2.22044604925031e-16,4.44089209850063e-16,1.93178806284777e-14,0.0738289487750826,1.27875490347843,0.0145018777009653,0.00448473818915218,0.287766293453002,4.98425840966375,0.0565245972393416,0.0664152806204612,0.0199999999999818,0.0299999999999727,3.05000000000018,NA,NA,NA
300,354,TRUE,TRUE,TRUE,0.00537379784188769,0.00544527873330087,0.00541959733449648,4.44089209850063e-16,4.44089209850063e-16,2.26485497023532e-14,0.0207075979401485,0.358666117350459,0.00393768262027769,0.00054914267677475,0.126117831471867,2.18442491849683,0.0239821148995286,0.0177097512578825,0,0.0299999999999727,3.13999999999987,NA,NA,NA
300,355,TRUE,TRUE,TRUE,0.00537610359388486,0.00512878113164387,0.00509851203069409,4.44089209850063e-16,4.44089209850063e-16,9.96882043580172e-09,0.0179001021760503,0.310038864295934,0.00323507946253101,0.00027369464421767,0.110412096729058,1.91239361304939,0.019954741209303,0.0112257205671256,0,0.0299999999999727,3.16999999999985,NA,NA,NA
300,356,TRUE,TRUE,TRUE,0.00317190715995345,0.00302467532006016,0.00305717971392825,2.22044604925031e-16,2.22044604925031e-16,5.78737058276602e-12,0.0312116380612065,0.540601429094603,0.00577266562581833,0.00111939035844344,0.19290389365014,3.34119344779906,0.0356780273363721,0.0345179354950211,0,0.0500000000001819,3.05999999999995,NA,NA,NA
300,357,TRUE,TRUE,TRUE,0.00629088585182673,0.00497864109490814,0.00501856793628436,4.44089209850063e-16,1.11022302462516e-16,2.14996909164711e-11,0.0786152412894917,1.36165592162686,0.0140690916408826,0.00575314993711373,0.342910148505038,5.93937799641714,0.0613676715198342,0.0839241031449873,0,0.0299999999999727,2.98000000000002,NA,NA,NA
300,358,TRUE,TRUE,TRUE,0.00432621682362072,0.00359307338570592,0.00361504882471864,4.44089209850063e-16,4.44089209850063e-16,1.87183601951801e-13,0.0314910663803418,0.545441269552761,0.00563231952321113,0.00150136670526635,0.173245814308878,3.00070552581621,0.0309857967482369,0.0403259189201961,0,0.0499999999999545,3.06000000000017,NA,NA,NA
300,359,TRUE,TRUE,TRUE,0.00544484354674414,0.00531520006598769,0.00540308879190995,0,4.44089209850063e-16,1.84297022087776e-14,0.026076114137576,0.451651545502467,0.00494946106802945,0.000571085790930681,0.157880660320038,2.7345732520683,0.0299670486762738,0.0204899465976567,0.00999999999999091,0.0399999999999636,3.42000000000007,NA,NA,NA
300,360,TRUE,TRUE,TRUE,0.00370926573712353,0.00331582509622513,0.00333522302707196,4.44089209850063e-16,4.44089209850063e-16,3.5527136788005e-14,0.0188427846413637,0.326366603549204,0.00339574496324717,0.000448094926777998,0.114184105172762,1.97772671576012,0.0205776432413351,0.0162968968477202,0.00999999999999091,0.0499999999999545,3.94000000000005,NA,NA,NA
300,361,TRUE,TRUE,TRUE,0.00301855237001943,0.0033011067716531,0.00333058957673769,2.22044604925031e-16,4.44089209850063e-16,2.39703368265509e-10,0.0178648818207102,0.309428829846837,0.00329341032761666,0.000412347856446615,0.106110950799815,1.83789558024721,0.019561668794932,0.0159561133573938,0.0199999999999818,0.0299999999999727,3.42000000000007,NA,NA,NA
300,362,TRUE,TRUE,TRUE,0.00485614651264462,0.00481136036405825,0.00459194845910952,4.44089209850063e-16,4.44089209850063e-16,7.99360577730113e-15,0.0387576820267135,0.671302744538669,0.00725266694774185,0.00123279787459296,0.134062954538211,2.32203848672979,0.025086999749514,0.0177186693777216,0.0199999999999818,0.0299999999999727,3.53999999999996,NA,NA,NA
300,363,TRUE,TRUE,TRUE,0.00347081520846877,0.00304834055495615,0.00305991373205729,2.22044604925031e-16,2.22044604925031e-16,8.88178419700125e-16,0.0258143758309795,0.447118105049345,0.0047269681926968,0.000682811083535739,0.119385660211641,2.06782029181717,0.0218611607028394,0.015402128844169,0,0.0500000000001819,3.2199999999998,NA,NA,NA
300,364,TRUE,TRUE,TRUE,0.00357459712183312,0.00372034537373929,0.00379670836572265,4.44089209850063e-16,4.44089209850063e-16,3.77475828372553e-15,0.0215610322786704,0.373448033702898,0.0039089961338123,0.000502224070181967,0.14077679512815,2.4383256168867,0.0255227087819358,0.0194033463410932,0,0.0299999999999727,3.49000000000001,NA,NA,NA
300,365,TRUE,TRUE,TRUE,0.00438801655612406,0.0041231013321451,0.00408229344081593,4.44089209850063e-16,1.11022302462516e-16,1.95399252334028e-14,0.0222740870395676,0.385798504447425,0.00401228335905803,0.000493058882952369,0.110723901135829,1.91779422379489,0.019944955103574,0.0132497903774009,0,0.0399999999999636,3.25,NA,NA,NA
300,366,TRUE,TRUE,TRUE,0.00498791744043066,0.00454270359674796,0.0046370902308005,2.22044604925031e-16,4.44089209850063e-16,4.44089209850063e-15,0.0251973917699524,0.436431627637754,0.00449665113579824,0.000835763128179678,0.117081037768239,2.0279030601748,0.0208939316524339,0.0171306556290816,0,0.0299999999999727,3.1400000000001,NA,NA,NA
300,367,TRUE,TRUE,TRUE,0.00581326539935202,0.00524845348770556,0.00541967884590713,3.33066907387547e-16,2.22044604925031e-16,1.33226762955019e-14,0.0253888370943487,0.439747557925014,0.00453888168651112,0.000592821634299412,0.149584656842843,2.59088225684559,0.0267419518666397,0.0196641395419945,0,0.0299999999999727,3.04999999999995,NA,NA,NA
300,368,TRUE,TRUE,TRUE,0.0048292423203444,0.00486304641258751,0.0048086335691598,4.44089209850063e-16,3.33066907387547e-16,6.70574706873595e-14,0.0208034322189801,0.360326015750889,0.00378025793716516,0.000471474382187864,0.10236555089296,1.77302335091384,0.0186011703348808,0.0118220994086684,0,0.0500000000001819,3.23000000000002,NA,NA,NA
300,369,TRUE,TRUE,TRUE,0.00596816340106029,0.00443112092666939,0.00377342138543934,0,4.44089209850063e-16,7.26085858104852e-14,0.106982070595788,1.85298381770825,0.0204285688912847,0.00975538880303617,0.350936362522575,6.0783961011251,0.0670124219724304,0.115193171236498,0,0.0499999999999545,3.04999999999995,NA,NA,NA
300,370,TRUE,TRUE,TRUE,0.00394565063190357,0.00395958308289025,0.0039195892318677,2.22044604925031e-16,1.11022302462516e-16,4.88498130835069e-15,0.0196017721065315,0.33951265206899,0.00356418823883717,0.000783913273423309,0.113894568948894,1.9727118012564,0.0207094379482053,0.0173689395506536,0,0.0299999999999727,3.06000000000017,NA,NA,NA
300,371,TRUE,TRUE,TRUE,0.010208936907813,0.00989487935289801,0.00983710639326389,4.44089209850063e-16,4.44089209850063e-16,1.72306613421824e-12,0.0485325282086192,0.840608046770982,0.00831561492076287,0.00247846337450142,0.175032077909308,3.03164451893275,0.0299901820984524,0.0294863983568945,0,0.0299999999999727,3.08999999999992,NA,NA,NA
300,372,TRUE,TRUE,TRUE,0.004594698801685,0.0042040087217013,0.00433830367354823,2.22044604925031e-16,2.22044604925031e-16,2.39808173319034e-14,0.0321363076072182,0.556617175433642,0.00614363446920629,0.000933237994104275,0.177866908818833,3.08074523059439,0.0340035726974778,0.0287817821835503,0,0.0500000000001819,3.15999999999985,NA,NA,NA
300,373,TRUE,TRUE,TRUE,0.00629210585762788,0.00590538405893517,0.0058580444061492,4.44089209850063e-16,2.22044604925031e-16,1.16573417585641e-13,0.0301362179797962,0.521974606889778,0.00589963337330038,0.000667655631673369,0.125334802532383,2.17086245942699,0.0245362369077561,0.0182180995688128,0.0199999999999818,0.0500000000001819,3.47000000000003,NA,NA,NA
300,374,TRUE,TRUE,TRUE,0.00241418378099862,0.00200911762043604,0.00191199037802573,5.55111512312578e-16,3.33066907387547e-16,4.09583478244713e-12,0.0376789561086174,0.652618663562831,0.00708559768403022,0.00127894481243729,0.190106744706218,3.29274540692695,0.0357499264609623,0.0293416499081403,0,0.0299999999999727,3.04999999999995,NA,NA,NA
300,375,TRUE,TRUE,TRUE,0.00289716661886188,0.00260678919614709,0.00266121184456975,6.66133814775094e-16,6.66133814775094e-16,2.66453525910038e-15,0.0329109535204388,0.570034436229377,0.00625603881865147,0.00137096128605307,0.160527637030176,2.78042023355239,0.0305146773734006,0.0278369759992856,0.00999999999999091,0.0299999999999727,3.36000000000013,NA,NA,NA
300,376,TRUE,TRUE,TRUE,0.0078992380644486,0.00769583923962699,0.00762527726784525,4.44089209850063e-16,2.22044604925031e-16,9.08606523353228e-13,0.0377252759264705,0.65342094634202,0.00651406479112418,0.00125373009730367,0.15138997584302,2.62215129916736,0.0261406732528681,0.028446116535477,0,0.0499999999999545,3.75999999999999,NA,NA,NA
300,377,TRUE,TRUE,TRUE,0.00392047427391311,0.00330142636078838,0.00335120686820558,4.44089209850063e-16,3.33066907387547e-16,1.01505470695429e-11,0.0232311084628669,0.402374601738288,0.00446630374095911,0.000505497410834721,0.130863122291751,2.26661576646411,0.0251591289145532,0.0151854137393563,0,0.0499999999999545,3.1400000000001,NA,NA,NA
300,378,TRUE,TRUE,TRUE,0.00326861052892332,0.00326138608553102,0.00325235565428387,4.44089209850063e-16,3.33066907387547e-16,1.11022302462516e-15,0.022703441573536,0.393235143120358,0.00417653298373795,0.000498292207183226,0.121485044575692,2.10418269564868,0.0223484309221507,0.0150150559394859,0.00999999999999091,0.0299999999999727,3.08000000000015,NA,NA,NA
300,379,TRUE,TRUE,TRUE,0.0026353698687459,0.00290190410525831,0.00295781617959282,4.44089209850063e-16,4.44089209850063e-16,1.36557432028894e-12,0.0184552101106333,0.319653615759757,0.00349014386046842,0.000505202993533516,0.122698314454457,2.12519714638182,0.0232040039813099,0.0150189892385768,0,0.0499999999999545,3.11999999999989,NA,NA,NA
300,380,TRUE,TRUE,TRUE,0.00483723698515335,0.0048717583091567,0.00520807729510186,4.44089209850063e-16,2.22044604925031e-16,1.67643676718399e-13,0.0647619513126356,1.12170990070787,0.0128343266612666,0.00215423024716443,0.259018690409466,4.48633531899148,0.051331536754359,0.0397529522207378,0.00999999999999091,0.0299999999999727,3.29999999999995,NA,NA,NA
300,381,TRUE,TRUE,TRUE,0.00479145102630547,0.00405463971026084,0.00396045502453648,4.44089209850063e-16,2.22044604925031e-16,1.91402449445377e-13,0.0539609087358824,0.934630355531356,0.00994867475377299,0.00311136253729671,0.240135406347868,4.15926724490706,0.0442733287964705,0.0448835990933034,0,0.0599999999999454,3.24000000000001,NA,NA,NA
300,382,TRUE,TRUE,TRUE,0.0060631871936289,0.00457290843207894,0.00470741550764488,2.22044604925031e-16,2.22044604925031e-16,3.85469434149854e-13,0.0242317698861098,0.419706566000597,0.0044211945648124,0.000781675924038439,0.148647650317542,2.57465282775714,0.0271214272314781,0.0227323800599777,0,0.0500000000001819,3.27999999999997,NA,NA,NA
300,383,TRUE,TRUE,TRUE,0.00563163111056461,0.0056241446899728,0.00565316033733571,4.44089209850063e-16,4.44089209850063e-16,2.77111666946439e-13,0.0186733413087363,0.323431758938061,0.00326597046955161,0.000343394323223833,0.111958793187666,1.93918318155134,0.0195816113630656,0.0155413453746789,0,0.0499999999999545,3.03999999999996,NA,NA,NA
300,384,TRUE,TRUE,TRUE,0.00544734499171856,0.00410728342570776,0.00420348071321123,2.22044604925031e-16,2.22044604925031e-16,1.66076041807628e-11,0.0303658991247468,0.525952801015728,0.00567979274458044,0.000889896738982543,0.160351154494897,2.77736346637489,0.0299928982884286,0.0263448203627021,0,0.0299999999999727,3.10000000000014,NA,NA,NA
300,385,TRUE,TRUE,TRUE,0.0058976857907275,0.0050038710345449,0.00486013015655916,4.44089209850063e-16,2.22044604925031e-16,2.20268248085631e-13,0.0315928547420355,0.547204295693489,0.00567247233880326,0.00110172042554169,0.170954554324228,2.96101973874857,0.0306947564097888,0.028568845618107,0,0.0499999999999545,3.23000000000002,NA,NA,NA
300,386,TRUE,TRUE,TRUE,0.00541936988084258,0.00506424196536989,0.00517247027640946,4.44089209850063e-16,2.22044604925031e-16,3.18833848211852e-12,0.028597056849552,0.495315554103596,0.00507928063151233,0.000803010992857622,0.167161345572646,2.89531943593401,0.0296904464459944,0.0273191015219219,0,0.0499999999999545,3.36000000000013,NA,NA,NA
300,387,TRUE,TRUE,TRUE,0.00313904188409388,0.00297361326400867,0.00293196448454852,4.44089209850063e-16,6.66133814775094e-16,4.90585350121364e-12,0.0306173301415707,0.530307713973105,0.00564912756829972,0.00104647069858643,0.190438809662937,3.29849694069145,0.0351373919530754,0.0320525853966487,0.00999999999999091,0.0499999999999545,3.09000000000015,NA,NA,NA
300,388,TRUE,TRUE,TRUE,0.00382462085347619,0.00294057810024884,0.00307887007866299,2.22044604925031e-16,2.22044604925031e-16,1.33226762955019e-15,0.0365384937661921,0.632865276350834,0.00693228035893715,0.00111028571933502,0.183922829027707,3.18563684547792,0.0348948323756205,0.0269623944478212,0.0199999999999818,0.0299999999999727,3.23000000000002,NA,NA,NA
300,389,TRUE,TRUE,TRUE,0.00709884035614319,0.00662111400969504,0.00666113389278375,2.22044604925031e-16,4.44089209850063e-16,2.25819363208757e-13,0.0230637708796511,0.399476229776832,0.00402321440608864,0.000751394085877877,0.199606480592083,3.45728565905499,0.0348190966887922,0.0364155689374819,0.0199999999999818,0.0299999999999727,3.23000000000002,NA,NA,NA
300,390,TRUE,TRUE,TRUE,0.00595204566679317,0.00547364665738182,0.00543510959914942,2.22044604925031e-16,2.22044604925031e-16,3.10862446895044e-15,0.0506582437521322,0.877426520009016,0.00967548421341258,0.00268302641757501,0.266133916336418,4.6095746471196,0.0508303153730688,0.0494930047746251,0,0.0499999999999545,3.30000000000018,NA,NA,NA
300,391,TRUE,TRUE,TRUE,0.00291026136138874,0.00234922242902624,0.00245091639148415,2.22044604925031e-16,0,1.11022302462516e-15,0.0512613133136676,0.887871991219793,0.00986109265900382,0.00183154943765729,0.190912086922984,3.30669434329614,0.0367255861618626,0.0355790104321763,0.00999999999999091,0.0299999999999727,3.72000000000003,NA,NA,NA
300,392,TRUE,TRUE,TRUE,0.00405852286390311,0.0036951334456994,0.00369345948605242,4.44089209850063e-16,2.22044604925031e-16,2.66453525910038e-15,0.0216697170850202,0.375330509768984,0.00413132059971987,0.000614111068131251,0.119173314305526,2.06414235283546,0.0227203320835073,0.0160701821869331,0.0199999999999818,0.0499999999999545,3.03999999999996,NA,NA,NA
300,393,TRUE,TRUE,TRUE,0.00692349513929323,0.00576870220009628,0.00587953577212815,4.44089209850063e-16,4.44089209850063e-16,2.04281036531029e-13,0.0373428134938776,0.646796502689647,0.00673449209297302,0.00215425782054979,0.168396455676089,2.91671217045506,0.0303690186445441,0.0357191419740879,0.0199999999999818,0.0300000000002001,3.12999999999988,NA,NA,NA
300,394,TRUE,TRUE,TRUE,0.00397817305298979,0.00338425652589315,0.00352607847632883,2.22044604925031e-16,4.44089209850063e-16,6.66133814775094e-16,0.037302620087637,0.646100332472267,0.00719265697166615,0.0012794017551272,0.138886145989418,2.405578613211,0.0267798992100747,0.0220003107315598,0,0.0399999999999636,3.11000000000013,NA,NA,NA
300,395,TRUE,TRUE,TRUE,0.00585304014364624,0.00548550714927249,0.00552476956953081,4.44089209850063e-16,2.22044604925031e-16,9.10382880192628e-15,0.0504777468046779,0.874300221172997,0.00934437492153037,0.00267365371659167,0.202879431116386,3.5139748250425,0.0375567767625202,0.0404700689576813,0,0.0499999999999545,3.55999999999995,NA,NA,NA
300,396,TRUE,TRUE,TRUE,0.00325564667067062,0.00360718712974549,0.0036039571512499,8.88178419700125e-16,2.22044604925031e-16,8.88178419700125e-16,0.0229677778814927,0.39781358227702,0.00432551857858063,0.000519411412085446,0.140145014266568,2.42738285137161,0.0263934920493097,0.0195435910607031,0.00999999999999091,0.0299999999999727,3.27999999999997,NA,NA,NA
300,397,TRUE,TRUE,TRUE,0.00355020805963973,0.00330196928422964,0.0032902223201098,4.44089209850063e-16,1.11022302462516e-16,8.88178419700125e-16,0.0414822397217628,0.71849346809845,0.00760667567888373,0.00157109311516024,0.152924729847355,2.64873401829363,0.0280420929783948,0.0246264802967531,0,0.0499999999999545,3.11000000000013,NA,NA,NA
300,398,TRUE,TRUE,TRUE,0.00464641366388412,0.00419092860801486,0.00419070862866862,2.22044604925031e-16,2.22044604925031e-16,3.70814490224802e-14,0.0199668228132498,0.34583551578274,0.00355592877850115,0.000375293167252266,0.145588074828291,2.52165942578739,0.0259280522459966,0.0183679245659789,0,0.0299999999999727,3.22000000000003,NA,NA,NA
300,399,TRUE,TRUE,TRUE,0.00256760888939796,0.0022138820060825,0.00222052810370627,4.44089209850063e-16,2.22044604925031e-16,4.01900734914307e-14,0.0284972717488432,0.493587225460937,0.00545398138950158,0.000546109576994525,0.12045775868162,2.08638958202437,0.0230539393335889,0.0121526789585857,0,0.0399999999999636,3.01999999999998,NA,NA,NA
300,400,TRUE,TRUE,TRUE,0.00277528415805413,0.00255305735465892,0.00254504177958284,2.22044604925031e-16,4.44089209850063e-16,9.54791801177635e-14,0.0282035896252763,0.488500501868009,0.00523478828556586,0.000779165954448047,0.146754579996423,2.54186388797236,0.0272387014002616,0.0192911214777709,0.0200000000002092,0.0299999999999727,3.58999999999992,NA,NA,NA
300,401,TRUE,TRUE,TRUE,0.0113136413028806,0.010142528702242,0.010140652763423,6.66133814775094e-16,4.44089209850063e-16,1.07225339718298e-12,0.0291674423622466,0.505194920982478,0.00502086991210706,0.000870036607949487,0.202318098669004,3.50425226185448,0.0348269430574669,0.0394553410311644,0.0199999999999818,0.0399999999999636,4.07000000000016,NA,NA,NA
300,402,TRUE,TRUE,TRUE,0.0040340413648001,0.00393525393496397,0.00395484888356981,3.33066907387547e-16,4.44089209850063e-16,2.15226059196993e-10,0.020487017390095,0.354845550151917,0.00389324032515976,0.000405872680712349,0.123590124308305,2.14064374615738,0.0234863887986561,0.0174951335972864,0,0.0499999999999545,4.02999999999997,NA,NA,NA
300,403,TRUE,TRUE,TRUE,0.00395672994271886,0.0035024791822635,0.00364410998362792,2.22044604925031e-16,4.44089209850063e-16,1.23234755733392e-13,0.0440381787965187,0.762763631483728,0.00831964643464602,0.0016881695973936,0.189323719548186,3.27918301335379,0.0357668380341265,0.0374370919478864,0,0.0500000000001819,3.86999999999989,NA,NA,NA
300,404,TRUE,TRUE,TRUE,0.0052938059312865,0.00525500122182077,0.00529793568613185,2.22044604925031e-16,2.22044604925031e-16,5.10702591327572e-14,0.0193130887533144,0.334512509718277,0.00366027187291903,0.000489165427456584,0.103264381422134,1.78859155235308,0.0195709612077951,0.0122355676980632,0,0.0399999999999636,4.21000000000004,NA,NA,NA
300,405,TRUE,TRUE,TRUE,0.00415541420900594,0.00401183045223901,0.00402071902620151,4.44089209850063e-16,2.22044604925031e-16,1.22408749803071e-10,0.047280502696927,0.818922328784749,0.00922033988919435,0.00118036179556569,0.163475175733737,2.83147310147083,0.0318798785489393,0.0215321691306087,0.0199999999999818,0.0399999999999636,3.71000000000004,NA,NA,NA
300,406,TRUE,TRUE,TRUE,0.00406803411434173,0.00367337002129365,0.00362827488679808,4.44089209850063e-16,2.22044604925031e-16,9.14823772291129e-14,0.0190528873611326,0.330005689403687,0.003569296159612,0.000434116029037313,0.132042313381915,2.28703995526408,0.024736309679854,0.0175191155573486,0.00999999999999091,0.0299999999999727,3.02999999999997,NA,NA,NA
300,407,TRUE,TRUE,TRUE,0.00404043916693039,0.00331496115962697,0.00331727734182124,2.22044604925031e-16,2.22044604925031e-16,6.7295951033941e-09,0.0257834029989721,0.446581639862434,0.00456354956340842,0.00102179242095346,0.154719025982186,2.67981213898715,0.0273845909130043,0.0273095481346459,0.00999999999999091,0.0299999999999727,3.04999999999995,NA,NA,NA
300,408,TRUE,TRUE,TRUE,0.00547352916124056,0.00462602888529027,0.00459051154799251,4.44089209850063e-16,4.44089209850063e-16,2.02060590481778e-14,0.0340872462293687,0.590408423593772,0.0062049096205918,0.00121928657222625,0.160294328543338,2.776379212022,0.0291784151354512,0.026815950821149,0,0.0499999999999545,3.11000000000013,NA,NA,NA
300,409,TRUE,TRUE,TRUE,0.0144760944109709,0.0143018568691465,0.0143343742867977,2.22044604925031e-16,1.11022302462516e-16,1.35669253609194e-13,0.0329631492660194,0.570938493062224,0.0055622191607895,0.000964027559831493,0.20004323326257,3.46485043721123,0.033755400494648,0.0361708383497437,0,0.0499999999999545,3.23000000000002,NA,NA,NA
300,410,TRUE,TRUE,TRUE,0.0063973045574681,0.00579310781538317,0.00578108628915868,4.44089209850063e-16,3.33066907387547e-16,1.08357767203415e-13,0.0403362721446821,0.698644727425146,0.00714173643409342,0.0016199268034498,0.150868099748156,2.61311214005175,0.0267119430583249,0.0229664035865227,0,0.0499999999999545,3.1400000000001,NA,NA,NA
300,411,TRUE,TRUE,TRUE,0.00618590508967697,0.00544306656860783,0.00560757066043226,2.22044604925031e-16,3.33066907387547e-16,1.397992832608e-12,0.0462890195055351,0.801749336161336,0.00898333663065747,0.00201331265630955,0.195751785166132,3.39052037580049,0.0379896615003744,0.0315974775007355,0.00999999999999091,0.0299999999999727,3.11000000000013,NA,NA,NA
300,412,TRUE,TRUE,TRUE,0.00378822972680174,0.00346651370138461,0.00345002313788692,3.33066907387547e-16,2.22044604925031e-16,6.79456491070596e-14,0.0287357515542705,0.497717816856729,0.00514913656174531,0.000926670663833562,0.143400464866098,2.48376890977077,0.0256958157234472,0.022695528849173,0.0199999999999818,0.0299999999999727,3.07999999999993,NA,NA,NA
300,413,TRUE,TRUE,TRUE,0.00429035120986371,0.00393455112406711,0.00388343534820946,4.44089209850063e-16,4.44089209850063e-16,1.4255263636187e-13,0.0230867636427289,0.399874476115403,0.00424439724521488,0.000866273025007303,0.141059786477467,2.4432271708379,0.0259332047748548,0.0297249864762819,0,0.040000000000191,3.1099999999999,NA,NA,NA
300,414,TRUE,TRUE,TRUE,0.00565282864418289,0.0052840155566043,0.00525340314207639,2.22044604925031e-16,2.22044604925031e-16,5.21804821573824e-14,0.0234800797759921,0.406686911377887,0.00433967288961857,0.000536504430222351,0.159120490347134,2.75604773806509,0.0294092219758268,0.0204193404925164,0.00999999999999091,0.0299999999999727,3.25,NA,NA,NA
300,415,TRUE,TRUE,TRUE,0.00617301000774553,0.00546929527248097,0.00541614479322919,2.22044604925031e-16,2.22044604925031e-16,1.32338584535319e-13,0.0237318440337264,0.411047596237145,0.00456955315164303,0.000404031884581713,0.146500911798734,2.53747022590573,0.028208667740994,0.0178075563084121,0,0.0500000000001819,3.15999999999985,NA,NA,NA
300,416,TRUE,TRUE,TRUE,0.00530987242921738,0.00412638679050942,0.00415562417782178,4.44089209850063e-16,2.22044604925031e-16,4.69846384021366e-13,0.0518778330548059,0.898550426374999,0.00958118864728002,0.00136154145613787,0.162696921957341,2.81799335065184,0.0300480920233941,0.0270125109536856,0.00999999999999091,0.040000000000191,3.14999999999986,NA,NA,NA
300,417,TRUE,TRUE,TRUE,0.00561674671013894,0.00468605314566407,0.0047654620224582,4.44089209850063e-16,1.11022302462516e-16,7.70059571664206e-11,0.046987652447573,0.813850013675846,0.00854406461798271,0.00233564363332306,0.24958024311576,4.32285661641889,0.0453827678863541,0.0583090101578314,0,0.0499999999999545,3.19000000000005,NA,NA,NA
300,418,TRUE,TRUE,TRUE,0.00383423962953224,0.00347185766194956,0.00353353911134146,2.22044604925031e-16,2.22044604925031e-16,1.82964754458226e-13,0.025266645947012,0.43763114517079,0.00477977974697347,0.000754086797080333,0.14551280455782,2.52035570645985,0.0275271659566287,0.0239679962291675,0,0.0500000000001819,3.56999999999994,NA,NA,NA
300,419,TRUE,TRUE,TRUE,0.00345903061091473,0.00278835470231648,0.00306686934298375,5.55111512312578e-16,2.22044604925031e-16,9.07252051263185e-12,0.0639409735859609,1.10749014936304,0.0118104023390394,0.00207215960812235,0.232663447499132,4.02984912132631,0.0429747745529489,0.0430147538523578,0.0199999999999818,0.0399999999999636,3.46000000000004,NA,NA,NA
300,420,TRUE,TRUE,TRUE,0.0065310728814689,0.0066708897388215,0.00657245525828381,2.22044604925031e-16,4.44089209850063e-16,1.86517468137026e-14,0.0342519039500859,0.59326037897518,0.00596219046577348,0.000835708605304575,0.0879621953936326,1.52354991567073,0.0153114805964854,0.010784147131659,0,0.0399999999999636,3.18000000000006,NA,NA,NA
300,421,TRUE,TRUE,TRUE,0.0025637422189947,0.00179904698091924,0.00191790963193721,4.44089209850063e-16,4.44089209850063e-16,6.73683331342545e-13,0.0534601219502643,0.925956473966859,0.0101014688359543,0.0027939353146067,0.232929310661366,4.03445400637481,0.0440127722644388,0.0432588604016146,0,0.0399999999999636,3.54000000000019,NA,NA,NA
300,422,TRUE,TRUE,TRUE,0.00317840281674956,0.00331649729107864,0.00330363934370514,4.44089209850063e-16,3.33066907387547e-16,1.90958360235527e-14,0.0273554039225738,0.473809494554668,0.00512609065804331,0.000960720222959566,0.14853969011503,2.57278290219769,0.0278346435681387,0.0253706505288953,0.00999999999999091,0.0299999999999727,3.1099999999999,NA,NA,NA
300,423,TRUE,TRUE,TRUE,0.0020638397250043,0.00259262906488145,0.00261380921290984,4.44089209850063e-16,4.44089209850063e-16,5.99520433297585e-15,0.0123292605558035,0.213549057024065,0.00227446573259334,0.000248307050739527,0.114194314642034,1.97790354895509,0.0210662313716803,0.0120908761951029,0,0.0700000000001637,3.11999999999989,NA,NA,NA
300,424,TRUE,TRUE,TRUE,0.0044644172205071,0.00441778673395065,0.00444732257518313,2.22044604925031e-16,1.11022302462516e-16,1.86517468137026e-13,0.0184564195486216,0.3196745638402,0.00336095402670271,0.000447090855526966,0.0734538474630201,1.27225795817365,0.0133761049242122,0.0077461158153227,0.00999999999999091,0.0499999999999545,3.08000000000015,NA,NA,NA
300,425,TRUE,TRUE,TRUE,0.0050283112466269,0.004349661463339,0.00441432877715215,2.22044604925031e-16,6.66133814775094e-16,2.82218692859715e-13,0.0392204649418162,0.679318379756996,0.00722519086964561,0.00225781229918454,0.179385727105802,3.10705193499934,0.0330464240939607,0.0402182853678426,0,0.0299999999999727,3.13000000000011,NA,NA,NA
300,426,TRUE,TRUE,TRUE,0.00410902017928786,0.00409568730147289,0.00412701080033614,2.22044604925031e-16,4.44089209850063e-16,3.73256980878978e-13,0.0227192309700815,0.393508623490734,0.00432399426353657,0.00049281594574424,0.123411942325968,2.13755754369336,0.0234881423307031,0.0149181583981779,0,0.0399999999999636,3.43000000000006,NA,NA,NA
300,427,TRUE,TRUE,TRUE,0.00342425247705503,0.00294720355033752,0.00297287246570364,2.22044604925031e-16,3.33066907387547e-16,5.57331958361829e-14,0.0198278747712161,0.343428865098594,0.0036855354304423,0.000517590963614367,0.134128408086687,2.32317217544475,0.0249313154302311,0.0188395784492705,0,0.0499999999999545,3.57999999999993,NA,NA,NA
300,428,TRUE,TRUE,TRUE,0.00347262998013058,0.00326273849783848,0.00331683933791152,4.44089209850063e-16,4.44089209850063e-16,8.88178419700125e-16,0.0271140280160393,0.46962874121626,0.00522229658885917,0.000635017576144037,0.131103808361192,2.27078457147357,0.0252512452515756,0.0201236425074072,0.00999999999999091,0.040000000000191,3.1099999999999,NA,NA,NA
300,429,TRUE,TRUE,TRUE,0.00487238977598914,0.0045249112332633,0.00455776914093663,3.33066907387547e-16,3.33066907387547e-16,6.23945339839338e-14,0.0281481780788081,0.487540745729921,0.00508899375756461,0.00110207245169391,0.1324344892276,2.29383264016637,0.0239432295432619,0.0226087089688924,0,0.0399999999999636,3.02999999999997,NA,NA,NA
300,430,TRUE,TRUE,TRUE,0.00350772869777654,0.00296049269872076,0.00296506739959101,2.22044604925031e-16,2.22044604925031e-16,1.33226762955019e-15,0.0205729393864498,0.35633376278366,0.0038272176083037,0.000529716000983171,0.140193940155295,2.42823027262242,0.0260805082959228,0.0165825293519823,0.00999999999999091,0.0299999999999727,3.13999999999987,NA,NA,NA
300,431,TRUE,TRUE,TRUE,0.00460534704176709,0.00427949611981397,0.00426473837650426,4.44089209850063e-16,4.44089209850063e-16,1.08801856413265e-14,0.0269558529004617,0.466889067849526,0.00502744567263824,0.000597316660620351,0.137587670129407,2.3830883515916,0.0256610146729438,0.0178358811626218,0.0199999999999818,0.0300000000002001,3.12999999999988,NA,NA,NA
300,432,TRUE,TRUE,TRUE,0.00524209820384327,0.00484412847035057,0.00489774330657751,4.44089209850063e-16,2.22044604925031e-16,1.14281251129e-10,0.0213676010385453,0.370097706346219,0.00377102157741432,0.000535672890833894,0.134882557253456,2.33623442217803,0.0238044988252098,0.0186958665784402,0.0199999999999818,0.0299999999999727,3.20000000000005,NA,NA,NA
300,433,TRUE,TRUE,TRUE,0.00388898529898485,0.0034869145500091,0.00362770532336183,4.44089209850063e-16,2.22044604925031e-16,6.97220059464598e-14,0.0267406528436927,0.46316169352837,0.00504136525847094,0.000978315408460162,0.152996796609539,2.64998225123003,0.0288441998627794,0.0254762800381734,0,0.0299999999999727,3.3900000000001,NA,NA,NA
300,434,TRUE,TRUE,TRUE,0.00438081469827241,0.0039275141251806,0.00402003758678973,2.22044604925031e-16,2.22044604925031e-16,5.07285324857776e-11,0.0242050681553277,0.41924407845695,0.00446343518281866,0.000455799593353845,0.103104082264028,1.78581508949059,0.0190124805811878,0.0123232288290893,0,0.0499999999999545,3.06000000000017,NA,NA,NA
300,435,TRUE,TRUE,TRUE,0.00338743118038077,0.00338616204926609,0.00338203343797067,4.44089209850063e-16,2.22044604925031e-16,3.77475828372553e-15,0.0129414282221172,0.224152112032128,0.00237395468017945,0.00017838630806466,0.0605468506628016,1.04870221586258,0.0111066164440364,0.00506120737934523,0,0.0499999999999545,3.23000000000002,NA,NA,NA
300,436,TRUE,TRUE,TRUE,0.00423360609753576,0.00401898379731655,0.00396649976101982,4.44089209850063e-16,2.22044604925031e-16,9.63673585374636e-14,0.0202358471265341,0.350495153573538,0.00364203608483926,0.000801140896591335,0.14716693904416,2.54900615618877,0.0264870207381316,0.0208704436306562,0,0.0399999999999636,3.32999999999993,NA,NA,NA
300,437,TRUE,TRUE,TRUE,0.00400315830008352,0.00296303698512148,0.00292670745517695,2.22044604925031e-16,4.44089209850063e-16,1.0635936575909e-13,0.0284155597547393,0.492171932207178,0.00547046046540547,0.000696529685594527,0.149414715256333,2.58793878222406,0.0287647788681433,0.0235651429163575,0.00999999999999091,0.0299999999999727,2.74000000000001,NA,NA,NA
300,438,TRUE,TRUE,TRUE,0.00603885254302073,0.00511688702754921,0.00515198590726385,4.44089209850063e-16,2.22044604925031e-16,1.11022302462516e-15,0.0196640131476889,0.340590698524996,0.00370672641044811,0.00056517030575165,0.131729614654167,2.28162385442487,0.0248314338486974,0.0241072755175686,0.00999999999999091,0.0399999999999636,3.3900000000001,NA,NA,NA
300,439,TRUE,TRUE,TRUE,0.00278959679085924,0.00322863613452281,0.0032572618112691,2.22044604925031e-16,4.44089209850063e-16,2.22044604925031e-15,0.0310148692163111,0.537193292727548,0.00594819638769715,0.00142554277653062,0.173487418656586,3.0048902358718,0.033272338818095,0.033734230653149,0,0.0699999999999363,3.08999999999992,NA,NA,NA
300,440,TRUE,TRUE,TRUE,0.0039776641552045,0.00418075396780042,0.00416648725121807,4.44089209850063e-16,2.22044604925031e-16,7.0832228971085e-14,0.024420125464017,0.42296898030884,0.00444502245735006,0.000712951343640356,0.134700683216424,2.33308427145086,0.0245186112085973,0.0176959882085654,0,0.0599999999999454,3.1099999999999,NA,NA,NA
300,441,TRUE,TRUE,TRUE,0.00422209910625341,0.00402259948833345,0.00419632960938227,4.44089209850063e-16,6.66133814775094e-16,9.18292109020058e-11,0.0323332011868401,0.560027472269533,0.00602145062902504,0.000821343753095505,0.143441953137176,2.48448750770503,0.026713366052291,0.0194919652413326,0.0199999999999818,0.0300000000002001,3.12999999999988,NA,NA,NA
300,442,TRUE,TRUE,TRUE,0.00408779882631831,0.00379636767555037,0.00381372897127049,4.44089209850063e-16,1.11022302462516e-16,5.19584375524573e-14,0.0326431956173962,0.565396733307399,0.00638480719772957,0.00118997009645128,0.132494432554874,2.29487088905049,0.0259150916641454,0.0167479631766732,0,0.0299999999999727,3,NA,NA,NA
300,443,TRUE,TRUE,TRUE,0.00660756343727609,0.00649663363449568,0.00689901245676023,4.44089209850063e-16,4.44089209850063e-16,1.55682133851087e-11,0.0484197748774477,0.838655101787866,0.00865768855843852,0.00113384051719123,0.163399313006953,2.83015912049893,0.0292165828167845,0.0250829989463242,0.0199999999999818,0.0300000000002001,3.13999999999987,NA,NA,NA
300,444,TRUE,TRUE,TRUE,0.00417073403109107,0.00401050475282376,0.00400090867401473,2.22044604925031e-16,4.44089209850063e-16,6.66133814775094e-15,0.0208980270954651,0.361964447072966,0.00372556717611666,0.000378726189765644,0.0951349882414861,1.64778633211722,0.0169600598120402,0.00967991299281579,0,0.0499999999999545,3.02000000000021,NA,NA,NA
300,445,TRUE,TRUE,TRUE,0.00441329753830628,0.00368102828722425,0.00368274262903755,2.22044604925031e-16,4.44089209850063e-16,2.66453525910038e-15,0.0352783516377547,0.611038974438718,0.00663729771399487,0.000800915453080364,0.136126897612696,2.35778702941916,0.0256110250165721,0.018085959579448,0,0.0399999999999636,3.13999999999987,NA,NA,NA
300,446,TRUE,TRUE,TRUE,0.00375919438155713,0.00360917143274389,0.00357964001052433,4.44089209850063e-16,4.44089209850063e-16,3.99680288865056e-15,0.0286641007873916,0.496476789170373,0.00542947981658466,0.00106814250518994,0.128493750450917,2.22557704236064,0.0243389537946851,0.0213992914742143,0,0.0299999999999727,3.01999999999998,NA,NA,NA
300,447,TRUE,TRUE,TRUE,0.00421171704039711,0.0029297058128801,0.00279211639156729,0,4.44089209850063e-16,6.66133814775094e-16,0.0487284705837437,0.844001868261695,0.00928839781632724,0.00160408830937797,0.222264844547454,3.84974003492588,0.0423671063755819,0.033515790838905,0,0.0499999999999545,3.03999999999996,NA,NA,NA
300,448,TRUE,TRUE,TRUE,0.00338449915083392,0.00282701707444043,0.00288703421015952,4.44089209850063e-16,2.22044604925031e-16,1.11022302462516e-15,0.0352538546164223,0.6106146735829,0.00669622375741739,0.00147095808370423,0.212345297958257,3.67792844812053,0.0403335080499704,0.0442735390106819,0,0.0500000000001819,3.13999999999987,NA,NA,NA
300,449,TRUE,TRUE,TRUE,0.00413887548701635,0.00390543585445028,0.00384182447337464,4.44089209850063e-16,4.44089209850063e-16,4.66293670342566e-15,0.0313733898419509,0.543403052119244,0.00584881568907847,0.000918038447100145,0.147362091919332,2.55238630313918,0.0274721258855086,0.023852209861122,0.0199999999999818,0.0299999999999727,3.0300000000002,NA,NA,NA
300,450,TRUE,TRUE,TRUE,0.00548703109325878,0.00547951492606452,0.00548214122455276,1.11022302462516e-16,4.44089209850063e-16,2.1117774196e-11,0.0256048609071185,0.443489200118633,0.00503528879536325,0.000558041705382095,0.138804996738198,2.40417306694992,0.0272965062123018,0.0162369647821876,0,0.0499999999999545,2.98000000000002,NA,NA,NA
300,451,TRUE,TRUE,TRUE,0.00382260949280054,0.00380731464798606,0.00377470311645355,4.44089209850063e-16,6.66133814775094e-16,2.66453525910038e-15,0.0682071087532033,1.18138177797924,0.012875135682341,0.00329059602744053,0.256116224323126,4.43606313170362,0.0483458571824341,0.0478093596506142,0.0199999999999818,0.0299999999999727,3.08999999999992,NA,NA,NA
300,452,TRUE,TRUE,TRUE,0.00453827928257974,0.00377548860706114,0.00368261203081374,2.22044604925031e-16,2.22044604925031e-16,4.30766533554561e-14,0.0493756064613278,0.855210590455458,0.0092714451395321,0.00209689082498343,0.172083188507962,2.98056825624243,0.0323127138283747,0.0304976294109771,0.00999999999999091,0.0299999999999727,3.13999999999987,NA,NA,NA
300,453,TRUE,TRUE,TRUE,0.00462355617275655,0.00378865060839153,0.0039854587273707,4.44089209850063e-16,4.44089209850063e-16,1.14086518010481e-12,0.0369382857107178,0.639789875954587,0.00684332974881651,0.00129813065343853,0.20029113321952,3.46914419041756,0.0371067103958106,0.038262407570727,0.0199999999999818,0.0300000000002001,3.05999999999995,NA,NA,NA
300,454,TRUE,TRUE,TRUE,0.00673144517710833,0.00639009926702568,0.0063696678876433,4.44089209850063e-16,2.22044604925031e-16,4.44089209850063e-15,0.0224177511866776,0.388286840467632,0.00438722762556779,0.000508825561091442,0.132852892114911,2.30107959075493,0.0259997478591651,0.0167900104792089,0,0.0399999999999636,2.75,NA,NA,NA
300,455,TRUE,TRUE,TRUE,0.0052496311451429,0.00448862973027173,0.0043355950817736,2.22044604925031e-16,3.33066907387547e-16,2.88657986402541e-15,0.0318806158060785,0.552188463527113,0.00614674715704574,0.00114332584468713,0.157309237376539,2.72467591636079,0.0303300323150256,0.017810638849955,0,0.0299999999999727,3.01999999999998,NA,NA,NA
300,456,TRUE,TRUE,TRUE,0.00489885056849751,0.00484278956241736,0.00493743252009039,4.44089209850063e-16,2.22044604925031e-16,1.3988810110277e-14,0.0255242183176336,0.442092429496216,0.0045919093668181,0.000634463685958764,0.158547305846122,2.74611989128645,0.0285232969620705,0.0253121245224328,0.0199999999999818,0.0299999999999727,3.05999999999995,NA,NA,NA
300,457,TRUE,TRUE,TRUE,0.0049911531216437,0.00488973342058969,0.00486088775923018,4.44089209850063e-16,2.22044604925031e-16,1.31006316905768e-14,0.0239706627068399,0.415184056993433,0.00465921084783113,0.000468623828620451,0.0827918948623985,1.43399768356575,0.0160923750575035,0.00869818238319908,0.00999999999999091,0.0299999999999727,3.22000000000003,NA,NA,NA
300,458,TRUE,TRUE,TRUE,0.00386284178408431,0.0036644525752389,0.00369852648729374,6.66133814775094e-16,3.33066907387547e-16,2.88657986402541e-15,0.0236944498821228,0.410399910532311,0.00461888492636132,0.000636147709240475,0.125872955069916,2.18018353479929,0.0245370834816319,0.0157115159149726,0.0199999999999818,0.0299999999999727,3.08000000000015,NA,NA,NA
300,459,TRUE,TRUE,TRUE,0.0035743946355957,0.00353074462864358,0.00350972731714857,2.22044604925031e-16,4.44089209850063e-16,5.10702591327572e-15,0.0217170378010235,0.376150128612666,0.00408822407082565,0.00056520479679989,0.122473941668614,2.12131089573266,0.0230556727379701,0.0162339815750308,0,0.0499999999999545,3.1400000000001,NA,NA,NA
300,460,TRUE,TRUE,TRUE,0.00333519392194986,0.00292176973878833,0.00291773804481509,4.44089209850063e-16,1.11022302462516e-16,3.51103590645607e-11,0.041491775773159,0.718658637353668,0.00794080686507451,0.00141109206672851,0.192613378483308,3.33616157750583,0.0368628628123186,0.0314701342567965,0,0.0499999999999545,3,NA,NA,NA
300,461,TRUE,TRUE,TRUE,0.00377758309907319,0.00362765160956033,0.00378025298610082,4.44089209850063e-16,2.22044604925031e-16,1.17461596005342e-13,0.0306160815227059,0.530286087259973,0.00586299067471971,0.000837158166369534,0.128462768132429,2.22504041286307,0.0246006665173834,0.0181150097179845,0.00999999999999091,0.0299999999999727,3.04999999999995,NA,NA,NA
300,462,TRUE,TRUE,TRUE,0.00457619051132482,0.00396372298957587,0.00393831504189811,3.33066907387547e-16,4.44089209850063e-16,2.31592522936808e-13,0.0670052960812341,1.16056577188893,0.012287596585791,0.00334102210734599,0.234306074044695,4.05830024767407,0.0429676262003415,0.0353597050851562,0.0199999999999818,0.0299999999999727,3.04999999999995,NA,NA,NA
300,463,TRUE,TRUE,TRUE,0.00530642068751816,0.00460616619971601,0.00477640957561061,2.22044604925031e-16,4.44089209850063e-16,1.68753899743024e-14,0.0347489858694991,0.601870090374654,0.00650309299920625,0.000816451904782411,0.142200757853756,2.46298937477505,0.0266121364333766,0.0219114282042234,0.00999999999999091,0.0299999999999727,3.07000000000016,NA,NA,NA
300,464,TRUE,TRUE,TRUE,0.00253432521865984,0.0027031482557548,0.00274042886984986,2.22044604925031e-16,4.44089209850063e-16,4.44089209850063e-16,0.0295752257174853,0.512257935880023,0.00557890747173919,0.000743488612208409,0.113718808131011,1.96966753459089,0.0214512888056943,0.013695495107811,0.0199999999999818,0.0499999999999545,3.02999999999997,NA,NA,NA
300,465,TRUE,TRUE,TRUE,0.0062797898675521,0.00590485045018155,0.00593603439465721,3.33066907387547e-16,0,7.10607128695528e-11,0.0570445895257422,0.988041273554969,0.0105430808398315,0.00149618998132794,0.149908423951198,2.59649006766049,0.0277063371904183,0.0232141503591414,0,0.0399999999999636,2.93000000000006,NA,NA,NA
300,466,TRUE,TRUE,TRUE,0.0037136282850646,0.00290724245421154,0.0028381703483982,2.22044604925031e-16,4.44089209850063e-16,1.03028696685215e-13,0.0373280945427518,0.646541562977807,0.00699930304486563,0.00197936083226224,0.177464406688587,3.07377368919698,0.0332759327071488,0.0330917782558409,0,0.0399999999999636,2.93000000000006,NA,NA,NA
300,467,TRUE,TRUE,TRUE,0.00427919839722898,0.00349514836870509,0.00348627828454795,2.22044604925031e-16,2.22044604925031e-16,8.43769498715119e-15,0.0301266586556588,0.521809034538858,0.00562752892465022,0.000836055327514629,0.151985142532806,2.63245988862418,0.0283901641896753,0.024096176266589,0,0.0299999999999727,2.95000000000005,NA,NA,NA
300,468,TRUE,TRUE,TRUE,0.00500061441268511,0.00492346650816238,0.00495700372664725,3.33066907387547e-16,4.44089209850063e-16,2.51076937018979e-11,0.0126087218951631,0.218389469409286,0.00228627968110119,0.000207294372103206,0.0699108815198921,1.21089198794381,0.0126766082427528,0.00590595859359766,0,0.0299999999999727,3.04000000000019,NA,NA,NA
300,469,TRUE,TRUE,TRUE,0.00337659689389834,0.00338871664927452,0.00345359971451977,2.22044604925031e-16,4.44089209850063e-16,4.35207425653061e-14,0.0238880113145755,0.41375249288625,0.00453918743070561,0.000659899383329332,0.0966720277236913,1.6744086368814,0.0183695682058078,0.0155016744249998,0,0.0399999999999636,2.94000000000005,NA,NA,NA
300,470,TRUE,TRUE,TRUE,0.00406438753935744,0.0038633328419568,0.00411260953103944,2.22044604925031e-16,0,4.2632564145606e-14,0.049891433162187,0.864144970993346,0.00955936272969393,0.00069841534672932,0.172313140774258,2.98455114632784,0.0330157646584179,0.0231610315136734,0.00999999999999091,0.0299999999999727,2.93000000000006,NA,NA,NA
300,471,TRUE,TRUE,TRUE,0.00495769915048007,0.00474815090472117,0.00477171800187074,4.44089209850063e-16,2.22044604925031e-16,3.88578058618805e-14,0.0249455411381348,0.432069446735491,0.00466134303300291,0.000665521868480567,0.108370600425211,1.8770338598321,0.0202502138749822,0.0134605623572277,0.00999999999999091,0.0299999999999727,2.93000000000006,NA,NA,NA
300,472,TRUE,TRUE,TRUE,0.00403573562033713,0.00382530542047904,0.00391422040702516,0,2.22044604925031e-16,3.84137166520304e-14,0.0145946073083058,0.252786013745017,0.0026832877161084,0.000361891586290852,0.0948350006186391,1.64259039407309,0.0174358642779178,0.0124264883030705,0.00999999999999091,0.0299999999999727,3,NA,NA,NA
300,473,TRUE,TRUE,TRUE,0.0138585923576618,0.0120989918615345,0.0119866847682405,2.22044604925031e-16,0,6.3392180393862e-10,0.0552522666609309,0.956997330900764,0.0115198131842641,0.00300757121905804,0.244830825750078,4.24059429458178,0.0510459668867185,0.0474529260953993,0.00999999999999091,0.0299999999999727,3.02999999999997,NA,NA,NA
300,474,TRUE,TRUE,TRUE,0.00420781767029198,0.00399581460568596,0.00406182855778217,2.22044604925031e-16,4.44089209850063e-16,6.43929354282591e-15,0.049100396080773,0.850443806836547,0.00888240445251413,0.00194302299100357,0.183173265073617,3.17265401695787,0.0331365763851458,0.0305629729623007,0.00999999999999091,0.040000000000191,2.91999999999985,NA,NA,NA
300,475,TRUE,TRUE,TRUE,0.00454531542761477,0.00426590193541054,0.00429162226316178,4.44089209850063e-16,4.44089209850063e-16,9.2148511043888e-14,0.0316886336433473,0.54886323492714,0.00570835622891175,0.000813329217272951,0.152872537417201,2.64783001888566,0.0275382937306995,0.0231235627428177,0,0.0500000000001819,2.92999999999984,NA,NA,NA
300,476,TRUE,TRUE,TRUE,0.00219384138912559,0.00195817669367853,0.00207026989845211,2.22044604925031e-16,2.22044604925031e-16,7.37188088351104e-14,0.0313982499486048,0.543833641797304,0.00596640258489864,0.000498491774848731,0.128210205712213,2.2206659034241,0.0243629407379033,0.0144751458013275,0,0.0500000000001819,3.15999999999985,NA,NA,NA
300,477,TRUE,TRUE,TRUE,0.00552770373745401,0.00479590396656249,0.00485655932053799,4.44089209850063e-16,4.44089209850063e-16,1.65736313562093e-11,0.0248173683244657,0.42984942848125,0.00440902633056155,0.00100490529245434,0.150548322161116,2.607573429773,0.026746249149063,0.0245874991708064,0,0.0700000000001637,3.27999999999997,NA,NA,NA
300,478,TRUE,TRUE,TRUE,0.00436560665424199,0.00443498525818149,0.0044613069792037,2.22044604925031e-16,4.44089209850063e-16,5.32907051820075e-15,0.0231686725193599,0.401293179474562,0.00450866748216768,0.000418992917360583,0.108032123325048,1.87117126448529,0.0210232554781963,0.0109615940247103,0,0.0299999999999727,2.94000000000005,NA,NA,NA
300,479,TRUE,TRUE,TRUE,0.00472904925441666,0.00342306792139622,0.00339459065726216,2.22044604925031e-16,4.44089209850063e-16,1.77635683940025e-15,0.04744208509466,0.821721018009572,0.00908931859839851,0.00256817810345211,0.238932314990603,4.13842909133776,0.0457764857946125,0.0484748792047256,0.0199999999999818,0.0299999999999727,2.86000000000013,NA,NA,NA
300,480,TRUE,TRUE,TRUE,0.00399734124595241,0.0038096480661377,0.00391441855148702,3.33066907387547e-16,2.22044604925031e-16,4.44089209850063e-16,0.0229802694274286,0.398029942199281,0.00433814104132309,0.000425424132597385,0.116196244985368,2.01257799963377,0.0219351518401697,0.0145100703031176,0,0.0299999999999727,2.96000000000004,NA,NA,NA
300,481,TRUE,TRUE,TRUE,0.00283175597923773,0.00294097526370474,0.00294813611149029,3.33066907387547e-16,4.44089209850063e-16,1.90381044262722e-12,0.0215783583126429,0.373748129414237,0.00398298974949686,0.000603295618883948,0.110485016392577,1.91365661867023,0.0203936129611303,0.0136637310749386,0.00999999999999091,0.0399999999999636,2.95000000000005,NA,NA,NA
300,482,TRUE,TRUE,TRUE,0.00495806368993092,0.00465810987677797,0.00484588270733673,4.44089209850063e-16,2.22044604925031e-16,1.46149758961656e-11,0.038456134807932,0.666079793500563,0.00758807741942948,0.00092160531705332,0.204570406735503,3.54326338190922,0.0403653693171732,0.0348085364372999,0,0.0499999999999545,2.97000000000003,NA,NA,NA
300,483,TRUE,TRUE,TRUE,0.0069206611748686,0.00679088639240988,0.00673729555213937,2.22044604925031e-16,2.22044604925031e-16,1.79856129989275e-14,0.0230944316498512,0.40000728989469,0.00411038533521659,0.000557029456263791,0.132618060960806,2.29701219585382,0.0236035829425431,0.0164328368807531,0,0.0299999999999727,2.97000000000003,NA,NA,NA
300,484,TRUE,TRUE,TRUE,0.00340783833349853,0.00314302006579421,0.00313333107811604,4.44089209850063e-16,4.44089209850063e-16,3.42903483385726e-12,0.0155999230134707,0.270198592534942,0.00282369948819596,0.000287260072923345,0.125824552107346,2.1793451708952,0.0227751587672068,0.0147181262045599,0,0.0399999999999636,2.96000000000004,NA,NA,NA
300,485,TRUE,TRUE,TRUE,0.00537483923774757,0.00494679810700857,0.00499322989170183,4.44089209850063e-16,4.44089209850063e-16,3.48610029732299e-13,0.0287885851213917,0.498632921082718,0.00513295876389708,0.000611693410228042,0.160881967668738,2.78655742023907,0.0286849979745838,0.0209425969934394,0,0.0500000000001819,2.94999999999982,NA,NA,NA
300,486,TRUE,TRUE,TRUE,0.0031941837736083,0.00330724356893546,0.00332733387266288,4.44089209850063e-16,2.22044604925031e-16,1.33004718350094e-13,0.0103071637547591,0.178525313051752,0.00189516616795681,7.23778499818195e-05,0.0764537762625956,1.32421824917319,0.0140574665963282,0.00561849074396292,0,0.0300000000002001,3.09999999999991,NA,NA,NA
300,487,TRUE,TRUE,TRUE,0.00405789396533054,0.00430740834904934,0.00434235964789172,4.44089209850063e-16,4.44089209850063e-16,1.55431223447522e-15,0.0331276624054511,0.573787944222307,0.00632776519198647,0.00112871973789908,0.19036796814746,3.29726992965055,0.036362475195789,0.031606652105129,0,0.0299999999999727,2.90000000000009,NA,NA,NA
300,488,TRUE,TRUE,TRUE,0.00486660794940457,0.00474192842518209,0.00484301120572822,4.44089209850063e-16,2.22044604925031e-16,3.8702374638433e-13,0.0412130752440235,0.713831402588078,0.00734888105423136,0.00157962328086114,0.197356159964692,3.41830896245537,0.0351914273883432,0.0306857790154282,0.00999999999999091,0.0299999999999727,2.94000000000005,NA,NA,NA
300,489,TRUE,TRUE,TRUE,0.00531332627774204,0.00507815225695019,0.00515743847503413,4.44089209850063e-16,4.44089209850063e-16,1.55431223447522e-15,0.0184848016398376,0.320166156080313,0.00364384335909154,0.00044962169850038,0.124829581357982,2.16211177199577,0.024607212450101,0.0163187142645214,0,0.0499999999999545,2.84000000000015,NA,NA,NA
300,490,TRUE,TRUE,TRUE,0.005563737028258,0.00507072473545726,0.00500059215074644,5.55111512312578e-16,2.22044604925031e-16,6.66133814775094e-16,0.0399286703740977,0.691584857666075,0.00779527232282375,0.000901786909540903,0.151734871036417,2.62812505914985,0.0296231912937606,0.0176598292394736,0.0199999999999818,0.0299999999999727,2.58999999999992,NA,NA,NA
300,491,TRUE,TRUE,TRUE,0.00252660521102649,0.00133527100767197,0.00131407909748577,4.44089209850063e-16,2.22044604925031e-16,3.29070104498896e-13,0.0346639236839454,0.600396770102836,0.00640460014703015,0.00127445499609635,0.207111892705372,3.58728321017458,0.0382665525855306,0.0424613049335818,0,0.0500000000001819,3.01999999999998,NA,NA,NA
300,492,TRUE,TRUE,TRUE,0.00549263014942084,0.00491050389623163,0.00496511089266245,1.11022302462516e-16,2.22044604925031e-16,3.19744231092045e-14,0.0253137298080647,0.438446661566388,0.00496789604287338,0.000716644866891158,0.103415229718864,1.7912043214948,0.0202955516389177,0.014111437799901,0,0.0499999999999545,2.65000000000009,NA,NA,NA
300,493,TRUE,TRUE,TRUE,0.00540078561605871,0.00522908316970775,0.0053207204170601,4.44089209850063e-16,4.44089209850063e-16,9.10382880192628e-15,0.0290242667063203,0.502715045877766,0.00551987290676615,0.000907787432623763,0.13121197989349,2.27265815737231,0.0249540655130317,0.0247301519760015,0,0.0499999999999545,2.91000000000008,NA,NA,NA
300,494,TRUE,TRUE,TRUE,0.00301282885117356,0.00298710365074362,0.00301611945116257,2.22044604925031e-16,6.66133814775094e-16,1.11022302462516e-14,0.0120882033854463,0.209373824358191,0.0022849699380239,0.000164424714686362,0.0813353132642342,1.40876895023184,0.0153743893763639,0.0071845685975056,0,0.0299999999999727,2.83999999999992,NA,NA,NA
300,495,TRUE,TRUE,TRUE,0.00406424759537988,0.00401605765318293,0.0040139988105328,4.44089209850063e-16,3.33066907387547e-16,2.50910403565285e-14,0.0157480810819346,0.27276476555625,0.00280514373125132,0.00027443424719209,0.122003248292276,2.11315824730663,0.0217319586658703,0.0140772188666887,0,0.0299999999999727,2.85000000000014,NA,NA,NA
300,496,TRUE,TRUE,TRUE,0.00701693429989101,0.00692047452406126,0.0068661106470181,4.44089209850063e-16,4.44089209850063e-16,2.77555756156289e-12,0.0146197296500213,0.253221145467581,0.00257577270923594,0.000310485136566285,0.120835790534974,2.09293728579326,0.0212894177258937,0.0170541190362457,0,0.0299999999999727,2.92000000000007,NA,NA,NA
300,497,TRUE,TRUE,TRUE,0.00403599558573846,0.00411320261451216,0.00404891267804492,2.22044604925031e-16,4.44089209850063e-16,1.15463194561016e-14,0.0271659974485439,0.470528878191645,0.00504327115094108,0.000971402942631983,0.11031455639232,1.91070416485921,0.0204795064431574,0.0153628496696072,0.00999999999999091,0.0399999999999636,2.8900000000001,NA,NA,NA
300,498,TRUE,TRUE,TRUE,0.00453375079401192,0.00377023793584055,0.00383908248742556,4.44089209850063e-16,2.22044604925031e-16,8.68416449861797e-13,0.0192289284679186,0.333054810815425,0.00348267406295678,0.000408276432303012,0.137820740707902,2.38712525242862,0.0249615947036105,0.0199331211631097,0.0199999999999818,0.0299999999999727,2.8599999999999,NA,NA,NA
300,499,TRUE,TRUE,TRUE,0.00362550039456695,0.00368227058985662,0.00361120470452736,4.44089209850063e-16,4.44089209850063e-16,2.97539770599542e-14,0.029672334176452,0.513939903727774,0.00532041466439499,0.000608524216623607,0.140438694233458,2.43246953760979,0.0251814395121347,0.0214991678593037,0.0199999999999818,0.0299999999999727,2.88000000000011,NA,NA,NA
300,500,TRUE,TRUE,TRUE,0.00288151019769237,0.00280745064657849,0.00284798233882209,3.33066907387547e-16,6.66133814775094e-16,1.48769885299771e-14,0.0158460845808383,0.274462235950458,0.00293842793572153,0.000380454984995282,0.0990086607507675,1.7148803080968,0.0183597287484022,0.0140925141920718,0.0199999999999818,0.0299999999999727,2.92000000000007,NA,NA,NA
600,1,TRUE,TRUE,TRUE,0.00321179037917239,0.00304505234073151,0.00307319531331901,2.22044604925031e-16,4.44089209850063e-16,3.64819285891826e-13,0.0232643075295735,0.569856826666437,0.00419935111481166,0.000599893577145849,0.151333649452099,3.70690222070861,0.027316657877194,0.0188896498609736,0.0199999999999818,0.0299999999999727,2.83000000000015,NA,NA,NA
600,2,TRUE,TRUE,TRUE,0.00215525630427688,0.0021700866056331,0.00216811414579062,3.33066907387547e-16,4.44089209850063e-16,1.68753899743024e-14,0.0123315939266536,0.302061128355053,0.00232996487336535,0.000157793540566331,0.0754316681444599,1.84769097400879,0.0142522643999872,0.00727039228192083,0,0.0299999999999727,2.69000000000005,NA,NA,NA
600,3,TRUE,TRUE,TRUE,0.00159323396707808,0.00168227997440952,0.00164211848882792,2.22044604925031e-16,2.22044604925031e-16,1.64406266378592e-11,0.0119963583659591,0.293849567681679,0.00220952371941044,0.000139816170005247,0.084805461461075,2.07730107980897,0.0156197133261293,0.00674710519899691,0.0199999999999818,0.0299999999999727,2.82999999999993,NA,NA,NA
600,4,TRUE,TRUE,TRUE,0.00237175954600956,0.00221554563484567,0.00223680493363614,3.33066907387547e-16,4.44089209850063e-16,4.44089209850063e-16,0.0104386305053628,0.255693183515897,0.00201079572444215,0.000133375194728558,0.0773642745698463,1.895029970167,0.0149026974802581,0.00595484463517337,0,0.0299999999999727,2.72000000000003,NA,NA,NA
600,5,TRUE,TRUE,TRUE,0.00272461114178217,0.00245461494468867,0.0024444003204376,2.22044604925031e-16,3.33066907387547e-16,3.28626015289046e-14,0.011352088108907,0.278068233819386,0.00218501692917747,0.00014555577149622,0.0852615982894285,2.08847410463255,0.0164109046621086,0.00701125619960408,0,0.0500000000001819,2.82999999999993,NA,NA,NA
600,6,TRUE,TRUE,TRUE,0.00237318387130887,0.00214218493425251,0.00214967719586432,2.22044604925031e-16,2.22044604925031e-16,9.88320536521314e-12,0.0168996582785791,0.413955396099203,0.00318995530845518,0.0003423165933647,0.113027032132836,2.76858555866606,0.0213348208116187,0.0123251394522761,0,0.0399999999999636,2.75,NA,NA,NA
600,7,TRUE,TRUE,TRUE,0.00219901352692676,0.00184736943091376,0.00181211563132096,2.22044604925031e-16,2.22044604925031e-16,4.75175454539567e-14,0.0277977345012058,0.680902655333136,0.00520733595225024,0.000766735117124995,0.166173982713222,4.07041466173466,0.0311292905712743,0.0247008948493423,0.00999999999999091,0.040000000000191,2.72999999999979,NA,NA,NA
600,8,TRUE,TRUE,TRUE,0.00169057480730749,0.00172132290982706,0.00172452441096279,4.44089209850063e-16,2.22044604925031e-16,1.64313007644523e-14,0.0123401924216065,0.302271747606958,0.00232513884859122,0.000182797700670534,0.0833128980818102,2.04074089292934,0.0156978148557524,0.00785939305335503,0.00999999999999091,0.0299999999999727,2.77999999999997,NA,NA,NA
600,9,TRUE,TRUE,TRUE,0.00165913946141047,0.00151424593126876,0.00153437239489869,4.44089209850063e-16,4.44089209850063e-16,6.66133814775094e-15,0.00931080702665557,0.228067263088264,0.00177914903433621,9.22232080036167e-05,0.0936740051151934,2.29453514695085,0.0178996316072256,0.00722387020958948,0.0199999999999818,0.0299999999999727,2.92000000000007,NA,NA,NA
600,10,TRUE,TRUE,TRUE,0.00361739606461996,0.00332409178489512,0.00329847186827781,4.44089209850063e-16,2.22044604925031e-16,1.55431223447522e-14,0.0124789727276135,0.305671156967603,0.0022353395923905,0.000179543666227744,0.100879690046914,2.47103766025061,0.0180704269615847,0.0110802829189112,0.0199999999999818,0.0299999999999727,2.80999999999995,NA,NA,NA
600,11,TRUE,TRUE,TRUE,0.00231777412624034,0.00190962801148323,0.00198604929464895,2.22044604925031e-16,4.44089209850063e-16,2.70894418008538e-13,0.0202336262825946,0.495620600385235,0.00382363110171202,0.000386724819865236,0.12954019137509,3.17307370051452,0.024479739703881,0.0165072438049734,0.0200000000002092,0.0299999999999727,2.80999999999995,NA,NA,NA
600,12,TRUE,TRUE,TRUE,0.00141555996418151,0.00114454820990855,0.00114780503608402,1.11022302462516e-16,4.44089209850063e-16,6.94999613415348e-14,0.0104183661835549,0.255196811031769,0.00191324544552848,0.000115297890101118,0.119070444031757,2.91661831324428,0.0218662869712149,0.0149258410428565,0,0.0499999999999545,2.80999999999995,NA,NA,NA
600,13,TRUE,TRUE,TRUE,0.0026349058428644,0.00233646449147281,0.00240011108089001,3.33066907387547e-16,2.22044604925031e-16,2.95319324550292e-14,0.0241773361056315,0.592221367985657,0.00447508347196638,0.000506233964962632,0.144726845442025,3.54506923415607,0.0267880924167069,0.0165895931203188,0,0.0299999999999727,2.88999999999987,NA,NA,NA
600,14,TRUE,TRUE,TRUE,0.00380695723844797,0.00369880547016911,0.00371596086098244,2.22044604925031e-16,3.33066907387547e-16,1.75415237890775e-14,0.00848949626512126,0.207949340228106,0.00152323362867217,6.38855272470096e-05,0.0725784389070147,1.77780141649948,0.0130224356554463,0.00549060769672138,0,0.0300000000002001,2.90999999999985,NA,NA,NA
600,15,TRUE,TRUE,TRUE,0.0020828363315763,0.00214774591042732,0.00211050893581189,2.22044604925031e-16,4.44089209850063e-16,4.50750547997814e-14,0.0120252311009973,0.294556802364901,0.00219345629201408,0.000125483521848935,0.0782825951874297,1.91752413950057,0.0142790978008579,0.00668884287192384,0.00999999999999091,0.040000000000191,2.77999999999997,NA,NA,NA
600,16,TRUE,TRUE,TRUE,0.00277744652254472,0.00192271629616589,0.00191198794742628,2.22044604925031e-16,4.44089209850063e-16,9.99200722162641e-15,0.0367893758872302,0.901151988791652,0.00689969032137916,0.00113002133507933,0.23303934635809,5.70827488569037,0.0437055341057185,0.0372247433123079,0.0199999999999818,0.0299999999999727,2.83999999999992,NA,NA,NA
600,17,TRUE,TRUE,TRUE,0.00331652515965349,0.00332137118411462,0.00335427679933122,3.33066907387547e-16,4.44089209850063e-16,6.17284001691587e-14,0.0143413302378868,0.351289413155699,0.0028221862700993,0.000244128544885314,0.111146919861414,2.72253240142477,0.0218722605221125,0.011577321844193,0,0.0300000000002001,2.76999999999998,NA,NA,NA
600,18,TRUE,TRUE,TRUE,0.00310316762832821,0.00312777489994037,0.00313138040684304,4.44089209850063e-16,4.44089209850063e-16,1.90958360235527e-14,0.00657587877099977,0.161075475993496,0.00122071383792309,8.47707226299121e-05,0.0665955317443944,1.63125071923086,0.0123624674321465,0.00599827419715027,0,0.0299999999999727,2.8900000000001,NA,NA,NA
600,19,TRUE,TRUE,TRUE,0.00271692815448654,0.00224584391814563,0.00219541934584766,3.33066907387547e-16,2.22044604925031e-16,2.53130849614536e-14,0.0231065135399204,0.565991679075157,0.00440495258627323,0.000493228189640149,0.12777461603627,3.12982611368903,0.0243585482680731,0.016135970402722,0.0199999999999818,0.0299999999999727,2.75999999999999,NA,NA,NA
600,20,TRUE,TRUE,TRUE,0.00275989955480328,0.00227940202397046,0.00229483264363591,3.33066907387547e-16,2.22044604925031e-16,4.90665286179137e-11,0.0157854389602823,0.386662708185416,0.00292854964937595,0.000243178727593829,0.136299476155112,3.33864168788668,0.0252865811402841,0.0154249390105718,0,0.0399999999999636,2.86000000000013,NA,NA,NA
600,21,TRUE,TRUE,TRUE,0.00287497596112104,0.00244894552897384,0.00252152521331574,2.22044604925031e-16,3.33066907387547e-16,1.00364161426114e-12,0.0167483893078045,0.410250078176066,0.00318315535268418,0.00028156931086798,0.139463843490996,3.41615254120314,0.0265061357098623,0.0166579860163765,0.0199999999999818,0.0299999999999727,2.66000000000008,NA,NA,NA
600,22,TRUE,TRUE,TRUE,0.00165063115198177,0.00142006474832059,0.0014318436701501,4.44089209850063e-16,2.22044604925031e-16,3.96038757344286e-12,0.0275964544518897,0.67597232117087,0.00514646183707434,0.000354300034491217,0.098145853071898,2.40407260396319,0.018303216747724,0.00946680254613241,0,0.0299999999999727,2.8599999999999,NA,NA,NA
600,23,TRUE,TRUE,TRUE,0.00292281027295183,0.00245868983322497,0.00246516266102762,4.44089209850063e-16,2.22044604925031e-16,6.55342446975737e-10,0.0298265826993273,0.730599083842765,0.00544297288000864,0.00118502160177059,0.172626811636259,4.22847604432381,0.0315022027018774,0.0320291062319917,0,0.0299999999999727,2.95000000000005,NA,NA,NA
600,24,TRUE,TRUE,TRUE,0.00348798020740922,0.00319401858717296,0.00314731642815509,4.44089209850063e-16,4.44089209850063e-16,5.75095526755831e-14,0.0125180535579188,0.306628437897326,0.00237316813378337,0.000118197738274262,0.0866864991331275,2.12337690464379,0.0164339956224137,0.00719597236689751,0,0.040000000000191,2.81999999999994,NA,NA,NA
600,25,TRUE,TRUE,TRUE,0.00164500314628841,0.00170355610658456,0.00171128193661873,4.44089209850063e-16,4.44089209850063e-16,2.46469511466785e-14,0.00639535679719062,0.156653608761571,0.00120383053955703,2.95390674374119e-05,0.0487300834667913,1.19363839616873,0.00917271147377671,0.00268326167416433,0,0.0399999999999636,2.75,NA,NA,NA
600,26,TRUE,TRUE,TRUE,0.00171454617190958,0.00170005096708271,0.00166660812209579,4.44089209850063e-16,4.44089209850063e-16,6.66133814775094e-16,0.010542060031916,0.258226679159828,0.00195374007021253,8.19589687850453e-05,0.0667703644548834,1.63553322854131,0.0123744255053811,0.00448400700600615,0,0.0299999999999727,2.85000000000014,NA,NA,NA
600,27,TRUE,TRUE,TRUE,0.00246447977380012,0.00190803619671516,0.00195638423957386,4.44089209850063e-16,2.22044604925031e-16,8.88178419700125e-16,0.02318601162446,0.567938976501663,0.00428654608573723,0.000699950452148101,0.176107563657477,4.31373670805525,0.0325581303025099,0.0282578743930131,0,0.0299999999999727,2.83999999999992,NA,NA,NA
600,28,TRUE,TRUE,TRUE,0.00127685251362221,0.00119046521136371,0.00118424033894383,2.22044604925031e-16,2.22044604925031e-16,2.79776202205539e-14,0.00719769300584402,0.176306751895171,0.00134307320824882,6.82468865456087e-05,0.0535968213031367,1.31284864027816,0.0100010454295697,0.00365717621322048,0,0.0399999999999636,2.72000000000003,NA,NA,NA
600,29,TRUE,TRUE,TRUE,0.00169475287641598,0.00159854526156375,0.00158352781600336,2.22044604925031e-16,4.44089209850063e-16,4.67070826459803e-12,0.0119749320960068,0.293324733396938,0.00226147383285647,0.000148446362121746,0.0971856703207475,2.38055302596179,0.0183535780075342,0.00930934481554146,0,0.0499999999999545,2.77999999999997,NA,NA,NA
600,30,TRUE,TRUE,TRUE,0.00206626438324037,0.00199743659202484,0.00197392515309767,2.22044604925031e-16,2.22044604925031e-16,1.59872115546023e-14,0.00790088403373208,0.193531343995461,0.00146360830628684,8.78513310276219e-05,0.0640732699560407,1.56946817543899,0.0118693262321334,0.00472228114869111,0.00999999999999091,0.0299999999999727,2.76999999999998,NA,NA,NA
600,31,TRUE,TRUE,TRUE,0.00131460135984397,0.00125071195517006,0.00125539248955854,6.66133814775094e-16,0,2.60791388484449e-12,0.0183251119467656,0.448871737489559,0.00337577476789105,0.000373410217385128,0.13250700143625,3.24574540865051,0.0244098804589484,0.0145374179309883,0,0.0500000000001819,2.83999999999992,NA,NA,NA
600,32,TRUE,TRUE,TRUE,0.00107822452712916,0.000973495273364034,0.000979383019070932,2.22044604925031e-16,2.22044604925031e-16,1.47215573065296e-13,0.0149733428915451,0.366770498280151,0.00282149342572119,0.00031158567976064,0.0892595998944816,2.18640474386463,0.0168195823810989,0.0101368374945956,0,0.0299999999999727,2.94000000000005,NA,NA,NA
600,33,TRUE,TRUE,TRUE,0.00200166777132351,0.00205531791963547,0.00209684889062621,4.44089209850063e-16,2.22044604925031e-16,6.66133814775094e-16,0.0131670894809757,0.322526506259583,0.00245073486485212,0.000231415154797077,0.078080325800946,1.91256957162586,0.0145327619270656,0.00702683673128845,0.0199999999999818,0.0299999999999727,2.58000000000015,NA,NA,NA
600,34,TRUE,TRUE,TRUE,0.00159205860510417,0.00158179060267162,0.00153789242409753,4.44089209850063e-16,2.22044604925031e-16,5.32907051820075e-15,0.0123700133931386,0.303002209245835,0.00229956759304023,0.000146459942229171,0.106031414639671,2.59722862572665,0.0197110865769026,0.010451938713004,0,0.0499999999999545,2.80999999999995,NA,NA,NA
600,35,TRUE,TRUE,TRUE,0.0037805727346034,0.0032188858025897,0.00307514647182796,4.44089209850063e-16,4.44089209850063e-16,4.75948169764706e-11,0.0440405262768868,1.07876817382007,0.00795790105123864,0.000919938827436795,0.165165833775903,4.04572015692306,0.0298446334171936,0.0266022182622123,0,0.0500000000001819,2.86999999999989,NA,NA,NA
600,36,TRUE,TRUE,TRUE,0.00303792022830457,0.0026608910331498,0.00263888231039718,2.22044604925031e-16,4.44089209850063e-16,3.33066907387547e-15,0.0137602372664425,0.337055600424137,0.00256950912098175,0.000225749277674936,0.0837636468614483,2.0517819380523,0.0156415511193311,0.00689533568948875,0,0.0499999999999545,2.81000000000017,NA,NA,NA
600,37,TRUE,TRUE,TRUE,0.00228071572327685,0.00198442270552469,0.00197862580507696,3.33066907387547e-16,2.22044604925031e-16,6.66133814775094e-16,0.0127850939437747,0.313169564757954,0.0024854630935425,0.000162238603198972,0.112251934699285,2.74959962653465,0.0218221345968025,0.0109237467534804,0.00999999999999091,0.0299999999999727,2.78999999999996,NA,NA,NA
600,38,TRUE,TRUE,TRUE,0.00314319213898263,0.00201730132318064,0.00203207419709348,2.22044604925031e-16,5.55111512312578e-16,8.88178419700125e-16,0.0409238035705872,1.00242437081827,0.00747256502039533,0.00100244735152089,0.229943840831766,5.63245079533577,0.0419870625830527,0.04020009431445,0.0199999999999818,0.0299999999999727,2.80999999999995,NA,NA,NA
600,39,TRUE,TRUE,TRUE,0.00236436679005224,0.00206797249719255,0.00206733272680086,4.44089209850063e-16,3.33066907387547e-16,1.37667655053519e-13,0.0187768847799132,0.459937866698189,0.00363713734604909,0.000468170775210552,0.130080220692457,3.18630166325144,0.0251969181367597,0.0162103955817372,0.0199999999999818,0.0299999999999727,2.83999999999992,NA,NA,NA
600,40,TRUE,TRUE,TRUE,0.00262837757991294,0.00260166487082014,0.00256971106423831,4.44089209850063e-16,4.44089209850063e-16,7.26529947314702e-13,0.0105020666762174,0.257247046014195,0.0019570620856983,0.000173413359899399,0.0932603442335645,2.28440256608545,0.0173790825582931,0.00922459830410816,0,0.0299999999999727,2.71000000000004,NA,NA,NA
600,41,TRUE,TRUE,TRUE,0.00326036941527983,0.00334986971688676,0.00342063094883625,3.33066907387547e-16,4.44089209850063e-16,4.63540317241495e-12,0.0242230308583353,0.593340656266128,0.00430828781774287,0.000304026805331148,0.144624171926122,3.54255425691546,0.0257227331172743,0.0180259973567409,0.00999999999999091,0.040000000000191,2.94999999999982,NA,NA,NA
600,42,TRUE,TRUE,TRUE,0.00226837491756195,0.00175482608100975,0.00170058023188617,4.44089209850063e-16,2.22044604925031e-16,1.59205981731247e-13,0.0248409874752881,0.608477440213236,0.0045240092517635,0.000594952026496287,0.176099384050305,4.31353634941657,0.0320709973170739,0.02582402052413,0,0.0300000000002001,2.79999999999995,NA,NA,NA
600,43,TRUE,TRUE,TRUE,0.00283970467410192,0.0025834678011941,0.00257391023147981,4.44089209850063e-16,4.44089209850063e-16,2.50910403565285e-14,0.00835758311462222,0.20471814113725,0.00158868089430134,8.4149072371531e-05,0.0656682644938334,1.60853740304018,0.0124827854814575,0.00444347720657134,0.0199999999999818,0.0299999999999727,2.74000000000001,NA,NA,NA
600,44,TRUE,TRUE,TRUE,0.00171425564268704,0.00166503115144925,0.00164015832562028,4.44089209850063e-16,5.55111512312578e-16,6.66133814775094e-15,0.0142637220410579,0.349388408334816,0.0026337334099336,0.000146819811700283,0.120743698932168,2.95760452040047,0.0222947918503486,0.0135138243428834,0,0.0299999999999727,2.83000000000015,NA,NA,NA
600,45,TRUE,TRUE,TRUE,0.00238385498018155,0.0024576215400785,0.00245608761222517,1.11022302462516e-16,2.22044604925031e-16,8.88178419700125e-16,0.0115169812109482,0.282107273440441,0.00220792655844721,9.84169549020919e-05,0.0860048244868453,2.10667935410395,0.0164880303840891,0.0067104753224676,0,0.0299999999999727,2.63999999999987,NA,NA,NA
600,46,TRUE,TRUE,TRUE,0.00251414787302698,0.00221139452262836,0.0022062033308579,4.44089209850063e-16,4.44089209850063e-16,1.12354570092066e-13,0.0180011752087063,0.44093694031769,0.00322804943729671,0.000350480962524102,0.133828427040974,3.27811359329673,0.0239986986180203,0.0164691853228049,0,0.0499999999999545,2.89999999999986,NA,NA,NA
600,47,TRUE,TRUE,TRUE,0.00205295244514898,0.00194178039914244,0.00194692301258225,2.22044604925031e-16,2.22044604925031e-16,2.62989630073207e-12,0.00977631663311017,0.239469873150039,0.0018872520875368,0.000126793026623773,0.0909201629812137,2.22708006634658,0.0175515251627947,0.00844705694656511,0.0200000000002092,0.0299999999999727,2.80999999999995,NA,NA,NA
600,48,TRUE,TRUE,TRUE,0.00210296795679605,0.00190337155186255,0.00190615652644144,3.33066907387547e-16,4.44089209850063e-16,1.23900889548167e-13,0.00761999882048991,0.186651089508099,0.0014336249988429,6.53444117766355e-05,0.0663861578340095,1.62612212677191,0.0124898779763653,0.00515233603445253,0.0199999999999818,0.0299999999999727,2.83000000000015,NA,NA,NA
600,49,TRUE,TRUE,TRUE,0.00158938015449753,0.00156418821544989,0.00157698452401408,2.22044604925031e-16,2.22044604925031e-16,6.66133814775094e-15,0.0104369851127785,0.255652879793318,0.0019839051919117,0.000105201165187196,0.077480803721589,1.89788433978629,0.0147278708473533,0.00590097039660975,0,0.0399999999999636,2.82999999999993,NA,NA,NA
600,50,TRUE,TRUE,TRUE,0.00151439984632881,0.00138040373466082,0.00137067935488427,3.33066907387547e-16,4.44089209850063e-16,6.81010803305071e-13,0.011298746961984,0.276761647896823,0.00215783684479018,8.06517862486089e-05,0.0858773899585713,2.10355785840512,0.0164008802755311,0.00721370154831646,0,0.0299999999999727,2.83000000000015,NA,NA,NA
600,51,TRUE,TRUE,TRUE,0.00282411255815562,0.00239485563178646,0.00239865717434437,5.55111512312578e-16,4.44089209850063e-16,2.8643754035329e-14,0.0110579410234626,0.27086313113273,0.00208691217058181,0.000125667811360586,0.102388116506874,2.50798641166477,0.0193232181296473,0.00941162410318697,0,0.160000000000082,2.80999999999995,NA,NA,NA
600,52,TRUE,TRUE,TRUE,0.00130098899028477,0.00118917210744419,0.00119406339669874,2.22044604925031e-16,2.22044604925031e-16,1.82631687550838e-12,0.0122881757737748,0.300997605153782,0.00231992357921557,0.000130095159281751,0.0753346734176055,1.84531509812345,0.0142226713233545,0.00651817240869335,0,0.0299999999999727,2.70000000000005,NA,NA,NA
600,53,TRUE,TRUE,TRUE,0.00310406412852779,0.00284513911816836,0.00283330845128083,4.44089209850063e-16,2.22044604925031e-16,4.25659507641285e-13,0.00978406651459885,0.239659705702182,0.00184111016496431,0.000121284279774869,0.0940949830330551,2.30484695786826,0.0177062604261542,0.0086096154190578,0.0199999999999818,0.0299999999999727,2.81999999999994,NA,NA,NA
600,54,TRUE,TRUE,TRUE,0.00166580796187429,0.00159220144835206,0.00159091326594693,2.22044604925031e-16,4.44089209850063e-16,1.55431223447522e-15,0.00644014216665801,0.157750621792942,0.00120311923032497,5.44256200818438e-05,0.0682857126396212,1.67265152689392,0.0127568385770288,0.00480960930028118,0,0.0299999999999727,2.69999999999982,NA,NA,NA
600,55,TRUE,TRUE,TRUE,0.00341833339644547,0.00322857148596841,0.00319925383632557,2.22044604925031e-16,2.22044604925031e-16,2.53930210192266e-11,0.0168045278523907,0.411625186067453,0.00329721868182546,0.000347055326351153,0.112183590273053,2.74792553682434,0.0220115574142679,0.013294771880755,0,0.0499999999999545,2.91999999999985,NA,NA,NA
600,56,TRUE,TRUE,TRUE,0.00254496342946706,0.00207611267248859,0.00206739170723502,2.22044604925031e-16,5.55111512312578e-16,1.99840144432528e-15,0.0185955593971574,0.455496320046524,0.00358761746388812,0.000361320325104941,0.124662683455561,3.05359964432222,0.024051011895275,0.0138397706783238,0.0199999999999818,0.0299999999999727,2.82999999999993,NA,NA,NA
600,57,TRUE,TRUE,TRUE,0.00215629240417702,0.00212788596112507,0.00213590166072397,4.44089209850063e-16,5.55111512312578e-16,8.88178419700125e-16,0.018828830410467,0.461210269590428,0.00350563222793739,0.000269139411948061,0.103809402779226,2.54280067312161,0.0193276788845836,0.0106225199461676,0,0.0299999999999727,2.84000000000015,NA,NA,NA
600,58,TRUE,TRUE,TRUE,0.00278394231871166,0.00249037457163439,0.0025368025132003,4.44089209850063e-16,2.22044604925031e-16,3.24695825781873e-12,0.0132665965030859,0.32496392055952,0.00241041871595309,0.000220871101667797,0.115641513727336,2.8326270171503,0.0210110007464748,0.0149553414421284,0,0.0499999999999545,2.82999999999993,NA,NA,NA
600,59,TRUE,TRUE,TRUE,0.00181581939407791,0.00173922580889135,0.00169561032620772,4.44089209850063e-16,4.44089209850063e-16,2.096989248912e-12,0.0176532209234651,0.43241383579113,0.00327608648188163,0.000276849106306543,0.113224702052238,2.77342746306638,0.021012251385545,0.0115932842050341,0,0.0500000000001819,2.8599999999999,NA,NA,NA
600,60,TRUE,TRUE,TRUE,0.00238042090896708,0.00193134598844442,0.00195908048165771,6.66133814775094e-16,4.44089209850063e-16,2.06488159903984e-11,0.0157752074126188,0.386412087474868,0.00289371126930332,0.000233885082231211,0.124809899529725,3.05720568695859,0.0228943939273268,0.0146597077740651,0.0199999999999818,0.0299999999999727,2.97000000000003,NA,NA,NA
600,61,TRUE,TRUE,TRUE,0.00155080112365598,0.00166276060167567,0.0017090994553254,2.22044604925031e-16,4.44089209850063e-16,1.33226762955019e-15,0.0154421036643941,0.378252745329278,0.00285867752530353,0.000233363782079721,0.1184355782562,2.90106734119155,0.0219250649468173,0.0134828729951479,0,0.0500000000001819,2.81999999999994,NA,NA,NA
600,62,TRUE,TRUE,TRUE,0.00178737353791822,0.00182113009315599,0.00182284065725669,4.44089209850063e-16,4.44089209850063e-16,4.44089209850063e-16,0.0131885497136996,0.323052172458933,0.00242812336846034,0.00014316901639333,0.0668484126960561,1.63744501220326,0.0123073572557541,0.00627610755115171,0.00999999999999091,0.0299999999999727,2.72000000000003,NA,NA,NA
600,63,TRUE,TRUE,TRUE,0.00163785522801995,0.00164420902417989,0.00162362182087857,2.22044604925031e-16,4.44089209850063e-16,5.93081139754759e-13,0.00982476103689865,0.240656513851791,0.00183606610586341,0.00011460891743198,0.0953384420931944,2.33530536000208,0.0178169913197596,0.00790475891439613,0,0.0299999999999727,2.86000000000013,NA,NA,NA
600,64,TRUE,TRUE,TRUE,0.00147854776053525,0.00121845551519884,0.00124254975464687,3.33066907387547e-16,3.33066907387547e-16,4.15978362866554e-12,0.0136928655332506,0.335405336730068,0.00253792369122213,0.000207823928729312,0.111431223835885,2.72949639811776,0.0206533791066764,0.0109180366337434,0.0199999999999818,0.0299999999999727,2.94000000000005,NA,NA,NA
600,65,TRUE,TRUE,TRUE,0.00168414776133021,0.00152620494154235,0.00152149289408541,4.44089209850063e-16,2.22044604925031e-16,1.86517468137026e-14,0.0106312639576816,0.260411720171615,0.00198286473175879,0.000135218433740647,0.0708057671526147,1.73438000370224,0.0132061680578066,0.00565860094264536,0,0.0499999999999545,2.65000000000009,NA,NA,NA
600,66,TRUE,TRUE,TRUE,0.00172194512799473,0.00158769988720358,0.00159516322228287,2.22044604925031e-16,4.44089209850063e-16,1.56941126761012e-12,0.00512250930665286,0.125475340039575,0.000965935659558088,3.05354656440215e-05,0.0570032061442328,1.39628768756053,0.0107489174206759,0.00384793530668404,0.0199999999999818,0.0299999999999727,2.57999999999993,NA,NA,NA
600,67,TRUE,TRUE,TRUE,0.0021543184512295,0.00200949679896702,0.00204051307422985,2.22044604925031e-16,4.44089209850063e-16,9.44515576861704e-11,0.0171541327366296,0.420188721847152,0.00309839066417575,0.000266056281468252,0.0981964184273679,2.40531119715883,0.0177363012623296,0.0105858236735905,0.0199999999999818,0.0300000000002001,2.82999999999993,NA,NA,NA
600,68,TRUE,TRUE,TRUE,0.00179630246922964,0.00145004687643143,0.00142221477511432,2.22044604925031e-16,2.22044604925031e-16,3.62683216792448e-11,0.0189777484531412,0.464858001770886,0.00348561828243598,0.000211976267387115,0.106309152870383,2.60403179519972,0.0195256633182929,0.00861777300054811,0,0.0299999999999727,2.77999999999997,NA,NA,NA
600,69,TRUE,TRUE,TRUE,0.00141849324497262,0.00114108678379906,0.00112124193797694,4.44089209850063e-16,2.22044604925031e-16,3.28626015289046e-14,0.0152033215849089,0.372403802784685,0.00287893398082927,0.000260012594278436,0.12811821543755,3.13824254577964,0.0242607434123138,0.0147062276488974,0,0.0500000000001819,2.72000000000003,NA,NA,NA
600,70,TRUE,TRUE,TRUE,0.00155276438652335,0.00130742911792568,0.00129138868916975,2.22044604925031e-16,4.44089209850063e-16,2.88657986402541e-15,0.0135615677835611,0.332189211818918,0.00253114889850387,0.000136400331768982,0.0871016763503785,2.13354662799472,0.0162567717590399,0.0073181221292451,0,0.0299999999999727,2.79999999999995,NA,NA,NA
600,71,TRUE,TRUE,TRUE,0.00152284663101015,0.00140028440633904,0.00138667770553832,2.22044604925031e-16,2.22044604925031e-16,9.88986670336089e-13,0.0260408813907252,0.637868718596146,0.00488026194453542,0.000299669791001378,0.104884882272141,2.5691444329863,0.0196562355870227,0.010181820005343,0,0.0499999999999545,2.73000000000002,NA,NA,NA
600,72,TRUE,TRUE,TRUE,0.00182958211292877,0.00183460714526866,0.00182892031007586,2.22044604925031e-16,4.44089209850063e-16,4.89985829688067e-12,0.00858076116466176,0.210184864581112,0.00159365758541129,9.18307446227118e-05,0.0837084356050924,2.050429543991,0.0155467074313129,0.00755884193145206,0.0199999999999818,0.0300000000002001,2.79999999999995,NA,NA,NA
600,73,TRUE,TRUE,TRUE,0.00149968952739816,0.00133870870941393,0.00140475902985475,2.22044604925031e-16,4.44089209850063e-16,5.86197757002083e-14,0.0446114203881131,1.09275216651671,0.00844429181814594,0.0010702610595601,0.168628026867669,4.13052622158122,0.0319188283000326,0.0204900806154207,0.0199999999999818,0.0299999999999727,2.95000000000005,NA,NA,NA
600,74,TRUE,TRUE,TRUE,0.00238406075045337,0.00177370925794129,0.00178225055382773,4.44089209850063e-16,6.66133814775094e-16,3.5527136788005e-14,0.0197569335703043,0.483944061293091,0.0036415818808108,0.000393011074905303,0.145435037112815,3.5624163164913,0.0268064674156271,0.0199449150498729,0,0.0499999999999545,2.78999999999996,NA,NA,NA
600,75,TRUE,TRUE,TRUE,0.00277867830231903,0.00263811517411003,0.00263486475686481,2.22044604925031e-16,2.22044604925031e-16,5.6399329650958e-14,0.0107095068835114,0.262328272614269,0.00191983699540517,0.000134405146361871,0.100878267831718,2.47100282323526,0.0180839167220577,0.00952063425970096,0,0.0299999999999727,2.79999999999995,NA,NA,NA
600,76,TRUE,TRUE,TRUE,0.00348046888424147,0.00325430335922085,0.00324774777468879,2.22044604925031e-16,2.22044604925031e-16,7.54951656745106e-15,0.00773211074785742,0.189397259669403,0.00136804669399754,7.12124151966975e-05,0.0810230652833324,1.98465167340375,0.0143354564119667,0.00637004379266415,0,0.0299999999999727,2.84000000000015,NA,NA,NA
600,77,TRUE,TRUE,TRUE,0.00339348967886291,0.00323928679367145,0.00326186896278802,2.22044604925031e-16,3.33066907387547e-16,8.88178419700125e-16,0.01765105424622,0.432360763254254,0.00350969765985294,0.000263890050899107,0.0949331577393881,2.32537796132649,0.0188763048887991,0.00853938201221283,0.00999999999999091,0.0299999999999727,2.8599999999999,NA,NA,NA
600,78,TRUE,TRUE,TRUE,0.00187672310134286,0.00170618807805976,0.00178466365862772,4.44089209850063e-16,3.33066907387547e-16,1.22124532708767e-14,0.0219216323137987,0.536968134977141,0.00401899799082589,0.000281310863435635,0.0974824996083185,2.38782382891441,0.0178719341907723,0.0114018847968751,0,0.040000000000191,2.88999999999987,NA,NA,NA
600,79,TRUE,TRUE,TRUE,0.00225119511334303,0.00213770381095988,0.00215024285842724,2.22044604925031e-16,2.22044604925031e-16,4.44089209850063e-16,0.0191863380250301,0.469967381938821,0.00365196693243288,0.000444886517652066,0.0942895166189053,2.30961203809992,0.0179472599887535,0.0100253823227625,0,0.0299999999999727,2.72000000000003,NA,NA,NA
600,80,TRUE,TRUE,TRUE,0.00285842974926104,0.00290908167906127,0.00292752804421697,5.55111512312578e-16,4.44089209850063e-16,2.91855428713461e-12,0.0142546690971383,0.349166657402087,0.00272180464410822,0.000221924433112974,0.114013618068857,2.79275187997264,0.0217699052174908,0.0114036733169485,0,0.0500000000001819,2.78999999999996,NA,NA,NA
600,81,TRUE,TRUE,TRUE,0.00218082173944347,0.00208170030992059,0.00208944221583683,4.44089209850063e-16,6.66133814775094e-16,1.11022302462516e-15,0.0105902849662311,0.259407943979339,0.00196948705688213,0.000142025694586323,0.061502097541899,1.50648757088532,0.0114376133849191,0.00447094545785376,0.0199999999999818,0.0299999999999727,2.74000000000001,NA,NA,NA
600,82,TRUE,TRUE,TRUE,0.00379944732488383,0.00379768597064664,0.00380411165952557,0,2.22044604925031e-16,7.8799589076084e-10,0.00859079337427001,0.210430602526441,0.00167606303164673,0.000100947565787379,0.0875497696349233,2.14452262703775,0.0170809523546189,0.00732545415329966,0,0.0399999999999636,2.75,NA,NA,NA
600,83,TRUE,TRUE,TRUE,0.00323903313409125,0.00298942436856796,0.00301786034843701,3.33066907387547e-16,4.44089209850063e-16,6.99440505513849e-14,0.0115935382826484,0.283982531059114,0.00225313179099191,0.00013671270685478,0.0922917279913786,2.26067641058617,0.0179363211914499,0.00790842690944871,0.0199999999999818,0.0300000000002001,2.77999999999997,NA,NA,NA
600,84,TRUE,TRUE,TRUE,0.00244518027318532,0.00239611160012452,0.00238508947480024,2.22044604925031e-16,4.44089209850063e-16,3.90798504668055e-14,0.0139436827805753,0.341549079476415,0.00266817083464764,0.000190670645451974,0.115422499201887,2.82726227881422,0.0220864853911938,0.011795718123615,0.0199999999999818,0.0299999999999727,2.69000000000005,NA,NA,NA
600,85,TRUE,TRUE,TRUE,0.00191980359915051,0.00166570617458376,0.00166013318778866,3.33066907387547e-16,6.66133814775094e-16,3.99680288865056e-15,0.00995194686094781,0.243771917566149,0.00182008148020244,0.00011010896201924,0.104842367252549,2.56810303194225,0.019174303645626,0.0103128060376179,0,0.0299999999999727,2.82999999999993,NA,NA,NA
600,86,TRUE,TRUE,TRUE,0.00275399548791045,0.00236722360819002,0.00238415934897148,4.44089209850063e-16,2.22044604925031e-16,1.55431223447522e-15,0.0169514891022494,0.415224986808607,0.00314734963115182,0.000284917598825984,0.106604671952617,2.611270504807,0.0197930797067619,0.0107155942315877,0.0199999999999818,0.0300000000002001,2.87999999999988,NA,NA,NA
600,87,TRUE,TRUE,TRUE,0.00135348132882545,0.00126875360136506,0.00127860786787948,3.33066907387547e-16,4.44089209850063e-16,5.55111512312578e-15,0.00934684936748064,0.228950116529833,0.00176528354523529,8.46873336008969e-05,0.0589801139858844,1.44471184236606,0.011139221423384,0.00367005700163148,0,0.0299999999999727,2.91000000000008,NA,NA,NA
600,88,TRUE,TRUE,TRUE,0.00374428132611247,0.00345142885193025,0.00333469614754388,4.44089209850063e-16,2.22044604925031e-16,1.33226762955019e-15,0.0289166548920498,0.708310495536769,0.0055780343064524,0.000764199506832597,0.152101693992554,3.72571539294706,0.0293404776703011,0.0217501987637689,0,0.0299999999999727,2.80999999999995,NA,NA,NA
600,89,TRUE,TRUE,TRUE,0.00174253533367349,0.00171822285464646,0.00172336383879754,4.44089209850063e-16,2.22044604925031e-16,5.82933701309685e-12,0.013278667131773,0.3252595893711,0.00252044060241698,0.000139843517104055,0.076969074461087,1.88534958403947,0.0146095973697532,0.00711012199897709,0,0.0499999999999545,2.83999999999992,NA,NA,NA
600,90,TRUE,TRUE,TRUE,0.00166441049859101,0.00190612618991725,0.00188532006588444,2.22044604925031e-16,2.22044604925031e-16,1.00586206031039e-13,0.00858368751819688,0.210256545310792,0.00158863551064835,6.95921683693257e-05,0.0722271318728946,1.76919618673303,0.0133675167324433,0.0051534547152734,0.00999999999999091,0.0299999999999727,2.65000000000009,NA,NA,NA
600,91,TRUE,TRUE,TRUE,0.00200577214180655,0.00161673223556026,0.00162498666142262,4.44089209850063e-16,2.22044604925031e-16,6.29274410357539e-13,0.0225370101886908,0.552041752901981,0.00424800240828926,0.000610432286372031,0.133294504908107,3.26503522541769,0.0251246892609341,0.0183403372345659,0,0.0299999999999727,2.83000000000015,NA,NA,NA
600,92,TRUE,TRUE,TRUE,0.00201343523794284,0.00179961573835023,0.00177109867118025,2.22044604925031e-16,2.22044604925031e-16,6.66133814775094e-16,0.00933404213325375,0.228636404641111,0.00178156211551254,7.24031025036709e-05,0.0993474704629033,2.43350609870336,0.0189621695640463,0.00904043757833506,0.00999999999999091,0.0299999999999727,2.90999999999985,NA,NA,NA
600,93,TRUE,TRUE,TRUE,0.00470643896352446,0.00402553412204876,0.00402424902038914,3.33066907387547e-16,2.22044604925031e-16,3.70592445619877e-13,0.0187417169482831,0.459076434269651,0.00333974126947209,0.000468364760980222,0.139696190535078,3.42184385821557,0.024893617484751,0.0171168054478663,0.0199999999999818,0.0299999999999727,2.83999999999992,NA,NA,NA
600,94,TRUE,TRUE,TRUE,0.003539993878245,0.0031956606845066,0.00319409474834155,4.44089209850063e-16,4.44089209850063e-16,2.88657986402541e-14,0.0345764733445989,0.846947167992109,0.0062689876184028,0.00102019868511505,0.128638072508565,3.15097639141128,0.0233230982169373,0.0183012103324103,0.00999999999999091,0.0299999999999727,2.85000000000014,NA,NA,NA
600,95,TRUE,TRUE,TRUE,0.00132774727562377,0.0013390382413845,0.0013668303058896,2.22044604925031e-16,2.22044604925031e-16,7.54670748115416e-09,0.0134762264068887,0.330098783550977,0.00254613673574893,0.00012438468875331,0.0982180827427863,2.40584186234285,0.0185568764604907,0.010283168829865,0.0199999999999818,0.0299999999999727,2.83999999999992,NA,NA,NA
600,96,TRUE,TRUE,TRUE,0.00224290744938533,0.00209503696519954,0.00211611016826649,2.22044604925031e-16,4.44089209850063e-16,4.44089209850063e-16,0.0143567136005933,0.35166622704729,0.00277872483346159,0.000106167417769143,0.064416403588365,1.57787319856682,0.0124677182615022,0.00511097805488703,0.0199999999999818,0.0299999999999727,2.70000000000005,NA,NA,NA
600,97,TRUE,TRUE,TRUE,0.0021371441210919,0.00206105019653235,0.00207096495167962,2.22044604925031e-16,2.22044604925031e-16,4.44089209850063e-16,0.00766778441316626,0.187821592699235,0.00141243931598329,8.50338923754634e-05,0.0787294320166815,1.92846936180007,0.0145023045919827,0.00658074529487251,0,0.0299999999999727,2.82999999999993,NA,NA,NA
600,98,TRUE,TRUE,TRUE,0.00173081079356339,0.00155663205615764,0.00155889570650871,2.22044604925031e-16,2.22044604925031e-16,3.33066907387547e-14,0.0141559455238535,0.346748433600766,0.0026153535352775,0.000195535577525163,0.102948882519918,2.5217223176353,0.0190201158515084,0.00982715982994264,0,0.0299999999999727,2.80000000000018,NA,NA,NA
600,99,TRUE,TRUE,TRUE,0.00306695084748207,0.00306769140700726,0.00295316064348318,2.22044604925031e-16,0,9.50972633972924e-12,0.0124407520961149,0.304734946519417,0.00229411627142861,9.35098465681961e-05,0.0788772775176704,1.93209082218196,0.0145452336322808,0.00698465813010785,0.00999999999999091,0.0399999999999636,2.58999999999992,NA,NA,NA
600,100,TRUE,TRUE,TRUE,0.00235709668599846,0.00214817818479511,0.00215433757824942,4.44089209850063e-16,2.22044604925031e-16,1.73194791841524e-14,0.00943940445544361,0.23121724391591,0.00173347466835299,0.000110896731630561,0.06635423123774,1.62534008807107,0.0121854487252452,0.00509131549629771,0,0.0500000000001819,2.83999999999992,NA,NA,NA
600,101,TRUE,TRUE,TRUE,0.00215670862119353,0.00218824013927283,0.0021682195809781,4.44089209850063e-16,4.44089209850063e-16,2.8643754035329e-14,0.0127831141419378,0.313121069715033,0.00233934873807438,0.000254211302912921,0.0897906962685505,2.19941389507174,0.0164319703066354,0.00902109054876021,0.0199999999999818,0.0299999999999727,2.8900000000001,NA,NA,NA
600,102,TRUE,TRUE,TRUE,0.00170297575318189,0.001326402204723,0.00128969184816743,4.44089209850063e-16,2.22044604925031e-16,1.11022302462516e-15,0.0213790210443093,0.523676927587814,0.00409339278551123,0.000327924254527545,0.131900795766577,3.23089646295169,0.0252547469163847,0.0173042290945276,0,0.0299999999999727,2.80999999999995,NA,NA,NA
600,103,TRUE,TRUE,TRUE,0.00203144395008211,0.00178403796422056,0.00187930642706732,4.44089209850063e-16,2.22044604925031e-16,1.58095758706622e-13,0.0274978174716792,0.673556218458023,0.00519696061914764,0.000487380587308905,0.159232553119018,3.90038505582212,0.0300942177937635,0.0177254143061738,0,0.0399999999999636,2.66999999999985,NA,NA,NA
600,104,TRUE,TRUE,TRUE,0.00154396355530677,0.0013764146723134,0.00138608647004087,3.33066907387547e-16,4.44089209850063e-16,2.22044604925031e-15,0.00718262383503331,0.175937634101841,0.00133161075337435,6.68203187785821e-05,0.0779950304174741,1.91048026995665,0.0144597606110311,0.0062902642267062,0,0.0299999999999727,2.82999999999993,NA,NA,NA
600,105,TRUE,TRUE,TRUE,0.00223018357430827,0.00201478462683764,0.00203749088668916,4.44089209850063e-16,4.44089209850063e-16,5.92859095149834e-14,0.00759493322249125,0.186037110256155,0.00144214837345404,6.94658488384903e-05,0.0812670392969993,1.99062779184357,0.0154312256743121,0.0060630778723656,0,0.0399999999999636,2.83000000000015,NA,NA,NA
600,106,TRUE,TRUE,TRUE,0.00272783059639984,0.00214610648412095,0.00214815107784797,2.22044604925031e-16,4.44089209850063e-16,1.11022302462516e-15,0.0152908187664991,0.374547037272961,0.0028785036917429,0.000384783484904005,0.146083644373438,3.57830388481121,0.0275003134922691,0.0207385726918758,0.0199999999999818,0.0299999999999727,2.94000000000005,NA,NA,NA
600,107,TRUE,TRUE,TRUE,0.00213460699689688,0.00207166680355479,0.00207737493936003,2.22044604925031e-16,4.44089209850063e-16,2.22044604925031e-15,0.00999519575449379,0.244831294777425,0.00185703161543207,0.000177086690261063,0.0792761073155076,1.94186011717114,0.0147288998884384,0.00763622425833788,0.0199999999999818,0.0299999999999727,2.70000000000005,NA,NA,NA
600,108,TRUE,TRUE,TRUE,0.0019512827177916,0.00189683178450689,0.00189940379112357,2.22044604925031e-16,4.44089209850063e-16,8.88178419700125e-16,0.00554541715000649,0.135834424283948,0.00102340657708677,5.78015163306134e-05,0.0640912996512545,1.56990981097391,0.0118280475251634,0.00571443574898467,0,0.0499999999999545,2.79999999999995,NA,NA,NA
600,109,TRUE,TRUE,TRUE,0.00192353942857471,0.00162116767913184,0.00169124760474295,4.44089209850063e-16,5.55111512312578e-16,1.33226762955019e-15,0.0246908178100865,0.60479904966735,0.00470326708003304,0.000392586353264335,0.132361601569541,3.24218385382945,0.0252130961441123,0.0166453066216796,0,0.0299999999999727,2.86000000000013,NA,NA,NA
600,110,TRUE,TRUE,TRUE,0.00221649273209314,0.00198791452815168,0.00196724778175286,2.22044604925031e-16,4.44089209850063e-16,5.59552404411079e-14,0.0132619174606578,0.324849307895185,0.0024770503231725,0.000182281412890006,0.0990696424890894,2.42670073098221,0.0185041484892495,0.0105473286766014,0.00999999999999091,0.0299999999999727,2.85000000000014,NA,NA,NA
600,111,TRUE,TRUE,TRUE,0.00203540818403261,0.00186363428974934,0.0018365325699471,3.33066907387547e-16,4.44089209850063e-16,4.52349269153274e-12,0.0172287984024275,0.422017649672254,0.00327257953559873,0.000133501895835053,0.0705385272427299,1.72783398952099,0.0133986674713952,0.0036045116733483,0,0.0299999999999727,2.78999999999996,NA,NA,NA
600,112,TRUE,TRUE,TRUE,0.00238580571543209,0.00206472379519547,0.00204331259847046,2.22044604925031e-16,4.44089209850063e-16,3.24851257005321e-13,0.014825363707556,0.363145763346884,0.00275221238159553,0.00022449680006531,0.0858098386480467,2.1019031959827,0.0159299228705939,0.00749463006228979,0,0.0399999999999636,2.83000000000015,NA,NA,NA
600,113,TRUE,TRUE,TRUE,0.00147471356123119,0.00143464011096674,0.00146055651790588,4.44089209850063e-16,2.22044604925031e-16,1.03801855999563e-10,0.0119282996237655,0.292182475772581,0.00224615098374381,0.000145855131911787,0.0922901172863394,2.26063695653145,0.0173786326862154,0.0089729498503992,0,0.0299999999999727,2.84999999999991,NA,NA,NA
600,114,TRUE,TRUE,TRUE,0.00186303368467249,0.00161769848757221,0.00167205907777824,3.33066907387547e-16,2.22044604925031e-16,7.23821003134617e-12,0.0207060598849024,0.507192813015227,0.00394034025192854,0.000367673062985574,0.0942016275857661,2.30745920524815,0.017926465345733,0.0102632027189422,0,0.0299999999999727,2.88000000000011,NA,NA,NA
600,115,TRUE,TRUE,TRUE,0.00159140588113612,0.00151215917797664,0.00153397134910865,2.22044604925031e-16,2.22044604925031e-16,1.77635683940025e-15,0.00860260768185355,0.21071999277888,0.00160066784676068,7.66184887908139e-05,0.0772421238639146,1.89203790115447,0.0143722681141533,0.00633706892335084,0,0.0299999999999727,2.95000000000005,NA,NA,NA
600,116,TRUE,TRUE,TRUE,0.00305182313737768,0.00277458680836714,0.00273433989931005,4.44089209850063e-16,4.44089209850063e-16,8.88178419700125e-16,0.0166913272386681,0.40885234864555,0.00321534890963956,0.00030614659609185,0.121338788882229,2.97218118768754,0.0233742072724825,0.0134227577191552,0.00999999999999091,0.0299999999999727,2.83000000000015,NA,NA,NA
600,117,TRUE,TRUE,TRUE,0.00161383321227525,0.00141668162717314,0.00143922045834245,3.33066907387547e-16,3.33066907387547e-16,1.77635683940025e-15,0.012072592148438,0.295716906364036,0.00227474022089158,0.000147006680688122,0.10020020081497,2.45439364121085,0.0188799078220096,0.00917598196797087,0,0.0299999999999727,2.83999999999992,NA,NA,NA
600,118,TRUE,TRUE,TRUE,0.00194645695541118,0.0019875680733798,0.00209534584758661,4.44089209850063e-16,2.22044604925031e-16,1.71995750974929e-12,0.0281419965446978,0.689335318776769,0.00536152794601404,0.000538097490498046,0.119893706290211,2.93678403782131,0.0228417857917503,0.0144580387876267,0.0199999999999818,0.0300000000002001,2.84999999999991,NA,NA,NA
600,119,TRUE,TRUE,TRUE,0.00248440039911013,0.00227926473915989,0.00226930616055825,4.44089209850063e-16,4.44089209850063e-16,2.8421709430404e-14,0.0150721532067546,0.369190846816019,0.00273016802679222,0.000254307967850309,0.125463461206444,3.07321461319259,0.0227264363371128,0.0165982652591339,0,0.0399999999999636,2.94000000000005,NA,NA,NA
600,120,TRUE,TRUE,TRUE,0.00158680664693462,0.00134020863176343,0.00134659731966353,2.22044604925031e-16,2.22044604925031e-16,2.30926389122033e-14,0.0176276911164913,0.431788485787956,0.00335291255237243,0.000364824513511053,0.110810039035338,2.71428054014464,0.0210768596043119,0.0131516012536359,0,0.0299999999999727,2.50999999999999,NA,NA,NA
600,121,TRUE,TRUE,TRUE,0.00181692256217601,0.00163622646078496,0.0016175485424481,6.66133814775094e-16,4.44089209850063e-16,4.44089209850063e-16,0.0138276828081759,0.33870767205086,0.00258013870167809,0.000239531075305166,0.119415511783444,2.92507071242749,0.0222820112239618,0.0133330826021663,0.00999999999999091,0.0299999999999727,2.77999999999997,NA,NA,NA
600,122,TRUE,TRUE,TRUE,0.00384731277009752,0.00247539941839704,0.00255911749176198,2.22044604925031e-16,2.22044604925031e-16,5.44009282066327e-14,0.0424448731552074,1.03968281427414,0.00805997868752027,0.00104637411028818,0.180893264203223,4.43096195204361,0.0343503407081114,0.0271963844493825,0.00999999999999091,0.0299999999999727,2.71000000000004,NA,NA,NA
600,123,TRUE,TRUE,TRUE,0.00228224905376034,0.00228484669506707,0.00229249162925925,1.11022302462516e-16,4.44089209850063e-16,6.66133814775094e-16,0.00905964741228448,0.22191513409623,0.00173300603585612,0.000130168441444312,0.0678261190455091,1.66139382894765,0.0129743541161635,0.00461506113640553,0,0.0299999999999727,2.87000000000012,NA,NA,NA
600,124,TRUE,TRUE,TRUE,0.00280523988305405,0.0022919328047406,0.00241487368141567,4.44089209850063e-16,2.22044604925031e-16,1.12798659301916e-13,0.0322173400136833,0.789160439032752,0.00583209148808068,0.000618156953191118,0.169871899655235,4.16099475792592,0.0307507838829221,0.0287983213120739,0,0.0499999999999545,2.8900000000001,NA,NA,NA
600,125,TRUE,TRUE,TRUE,0.00249960666973218,0.00250652592120719,0.00252082307576767,2.22044604925031e-16,2.22044604925031e-16,1.86517468137026e-14,0.0219680973140978,0.538106290393453,0.00423432497326971,0.000373881006225929,0.146234890113604,3.58200863370297,0.0281866034330617,0.0193150956300876,0,0.0499999999999545,2.75,NA,NA,NA
600,126,TRUE,TRUE,TRUE,0.00149715209473625,0.00143072330917498,0.00144927985103228,4.44089209850063e-16,2.22044604925031e-16,1.03317354671617e-12,0.0117168517688892,0.28700308225605,0.00219120221880959,0.000149025034282602,0.0931390906841307,2.2814324728293,0.0174182097879628,0.00845826359908131,0.0199999999999818,0.0299999999999727,2.83000000000015,NA,NA,NA
600,127,TRUE,TRUE,TRUE,0.00152628211221498,0.00161585227320714,0.00163749123545908,4.44089209850063e-16,4.44089209850063e-16,3.5527136788005e-15,0.01818166289222,0.445357967612343,0.00335423596263293,0.000192363438639376,0.0792255072031319,1.94062067260866,0.0146158823312191,0.0054587641665016,0,0.0299999999999727,2.8599999999999,NA,NA,NA
600,128,TRUE,TRUE,TRUE,0.00126759071971182,0.00128240088912188,0.00128182349300763,3.33066907387547e-16,2.22044604925031e-16,3.08197911635943e-13,0.0104354449951208,0.255615154769265,0.001942919359778,0.000127912948851616,0.0836022004403043,2.04782732452629,0.0155654439107728,0.00590253563586529,0.00999999999999091,0.040000000000191,2.94999999999982,NA,NA,NA
600,129,TRUE,TRUE,TRUE,0.00348594452352139,0.00326198332351366,0.0032642071688081,2.22044604925031e-16,6.66133814775094e-16,5.42393285840603e-09,0.00870965089781974,0.213342005374318,0.00156721028227098,9.23770031349136e-05,0.0854935380495697,2.09415544526664,0.0153836650252596,0.00767378796106755,0,0.0300000000002001,2.78999999999996,NA,NA,NA
600,130,TRUE,TRUE,TRUE,0.00244072175625394,0.0023395257722815,0.00230713799300082,4.44089209850063e-16,2.22044604925031e-16,1.09245945623115e-13,0.00968343066258679,0.237194640829584,0.00185672105857597,6.94776881964287e-05,0.0843590651441398,2.06636664781348,0.016175181936302,0.00697846551263837,0.00999999999999091,0.0299999999999727,2.61000000000013,NA,NA,NA
600,131,TRUE,TRUE,TRUE,0.0033097393135702,0.00283645065863298,0.00277993634537842,4.44089209850063e-16,2.22044604925031e-16,2.88657986402541e-15,0.0263066681225606,0.644379137330135,0.00499154197205334,0.00054519938520059,0.163490619644137,4.0046859585958,0.0310214233968632,0.0205600113483975,0,0.0499999999999545,2.80999999999995,NA,NA,NA
600,132,TRUE,TRUE,TRUE,0.00282958092567229,0.00272903902646887,0.00276822616480865,2.22044604925031e-16,2.22044604925031e-16,1.99840144432528e-15,0.0101345320285863,0.248244322519299,0.00180785916513779,0.000119322603033822,0.079474649845183,1.9467233960706,0.014177169080275,0.0078823791645739,0,0.0499999999999545,2.7800000000002,NA,NA,NA
600,133,TRUE,TRUE,TRUE,0.00182332247790656,0.0017315276565686,0.00173142131618569,4.44089209850063e-16,5.55111512312578e-16,6.31753360735843e-09,0.00750183836132238,0.183756761180765,0.00142533596081386,8.97786458331495e-05,0.0535786206525242,1.31240281720829,0.0101798427356925,0.00336403241456651,0.00999999999999091,0.0299999999999727,2.81999999999994,NA,NA,NA
600,134,TRUE,TRUE,TRUE,0.00218428468981055,0.00196217406581677,0.00192819478643576,3.33066907387547e-16,2.22044604925031e-16,3.77475828372553e-15,0.0135049037148736,0.330801231268573,0.00248424810826747,0.000257363682866441,0.112979551200838,2.767422518107,0.0207827647104567,0.0137703742545021,0.00999999999999091,0.0299999999999727,2.80000000000018,NA,NA,NA
600,135,TRUE,TRUE,TRUE,0.00265683714342212,0.0019408853607016,0.00196077833364426,4.44089209850063e-16,2.22044604925031e-16,8.88178419700125e-16,0.0285033889388331,0.698187588402312,0.00537819423993414,0.000740946632173944,0.129817055440981,3.17985545740999,0.0244946782053236,0.0174583047144523,0.0199999999999818,0.0299999999999727,2.76999999999998,NA,NA,NA
600,136,TRUE,TRUE,TRUE,0.00143680641291896,0.00133531573784759,0.00132933124362668,1.11022302462516e-16,2.22044604925031e-16,5.32907051820075e-14,0.013771103195174,0.337321760233874,0.00256574937329595,0.00017442960841052,0.108022842544612,2.64600844799309,0.020126168298384,0.0105082724686767,0,0.0299999999999727,2.83000000000015,NA,NA,NA
600,137,TRUE,TRUE,TRUE,0.00227569040625759,0.00206970012686381,0.00208312880136429,3.33066907387547e-16,3.33066907387547e-16,1.77635683940025e-15,0.0148086298992786,0.362735870429551,0.00276808133034966,0.000162234504472281,0.110069906850217,2.69615107818705,0.0205746552015763,0.01027265754146,0.0199999999999818,0.0299999999999727,2.79999999999995,NA,NA,NA
600,138,TRUE,TRUE,TRUE,0.00248701057789995,0.0021277185342852,0.00213920015496911,2.22044604925031e-16,4.44089209850063e-16,2.67785793539588e-13,0.0128245865721318,0.314136932638718,0.00243415218173806,0.000156456339517774,0.0929629217136468,2.27711723196733,0.0176446934516972,0.00879924896137751,0,0.150000000000091,2.56999999999994,NA,NA,NA
600,139,TRUE,TRUE,TRUE,0.00189482798379366,0.00158272166913995,0.00160212440348573,4.44089209850063e-16,2.22044604925031e-16,1.86752835418247e-11,0.00776864671183149,0.190292204359375,0.00148367631077179,0.000102939705236338,0.069014676013776,1.69050740997248,0.0131806019369221,0.00550858921409159,0.0199999999999818,0.0299999999999727,2.70000000000005,NA,NA,NA
600,140,TRUE,TRUE,TRUE,0.00220478208842051,0.00221938526488572,0.00226835201472478,3.33066907387547e-16,4.44089209850063e-16,8.39328606616618e-14,0.0135903430256147,0.332894058421482,0.00245715686288913,0.000164783713394456,0.111437276166158,2.729644649327,0.0201480468445322,0.0117370932637328,0,0.0299999999999727,2.75999999999999,NA,NA,NA
600,141,TRUE,TRUE,TRUE,0.00264978664262705,0.00258583892732254,0.00257314237370453,4.44089209850063e-16,3.33066907387547e-16,7.26085858104852e-14,0.0143573569028019,0.351681984668906,0.00259844817052396,0.000186134425753437,0.0909396031225967,2.22755625061574,0.0164585896249449,0.00906595527282406,0.00999999999999091,0.0299999999999727,2.82999999999993,NA,NA,NA
600,142,TRUE,TRUE,TRUE,0.00184325571251807,0.00139389774564256,0.00134476549734636,2.22044604925031e-16,2.22044604925031e-16,1.47659662275146e-13,0.0209531004172193,0.513244045514845,0.00393471098221163,0.000260887538214405,0.115644071059756,2.83268965874561,0.0217164041295074,0.0123130333642116,0,0.0299999999999727,2.94000000000005,NA,NA,NA
600,143,TRUE,TRUE,TRUE,0.00263439829590493,0.00208081863044217,0.002211102694986,3.33066907387547e-16,3.33066907387547e-16,1.77635683940025e-15,0.029727642030379,0.728175542305435,0.00550936291327514,0.000741942443397647,0.158602361139011,3.88494856791201,0.0293934502280468,0.0219678183838461,0.0199999999999818,0.0299999999999727,2.81000000000017,NA,NA,NA
600,144,TRUE,TRUE,TRUE,0.00315994519284165,0.00290360327975502,0.00290043343199117,2.22044604925031e-16,2.22044604925031e-16,4.39129244078629e-09,0.0139051187307893,0.340604457032506,0.00270311427732685,0.000238159019016138,0.0999871938357543,2.44917605710353,0.0194372170737972,0.00948696855531495,0.0199999999999818,0.0299999999999727,2.57999999999993,NA,NA,NA
600,145,TRUE,TRUE,TRUE,0.00168368525648996,0.00165373534296085,0.00164889678700859,6.66133814775094e-16,2.22044604925031e-16,4.64073224293315e-14,0.0119145100286462,0.291844701054562,0.00227612017418972,0.000100214599243031,0.0868217902104953,2.12669084570681,0.0165862320634456,0.00786691241268755,0,0.0500000000001819,2.64999999999986,NA,NA,NA
600,146,TRUE,TRUE,TRUE,0.00278429092736388,0.00217901934371349,0.00216593793354597,4.44089209850063e-16,2.22044604925031e-16,3.66373598126302e-14,0.0133079798530132,0.32597760147121,0.00239412016151017,0.000206296701112052,0.11615811083509,2.84528101031625,0.0208969714520762,0.0124255861431841,0,0.0499999999999545,2.84000000000015,NA,NA,NA
600,147,TRUE,TRUE,TRUE,0.00195099462863066,0.0017077187227097,0.00171648787378302,6.66133814775094e-16,4.44089209850063e-16,7.59392548843607e-14,0.0169665041457007,0.415592778757822,0.00318255328954019,0.000338322270849289,0.11661253165007,2.85641200156825,0.0218740167695996,0.0148326587051457,0.00999999999999091,0.0299999999999727,2.90999999999985,NA,NA,NA
600,148,TRUE,TRUE,TRUE,0.0022164656601046,0.00205104973497585,0.0020760744232865,2.22044604925031e-16,3.33066907387547e-16,3.33066907387547e-15,0.0228233475073605,0.559055556152556,0.00425238622938841,0.000389949051001537,0.0877105625084167,2.14846123198109,0.0163420018935617,0.010186705630467,0,0.0500000000001819,2.81999999999971,NA,NA,NA
600,149,TRUE,TRUE,TRUE,0.00320616674101815,0.00303147386842617,0.00301311129816076,2.22044604925031e-16,4.44089209850063e-16,5.54445378497803e-13,0.0108788631734587,0.266476637565286,0.00207646581586305,0.000118713283022487,0.0743551008463896,1.8213205684684,0.0141922756707944,0.0052626286396773,0.0199999999999818,0.0300000000002001,2.86000000000013,NA,NA,NA
600,150,TRUE,TRUE,TRUE,0.00338768445986869,0.00243514639796992,0.00245115916010006,3.33066907387547e-16,1.11022302462516e-16,7.70494779089859e-14,0.0296637210790067,0.726609805158081,0.00543847798514812,0.000729942453499888,0.188900885387267,4.62710781158772,0.0346326512381043,0.0301522670056258,0.0199999999999818,0.0300000000002001,2.82999999999993,NA,NA,NA
600,151,TRUE,TRUE,TRUE,0.0015982673862992,0.00133941936077697,0.00134630372484581,4.44089209850063e-16,4.44089209850063e-16,1.75415237890775e-14,0.0172713739528534,0.423060533412871,0.00318756903434738,0.000352325494471728,0.133644570824935,3.27361005414339,0.0246651654195599,0.0157973546770442,0,0.0500000000001819,2.92000000000007,NA,NA,NA
600,152,TRUE,TRUE,TRUE,0.00251263479884654,0.00212751348743486,0.00212592985846906,4.44089209850063e-16,2.22044604925031e-16,3.89428489455668e-10,0.0223048359817932,0.546354669518637,0.00420443310161054,0.000269857995355949,0.141603965601414,3.46857461278086,0.0266921667023189,0.0148164946904075,0.0100000000002183,0.0399999999999636,2.80999999999995,NA,NA,NA
600,153,TRUE,TRUE,TRUE,0.00387778736032449,0.00373265405530857,0.00376264450705374,4.44089209850063e-16,5.55111512312578e-16,7.32747196252603e-15,0.0151302945695393,0.370615013533746,0.00294817228625139,0.000310742517662277,0.118361692104146,2.89925750747566,0.0230630447286717,0.0141462316828083,0,0.0499999999997272,2.55999999999995,NA,NA,NA
600,154,TRUE,TRUE,TRUE,0.0019648530023324,0.00174387359808579,0.00175703091403641,5.55111512312578e-16,2.22044604925031e-16,3.33066907387547e-15,0.01305741202754,0.31983996828753,0.00248132706346884,0.000198738762748008,0.112683229865628,2.76016415739534,0.021413427658937,0.0139840976688959,0,0.0300000000002001,2.83999999999969,NA,NA,NA
600,155,TRUE,TRUE,TRUE,0.00150770211525194,0.00124077494187444,0.00123822756697121,4.44089209850063e-16,4.44089209850063e-16,1.97619698383278e-14,0.00895834495211454,0.21943374072518,0.00167598184108155,8.80179881797005e-05,0.0877963257400959,2.15056199354416,0.0164254723881055,0.00820622955348327,0.0100000000002183,0.0299999999997453,2.69000000000005,NA,NA,NA
600,156,TRUE,TRUE,TRUE,0.00208250664849201,0.00205833167016104,0.00207697757879864,3.33066907387547e-16,4.44089209850063e-16,1.84519066692701e-13,0.0206885385132214,0.506763628813106,0.00374623655400092,0.00045212443897924,0.146104516567762,3.57881514707028,0.0264562951279035,0.0176962554457383,0.0199999999999818,0.0299999999997453,2.90000000000009,NA,NA,NA
600,157,TRUE,TRUE,TRUE,0.00151987848258667,0.00147594207704246,0.00147530775862207,2.22044604925031e-16,2.22044604925031e-16,8.43769498715119e-14,0.00585675010658032,0.143460493121128,0.00109564993236991,4.64944897125008e-05,0.0397268047943325,0.97310400857267,0.0074318811959006,0.00190730025036956,0,0.0300000000002001,2.61999999999989,NA,NA,NA
600,158,TRUE,TRUE,TRUE,0.00213000973586139,0.00188125563365194,0.001872404443885,3.33066907387547e-16,4.44089209850063e-16,6.66133814775094e-16,0.0187077137522466,0.458243529470519,0.00360718242173654,0.000199938128599086,0.0989756041875898,2.42439727243269,0.0190842699612801,0.0068424663754989,0.0199999999999818,0.0299999999997453,2.80999999999995,NA,NA,NA
600,159,TRUE,TRUE,TRUE,0.00338182494918754,0.00301995717681516,0.00297552559497438,4.44089209850063e-16,2.22044604925031e-16,8.21565038222616e-15,0.0167953411312607,0.411400158275675,0.00324544835887442,0.000318991700833493,0.118856600329873,2.91138023370103,0.022967259519606,0.0139285428477294,0,0.0500000000001819,2.77999999999975,NA,NA,NA
600,160,TRUE,TRUE,TRUE,0.00128169847754599,0.00139435100141346,0.00141181461878108,4.44089209850063e-16,4.44089209850063e-16,1.99840144432528e-14,0.0162094042722741,0.397047695015613,0.00301732822112228,0.000294406358545274,0.0759638789865993,1.86072742399698,0.014140430579811,0.0069280000066847,0,0.0299999999997453,2.69000000000005,NA,NA,NA
600,161,TRUE,TRUE,TRUE,0.00180601421804661,0.00160626776370235,0.00159495402246358,1.11022302462516e-16,4.44089209850063e-16,3.77475828372553e-14,0.0146270156812218,0.358287248786816,0.00271801163125137,0.000210511387688683,0.0858998253166493,2.10410741019999,0.0159620205120072,0.0084510354138132,0,0.0299999999997453,2.92000000000007,NA,NA,NA
600,162,TRUE,TRUE,TRUE,0.00201205084511308,0.00180048141476674,0.00185769206967205,4.44089209850063e-16,4.44089209850063e-16,1.26565424807268e-14,0.0158313152109336,0.387786442239491,0.00288855529839782,0.000144292927764411,0.0768908167378242,1.88343266913522,0.0140293698361073,0.00637528844922031,0.0100000000002183,0.0299999999997453,2.69000000000005,NA,NA,NA
600,163,TRUE,TRUE,TRUE,0.00179787999079144,0.00148494339798194,0.00147221306924293,2.22044604925031e-16,4.44089209850063e-16,4.43867165245138e-13,0.0165143978049938,0.404518480315733,0.00300660273586539,0.000330817901115665,0.133119784747824,3.260755473013,0.024235719264289,0.0149048627779287,0,0.0299999999997453,2.82000000000016,NA,NA,NA
600,164,TRUE,TRUE,TRUE,0.00193913087428821,0.00174346250118572,0.00178541040491383,2.22044604925031e-16,4.44089209850063e-16,1.11022302462516e-15,0.0209476815225604,0.513111310246005,0.00388779354340232,0.000334719174610143,0.107574825526542,2.63503431708954,0.0199653938630054,0.0124983110216164,0.0100000000002183,0.0399999999999636,2.84999999999991,NA,NA,NA
600,165,TRUE,TRUE,TRUE,0.00210423404750522,0.00199397359965141,0.00201438891136064,2.22044604925031e-16,4.44089209850063e-16,2.04281036531029e-14,0.0131473838912636,0.322043819860831,0.00236579120647483,0.000159396682150259,0.076264292984937,1.86808603407214,0.013723292421063,0.00726727235690916,0.0100000000002183,0.0299999999997453,2.91000000000031,NA,NA,NA
600,166,TRUE,TRUE,TRUE,0.00210378701773095,0.00179831017526393,0.00168421704185122,2.22044604925031e-16,4.44089209850063e-16,3.10862446895044e-15,0.025717563024351,0.629949068375277,0.00476183894918879,0.000491679401122269,0.133787438501177,3.27710958321868,0.024771951952208,0.019068140047704,0.0199999999999818,0.0300000000002001,2.73000000000002,NA,NA,NA
600,167,TRUE,TRUE,TRUE,0.00193408516237936,0.00154401342400714,0.00157592716365814,2.22044604925031e-16,2.22044604925031e-16,1.95399252334028e-14,0.0121140901945764,0.296733396747653,0.00227758600987103,0.000178658414345279,0.12116885234241,2.96801860957543,0.0227811150894977,0.0144764627598377,0,0.0300000000002001,2.82999999999993,NA,NA,NA
600,168,TRUE,TRUE,TRUE,0.00182749054978364,0.00152938493839391,0.00150460786469492,2.22044604925031e-16,4.44089209850063e-16,6.66133814775094e-16,0.0136797050630195,0.335082972361655,0.00259399881702452,0.000131802712861173,0.0919853039253704,2.25317058451988,0.0174426106752175,0.00912367977548101,0,0.0299999999997453,2.55000000000018,NA,NA,NA
600,169,TRUE,TRUE,TRUE,0.00186704507700019,0.00182236144407959,0.00176464104507785,4.44089209850063e-16,2.22044604925031e-16,5.32907051820075e-15,0.0165967123286072,0.406534766128466,0.00309410711355614,0.00016412521287279,0.074205113361478,1.81764664041003,0.0138339789572804,0.00567980775118571,0,0.0500000000001819,2.7800000000002,NA,NA,NA
600,170,TRUE,TRUE,TRUE,0.00241580581988991,0.00198452324033749,0.00199767789198527,6.66133814775094e-16,2.22044604925031e-16,3.33066907387547e-15,0.0260049640829138,0.636988927825422,0.00487940986727664,0.000378718666304678,0.146256237047753,3.58253152466536,0.027442611492413,0.0178659357222806,0,0.0300000000002001,2.73999999999978,NA,NA,NA
600,171,TRUE,TRUE,TRUE,0.00198237638032715,0.00169628264547854,0.0017282201843809,4.44089209850063e-16,6.66133814775094e-16,2.1316282072803e-14,0.0180105448383504,0.441166448434757,0.00333556001771844,0.000376189238000535,0.13180828733753,3.22863047847097,0.0244109468754571,0.0172077758400633,0.00999999999976353,0.0399999999999636,2.82000000000016,NA,NA,NA
600,172,TRUE,TRUE,TRUE,0.00184552920933453,0.00170710093462983,0.00167042011642005,4.44089209850063e-16,3.33066907387547e-16,9.76996261670138e-15,0.0151829724527856,0.371905352880579,0.00291864666129876,0.000211031670829698,0.0984404201957203,2.41128799544683,0.0189233567165152,0.00849910079054794,0.0199999999999818,0.0300000000002001,2.77999999999975,NA,NA,NA
600,173,TRUE,TRUE,TRUE,0.0020112824746366,0.0022621344235109,0.00229016087881788,2.22044604925031e-16,4.44089209850063e-16,6.43929354282591e-15,0.015526779443016,0.380326869841245,0.00290100597802234,0.000355521198862618,0.0968019388757081,2.37115356357571,0.0180863651984763,0.012487418013901,0,0.0499999999997272,2.70000000000027,NA,NA,NA
600,174,TRUE,TRUE,TRUE,0.00277239860330446,0.00251151564449709,0.00250363805492327,4.44089209850063e-16,4.44089209850063e-16,6.66133814775094e-16,0.0130268560681732,0.319091503197029,0.00246884880495262,0.00020891203205764,0.0953958663004923,2.33671196006971,0.0180794175725025,0.0107686678905878,0,0.0500000000001819,2.77999999999975,NA,NA,NA
600,175,TRUE,TRUE,TRUE,0.00258521820554515,0.00224671861957989,0.0022357065016389,4.44089209850063e-16,2.22044604925031e-16,4.44089209850063e-16,0.0247310659718154,0.605784924260559,0.00455923956880003,0.000578101789010077,0.14204769513482,3.47944372218733,0.0261868806242958,0.018058948970932,0.0199999999999818,0.0300000000002001,2.79999999999973,NA,NA,NA
600,176,TRUE,TRUE,TRUE,0.00233173413623005,0.00198362702596266,0.00201109630934588,4.44089209850063e-16,6.66133814775094e-16,8.11871125883101e-09,0.0122691948254702,0.300532668771977,0.00221721234858894,0.000182208038310705,0.0895133887081738,2.19262127482435,0.0161763011861048,0.0100755006593758,0,0.0499999999997272,2.80999999999995,NA,NA,NA
600,177,TRUE,TRUE,TRUE,0.00123361601928615,0.00114638386098804,0.0011153810898301,4.44089209850063e-16,4.44089209850063e-16,9.32587340685131e-15,0.0161979346865593,0.396766748689988,0.00300702578244031,0.000218793877166945,0.100648174805037,2.46536671814787,0.0186845830935125,0.0105453463935348,0.0199999999999818,0.0300000000002001,2.83999999999969,NA,NA,NA
600,178,TRUE,TRUE,TRUE,0.0023623088709,0.00235501579000708,0.00235122431409438,2.22044604925031e-16,4.44089209850063e-16,9.88098491916389e-14,0.0165396162286469,0.405136203016408,0.00311791179450963,0.000269334539748201,0.0935238014472633,2.29085592351162,0.0176303343178389,0.00745798641616346,0.0199999999999818,0.0299999999997453,2.84000000000015,NA,NA,NA
600,179,TRUE,TRUE,TRUE,0.00200993621415311,0.00195363818757173,0.00197115043842204,2.22044604925031e-16,3.33066907387547e-16,1.44164680193626e-11,0.00987523843622832,0.241892952570795,0.00179831266758887,0.00013791794060225,0.0800158638078117,1.9599803765717,0.0145711460460302,0.00627699693870554,0,0.0499999999997272,2.92000000000007,NA,NA,NA
600,180,TRUE,TRUE,TRUE,0.00252869953797085,0.00233048603843111,0.0023552073020196,2.22044604925031e-16,4.44089209850063e-16,4.88498130835069e-15,0.00628771485429906,0.15401693041151,0.00115643971406465,4.77126873619227e-05,0.0549660775469858,1.34638843152367,0.0101093889393268,0.00420827627698017,0,0.0499999999997272,2.7800000000002,NA,NA,NA
600,181,TRUE,TRUE,TRUE,0.00250254610115341,0.00224287762719658,0.00218227497435073,2.22044604925031e-16,4.44089209850063e-16,2.04281036531029e-14,0.0238648974566388,0.584568215326091,0.00448639500380585,0.000518761816842073,0.147562895365558,3.61453798613321,0.0277405523203285,0.01900810628279,0,0.0500000000001819,2.82999999999993,NA,NA,NA
600,182,TRUE,TRUE,TRUE,0.00196485066917741,0.00162111957887889,0.00163979101972957,2.22044604925031e-16,4.44089209850063e-16,1.90958360235527e-14,0.0132035860911599,0.323420486982509,0.00251422416807721,0.000259466421553611,0.0895499210108544,2.19351612983132,0.0170520776780209,0.0100606174807325,0.00999999999976353,0.0399999999999636,2.70000000000027,NA,NA,NA
600,183,TRUE,TRUE,TRUE,0.00275517226480944,0.0025195823604203,0.00246768195542651,4.44089209850063e-16,2.22044604925031e-16,1.55431223447522e-15,0.0140135373461343,0.343260159894649,0.00255308830184577,0.000191568121017838,0.114262173220081,2.79884021290704,0.0208171149500763,0.0106923610547014,0.0199999999999818,0.0300000000002001,2.9699999999998,NA,NA,NA
600,184,TRUE,TRUE,TRUE,0.00193443167348152,0.00175147170821397,0.00175026315884786,2.22044604925031e-16,2.22044604925031e-16,3.13082892944294e-13,0.0105985710538088,0.259610910844633,0.00193776512303358,0.000101410898249554,0.0740286479297986,1.81332413776149,0.0135348559098582,0.00453032314518964,0,0.0399999999999636,2.76999999999998,NA,NA,NA
600,185,TRUE,TRUE,TRUE,0.00444263817788828,0.00410050023982609,0.00413854863751587,2.22044604925031e-16,3.33066907387547e-16,3.5376146456656e-12,0.013575281787024,0.332525134927065,0.00241141784409893,0.000237068712525712,0.135306490032909,3.31431859467604,0.024034895894362,0.0187086617648831,0.0199999999999818,0.0299999999997453,2.80999999999995,NA,NA,NA
600,186,TRUE,TRUE,TRUE,0.00242649158205202,0.00186894043295473,0.00195452946970698,3.33066907387547e-16,2.22044604925031e-16,1.29800614701026e-11,0.0356927035561682,0.874289112530347,0.00662904726877232,0.00109568176897312,0.194050909844562,4.75325713241999,0.0360402134257935,0.033638823382347,0.0199999999999818,0.0299999999997453,2.8100000000004,NA,NA,NA
600,187,TRUE,TRUE,TRUE,0.00204215509071389,0.00194113509505948,0.00196339439171874,4.44089209850063e-16,5.55111512312578e-16,1.86517468137026e-14,0.0115783967907272,0.2836116417676,0.00212538140730309,0.000166748831794905,0.0743539905938916,1.82129337294734,0.013648745333517,0.00567597826196575,0,0.0500000000001819,2.77999999999975,NA,NA,NA
600,188,TRUE,TRUE,TRUE,0.00134845450659815,0.0010163209730718,0.00103951083866757,2.22044604925031e-16,2.22044604925031e-16,1.55431223447522e-14,0.0139653916888338,0.342080836957477,0.00257926365738863,0.000210932824870724,0.117262938937515,2.87234366136052,0.0216572541249913,0.0118887346450052,0,0.0299999999997453,2.90000000000009,NA,NA,NA
600,189,TRUE,TRUE,TRUE,0.00357800719800609,0.00309155433084612,0.00310317899600826,2.22044604925031e-16,3.33066907387547e-16,8.14552869599083e-11,0.0227472021009296,0.557190382232431,0.00440716399917308,0.000391062841522682,0.170468389230712,4.175605708894,0.0330274529887751,0.0227151982250646,0.0199999999999818,0.0300000000002001,2.61999999999989,NA,NA,NA
600,190,TRUE,TRUE,TRUE,0.0016899600374964,0.00145252260767324,0.00147018129552935,4.44089209850063e-16,2.22044604925031e-16,1.28785870856518e-14,0.0128958120503452,0.315881593421803,0.00242582414402536,0.000186331687576313,0.0794136509061797,1.94522923331651,0.0149384583910911,0.00775489065546253,0,0.0299999999997453,2.69000000000005,NA,NA,NA
600,191,TRUE,TRUE,TRUE,0.001902413467285,0.00184474386547459,0.00184188777180898,3.33066907387547e-16,2.22044604925031e-16,2.13922168867953e-09,0.014082802817422,0.344956810509132,0.00261513583663109,0.000198415754137926,0.0884940544304379,2.16765278624654,0.0164330904912993,0.00851435617225249,0,0.0499999999997272,2.82999999999993,NA,NA,NA
600,192,TRUE,TRUE,TRUE,0.00134641804936735,0.00109337487046393,0.00109093591847942,5.55111512312578e-16,2.22044604925031e-16,1.54543045027822e-13,0.00820861788527479,0.201069253124071,0.00153227064884086,8.31896092492457e-05,0.0902734878669376,2.21123982575325,0.0168509994934878,0.00903322019494013,0,0.0500000000001819,2.85999999999967,NA,NA,NA
600,193,TRUE,TRUE,TRUE,0.00220072367648659,0.00183520729283626,0.00184275634101098,4.44089209850063e-16,4.44089209850063e-16,1.77635683940025e-14,0.0168495021816609,0.412726827649812,0.00309896278257485,0.000238936197298756,0.132024589137984,3.23392876888656,0.0242819807797443,0.0157232871620501,0.0199999999999818,0.0299999999997453,2.94000000000005,NA,NA,NA
600,194,TRUE,TRUE,TRUE,0.00177970985626279,0.00169114390838257,0.00167012280975334,0,2.22044604925031e-16,1.55431223447522e-15,0.0123795840605917,0.303236641763415,0.00234254182479332,0.000144161146494071,0.090247446494722,2.21060194501195,0.0170771826387662,0.00811866845788245,0.0199999999999818,0.0299999999997453,2.69000000000005,NA,NA,NA
600,195,TRUE,TRUE,TRUE,0.00162996002807235,0.00154887490667516,0.00153941326028714,4.44089209850063e-16,4.44089209850063e-16,1.33226762955019e-15,0.0135306600856955,0.331432130929968,0.00252846681921729,9.03997790686617e-05,0.0731161140373341,1.79097171366615,0.013663166994266,0.00572032432920722,0.0199999999999818,0.0299999999997453,2.8100000000004,NA,NA,NA
600,196,TRUE,TRUE,TRUE,0.00357339495259213,0.00336880506576675,0.00335988849612886,4.44089209850063e-16,2.22044604925031e-16,1.77635683940025e-15,0.0133344368652706,0.326625663272702,0.00238078446585023,0.000201206871651038,0.0939053365604726,2.3002015869748,0.0167662398346864,0.00829301741764965,0.0199999999999818,0.0300000000002001,2.83999999999969,NA,NA,NA
600,197,TRUE,TRUE,TRUE,0.00128554718185745,0.00138802676765245,0.00137526657233676,2.22044604925031e-16,2.22044604925031e-16,4.45199432874688e-13,0.0220753824021156,0.540734227619985,0.00414073962613621,0.000344543066987058,0.107050349953415,2.62218734172241,0.0200797258217087,0.0120609034798917,0.0199999999999818,0.0300000000002001,2.91999999999962,NA,NA,NA
600,198,TRUE,TRUE,TRUE,0.00377540453542765,0.00347132638808983,0.00343468673016587,0,4.44089209850063e-16,9.32587340685131e-15,0.0150823828014259,0.369441419688222,0.00272353510702665,0.000227830500421078,0.129793230578945,3.17927186985818,0.0234377037627464,0.0141447167557445,0.0100000000002183,0.0399999999999636,2.78999999999996,NA,NA,NA
600,199,TRUE,TRUE,TRUE,0.00231303607373792,0.00233991617250901,0.00235805840129931,2.22044604925031e-16,4.44089209850063e-16,4.88498130835069e-14,0.0152756100225066,0.374174500648859,0.00287173332378383,0.000205710717146701,0.0812505834083523,1.99022470653908,0.0152746769266079,0.00729913672829241,0,0.0499999999997272,2.55999999999995,NA,NA,NA
600,200,TRUE,TRUE,TRUE,0.00201466562454176,0.00199182599195571,0.00195760609511474,2.22044604925031e-16,4.44089209850063e-16,2.90938384495121e-11,0.0129684860049013,0.31766173448433,0.00247855109339996,8.67943473537025e-05,0.0682528952981484,1.67184766948069,0.0130445672844928,0.00461500124501413,0,0.0300000000002001,2.80999999999995,NA,NA,NA
600,201,TRUE,TRUE,TRUE,0.00253113300691543,0.00224001365829585,0.00223173663234764,2.22044604925031e-16,1.11022302462516e-16,2.23999263582186e-10,0.0222130538794476,0.544106476335969,0.00401815688497392,0.000492020158535666,0.152959640195346,3.74673069718304,0.0276691280140787,0.0218919209789803,0,0.0300000000002001,2.86000000000013,NA,NA,NA
600,202,TRUE,TRUE,TRUE,0.00213452152933617,0.00201617792072022,0.00201753850515181,4.44089209850063e-16,4.44089209850063e-16,7.59392548843607e-14,0.00981181282797853,0.240339348802418,0.00188220152588364,0.000105043228607826,0.0860186778681257,2.10701869125744,0.016500975872288,0.00658685345561238,0,0.0300000000002001,2.92000000000007,NA,NA,NA
600,203,TRUE,TRUE,TRUE,0.00198189534131715,0.00208488383342001,0.00207332271503562,2.22044604925031e-16,2.22044604925031e-16,2.22044604925031e-16,0.0114596580520459,0.280703148542891,0.00210520815910146,0.000136749221908872,0.0806858264832928,1.97639104358809,0.0148224719677519,0.00689565457026475,0,0.0500000000001819,2.79999999999973,NA,NA,NA
600,204,TRUE,TRUE,TRUE,0.00280888471451834,0.00266787015338339,0.0026586254295133,5.55111512312578e-16,4.44089209850063e-16,6.08402217494586e-14,0.014940719745915,0.36597139767417,0.00268074102624644,0.000207184979231556,0.120455968504945,2.95055659309876,0.0216128313842271,0.0111758100681243,0,0.0399999999999636,2.84999999999991,NA,NA,NA
600,205,TRUE,TRUE,TRUE,0.00253738014769553,0.00236475844764645,0.00238691796473849,4.44089209850063e-16,4.44089209850063e-16,1.77635683940025e-15,0.00748761890051808,0.183408456946885,0.00140929637411784,5.87045794802066e-05,0.0659240453452447,1.6148027287595,0.0124080190654208,0.00534620666431707,0,0.0299999999997453,2.86000000000013,NA,NA,NA
600,206,TRUE,TRUE,TRUE,0.00136617229788746,0.0012768835168641,0.00127177745171293,4.44089209850063e-16,4.44089209850063e-16,9.9209529480504e-13,0.00638863680375971,0.156489003211765,0.00121807525603712,5.69743343241669e-05,0.0650871711772456,1.59430358185436,0.0124097010257021,0.00406002079952117,0,0.0299999999997453,2.80000000000018,NA,NA,NA
600,207,TRUE,TRUE,TRUE,0.00135038638630221,0.00119183829012385,0.00120070183706486,2.22044604925031e-16,2.22044604925031e-16,8.88178419700125e-16,0.0107548196564906,0.263438204340566,0.00202432030256298,0.000159782496734096,0.0903521129278528,2.21316573855563,0.0170064791806093,0.00962828415649142,0,0.0300000000002001,2.80999999999995,NA,NA,NA
600,208,TRUE,TRUE,TRUE,0.00386048456674331,0.00322576431244983,0.00318577713621695,3.33066907387547e-16,2.22044604925031e-16,4.86277684785819e-14,0.038097974278024,0.933205972148373,0.00680255591974974,0.0010486920861581,0.187133635997876,4.58381921906519,0.0334135094441475,0.0313664166622658,0,0.0299999999997453,2.82999999999993,NA,NA,NA
600,209,TRUE,TRUE,TRUE,0.00422387008748895,0.00371948156260044,0.00368071649603319,5.55111512312578e-16,4.44089209850063e-16,8.71525074330748e-13,0.0391263756178997,0.95839655748327,0.00704768278869963,0.00122287069414995,0.202618671897392,4.96312358509012,0.036496918103172,0.0337372145871839,0,0.0299999999997453,2.84000000000015,NA,NA,NA
600,210,TRUE,TRUE,TRUE,0.00320542723466073,0.00331034314367195,0.00334314164867854,4.44089209850063e-16,3.33066907387547e-16,2.44249065417534e-15,0.0109362733576556,0.267882894138502,0.00203071408403282,7.3634070794526e-05,0.0725624617973781,1.77741005883774,0.0134738414380324,0.00464737798416337,0,0.0299999999997453,2.75,NA,NA,NA
600,211,TRUE,TRUE,TRUE,0.00126203778016483,0.00124872574110699,0.0012624082130057,2.22044604925031e-16,5.55111512312578e-16,2.20934381900406e-13,0.0129209636000581,0.316497678052171,0.00241612047003374,0.000170628084553925,0.0960709732382785,2.3532486352636,0.0179645305258831,0.0094657000337719,0,0.0399999999999636,2.91000000000031,NA,NA,NA
600,212,TRUE,TRUE,TRUE,0.00217222718167246,0.00164110429462245,0.00163755309587782,2.22044604925031e-16,4.44089209850063e-16,5.15143483426073e-14,0.0221125744651362,0.541645243388804,0.00416005243295641,0.000476594365409255,0.143351483395169,3.51137988189219,0.0269688040262438,0.0231826441517811,0.0199999999999818,0.0300000000002001,2.84000000000015,NA,NA,NA
600,213,TRUE,TRUE,TRUE,0.00204459086953892,0.00188462125891333,0.00193086646134312,4.44089209850063e-16,2.22044604925031e-16,2.05169214950729e-13,0.0214001173994842,0.524193680643923,0.00396844540407766,0.000596183064843103,0.125495573518489,3.07400120098232,0.0232719439180994,0.0189173410045029,0,0.0300000000002001,2.84999999999991,NA,NA,NA
600,214,TRUE,TRUE,TRUE,0.00366105508307669,0.0032645280100406,0.00331011905652745,4.44089209850063e-16,4.44089209850063e-16,9.06741348671858e-12,0.0175075822573568,0.428846431603282,0.00339090594953915,0.000564581537560116,0.0961298256729283,2.35469021961373,0.0186186300890016,0.0107139265677709,0,0.0300000000002001,2.75,NA,NA,NA
600,215,TRUE,TRUE,TRUE,0.00197617370913055,0.00165065770897532,0.00153577011606721,2.22044604925031e-16,4.44089209850063e-16,2.44249065417534e-14,0.0376198710301423,0.921494882131596,0.00710306105147137,0.00119397724117931,0.14411973572635,3.53019814394316,0.0272114511175747,0.0194578746722733,0,0.0299999999997453,2.97000000000025,NA,NA,NA
600,216,TRUE,TRUE,TRUE,0.00145463368034108,0.00129994241224404,0.00131364142971961,2.22044604925031e-16,4.44089209850063e-16,1.93178806284777e-14,0.0122715535003727,0.30059044427178,0.00224142888480131,0.000158663519076896,0.0882200607894813,2.16094134011543,0.0161136071701488,0.00781923504684201,0,0.0300000000002001,2.77999999999975,NA,NA,NA
600,217,TRUE,TRUE,TRUE,0.00258138178296351,0.00231314150104138,0.00233854948844662,3.33066907387547e-16,2.22044604925031e-16,1.30784272300843e-13,0.0172942859875945,0.423621761353715,0.00315389587846702,0.000264742941503471,0.124529177151548,3.05032942109946,0.0227099319884548,0.0152751799897644,0.0100000000002183,0.0299999999997453,2.80000000000018,NA,NA,NA
600,218,TRUE,TRUE,TRUE,0.00226207920624324,0.00179097041497346,0.00173059289947171,2.22044604925031e-16,4.44089209850063e-16,1.33226762955019e-15,0.0216708046799407,0.530824137813724,0.00411032560549075,0.000302675101462313,0.119993468873868,2.93922771207512,0.0227592945849608,0.0130795800344927,0.0199999999999818,0.0299999999997453,2.73000000000002,NA,NA,NA
600,219,TRUE,TRUE,TRUE,0.0027196258368298,0.00248463399220481,0.0024782937182486,2.22044604925031e-16,3.33066907387547e-16,6.99440505513849e-14,0.0253548266647702,0.621063878454,0.0048350461307675,0.000474398926559871,0.0867546873279554,2.12504716748189,0.0165437106250782,0.0100048058143223,0.0199999999999818,0.0299999999997453,2.86000000000013,NA,NA,NA
600,220,TRUE,TRUE,TRUE,0.00237824948765696,0.00220561596918861,0.00221072512414747,2.22044604925031e-16,4.44089209850063e-16,8.88178419700125e-16,0.0141867409343566,0.347502764022288,0.00260756997735982,0.000157541297788555,0.101804090812789,2.49368076219295,0.0187119291177697,0.00865873005026074,0,0.0299999999997453,2.7800000000002,NA,NA,NA
600,221,TRUE,TRUE,TRUE,0.00201432344489309,0.00164625861643788,0.00166767951234147,4.44089209850063e-16,4.44089209850063e-16,2.66675570514963e-13,0.0258139466948769,0.632309976498527,0.00480132832945355,0.000678888373311537,0.166728026799901,4.08398591480836,0.0310109882789495,0.0241897759913989,0,0.0500000000001819,2.79999999999973,NA,NA,NA
600,222,TRUE,TRUE,TRUE,0.00162483889021417,0.00182099726507311,0.0018403329161237,2.22044604925031e-16,3.33066907387547e-16,8.11128941791139e-13,0.00823924622007916,0.20181949104349,0.00153230883676671,8.04197962551711e-05,0.0915893517090953,2.2434717755959,0.0170334966608429,0.00868916145277154,0.0199999999999818,0.0300000000002001,2.80999999999995,NA,NA,NA
600,223,TRUE,TRUE,TRUE,0.00195392667637282,0.00173923513068249,0.00176172133969125,1.11022302462516e-16,2.22044604925031e-16,1.14201981205042e-11,0.0141792385001094,0.347318992664944,0.00270871574913077,0.000203505260405024,0.107717137278853,2.63852022886519,0.0205776287771913,0.0124226057594825,0,0.0500000000001819,2.84000000000015,NA,NA,NA
600,224,TRUE,TRUE,TRUE,0.00250742969034744,0.00235876382436547,0.00235680658652488,2.22044604925031e-16,4.44089209850063e-16,2.29016805519677e-12,0.0157931031061857,0.386850440653191,0.00289708272253013,0.0002294652472834,0.0871347980331223,2.13435794021617,0.0159839846682213,0.00758923441387083,0,0.0300000000002001,2.96000000000004,NA,NA,NA
600,225,TRUE,TRUE,TRUE,0.00202768141514001,0.00195068243270741,0.00194655021380139,3.33066907387547e-16,2.22044604925031e-16,3.24407167795471e-13,0.0077889859013488,0.190790410720367,0.001457824498243,8.62917742878722e-05,0.0692753275914136,1.69689204363112,0.0129659073678749,0.00552831311242841,0.0100000000002183,0.0299999999997453,2.71000000000004,NA,NA,NA
600,226,TRUE,TRUE,TRUE,0.00221903573713037,0.00210778012993117,0.0021057043173879,4.44089209850063e-16,4.44089209850063e-16,1.68753899743024e-14,0.0099836036147357,0.244547346503082,0.00187087910900482,0.000165401234411888,0.0625806890887186,1.53290756019119,0.0117273189482803,0.00586876612328169,0,0.0499999999997272,2.82000000000016,NA,NA,NA
600,227,TRUE,TRUE,TRUE,0.00345906608155491,0.00318040253932967,0.00318883456714525,2.22044604925031e-16,2.22044604925031e-16,6.01740879346835e-14,0.017897341765754,0.438393550782994,0.00325385940263462,0.000361065441406794,0.135613363316615,3.32183542428378,0.0246554389543493,0.0185994645622323,0,0.0399999999999636,2.59999999999991,NA,NA,NA
600,228,TRUE,TRUE,TRUE,0.0021211544577277,0.00163276935743835,0.00170214686552907,4.44089209850063e-16,2.22044604925031e-16,1.76454406641824e-11,0.0230244937339601,0.563982612341108,0.00425937523114328,0.000531257726876788,0.149628818368187,3.66514255817641,0.0276803168915139,0.0240132960842701,0,0.0299999999997453,2.84000000000015,NA,NA,NA
600,229,TRUE,TRUE,TRUE,0.00207388723904556,0.00193195808361266,0.00192216066024049,4.44089209850063e-16,4.44089209850063e-16,7.52731210695856e-14,0.0157757623765818,0.38642568126022,0.00293393535162301,0.000104624432033518,0.0954862733475835,2.33892647141497,0.0177582893480368,0.00736142899537384,0,0.0299999999997453,2.94000000000005,NA,NA,NA
600,230,TRUE,TRUE,TRUE,0.00166917493068473,0.00191462957662197,0.00189991813764837,4.44089209850063e-16,2.22044604925031e-16,9.48130463029884e-14,0.0115208662345301,0.282202436694585,0.00210688937321475,0.000227007119072198,0.0811629884218586,1.98807907632972,0.0148427587234581,0.00772903370666,0.0100000000002183,0.0299999999997453,2.82999999999993,NA,NA,NA
600,231,TRUE,TRUE,TRUE,0.0026295972038148,0.00193029377326042,0.00190391186721173,2.22044604925031e-16,4.44089209850063e-16,2.33146835171283e-14,0.0228460690067692,0.559612116949977,0.00434877085720767,0.000648777625588792,0.143673775181688,3.51927438614481,0.0273484390802638,0.0196041062087922,0,0.0500000000001819,2.83999999999969,NA,NA,NA
600,232,TRUE,TRUE,TRUE,0.00252873319791508,0.00256547661495085,0.00255215365463466,2.22044604925031e-16,4.44089209850063e-16,4.48752146553488e-13,0.0074169154523442,0.181676583236072,0.00134129984058539,5.81766825327179e-05,0.0713908747988831,1.74871215548182,0.0129105649919103,0.00532377324360311,0,0.0300000000002001,2.75,NA,NA,NA
600,233,TRUE,TRUE,TRUE,0.0028563225191838,0.00298906470150906,0.00297262039793035,1.11022302462516e-16,2.22044604925031e-16,8.88178419700125e-16,0.0191958302354583,0.470199892659622,0.00366141146071133,0.000383115983289883,0.140291581799779,3.43642790617385,0.0267592075540549,0.0181663035254616,0,0.0500000000001819,2.84000000000015,NA,NA,NA
600,234,TRUE,TRUE,TRUE,0.0022618639170255,0.0022971014306725,0.00230014721089334,4.44089209850063e-16,2.22044604925031e-16,1.04738440143137e-11,0.0141085942908656,0.345588570005647,0.00258201864619739,0.000254956987156163,0.120677049193385,2.95597194188538,0.0220851478723953,0.0127663637187965,0.0199999999999818,0.0300000000002001,2.92000000000007,NA,NA,NA
600,235,TRUE,TRUE,TRUE,0.00282728096421659,0.00258654501332917,0.0025799291136532,4.44089209850063e-16,2.22044604925031e-16,8.88178419700125e-16,0.0116676021842595,0.285796718732182,0.00221825540566408,0.00021923995564066,0.100759342042494,2.46808974822671,0.0191564600529877,0.00953300276751179,0.0199999999999818,0.0300000000002001,2.73999999999978,NA,NA,NA
600,236,TRUE,TRUE,TRUE,0.00218145311426801,0.0020283678815662,0.00204309983573562,3.33066907387547e-16,2.22044604925031e-16,3.10862446895044e-15,0.0070724389757787,0.173238667276299,0.00131662262862888,8.82877045000896e-05,0.0677008826876618,1.65832617720795,0.0126033627762636,0.00545086986901566,0.00999999999976353,0.0300000000002001,2.82000000000016,NA,NA,NA
600,237,TRUE,TRUE,TRUE,0.00138665079009448,0.00140710042609655,0.00142245664566519,4.44089209850063e-16,2.22044604925031e-16,1.77635683940025e-15,0.00836377851696763,0.204869896882225,0.00153764654445608,8.9966968655375e-05,0.0661000733158782,1.6191145158446,0.0121522286985791,0.00589056426890266,0,0.0300000000002001,2.75,NA,NA,NA
600,238,TRUE,TRUE,TRUE,0.00212182697486972,0.00193159356659775,0.00194561260992403,3.33066907387547e-16,2.22044604925031e-16,2.88657986402541e-15,0.00953105392550322,0.233462188284335,0.00182105357772109,7.86345918868392e-05,0.065204224857184,1.597170799738,0.0124582641003614,0.00472345606671354,0,0.0300000000002001,2.52999999999975,NA,NA,NA
600,239,TRUE,TRUE,TRUE,0.00252623252783023,0.00235124062091605,0.00239482803404555,4.44089209850063e-16,2.22044604925031e-16,1.55431223447522e-15,0.0141693580329431,0.347076971635166,0.00264895882828545,0.000249564716735762,0.103757967766461,2.54154077775975,0.0193975326250427,0.012777323062636,0,0.0500000000001819,2.75999999999976,NA,NA,NA
600,240,TRUE,TRUE,TRUE,0.00275258491403255,0.00234491954969908,0.00232588332491216,4.44089209850063e-16,4.44089209850063e-16,4.44089209850063e-15,0.0250906775056639,0.614593571896044,0.00477137015240006,0.000291243444134892,0.129173531977051,3.16409241616861,0.0245642922482371,0.0145744993554189,0,0.0299999999997453,2.72000000000025,NA,NA,NA
600,241,TRUE,TRUE,TRUE,0.00110883607155667,0.00123746135704036,0.00123364513469119,3.33066907387547e-16,4.44089209850063e-16,1.14130926931466e-13,0.0230677201526448,0.565041439032962,0.00430365348257191,0.000553557118408321,0.171021108686406,4.18914451526758,0.0319067330937415,0.0226599486313965,0.0199999999999818,0.0300000000002001,2.86000000000013,NA,NA,NA
600,242,TRUE,TRUE,TRUE,0.00227382527428137,0.00194158311067104,0.00195480173894976,4.44089209850063e-16,4.44089209850063e-16,3.5527136788005e-15,0.0144688896077078,0.354413966835423,0.0027230195247143,0.000202580361005289,0.111672956601394,2.73541761741386,0.0210166536239364,0.0124013467571729,0,0.0300000000002001,2.80999999999995,NA,NA,NA
600,243,TRUE,TRUE,TRUE,0.00293265806531986,0.00218449438999961,0.00218744496735833,2.22044604925031e-16,2.22044604925031e-16,1.06581410364015e-14,0.0364065483334534,0.891774667129342,0.00683756713347061,0.00103304938647852,0.191993371429236,4.70285793998275,0.0360585561230609,0.0334349468450341,0,0.0300000000002001,2.92000000000007,NA,NA,NA
600,244,TRUE,TRUE,TRUE,0.00155631007330427,0.00139424539109901,0.00139822812271994,2.22044604925031e-16,4.44089209850063e-16,1.11954889803201e-12,0.0102121954815799,0.250146680834266,0.00190361334546182,0.000169025595553762,0.0855442222930937,2.09539695061297,0.015945946537942,0.00885396664675042,0,0.0500000000001819,2.73000000000002,NA,NA,NA
600,245,TRUE,TRUE,TRUE,0.0048585486404494,0.00376187965146118,0.00374959037414301,2.22044604925031e-16,4.44089209850063e-16,6.63211707774281e-11,0.0224381692204429,0.549620653523082,0.00438796346269871,0.000400403522451853,0.167133782385795,4.09392485626561,0.0326843479646879,0.01911269055703,0.0100000000002183,0.0299999999997453,2.76999999999998,NA,NA,NA
600,246,TRUE,TRUE,TRUE,0.00136399572874644,0.00126343535335092,0.00128456803456214,2.22044604925031e-16,2.22044604925031e-16,8.88178419700125e-16,0.0102984058183108,0.252258394189708,0.00195445480606254,0.000128625513529101,0.0615600518511231,1.50790715574527,0.0116830062171333,0.00649857457500147,0,0.0499999999997272,2.70000000000027,NA,NA,NA
600,247,TRUE,TRUE,TRUE,0.00249196616307559,0.00234464446968729,0.00234752889091644,2.22044604925031e-16,2.22044604925031e-16,1.08801856413265e-14,0.00722033377976289,0.176861335330001,0.00137462539104733,5.41617941571815e-05,0.080961135587123,1.98313471184736,0.0154135855849229,0.00622576294146882,0.0199999999999818,0.0300000000002001,2.92999999999984,NA,NA,NA
600,248,TRUE,TRUE,TRUE,0.00303990345133007,0.00281522556094224,0.0026136468406114,4.44089209850063e-16,4.44089209850063e-16,7.32747196252603e-15,0.025701906940101,0.629565574197453,0.0048278018425726,0.000356986601246945,0.13598687600184,3.33098457919634,0.0255435400983049,0.01817888726886,0,0.0399999999999636,2.80000000000018,NA,NA,NA
600,249,TRUE,TRUE,TRUE,0.0013103130472684,0.00115398090744252,0.00118421374814004,1.11022302462516e-16,2.22044604925031e-16,2.79776202205539e-14,0.0164782986592888,0.403634235444457,0.00307996285755342,0.000195404344996319,0.0866105628073087,2.12151685213181,0.0161884016083139,0.00785724767967011,0,0.0499999999997272,2.61999999999989,NA,NA,NA
600,250,TRUE,TRUE,TRUE,0.00303236907126279,0.00287772134127301,0.002855500467537,2.22044604925031e-16,2.22044604925031e-16,2.44249065417534e-15,0.0130428158160339,0.319482435583853,0.00236871582524921,0.000166258844970457,0.0631449382805857,1.54672878626971,0.0114678008720889,0.0058859654658292,0.0199999999999818,0.0300000000002001,2.83999999999969,NA,NA,NA
600,251,TRUE,TRUE,TRUE,0.00203738957409376,0.00216333187052354,0.00214175288276882,2.22044604925031e-16,2.22044604925031e-16,8.88178419700125e-16,0.0106982323518645,0.262052104118034,0.00201070493351169,0.000156121492132399,0.0919617685719118,2.25259408845098,0.0172839751166721,0.00840190991827328,0,0.0399999999999636,2.86000000000013,NA,NA,NA
600,252,TRUE,TRUE,TRUE,0.00108760580072683,0.00126832735446651,0.00126498836583816,5.55111512312578e-16,4.44089209850063e-16,4.44089209850063e-16,0.0141263351056376,0.346023129443773,0.00259978790466163,0.000226034650449236,0.10165956118548,2.49014052379672,0.0187092615024929,0.0104907454247893,0.0100000000002183,0.0299999999997453,2.76999999999998,NA,NA,NA
600,253,TRUE,TRUE,TRUE,0.00203274465373367,0.00199086486535075,0.00199253900112435,4.44089209850063e-16,2.22044604925031e-16,6.66133814775094e-16,0.0109360591700046,0.267877647633962,0.0020294431911473,0.000138787062780921,0.0987408698507572,2.41864747892918,0.018323692556109,0.00926729292668327,0,0.0499999999997272,2.64000000000033,NA,NA,NA
600,254,TRUE,TRUE,TRUE,0.00188651271104139,0.00203475623818654,0.00202971403756215,3.33066907387547e-16,4.44089209850063e-16,4.15223411209809e-13,0.019050883984802,0.466649449117247,0.00366652418193472,0.000291897880991598,0.111762428179527,2.73760921454293,0.0215097444233498,0.011126776151805,0,0.0500000000001819,2.82999999999993,NA,NA,NA
600,255,TRUE,TRUE,TRUE,0.00215318335572192,0.00166001284371118,0.00166864641639647,1.11022302462516e-16,2.22044604925031e-16,1.55431223447522e-14,0.011716313900646,0.286989907228603,0.00220595272723032,0.00013672301191292,0.119685759001852,2.93169039032257,0.022534487273016,0.0104092096537514,0.00999999999976353,0.0300000000002001,2.81999999999971,NA,NA,NA
600,256,TRUE,TRUE,TRUE,0.00211157481100263,0.00206551735385807,0.00208515107459363,4.44089209850063e-16,2.22044604925031e-16,1.47659662275146e-13,0.0114236088593269,0.279820127264882,0.00211569089150416,0.000139789831628434,0.0942381153787063,2.30835296999359,0.0174532168244244,0.010136519341863,0,0.0399999999999636,2.86000000000013,NA,NA,NA
600,257,TRUE,TRUE,TRUE,0.00203511849180009,0.0016940289850248,0.00176840013327308,4.44089209850063e-16,2.22044604925031e-16,3.99680288865056e-15,0.0292554752329266,0.71660986503301,0.00529221943544964,0.000447997464160466,0.128722809631911,3.15305201855598,0.0232855337161973,0.0158329246699864,0.00999999999976353,0.150000000000091,2.86999999999989,NA,NA,NA
600,258,TRUE,TRUE,TRUE,0.0016318748966809,0.00144076142960908,0.00144964691302526,1.11022302462516e-16,4.44089209850063e-16,3.27511351372323e-11,0.0121845853057161,0.298460167264183,0.00224483021074351,0.000157577703095768,0.0854517224991814,2.09313117764899,0.0157432200943468,0.00712212166073201,0,0.0499999999997272,2.8100000000004,NA,NA,NA
600,259,TRUE,TRUE,TRUE,0.00231037524451943,0.0017343308338448,0.00167282622066063,6.66133814775094e-16,4.44089209850063e-16,7.99360577730113e-15,0.0252882172411141,0.619432287453817,0.00482019706020047,0.000704792732847181,0.16301541245693,3.99304580728818,0.0310724320500831,0.022451163530242,0,0.0300000000002001,2.84999999999991,NA,NA,NA
600,260,TRUE,TRUE,TRUE,0.00152193369479086,0.00147374390749164,0.00147164250690238,0,4.44089209850063e-16,2.39364084109184e-13,0.0120009893645957,0.293963003518271,0.00221518031361605,0.000103225550052599,0.0990255427534956,2.42562051248225,0.0182784457338013,0.00976971400585924,0,0.0399999999999636,2.84999999999991,NA,NA,NA
600,261,TRUE,TRUE,TRUE,0.00156782910960375,0.00146446236625842,0.0014492787849278,2.22044604925031e-16,2.22044604925031e-16,1.11022302462516e-15,0.0141047322032872,0.345493968566556,0.00261221263951402,0.000251098817905415,0.116315553036302,2.84913754088574,0.0215417743090987,0.0140802622100438,0,0.0399999999999636,2.92000000000007,NA,NA,NA
600,262,TRUE,TRUE,TRUE,0.00247635349014393,0.00233713442825089,0.00236091617591085,4.44089209850063e-16,4.44089209850063e-16,4.73000971723536e-10,0.00897694701424332,0.219889396328971,0.00172877424786973,7.69132952989082e-05,0.0590117646061304,1.44548712106252,0.0113644448174375,0.00444425549925143,0,0.0399999999999636,2.58000000000038,NA,NA,NA
600,263,TRUE,TRUE,TRUE,0.0037732114747514,0.00306869191060053,0.00297111859054479,4.44089209850063e-16,4.44089209850063e-16,6.25499652073813e-13,0.0600256284528371,1.47032161199339,0.0106848907816393,0.00222030148088947,0.229132157474782,5.61256869476257,0.0407867795853738,0.0391437876298468,0,0.0500000000001819,2.82999999999993,NA,NA,NA
600,264,TRUE,TRUE,TRUE,0.00141471355205217,0.00131252821333822,0.00130563418320292,2.22044604925031e-16,4.44089209850063e-16,1.16752918444263e-09,0.016126125097261,0.395007780165791,0.00306822748223137,0.000330038919603481,0.131604959763118,3.22364999039152,0.0250397384311336,0.0184398881063785,0,0.0300000000002001,2.69999999999982,NA,NA,NA
600,265,TRUE,TRUE,TRUE,0.00256775327516226,0.0024200842314945,0.00242994586535012,2.22044604925031e-16,3.33066907387547e-16,9.27791177218751e-12,0.0111431669124079,0.27295073054064,0.00200119500502834,0.00012787492508437,0.102998095720396,2.52292778993309,0.0184973694016531,0.00930794987976924,0.0199999999999818,0.0300000000002001,2.83999999999969,NA,NA,NA
600,266,TRUE,TRUE,TRUE,0.00217512811180984,0.00212385832199976,0.00213015003622786,4.44089209850063e-16,2.22044604925031e-16,4.83080242474898e-12,0.013909626990272,0.340714886386113,0.0025775955425796,0.000193468876311442,0.107200048649395,2.6258541959255,0.0198652607835023,0.0124529076902142,0,0.0300000000002001,2.92999999999984,NA,NA,NA
600,267,TRUE,TRUE,TRUE,0.00215651456178686,0.00224201164689846,0.00223332150539034,3.33066907387547e-16,4.44089209850063e-16,2.66453525910038e-15,0.00534632244733363,0.130957619963552,0.000992850238107043,4.37982488215027e-05,0.065391364725303,1.60175477161223,0.0121436431635434,0.00454680203015911,0,0.0300000000002001,2.84000000000015,NA,NA,NA
600,268,TRUE,TRUE,TRUE,0.0015824922813423,0.00167564561194768,0.00165340798237941,4.44089209850063e-16,2.22044604925031e-16,4.39648317751562e-14,0.0148776123688558,0.364425588946164,0.00278049356337629,0.00014499843010185,0.0867708141486273,2.12544219230008,0.0162166942011633,0.00678872250239948,0.00999999999976353,0.0300000000002001,2.82999999999993,NA,NA,NA
600,269,TRUE,TRUE,TRUE,0.00160073255148509,0.00149504023703541,0.00150422354310168,4.44089209850063e-16,2.22044604925031e-16,3.00470759384552e-12,0.00653476713619579,0.160068450715882,0.0012355335991408,6.46653642633055e-05,0.0590694775006863,1.44690079249493,0.0111683129046089,0.00383640228553617,0,0.0300000000002001,2.86000000000013,NA,NA,NA
600,270,TRUE,TRUE,TRUE,0.00152385119249337,0.00136075709326991,0.00136113185689197,4.44089209850063e-16,2.22044604925031e-16,1.42135192504611e-11,0.00799174862736,0.195757062896199,0.00147660361771304,9.57838690638368e-05,0.085743677608224,2.10028258809852,0.0158425183843837,0.0081604990366877,0.00999999999976353,0.0399999999999636,2.92000000000007,NA,NA,NA
600,271,TRUE,TRUE,TRUE,0.00176166779723249,0.00186020063824658,0.00185557123519811,4.44089209850063e-16,4.44089209850063e-16,4.88498130835069e-15,0.00957865101740922,0.234628074168435,0.00178656444549135,0.000134115388750189,0.102444387878463,2.50936477313997,0.0191074401490504,0.0113316409995328,0.00999999999976353,0.0399999999999636,2.67000000000007,NA,NA,NA
600,272,TRUE,TRUE,TRUE,0.0039259684170465,0.00416350433162613,0.00413789432237346,4.44089209850063e-16,2.22044604925031e-16,2.24043006369357e-13,0.0203950173166594,0.499573857210426,0.00356121775077144,0.000441741973002507,0.160944989482458,3.94233100889628,0.0281029500756773,0.01930314619133,0.00999999999976353,0.0399999999999636,2.84000000000015,NA,NA,NA
600,273,TRUE,TRUE,TRUE,0.00306043991116165,0.00295154312316886,0.00295357338656222,4.44089209850063e-16,1.11022302462516e-16,4.44089209850063e-16,0.00784111400422603,0.192067283253452,0.00148267121292396,6.99701991280222e-05,0.0768955738966521,1.88354919525275,0.0145401346997871,0.0059211613267145,0,0.0299999999997453,2.55000000000018,NA,NA,NA
600,274,TRUE,TRUE,TRUE,0.00174497542510806,0.00161561442606133,0.00162421200502518,3.33066907387547e-16,2.22044604925031e-16,4.54563053864376e-11,0.0107162743254284,0.262494040409876,0.00201737453654834,0.000154822038865632,0.0918061479758128,2.24878217791188,0.0172828148664988,0.00985425805728823,0,0.0500000000001819,2.73000000000002,NA,NA,NA
600,275,TRUE,TRUE,TRUE,0.00205392567200799,0.00177720766142527,0.00184838568431432,6.66133814775094e-16,4.44089209850063e-16,2.69768651861568e-11,0.0365545820503867,0.895400737841482,0.00694013520416471,0.00121694002687889,0.138384830848757,3.38972223720816,0.0262732982412989,0.0189777590061624,0.00999999999976353,0.0300000000002001,2.92999999999984,NA,NA,NA
600,276,TRUE,TRUE,TRUE,0.00138583016448166,0.00125484675875373,0.00123735367510728,4.44089209850063e-16,4.44089209850063e-16,5.76427794385381e-13,0.00674644653064544,0.165253515770512,0.00128819185995345,5.87577646911086e-05,0.049249495588644,1.20636134281629,0.00940388381289594,0.00230370249659018,0.0199999999999818,0.0399999999999636,2.69000000000005,NA,NA,NA
600,277,TRUE,TRUE,TRUE,0.00303569043065937,0.00241039151309413,0.00240455345001603,4.44089209850063e-16,1.11022302462516e-16,4.33657554310685e-11,0.0137351639591399,0.336441432333582,0.00265935393584185,0.000249264362597756,0.106567635515265,2.61036330107297,0.0206332492123106,0.0101953092544171,0.0199999999999818,0.0300000000002001,2.84000000000015,NA,NA,NA
600,278,TRUE,TRUE,TRUE,0.00185677105761427,0.00136553584405111,0.00139993228098385,2.22044604925031e-16,4.44089209850063e-16,8.88178419700125e-16,0.0219408224495539,0.537438195384091,0.00410348543954746,0.000399030281737822,0.137848256683373,3.37657890806464,0.0257810898141023,0.0161554494138834,0,0.0300000000002001,2.84999999999991,NA,NA,NA
600,279,TRUE,TRUE,TRUE,0.00204505675846443,0.00199145228618209,0.00197414996320276,4.44089209850063e-16,4.44089209850063e-16,4.44089209850063e-16,0.0121149632823008,0.296754782941907,0.00226969466458179,0.000184157873732715,0.086859873084794,2.12762368180652,0.0162728838637773,0.00848646346505788,0,0.0299999999997453,2.88999999999987,NA,NA,NA
600,280,TRUE,TRUE,TRUE,0.00201273406706832,0.00189598865384733,0.00189386650731216,1.11022302462516e-16,4.44089209850063e-16,2.1582735598713e-13,0.0175257944456989,0.429292537288658,0.00329346159025375,0.000323855827367936,0.117480374861661,2.8776697320196,0.0220770078876765,0.0148804265081353,0,0.0300000000002001,2.80999999999995,NA,NA,NA
600,281,TRUE,TRUE,TRUE,0.00296717916185824,0.00275383891954047,0.002770168936997,2.22044604925031e-16,4.44089209850063e-16,2.30926389122033e-14,0.006643805853657,0.162739342915757,0.00121100064501494,4.90893569740081e-05,0.0689289242639335,1.68840692965584,0.0125640293504156,0.00643177326828237,0.00999999999976353,0.0399999999999636,2.59000000000015,NA,NA,NA
600,282,TRUE,TRUE,TRUE,0.00197618533830238,0.00197624127995924,0.00201223046108631,2.22044604925031e-16,4.44089209850063e-16,5.32907051820075e-15,0.0162664992498692,0.398446230635449,0.00308237251094161,0.000204603600259645,0.0913574474463747,2.23779130446748,0.0173115112448527,0.00830019173894669,0.0199999999999818,0.0299999999997453,2.57999999999993,NA,NA,NA
600,283,TRUE,TRUE,TRUE,0.0023054609706938,0.00187174131346567,0.00190415126682322,4.44089209850063e-16,2.22044604925031e-16,2.22044604925031e-16,0.00935187302595569,0.229073170528891,0.00173552129536315,0.000103039123068527,0.0863611344497754,2.11540713009844,0.0160269057881042,0.0078806806245133,0,0.0399999999999636,2.86000000000013,NA,NA,NA
600,284,TRUE,TRUE,TRUE,0.00178187565879263,0.00188853407435144,0.00187757869754783,2.22044604925031e-16,4.44089209850063e-16,4.66293670342566e-14,0.0133860351412709,0.327889557750783,0.00248109416377022,0.000150584607730764,0.0913929566407824,2.23866109854224,0.016939633650896,0.00760874261427347,0,0.0399999999999636,2.93000000000029,NA,NA,NA
600,285,TRUE,TRUE,TRUE,0.00140813908940769,0.0011966662498984,0.00119351030653466,2.22044604925031e-16,5.55111512312578e-16,1.11022302462516e-14,0.00655068255726865,0.160458297322582,0.00123306938759892,4.85306206172709e-05,0.0622687877932099,1.5252675699501,0.0117211810157864,0.0043789233908953,0,0.0399999999999636,2.80999999999995,NA,NA,NA
600,286,TRUE,TRUE,TRUE,0.00283580321881967,0.00300482822672583,0.003094224570945,6.66133814775094e-16,4.44089209850063e-16,7.99360577730113e-15,0.0163420520091203,0.400296887723693,0.0031564594665098,0.000179505900369747,0.10862510173648,2.66076072512287,0.0209808860285936,0.0111277244231296,0,0.0500000000001819,2.81999999999971,NA,NA,NA
600,287,TRUE,TRUE,TRUE,0.00258383130409643,0.00255936486259074,0.00256976468529245,2.22044604925031e-16,4.44089209850063e-16,1.46549439250521e-13,0.0231234636948739,0.566406871382129,0.00444266832406499,0.000304679500537475,0.119124845624762,2.91795087468484,0.0228872363262595,0.0130442550696976,0,0.0399999999999636,2.83000000000038,NA,NA,NA
600,288,TRUE,TRUE,TRUE,0.00207956070301667,0.00171051114756099,0.00171547761896776,4.44089209850063e-16,4.44089209850063e-16,8.88178419700125e-16,0.0126037239961821,0.308726926495182,0.00227915451576387,0.000190698465836192,0.128396636344112,3.14506243732764,0.0232181991307664,0.0177341290336557,0,0.0500000000001819,2.82999999999993,NA,NA,NA
600,289,TRUE,TRUE,TRUE,0.00157756032859645,0.00163844053927878,0.0016439416937475,2.22044604925031e-16,4.44089209850063e-16,1.0413891970984e-13,0.00839788716715183,0.205705384769889,0.00155192679884898,9.78453506341737e-05,0.0707755669233509,1.73364025218412,0.0130793015940615,0.00548557910750702,0,0.0500000000001819,2.75,NA,NA,NA
600,290,TRUE,TRUE,TRUE,0.00185248493739017,0.00178819076363757,0.00180009700802763,4.44089209850063e-16,2.22044604925031e-16,4.46309655899313e-14,0.0125340566806532,0.307020432747231,0.00237334625198173,0.000151227682728461,0.0996624910517111,2.44122249571387,0.0188712725358774,0.0102195768860796,0.00999999999976353,0.0300000000002001,2.52999999999975,NA,NA,NA
600,291,TRUE,TRUE,TRUE,0.00236001974961539,0.00211770426248096,0.00208096313573466,2.22044604925031e-16,4.44089209850063e-16,3.39728245535298e-13,0.0170149476943058,0.416779398511944,0.00322164303599818,0.000329910076558804,0.135104957075317,3.3093820655515,0.0255810333308394,0.0165992376447974,0.0100000000002183,0.0299999999997453,2.46000000000004,NA,NA,NA
600,292,TRUE,TRUE,TRUE,0.00150524223201625,0.00139663485036423,0.00140156617383237,2.22044604925031e-16,4.44089209850063e-16,1.57349688834074e-11,0.00866873465463042,0.212339766194263,0.00162727518196371,9.30643156245026e-05,0.0645131695715353,1.58024347139907,0.0121102656772981,0.00370681549654961,0,0.0399999999999636,2.69000000000005,NA,NA,NA
600,293,TRUE,TRUE,TRUE,0.00319457841758301,0.00275739186398638,0.002821526127689,2.22044604925031e-16,4.44089209850063e-16,9.54791801177635e-15,0.0312980785335621,0.766643223367827,0.00571688436101629,0.000809328661045328,0.172478607948432,4.22484581019205,0.0315048176306697,0.0213080015606728,0,0.0500000000001819,2.94999999999982,NA,NA,NA
600,294,TRUE,TRUE,TRUE,0.00187422234403629,0.00168546129873667,0.00168402593261699,2.22044604925031e-16,2.22044604925031e-16,1.5259349339658e-11,0.00764221620929415,0.187195302167974,0.00142929664952206,7.66219807779578e-05,0.0574236640189466,1.40658676007437,0.0107397446418415,0.00443369110978153,0.0100000000002183,0.0399999999999636,2.59999999999991,NA,NA,NA
600,295,TRUE,TRUE,TRUE,0.00187743347120305,0.00174438531860639,0.00173679455263298,4.44089209850063e-16,4.44089209850063e-16,4.44089209850063e-16,0.0144004182685709,0.35273676840652,0.00265604395561957,0.00017442788669797,0.0895098476071866,2.19253453591889,0.0165093878019065,0.0101019508068063,0.0100000000002183,0.0299999999997453,2.82000000000016,NA,NA,NA
600,296,TRUE,TRUE,TRUE,0.0026579684642406,0.00269468861176528,0.00270411184621727,2.22044604925031e-16,4.44089209850063e-16,6.66133814775094e-14,0.00786195708128808,0.192577832288167,0.0014265440122278,0.000114899306581151,0.0900689107150847,2.20622872940254,0.0163429110512815,0.00909926119495097,0.00999999999976353,0.0300000000002001,2.82999999999993,NA,NA,NA
600,297,TRUE,TRUE,TRUE,0.00189573830771497,0.00163974514695252,0.00161989790640809,4.44089209850063e-16,2.22044604925031e-16,3.06243919112603e-12,0.0160602069349679,0.393393121541792,0.00303864685210324,0.000227547065751565,0.106012444401387,2.59676395168569,0.0200579221530863,0.0108606395265696,0,0.0300000000002001,2.82000000000016,NA,NA,NA
600,298,TRUE,TRUE,TRUE,0.00174654332506552,0.00181641687714732,0.00185584845886262,4.44089209850063e-16,2.22044604925031e-16,3.99680288865056e-15,0.0133178048229076,0.326218263101006,0.00250697436068625,0.000234927201933743,0.116942719577957,2.86449992099375,0.0220135678176167,0.0141831135039183,0,0.0399999999999636,2.86000000000013,NA,NA,NA
600,299,TRUE,TRUE,TRUE,0.00352564207602368,0.00324576219450649,0.00330853336568692,2.22044604925031e-16,1.11022302462516e-16,4.24689838851577e-10,0.021307882913756,0.521934406376703,0.00410830491600969,0.000467694046456302,0.117451508242412,2.87696264714202,0.0226454505432608,0.0135245972924665,0,0.0300000000002001,2.63999999999987,NA,NA,NA
600,300,TRUE,TRUE,TRUE,0.00233515130312617,0.00209821650537842,0.00211234342889295,1.11022302462516e-16,2.22044604925031e-16,4.53423965041111e-11,0.0210929124095351,0.516668725925801,0.0040433239302103,0.00037879076218772,0.160061290987528,3.92068490490583,0.030682327579271,0.0227450376741807,0,0.0300000000002001,2.86000000000013,NA,NA,NA
600,301,TRUE,TRUE,TRUE,0.00182238704064493,0.00139079465077276,0.00139937639966488,2.22044604925031e-16,3.33066907387547e-16,4.22195611804455e-12,0.0193122372711028,0.473051271057612,0.00362584030149731,0.000525902453993865,0.150084261699024,3.67629859584946,0.0281780695343392,0.019315169993618,0,0.0300000000002001,2.82999999999993,NA,NA,NA
600,302,TRUE,TRUE,TRUE,0.00205044392483308,0.00158025893260739,0.00156348362106864,2.22044604925031e-16,2.22044604925031e-16,4.35207425653061e-14,0.0758125031510815,1.85701948843291,0.0142487184130308,0.00188630916462884,0.211029747268696,5.16915201356797,0.0396623686150087,0.0369886505195147,0,0.0299999999997453,2.98000000000002,NA,NA,NA
600,303,TRUE,TRUE,TRUE,0.00187398866428205,0.00183681070716287,0.00185450543317487,4.44089209850063e-16,2.22044604925031e-16,1.33226762955019e-15,0.0101890807230024,0.249580487193841,0.00191329607138194,0.000130442962039012,0.115123934739699,2.81994897293733,0.0216178650505963,0.0119503172920261,0,0.0499999999997272,2.63000000000011,NA,NA,NA
600,304,TRUE,TRUE,TRUE,0.0035899747136078,0.00310983689239668,0.00313867389736929,2.22044604925031e-16,3.33066907387547e-16,1.30322419522599e-11,0.0227753763685846,0.557880508028743,0.00441185406671643,0.000549136882263213,0.134144840766518,3.28586411504869,0.0259854086135382,0.0155266321313192,0.0199999999999818,0.0299999999997453,2.73000000000002,NA,NA,NA
600,305,TRUE,TRUE,TRUE,0.00230633177323803,0.00193011423120551,0.00193388152629139,2.22044604925031e-16,2.22044604925031e-16,1.33226762955019e-15,0.0194308007964361,0.475955472449335,0.00372495400223761,0.00028534860707552,0.0930412200517051,2.27903514172684,0.0178363346233386,0.00885597851507569,0.0100000000002183,0.0299999999997453,2.59999999999991,NA,NA,NA
600,306,TRUE,TRUE,TRUE,0.00180552602837108,0.0016152119412092,0.00164963542139761,3.33066907387547e-16,4.44089209850063e-16,9.1864342799397e-09,0.0155000545919045,0.379672247354493,0.0029552045937825,0.000202785076279355,0.0754106708756572,1.84717664806321,0.0143776242638756,0.00639138891570568,0,0.0300000000002001,2.80999999999995,NA,NA,NA
600,307,TRUE,TRUE,TRUE,0.00173448156817472,0.00174595623750862,0.0018291647792511,1.11022302462516e-16,3.33066907387547e-16,2.69166910982221e-11,0.0199922288826078,0.489707595833213,0.00374508262445138,0.000230268194737704,0.0956804037307635,2.34368167523858,0.0179235151626493,0.00962139346991009,0,0.0500000000001819,2.92000000000007,NA,NA,NA
600,308,TRUE,TRUE,TRUE,0.00142225135701046,0.00145679182494678,0.00147306301842677,2.22044604925031e-16,3.33066907387547e-16,3.90798504668055e-14,0.0182314430661335,0.446577327866295,0.00341175150643676,0.000352579565028321,0.109879323387691,2.69148275582105,0.0205623299118094,0.0124278145862178,0.0199999999999818,0.0300000000002001,2.73999999999978,NA,NA,NA
600,309,TRUE,TRUE,TRUE,0.00170155622270253,0.0016562817311041,0.00163344468241899,2.22044604925031e-16,2.22044604925031e-16,4.44089209850063e-16,0.0252511521097556,0.618524380863043,0.00462769342541211,0.000257744551831252,0.110046544311526,2.69557881519818,0.0201678587727893,0.0118712273265658,0.0199999999999818,0.0299999999997453,2.8100000000004,NA,NA,NA
600,310,TRUE,TRUE,TRUE,0.00168639160117579,0.00138205628333078,0.0014185141573727,5.55111512312578e-16,2.22044604925031e-16,1.37889699658444e-13,0.0177096732998157,0.433796630959398,0.00331783962491164,0.000340441862025642,0.121782788336261,2.98305690877206,0.022815540068629,0.0173923843606936,0,0.0500000000001819,2.82999999999993,NA,NA,NA
600,311,TRUE,TRUE,TRUE,0.00266598021105283,0.00249435701232774,0.00247041069418527,4.44089209850063e-16,4.44089209850063e-16,1.33226762955019e-14,0.011483196914337,0.281279730560278,0.00209824121539193,0.000199473943332862,0.0769673140138343,1.88530646206459,0.0140636785824172,0.00854241023463231,0,0.0500000000001819,2.84000000000015,NA,NA,NA
600,312,TRUE,TRUE,TRUE,0.0027490343893648,0.00211785134949654,0.0020919388674024,4.44089209850063e-16,4.44089209850063e-16,7.28306304154103e-14,0.0283198243791852,0.693691193342353,0.00543293531970369,0.000833791171224618,0.185201166011366,4.53648356496326,0.0355293854439646,0.0300331058064636,0.0199999999999818,0.0300000000002001,2.90000000000009,NA,NA,NA
600,313,TRUE,TRUE,TRUE,0.0018906212208045,0.0015267355044882,0.00151187899701586,4.44089209850063e-16,2.22044604925031e-16,3.50830475781549e-13,0.0179642010239054,0.440031261453514,0.00335797901423537,0.00028810729372708,0.110230615582103,2.70008762209038,0.0206049850677121,0.0116947275854891,0.0199999999999818,0.0300000000002001,2.69000000000005,NA,NA,NA
600,314,TRUE,TRUE,TRUE,0.0031222836268392,0.00290443413176394,0.00291591906587291,4.44089209850063e-16,2.22044604925031e-16,1.14130926931466e-13,0.0196362206478098,0.480987210638374,0.00384433309869627,0.000445693740303454,0.124603892494321,3.05215956575696,0.0243946570337473,0.0179906867262574,0,0.0500000000001819,2.61999999999989,NA,NA,NA
600,315,TRUE,TRUE,TRUE,0.0033207304690808,0.00302954651554918,0.00304815565534164,2.22044604925031e-16,2.22044604925031e-16,1.55431223447522e-15,0.0105897357242532,0.259394490353428,0.00201074639534544,0.000136992094763144,0.076956178377125,1.8850336957856,0.0146122020700641,0.00689103610134723,0,0.0499999999997272,2.75,NA,NA,NA
600,316,TRUE,TRUE,TRUE,0.00427650522351838,0.003713200712897,0.00377116863931326,2.22044604925031e-16,4.44089209850063e-16,4.50528503392889e-13,0.0170464581264702,0.417551243315717,0.00317663119477977,0.000242949169702911,0.116132972915358,2.84466525955086,0.0216415411206499,0.0128629224863062,0,0.0299999999997453,2.89000000000033,NA,NA,NA
600,317,TRUE,TRUE,TRUE,0.00172881325113432,0.00148895502828309,0.00156610847466969,4.44089209850063e-16,5.55111512312578e-16,5.52891066263328e-14,0.0253561225080466,0.621095620002139,0.00476825885883405,0.000482128366577683,0.105159284872629,2.57586589653919,0.0197753694999479,0.0130929665515112,0,0.0500000000001819,2.78999999999996,NA,NA,NA
600,318,TRUE,TRUE,TRUE,0.00331511168617584,0.00294747287516282,0.0029448774312101,4.44089209850063e-16,4.44089209850063e-16,2.22044604925031e-15,0.0102344006036736,0.250690593022325,0.00182229932306035,0.000181902868842343,0.0933970653518682,2.28775153585451,0.0166299342342961,0.0104562689701417,0,0.0399999999999636,2.69000000000005,NA,NA,NA
600,319,TRUE,TRUE,TRUE,0.00190874979693017,0.00164301246152788,0.00166990908029491,2.22044604925031e-16,4.44089209850063e-16,9.32587340685131e-15,0.0150699848240584,0.369137732504293,0.00285498242785415,0.000189637015449051,0.0814649832515854,1.99547640870762,0.0154333994615181,0.00695781685661956,0.0199999999999818,0.0399999999999636,2.56999999999971,NA,NA,NA
600,320,TRUE,TRUE,TRUE,0.0048659737816021,0.00472933769120082,0.00473579239063382,2.22044604925031e-16,2.22044604925031e-16,1.55431223447522e-15,0.0149399404993116,0.365952310108548,0.00290025183696268,0.000280936180285352,0.116968783302297,2.86513834924806,0.0227068460316431,0.0141045448990944,0.00999999999976353,0.0300000000002001,2.86000000000013,NA,NA,NA
600,321,TRUE,TRUE,TRUE,0.00223163036449003,0.00164447267280496,0.00163553914634843,4.44089209850063e-16,4.44089209850063e-16,2.64233079860787e-14,0.0194973641922644,0.477585936002597,0.00359532768421911,0.000241705974900697,0.133493662026095,3.26991355859485,0.0246163252641417,0.014186010182577,0,0.0500000000001819,2.92000000000007,NA,NA,NA
600,322,TRUE,TRUE,TRUE,0.00230066049281259,0.0017203852372214,0.00187252049018711,2.22044604925031e-16,2.22044604925031e-16,4.19664303308309e-14,0.0351713449681225,0.861518487393048,0.00660180771218089,0.00116019712793758,0.180235922928525,4.41486044494481,0.0338310322531033,0.0292791566466128,0.00999999999976353,0.0399999999999636,2.82000000000016,NA,NA,NA
600,323,TRUE,TRUE,TRUE,0.00217929711996762,0.00181692871816238,0.00186368218748233,2.22044604925031e-16,2.22044604925031e-16,1.94644300677282e-12,0.013101710162854,0.320925046568289,0.00242502053538092,0.000194327764589275,0.119753574644261,2.93335152752738,0.0221654176506639,0.0136380373245615,0.0199999999999818,0.0300000000002001,2.83999999999969,NA,NA,NA
600,324,TRUE,TRUE,TRUE,0.00184600897493912,0.00181927626240405,0.0018703750098628,2.22044604925031e-16,4.44089209850063e-16,6.51700915454967e-13,0.0202305551207812,0.495545372591633,0.00387078926801715,0.000478925012316722,0.107680379157524,2.63761984245359,0.0206028976234473,0.0120369177562445,0.0199999999999818,0.0299999999997453,2.89000000000033,NA,NA,NA
600,325,TRUE,TRUE,TRUE,0.00310139873689212,0.00220712077436342,0.00228386654987712,4.44089209850063e-16,2.22044604925031e-16,3.86357612569554e-14,0.0347791800997584,0.85191244916767,0.00661333463187131,0.000646144230142198,0.158402861679064,3.88006184910371,0.0301206390698369,0.0190462540566365,0.0199999999999818,0.0300000000002001,2.98000000000002,NA,NA,NA
600,326,TRUE,TRUE,TRUE,0.00256331904777602,0.00206761579798635,0.00207012201447256,4.44089209850063e-16,3.33066907387547e-16,6.21724893790088e-15,0.0133030642203571,0.325857193553505,0.00247287372405949,0.000246032961594977,0.134064564596378,3.2838977584952,0.0249209305184396,0.0169328953728929,0.00999999999976353,0.0300000000002001,2.76999999999998,NA,NA,NA
600,327,TRUE,TRUE,TRUE,0.00142074280717906,0.00146830761463994,0.00148424501867293,4.44089209850063e-16,3.33066907387547e-16,8.88178419700125e-16,0.013326939745802,0.326442022100315,0.00247542622335447,0.000215625070421055,0.101991943216527,2.49828218755406,0.018944599107128,0.0106323306097345,0.0100000000002183,0.0299999999997453,2.82999999999993,NA,NA,NA
600,328,TRUE,TRUE,TRUE,0.00267025823498043,0.00240246299632943,0.002439159894875,4.44089209850063e-16,2.22044604925031e-16,1.84607884534671e-11,0.01853541792616,0.454023160883284,0.00354743803888594,0.000271234649915186,0.0981659627273926,2.40456518791184,0.0187876891522109,0.00917595683607075,0.0199999999999818,0.0299999999997453,2.8100000000004,NA,NA,NA
600,329,TRUE,TRUE,TRUE,0.00120728709721489,0.00135556710463403,0.00137647714198222,2.22044604925031e-16,2.22044604925031e-16,2.50910403565285e-14,0.0260791601003755,0.638806351662701,0.00492118746526809,0.00086987990922438,0.168830498077062,4.13548573308739,0.0318586383799931,0.0260833162408787,0.0199999999999818,0.0300000000002001,2.82999999999993,NA,NA,NA
600,330,TRUE,TRUE,TRUE,0.00197763768508016,0.00179662554723284,0.0018177960068269,4.44089209850063e-16,4.44089209850063e-16,1.99840144432528e-14,0.0142125981019001,0.34813613268904,0.00264626543745218,0.00017968327838247,0.107818006231107,2.64099100350429,0.0200747999330423,0.0109360675908867,0,0.0500000000001819,2.84000000000015,NA,NA,NA
600,331,TRUE,TRUE,TRUE,0.00133772352483697,0.00123769259527486,0.00125495590824012,2.22044604925031e-16,5.55111512312578e-16,5.78648240434632e-13,0.0166507001941834,0.407857193358101,0.00310592607735949,0.000333585483389243,0.145766560589057,3.57053695003678,0.0271904578462538,0.0201540820218788,0,0.0500000000001819,2.82999999999993,NA,NA,NA
600,332,TRUE,TRUE,TRUE,0.0019588986868658,0.00184282445311074,0.00184386126158928,6.66133814775094e-16,4.44089209850063e-16,3.84137166520304e-14,0.0102093429420548,0.25007680817119,0.00184525172143911,7.93745958347358e-05,0.0549709625265216,1.34650808859633,0.00993553295319251,0.00339989505115312,0,0.0299999999997453,2.92000000000007,NA,NA,NA
600,333,TRUE,TRUE,TRUE,0.00250567002686334,0.00259364973554265,0.00256962130315722,3.33066907387547e-16,2.22044604925031e-16,4.88498130835069e-15,0.00969666314841121,0.237518769212569,0.00179807461844012,8.96047798590871e-05,0.0787565030735101,1.92913246456035,0.0146040000612771,0.00789050899916433,0,0.0299999999997453,2.84000000000015,NA,NA,NA
600,334,TRUE,TRUE,TRUE,0.00148397833052871,0.00137352481516906,0.00136403901672674,2.22044604925031e-16,4.44089209850063e-16,6.66133814775094e-16,0.0125961823592371,0.308542194871776,0.00234088692463103,0.000156183446119229,0.0916241946570767,2.24432525003279,0.0170275304958025,0.00800160894674917,0,0.0500000000001819,2.88999999999987,NA,NA,NA
600,335,TRUE,TRUE,TRUE,0.00139414456264092,0.00142412943467552,0.0014348877376025,2.22044604925031e-16,3.33066907387547e-16,1.31761268562514e-12,0.00493560152958158,0.12089705321175,0.000902933077239396,3.36682604924476e-05,0.0484215597392791,1.18608113910927,0.00885837879700654,0.00288792205257593,0,0.0499999999997272,2.73000000000002,NA,NA,NA
600,336,TRUE,TRUE,TRUE,0.00208701969780379,0.00186259989199851,0.00188254821990934,4.44089209850063e-16,2.22044604925031e-16,3.5527136788005e-15,0.00821403875615056,0.201202036800143,0.00148956984159862,8.18419968275919e-05,0.0723629177714783,1.77252224839099,0.0131226091283978,0.00599064086476631,0.0199999999999818,0.0300000000002001,2.82999999999993,NA,NA,NA
600,337,TRUE,TRUE,TRUE,0.00173749632002642,0.00160057069868602,0.00161874001795723,2.22044604925031e-16,4.44089209850063e-16,1.33226762955019e-15,0.0296923560121063,0.727311214907207,0.00561174665405381,0.000799946789289407,0.180024900221008,4.40969146536925,0.0340240475040011,0.0275097743228763,0,0.0500000000001819,2.75999999999976,NA,NA,NA
600,338,TRUE,TRUE,TRUE,0.00190469265603734,0.00185570427582736,0.00187011893612948,2.22044604925031e-16,0,1.88489224228761e-11,0.00668767250062805,0.163813851933815,0.00123687401715918,7.9899005456241e-05,0.0567529408522413,1.39015746490346,0.0104963629619896,0.00412666489418712,0,0.0500000000001819,2.6899999999996,NA,NA,NA
600,339,TRUE,TRUE,TRUE,0.00276798597330095,0.00280131991166177,0.0028863464761936,3.33066907387547e-16,1.11022302462516e-16,1.84297022087776e-14,0.0192749479187102,0.472137872195607,0.00352055142427988,0.000274421043595652,0.0952794882618878,2.33386129195124,0.0174027104778549,0.00834996113282926,0.0199999999999818,0.0300000000002001,2.9399999999996,NA,NA,NA
600,340,TRUE,TRUE,TRUE,0.00167517538124125,0.00156361268729119,0.00157375404844169,2.22044604925031e-16,2.22044604925031e-16,2.46049847163476e-11,0.00789890420747992,0.193482848354489,0.00148534050276159,0.000107525510102846,0.0598569090855436,1.46618884839744,0.0112557247308663,0.00486518972981997,0.0199999999999818,0.0300000000002001,2.83999999999969,NA,NA,NA
600,341,TRUE,TRUE,TRUE,0.00178253714967535,0.00165192689191797,0.00167590500733004,3.33066907387547e-16,4.44089209850063e-16,1.0680345496894e-13,0.0143317131490372,0.351053843550774,0.00267825739301987,0.000167118110489639,0.085562699482092,2.09584954746224,0.01598963990359,0.00808372702788773,0,0.0300000000002001,2.75999999999976,NA,NA,NA
600,342,TRUE,TRUE,TRUE,0.00270547167827964,0.00250214411939033,0.00250403690374131,4.44089209850063e-16,4.44089209850063e-16,4.44089209850063e-16,0.00922985241889099,0.22608428827476,0.00168698714729031,6.79315069902486e-05,0.0702660336874059,1.72115928783358,0.0128428809413146,0.00580110395159039,0,0.0300000000002001,2.77999999999975,NA,NA,NA
600,343,TRUE,TRUE,TRUE,0.00262487061026224,0.00251826625559924,0.00252524100920215,0,4.44089209850063e-16,3.34843264226947e-13,0.014975645663012,0.366826904431033,0.00280399223352147,0.000164179029717104,0.0903751065398971,2.21372896472415,0.0169215473271674,0.00677680863428165,0,0.0499999999997272,2.97000000000025,NA,NA,NA
600,344,TRUE,TRUE,TRUE,0.00206115234048975,0.00179550809367639,0.00175730931542248,4.44089209850063e-16,4.44089209850063e-16,1.08357767203415e-13,0.0176818231760654,0.43311444503478,0.00326480667553606,0.000343571797102982,0.129870222900173,3.18115778886939,0.0239794938822701,0.016828317364741,0,0.0300000000002001,2.79999999999973,NA,NA,NA
600,345,TRUE,TRUE,TRUE,0.0034636886376933,0.00227772668977298,0.00235845460750716,2.22044604925031e-16,2.22044604925031e-16,1.73194791841524e-14,0.0396259425076415,0.970633397205838,0.00762916280339642,0.000884376051310198,0.209794555169248,5.13889610978831,0.0403916403084588,0.0346279303863994,0.0199999999999818,0.0300000000002001,2.80999999999995,NA,NA,NA
600,346,TRUE,TRUE,TRUE,0.00286256578684907,0.00275575553454334,0.00276447579056034,2.22044604925031e-16,2.22044604925031e-16,2.00586214305076e-11,0.00634858833474383,0.15550802007108,0.00113408796277353,5.55445744261363e-05,0.0591521168317332,1.44892503443243,0.0105667118632206,0.00405092917950611,0,0.0500000000001819,2.80999999999995,NA,NA,NA
600,347,TRUE,TRUE,TRUE,0.00396136767084156,0.00287851632458461,0.00286739766161073,2.22044604925031e-16,5.55111512312578e-16,7.94919685631612e-14,0.0663470700333057,1.62516467510299,0.0129903851711879,0.00318364166573915,0.27967152535054,6.85052532694673,0.0547581201987277,0.0612727706659015,0,0.0499999999997272,2.84000000000015,NA,NA,NA
600,348,TRUE,TRUE,TRUE,0.00181244835317009,0.0021797123471498,0.00222613272339778,2.22044604925031e-16,4.44089209850063e-16,1.33226762955019e-15,0.0161072015149462,0.394544248958025,0.00299612304631014,0.000231797584792304,0.110239749108692,2.70031134688733,0.0205058496733598,0.010656778859321,0,0.0500000000001819,2.94000000000005,NA,NA,NA
600,349,TRUE,TRUE,TRUE,0.00238111724237886,0.00207790771207786,0.00208046058903962,2.22044604925031e-16,2.22044604925031e-16,7.70494779089859e-14,0.0162252704240498,0.397436334775932,0.00294139619953681,0.000257427535629517,0.120339831891918,2.94771183867506,0.0218157919670246,0.0156976819497956,0.0199999999999818,0.0300000000002001,2.82999999999993,NA,NA,NA
600,350,TRUE,TRUE,TRUE,0.00295844573207864,0.00246316705545222,0.00247224178670275,4.44089209850063e-16,2.22044604925031e-16,6.83897383169096e-14,0.0300969770966848,0.737222366871097,0.00575800341917295,0.00055606916151163,0.158749634639139,3.88855601719149,0.0303711876481212,0.0191558849802789,0,0.0499999999997272,2.71000000000004,NA,NA,NA
600,351,TRUE,TRUE,TRUE,0.00292901302419961,0.0022599617256583,0.0021250606489614,4.44089209850063e-16,4.44089209850063e-16,1.58184576548592e-12,0.0323760069944709,0.793046970452328,0.00611391550721256,0.00110233473241195,0.188970601234434,4.62881549411317,0.0356853854612707,0.0297914577733316,0,0.0300000000002001,2.82000000000016,NA,NA,NA
600,352,TRUE,TRUE,TRUE,0.00305906444140259,0.00290972207931058,0.00293640189637678,6.66133814775094e-16,4.44089209850063e-16,2.95319324550292e-14,0.0154184601004078,0.377673598654606,0.00276502895247229,0.000136049791155557,0.101473846227791,2.48559145495732,0.0181975450798191,0.0100317301022947,0.00999999999976353,0.0300000000002001,2.9699999999998,NA,NA,NA
600,353,TRUE,TRUE,TRUE,0.00213453567374713,0.00222975139818467,0.00225100836620494,0,2.22044604925031e-16,5.32907051820075e-15,0.00877299075087047,0.214893508577889,0.00162270770968302,0.000102732863915378,0.0757258981112241,1.85489810686488,0.0140067397968659,0.00556319970532826,0,0.0299999999997453,2.82000000000016,NA,NA,NA
600,354,TRUE,TRUE,TRUE,0.00177021243003661,0.00157239813461853,0.00159915569774856,4.44089209850063e-16,2.22044604925031e-16,1.33226762955019e-15,0.0140932310126431,0.345212248081431,0.00266144566479571,9.21146331691602e-05,0.080139289536004,1.96300367712373,0.0151339578925561,0.0055852899920481,0,0.0500000000001819,2.67999999999984,NA,NA,NA
600,355,TRUE,TRUE,TRUE,0.00180187069784223,0.00142774204161991,0.00143456982116198,2.22044604925031e-16,4.44089209850063e-16,3.68594044175552e-14,0.0104969690140487,0.257122179302251,0.00194175999185043,0.000132819294130115,0.11460263211747,2.80717971867697,0.021199529665052,0.0128393239635081,0,0.0399999999999636,2.65000000000009,NA,NA,NA
600,356,TRUE,TRUE,TRUE,0.00288545868373677,0.00267094580325563,0.00269288450831562,2.22044604925031e-16,2.22044604925031e-16,3.99680288865056e-14,0.0101452439937765,0.248506711007881,0.00183143789864806,0.000122233493268453,0.0870505962238796,2.13229542553553,0.0157145319641522,0.00750967660080804,0,0.0500000000001819,2.84000000000015,NA,NA,NA
600,357,TRUE,TRUE,TRUE,0.0022798331248622,0.00217326472055421,0.00217748550193195,4.44089209850063e-16,2.22044604925031e-16,3.10862446895044e-15,0.00657330293086516,0.161012381053608,0.00124048984609307,6.70755935061607e-05,0.0748548174806303,1.83356107616711,0.0141263291822229,0.00583057598563741,0.00999999999976353,0.0399999999999636,2.70000000000027,NA,NA,NA
600,358,TRUE,TRUE,TRUE,0.00147749032533187,0.00130016975146648,0.00131852541498813,2.22044604925031e-16,3.33066907387547e-16,1.11022302462516e-14,0.0190775477163833,0.467302574487377,0.0036049862909296,0.000235828229325108,0.102648500310445,2.5143644862251,0.0193969603381386,0.0101319136289924,0,0.0500000000001819,2.78999999999996,NA,NA,NA
600,359,TRUE,TRUE,TRUE,0.0035847205289417,0.00332434953244193,0.00334480173764907,4.44089209850063e-16,4.44089209850063e-16,2.99760216648792e-14,0.0110066889902538,0.269607717836311,0.00198400391908767,0.000153101298305813,0.0714061409780353,1.74908609897427,0.0128712697953758,0.00683344499330474,0,0.0399999999999636,2.82999999999993,NA,NA,NA
600,360,TRUE,TRUE,TRUE,0.00149939491716195,0.00127041538033802,0.00130005027682366,4.44089209850063e-16,2.22044604925031e-16,1.19904086659517e-14,0.0143129766025354,0.350594893766061,0.00265530178665261,0.000222691298795041,0.126427748418069,3.09683472953231,0.0234545081417584,0.0156367134282469,0.0199999999999818,0.0299999999997453,2.72000000000025,NA,NA,NA
600,361,TRUE,TRUE,TRUE,0.00221281553628894,0.00195763802983827,0.00197748075546765,2.22044604925031e-16,4.44089209850063e-16,3.99680288865056e-15,0.0115697949011913,0.283400939365732,0.00215590277268483,0.00014660663816457,0.109489078454986,2.6819237462227,0.020402073661263,0.011861489626952,0,0.0300000000002001,2.69000000000005,NA,NA,NA
600,362,TRUE,TRUE,TRUE,0.00192023792892764,0.00205621715849172,0.00206249453932317,2.22044604925031e-16,4.44089209850063e-16,1.0259793015166e-11,0.018081572100443,0.442906253934297,0.00338363383816816,0.000374463679790438,0.123021803371439,3.01340645497028,0.0230212690803511,0.0153884535174669,0,0.0500000000001819,2.90000000000009,NA,NA,NA
600,363,TRUE,TRUE,TRUE,0.00316593408595931,0.00219816541144461,0.00221832931674771,1.11022302462516e-16,4.44089209850063e-16,1.24344978758018e-14,0.0295121507228172,0.722897104830119,0.00544714290880078,0.000986094455385,0.214134349648371,5.24519893041232,0.0395233954710044,0.0403948979748137,0.0199999999999818,0.0300000000002001,2.82999999999993,NA,NA,NA
600,364,TRUE,TRUE,TRUE,0.00312953485889896,0.00264241378660344,0.00266181528046847,2.22044604925031e-16,1.11022302462516e-16,1.33226762955019e-15,0.0292403160875333,0.716238543321508,0.00567762612869789,0.000664630522045684,0.136877375559504,3.35279727452087,0.0265776389549896,0.019749018325772,0,0.0299999999997453,2.70000000000027,NA,NA,NA
600,365,TRUE,TRUE,TRUE,0.00318448682720534,0.00303349549362655,0.00303734463235648,2.22044604925031e-16,2.22044604925031e-16,1.55431223447522e-15,0.0230357778771608,0.56425901627137,0.00453091989381067,0.000461571024221286,0.111531944159892,2.73196353212321,0.0219372797951167,0.0143290042552096,0,0.0399999999999636,2.67000000000007,NA,NA,NA
600,366,TRUE,TRUE,TRUE,0.0026009657487272,0.00253409315208242,0.00254793955758291,3.33066907387547e-16,6.66133814775094e-16,3.21964677141295e-14,0.0132772324122892,0.325224446064507,0.00245394993574985,0.00015228880982221,0.0845930986745605,2.07209927513581,0.0156348267930581,0.00858529104897343,0,0.0399999999999636,2.95000000000027,NA,NA,NA
600,367,TRUE,TRUE,TRUE,0.00169659852365035,0.00149644120659724,0.00149681453577968,2.22044604925031e-16,4.44089209850063e-16,2.44249065417534e-15,0.011742516866216,0.287631746182547,0.00224678527383602,0.000152615951002133,0.073926094416521,1.81081209997289,0.0141448432375788,0.00559343617421959,0.0199999999999818,0.0300000000002001,2.54999999999973,NA,NA,NA
600,368,TRUE,TRUE,TRUE,0.00206395644111812,0.00207324584869747,0.00206062928171922,2.22044604925031e-16,2.22044604925031e-16,2.66453525910038e-15,0.00903958604304078,0.221423732914344,0.00163416061402725,7.9778989341861e-05,0.0801496898162916,1.9632584309226,0.0144893212698737,0.00443815904169398,0,0.0300000000002001,2.67999999999984,NA,NA,NA
600,369,TRUE,TRUE,TRUE,0.00231902611124099,0.00245979110718231,0.00246027268563126,0,4.44089209850063e-16,8.53973203263081e-09,0.00785678059857988,0.192451034875193,0.00149443228235364,8.91346859823727e-05,0.0774629573209113,1.89744719403223,0.0147341703964441,0.00590231134734864,0,0.0299999999997453,2.82999999999993,NA,NA,NA
600,370,TRUE,TRUE,TRUE,0.00244050762079022,0.00200137040664446,0.00195538905947893,2.22044604925031e-16,2.22044604925031e-16,2.05908623485129e-10,0.0250881769686522,0.614532321498426,0.00481258448624094,0.000988861384026762,0.154187768759662,3.77681358039416,0.0295773449313611,0.0224552873341075,0.0199999999999818,0.0299999999997453,2.80000000000018,NA,NA,NA
600,371,TRUE,TRUE,TRUE,0.00161032191346645,0.00134335315770559,0.00133654193699915,3.33066907387547e-16,2.22044604925031e-16,5.10775866047197e-11,0.0105044355278699,0.257305070792445,0.00197093587321476,7.55835418999595e-05,0.0742981257678381,1.81992496976334,0.0139404769537529,0.00483327796371569,0,0.0299999999997453,2.86999999999989,NA,NA,NA
600,372,TRUE,TRUE,TRUE,0.00147811564472962,0.00137114293441037,0.00135065793245469,2.22044604925031e-16,2.22044604925031e-16,8.88178419700125e-16,0.0182237603576694,0.446389140710499,0.00337313130271952,0.000402084852435536,0.141547555775613,3.46719285988395,0.0261997788513073,0.0189636952628014,0.0199999999999818,0.0300000000002001,2.80999999999995,NA,NA,NA
600,373,TRUE,TRUE,TRUE,0.0011040967694642,0.00114607352451641,0.00114583640548767,1.11022302462516e-16,4.44089209850063e-16,5.58770807401743e-11,0.00721260864547437,0.176672108957988,0.00134053041645702,7.26365790839623e-05,0.0812351766447668,1.98984731944536,0.0150983133192591,0.00707606820642326,0,0.0399999999999636,2.67000000000007,NA,NA,NA
600,374,TRUE,TRUE,TRUE,0.00179316223928282,0.00114841688084568,0.00112160056953372,2.22044604925031e-16,2.22044604925031e-16,3.46389583683049e-14,0.0163760078176012,0.401128631769512,0.00302941660262575,0.000300453266707024,0.127835344911014,3.13131366124678,0.023648408121763,0.0161853430447749,0,0.0499999999997272,2.82000000000016,NA,NA,NA
600,375,TRUE,TRUE,TRUE,0.00156730131230991,0.00149082256010086,0.00148362136120579,2.22044604925031e-16,3.33066907387547e-16,1.11022302462516e-15,0.0063973826667924,0.156703232229669,0.00121270410475208,3.8696771792246e-05,0.0628456537921633,1.53939784342407,0.0119131817321469,0.0038940603660933,0.0199999999999818,0.0300000000002001,2.94999999999982,NA,NA,NA
600,376,TRUE,TRUE,TRUE,0.0028629146486111,0.00275914672860183,0.00279247569828476,2.22044604925031e-16,2.22044604925031e-16,1.77635683940025e-15,0.0161549467425117,0.39571376340991,0.00292066395616661,0.000294718688273576,0.119103341387479,2.91742413059834,0.0215327751798786,0.0143408609594715,0,0.0299999999997453,2.76999999999998,NA,NA,NA
600,377,TRUE,TRUE,TRUE,0.00345709971992154,0.00282349034208266,0.00275948711789485,2.22044604925031e-16,4.44089209850063e-16,1.68753899743024e-14,0.043215242394319,1.05855292976773,0.00781813271207165,0.000913691482978152,0.191998597605224,4.70298595462752,0.0347347471272454,0.0274916427674832,0,0.0499999999997272,2.80999999999995,NA,NA,NA
600,378,TRUE,TRUE,TRUE,0.00148315059284886,0.00133000533290741,0.00131394549781903,4.44089209850063e-16,4.44089209850063e-16,4.21884749357559e-14,0.00869142184899976,0.212895486693265,0.00160284658490978,6.59021949509508e-05,0.059795317334621,1.46468016477619,0.0110272774522415,0.00294900678293786,0,0.0500000000001819,2.83999999999969,NA,NA,NA
600,379,TRUE,TRUE,TRUE,0.00378199493677557,0.00333316996093543,0.00333093127090093,1.11022302462516e-16,2.22044604925031e-16,1.10977893541531e-12,0.0141314209330285,0.346147706264047,0.00249767045439053,0.000208597773571739,0.12330289361922,3.02029173175764,0.0217932786655435,0.0136384529547833,0,0.0499999999997272,2.87000000000035,NA,NA,NA
600,380,TRUE,TRUE,TRUE,0.00254762182776835,0.00235078534482867,0.00235598688429616,4.44089209850063e-16,4.44089209850063e-16,1.77635683940025e-15,0.0126456199568541,0.309753163754483,0.00237216693935747,0.000151508877614503,0.108966522203821,2.66912378445015,0.0204408152665195,0.00964856986043827,0.00999999999976353,0.0399999999999636,2.78999999999996,NA,NA,NA
600,381,TRUE,TRUE,TRUE,0.00240799364824681,0.00233378461023864,0.00233926657739227,4.44089209850063e-16,0,1.77635683940025e-15,0.0117392360279799,0.287551382386475,0.00231431675413098,0.000151548182234507,0.104185641545882,2.55201660311922,0.0205395457757919,0.0100442079473915,0.0199999999999818,0.0300000000002001,2.60999999999967,NA,NA,NA
600,382,TRUE,TRUE,TRUE,0.00351287265635365,0.00332988831392861,0.00330911734618467,2.22044604925031e-16,8.88178419700125e-16,2.53130849614536e-14,0.0182797644092556,0.447760954209646,0.00324517821392437,0.000293661765056186,0.107516357356479,2.63360214526105,0.01908721210636,0.0123809249792686,0.0100000000002183,0.0299999999997453,2.82000000000016,NA,NA,NA
600,383,TRUE,TRUE,TRUE,0.00199790329290946,0.00182203225223633,0.00178495336861105,4.44089209850063e-16,0,4.44089209850063e-15,0.0189002811857982,0.462960449003305,0.0035978727532875,0.000385998520851416,0.118096549786579,2.89276287360308,0.0224809543602803,0.0143348415847413,0,0.0299999999997453,2.65000000000009,NA,NA,NA
600,384,TRUE,TRUE,TRUE,0.00198356400275727,0.0018818940120859,0.00188582123240407,4.44089209850063e-16,3.33066907387547e-16,1.07025499573865e-13,0.00951066184005261,0.232962686242882,0.00174712782625099,0.000124430203108261,0.0789736848603681,1.93445231015263,0.0145076257238016,0.00807733614956163,0,0.0399999999999636,2.82999999999993,NA,NA,NA
600,385,TRUE,TRUE,TRUE,0.00177373133621534,0.00167700115953166,0.00166482214290691,2.22044604925031e-16,3.33066907387547e-16,4.88498130835069e-15,0.00950049755230982,0.232713713057196,0.00175548438093969,9.56659513349223e-05,0.0892970488969344,2.18732205333849,0.0165001436755766,0.0074577158095579,0,0.0499999999997272,2.92000000000007,NA,NA,NA
600,386,TRUE,TRUE,TRUE,0.00204198156864296,0.00190589937226777,0.00192812748615705,2.22044604925031e-16,2.22044604925031e-16,3.28848059893971e-13,0.0113353530035657,0.277658309130607,0.00216331437223524,0.000121340329833686,0.0789236314102149,1.93322625602522,0.0150623122266247,0.00853478201970148,0,0.0299999999997453,2.75,NA,NA,NA
600,387,TRUE,TRUE,TRUE,0.00219851928043138,0.00216302615981195,0.00214261184674172,6.66133814775094e-16,4.44089209850063e-16,5.32907051820075e-15,0.0150277998280423,0.368104415353883,0.00288057050530543,0.000188335842537413,0.0844964449777114,2.06973175274547,0.0161965137938404,0.00662056571996317,0.0100000000002183,0.0399999999999636,2.65000000000009,NA,NA,NA
600,388,TRUE,TRUE,TRUE,0.00234198939210807,0.00204917094989254,0.00207894572080023,3.33066907387547e-16,2.22044604925031e-16,3.06421554796543e-14,0.014929502894624,0.365696642052332,0.00275873614053818,0.000198286165208117,0.0856890076380152,2.09894345278588,0.015833974103918,0.0100099331914336,0.00999999999976353,0.0300000000002001,2.86000000000013,NA,NA,NA
600,389,TRUE,TRUE,TRUE,0.00272013531111228,0.00262256735033404,0.00263382967087522,2.22044604925031e-16,4.44089209850063e-16,3.39728245535298e-14,0.0130507281669095,0.319676247806962,0.00234920201886998,0.000162125708826011,0.0987853378787359,2.41973671871334,0.0177818978536303,0.00911085314598381,0,0.0500000000001819,2.94000000000005,NA,NA,NA
600,390,TRUE,TRUE,TRUE,0.00463953436547462,0.00427908277903716,0.004401894189014,0,4.44089209850063e-16,2.44249065417534e-15,0.029838751160369,0.730897149047835,0.0053533155300279,0.000474798695979217,0.166088884735009,4.06833019548703,0.029797701694629,0.0229731308467329,0.0199999999999818,0.0300000000002001,2.82999999999993,NA,NA,NA
600,391,TRUE,TRUE,TRUE,0.00200662722551003,0.00158379343361741,0.00158705436828014,4.44089209850063e-16,3.33066907387547e-16,8.91664519997448e-11,0.0177410892133877,0.434566160539945,0.00336012525815628,0.000243578342743689,0.114765323943378,2.81116483826494,0.0217363127542154,0.0113986064714844,0,0.0299999999997453,2.76000000000022,NA,NA,NA
600,392,TRUE,TRUE,TRUE,0.00245569266945478,0.00240829637042783,0.00237710404059603,4.44089209850063e-16,2.22044604925031e-16,8.88178419700125e-16,0.0158145975815931,0.387376945623559,0.00295888311853053,0.000304311857714623,0.125738681286446,3.07995610082234,0.0235254839388255,0.0146120719288909,0,0.0399999999999636,2.67000000000007,NA,NA,NA
600,393,TRUE,TRUE,TRUE,0.00265563944789176,0.00207658837033466,0.00204140685904397,1.11022302462516e-16,4.44089209850063e-16,2.26485497023532e-14,0.0256989324030725,0.629492713218044,0.00485860503604133,0.000579441312030582,0.112414329691737,2.75357747521755,0.0212528995289385,0.0117948398346392,0,0.0499999999997272,2.84000000000015,NA,NA,NA
600,394,TRUE,TRUE,TRUE,0.00188167340724722,0.00152179805480786,0.00151173975607749,4.44089209850063e-16,4.44089209850063e-16,5.02264896340421e-13,0.0197076062023756,0.482735792475292,0.00375537285441764,0.000322245319196668,0.148857136258261,3.64624028404689,0.0283653957233647,0.0164181156345862,0,0.0299999999997453,2.94000000000005,NA,NA,NA
600,395,TRUE,TRUE,TRUE,0.00146501192504029,0.0012372963057761,0.00122852681492466,2.22044604925031e-16,2.22044604925031e-16,6.86353196499567e-11,0.011838379810175,0.28997989916195,0.00220953190607713,9.69175943126288e-05,0.0889889984096449,2.17977638824974,0.0166090321841982,0.00723023146781188,0,0.0299999999997453,2.82999999999993,NA,NA,NA
600,396,TRUE,TRUE,TRUE,0.00257382301250873,0.0023303331311961,0.00230966580065439,2.22044604925031e-16,2.22044604925031e-16,8.88178419700125e-16,0.00993303049498559,0.243308563122197,0.00182762219839643,0.000105670853074002,0.0998866594216332,2.44671347694167,0.0183785881030768,0.0101774103261292,0,0.0299999999997453,2.87000000000035,NA,NA,NA
600,397,TRUE,TRUE,TRUE,0.00222588802336326,0.00204759972162492,0.00205580831019217,6.66133814775094e-16,2.22044604925031e-16,6.66133814775094e-16,0.0108679021734892,0.266208148995329,0.00201222975660612,0.000108110623109781,0.0688841588315977,1.68731040498246,0.0127541407667291,0.00559074276651472,0,0.0500000000001819,2.57999999999993,NA,NA,NA
600,398,TRUE,TRUE,TRUE,0.00201107763498475,0.0014645329022017,0.00139603151789802,2.22044604925031e-16,2.22044604925031e-16,7.32747196252603e-15,0.0401551625237602,0.98359658721742,0.00728084664317207,0.000949305333399764,0.176675142350872,4.32763948993218,0.0320343521547485,0.0304072850973469,0.0199999999999818,0.0299999999997453,2.95000000000027,NA,NA,NA
600,399,TRUE,TRUE,TRUE,0.00143317053059266,0.00121077866745864,0.00116766560188619,2.22044604925031e-16,3.33066907387547e-16,9.32587340685131e-15,0.0139376270123284,0.341400744054363,0.0025874353391836,0.000200446363813001,0.112555236192338,2.7570289654967,0.0208951922358524,0.0123018600842819,0.0199999999999818,0.0300000000002001,2.75999999999976,NA,NA,NA
600,400,TRUE,TRUE,TRUE,0.00172745365075689,0.00134760807023659,0.00139057701474546,4.44089209850063e-16,2.22044604925031e-16,8.88178419700125e-16,0.0165385962189332,0.405111217983094,0.00310511717434616,0.000386885099384671,0.124580374993817,3.05158350699436,0.0233899332723862,0.0185061956986026,0,0.0300000000002001,2.77999999999975,NA,NA,NA
600,401,TRUE,TRUE,TRUE,0.00190865253004532,0.0011668629591381,0.0011774830315868,4.44089209850063e-16,1.11022302462516e-16,3.5527136788005e-15,0.0269039319338025,0.659009053123861,0.00498524408853641,0.00073810247909023,0.179132876026522,4.38784142422215,0.0331929590615614,0.0267901748211088,0,0.0300000000002001,2.82999999999993,NA,NA,NA
600,402,TRUE,TRUE,TRUE,0.00241090261392468,0.00201797521203677,0.00200886481184699,3.33066907387547e-16,4.44089209850063e-16,2.88657986402541e-15,0.0141217713081712,0.345911339692952,0.00269348458387846,0.000206629720437945,0.122370102489849,2.99744310872211,0.0233399888293984,0.0120100993845149,0,0.0500000000001819,2.84000000000015,NA,NA,NA
600,403,TRUE,TRUE,TRUE,0.00366805342377508,0.00343454112646328,0.00342375630011349,4.44089209850063e-16,4.44089209850063e-16,1.33226762955019e-15,0.0125131992889141,0.306509533075969,0.00226953953079121,0.000165108900112898,0.107816346232675,2.64095034201298,0.0195548280012859,0.0102172917854446,0,0.0500000000001819,2.90999999999985,NA,NA,NA
600,404,TRUE,TRUE,TRUE,0.00265391388159547,0.00172164931843074,0.00176400238131103,2.22044604925031e-16,3.33066907387547e-16,3.62487817540114e-12,0.0367099177273467,0.899205669315501,0.00682161934490355,0.00078209044829336,0.166259196876188,4.0725019739159,0.0308951102016186,0.028433840159952,0.00999999999976353,0.0300000000002001,2.81999999999971,NA,NA,NA
600,405,TRUE,TRUE,TRUE,0.00180542081389127,0.0017440255611373,0.00173671396352279,2.22044604925031e-16,4.44089209850063e-16,2.67832866995832e-10,0.0166614060215654,0.408119431501704,0.0030752017415312,0.000300246096806234,0.133934041878537,3.28070061790969,0.024720254599287,0.0165992171407581,0.00999999999976353,0.0300000000002001,2.76999999999998,NA,NA,NA
600,406,TRUE,TRUE,TRUE,0.00185531457668609,0.00187316972314592,0.00188973622060109,4.44089209850063e-16,4.44089209850063e-16,5.50670620214078e-14,0.0113026041067397,0.276856128261978,0.00206272440038743,0.000149983269185583,0.0825062284021824,2.02098160186872,0.0150573804852316,0.00661301126120506,0,0.0499999999997272,2.82999999999993,NA,NA,NA
600,407,TRUE,TRUE,TRUE,0.00246074632806329,0.00225014176854491,0.00223309639422849,2.22044604925031e-16,2.22044604925031e-16,1.56319401867222e-12,0.0156709257952332,0.383857719953399,0.00289852379329893,0.000217388680361807,0.126111666733529,3.08909234109071,0.0233258501390461,0.0142898160835223,0.0299999999997453,0.0300000000002001,2.94000000000005,NA,NA,NA
600,408,TRUE,TRUE,TRUE,0.00349798803001219,0.00315685204988701,0.00308681273027543,2.22044604925031e-16,3.33066907387547e-16,8.88178419700125e-16,0.0406165867894149,0.994899127275346,0.00790320239360847,0.000807515325909947,0.179030093868679,4.3853237858084,0.0348357943942162,0.0250944583380601,0.0199999999999818,0.0300000000002001,2.67000000000007,NA,NA,NA
600,409,TRUE,TRUE,TRUE,0.00290060286165138,0.00202839249373253,0.00198762651583452,3.33066907387547e-16,4.44089209850063e-16,9.30557852996117e-11,0.0351988278920573,0.862191678795847,0.00648532646463343,0.0010239832965091,0.176257252594176,4.31740332320577,0.0324751104877139,0.0275606389007237,0,0.0300000000002001,2.84999999999991,NA,NA,NA
600,410,TRUE,TRUE,TRUE,0.00188644841527584,0.00176055899418474,0.00178064576121072,4.44089209850063e-16,4.44089209850063e-16,1.11022302462516e-15,0.012761684782611,0.312596159756377,0.00247397584078072,0.000248181141259352,0.0835148347093877,2.04568730990878,0.016190157250973,0.00867789305412003,0,0.0299999999997453,2.82999999999993,NA,NA,NA
600,411,TRUE,TRUE,TRUE,0.00285091157139433,0.00298037979445781,0.00295415042715874,2.22044604925031e-16,5.55111512312578e-16,1.31894495325469e-13,0.014027726918032,0.34360773200283,0.00257156895783495,0.000197881891367047,0.101188035980046,2.47859056225497,0.018549834463635,0.0113637908463886,0,0.0300000000002001,2.81999999999971,NA,NA,NA
600,412,TRUE,TRUE,TRUE,0.0026200322944101,0.00247405613532204,0.00247718672334583,2.22044604925031e-16,1.11022302462516e-16,1.03472785895065e-13,0.00901736889161248,0.220879526068969,0.00165059312158086,9.152123769951e-05,0.0870615637796967,2.1325640746903,0.01593626922178,0.00641610021993699,0,0.0399999999999636,2.91000000000031,NA,NA,NA
600,413,TRUE,TRUE,TRUE,0.00191915540437136,0.00159669150297667,0.0016025242091949,6.66133814775094e-16,4.44089209850063e-16,3.77475828372553e-14,0.0145519042277363,0.356447401438033,0.00271441124124728,0.000241055414811342,0.12466389887148,3.0536294158105,0.0232539386721279,0.012645570629001,0.0199999999999818,0.0399999999999636,2.82000000000016,NA,NA,NA
600,414,TRUE,TRUE,TRUE,0.0020062342732043,0.00154806506280721,0.0015549256543344,4.44089209850063e-16,2.22044604925031e-16,3.5527136788005e-15,0.0173337773346465,0.42458909784904,0.00324501454773193,0.000473618418986632,0.140238251100914,3.43512157617542,0.0262536639409435,0.0201830188212853,0,0.0399999999999636,2.82999999999993,NA,NA,NA
600,415,TRUE,TRUE,TRUE,0.00261793549470618,0.00258597191108169,0.00250766183319881,2.22044604925031e-16,2.22044604925031e-16,1.26565424807268e-14,0.0192558064633846,0.471669004210787,0.00364676362739079,0.000192702178075876,0.0929659094104345,2.2771904152937,0.0176063618872543,0.00848816140544173,0.0199999999999818,0.0300000000002001,2.82999999999993,NA,NA,NA
600,416,TRUE,TRUE,TRUE,0.00277236408163257,0.00244029773324443,0.00245433744817226,3.33066907387547e-16,4.44089209850063e-16,6.21724893790088e-15,0.00783356002208506,0.191882249235737,0.00142663664713734,0.000102354418689998,0.0599188188046794,1.46770532061746,0.0109123288158817,0.00480527846045575,0.00999999999976353,0.0399999999999636,2.92000000000007,NA,NA,NA
600,417,TRUE,TRUE,TRUE,0.00286259716311994,0.00261464028286606,0.00258942821614749,2.22044604925031e-16,2.22044604925031e-16,3.41948691584548e-14,0.0105384562282442,0.258138404358536,0.00199799169302792,0.000110427895133824,0.106582170653801,2.61071933780053,0.0202069721578811,0.00977988344993719,0.00999999999976353,0.0399999999999636,2.80999999999995,NA,NA,NA
600,418,TRUE,TRUE,TRUE,0.0024369498669074,0.00223160696351918,0.00225211546820852,2.22044604925031e-16,2.22044604925031e-16,2.8421709430404e-14,0.0141924586047516,0.34764281777214,0.00270744577411744,0.000146849258491955,0.0964669295993572,2.36294754571412,0.0184026593389832,0.00746693376366636,0.0199999999999818,0.0300000000002001,2.62999999999965,NA,NA,NA
600,419,TRUE,TRUE,TRUE,0.00172596440191272,0.00117097791603173,0.00113189058076439,4.44089209850063e-16,4.44089209850063e-16,5.99520433297585e-15,0.0237208407348219,0.581039560701396,0.00447982742269381,0.000491091199503302,0.14556880973328,3.56569306310825,0.0274915696716742,0.0204684845941259,0,0.0399999999999636,2.82999999999993,NA,NA,NA
600,420,TRUE,TRUE,TRUE,0.00152950500458592,0.00142529250046855,0.00138567295480645,2.22044604925031e-16,4.44089209850063e-16,5.32907051820075e-15,0.0115325534521432,0.282488713891236,0.00217389342881086,0.000121472313171722,0.0935845298615754,2.29234345979115,0.0176407415190974,0.00848444368614309,0,0.0299999999997453,2.82000000000016,NA,NA,NA
600,421,TRUE,TRUE,TRUE,0.00295760744617866,0.00264480514156731,0.00266195220559358,2.22044604925031e-16,4.44089209850063e-16,2.66453525910038e-14,0.0237492947026213,0.581736537724057,0.00425418909413401,0.00055860257906204,0.15493174440971,3.79503718763089,0.0277527794259168,0.0213296756683832,0.0199999999999818,0.0300000000002001,2.94000000000005,NA,NA,NA
600,422,TRUE,TRUE,TRUE,0.0017655888230471,0.00173810953634063,0.00177673834614396,3.33066907387547e-16,2.22044604925031e-16,2.66453525910038e-15,0.00971751668190196,0.238029574376433,0.00178993828087294,0.000108001925767098,0.06268907665418,1.53556250248962,0.0115471454044299,0.00552787258178711,0,0.0300000000002001,2.84000000000015,NA,NA,NA
600,423,TRUE,TRUE,TRUE,0.00255454667567559,0.00220297335860785,0.00220712369953372,2.22044604925031e-16,4.44089209850063e-16,2.66453525910038e-14,0.0090379573500521,0.221383838246644,0.00173765580826122,0.000100952298438983,0.0630851290776148,1.5452637659777,0.0121288734512555,0.00484546490852367,0.0199999999999818,0.0300000000002001,2.86000000000013,NA,NA,NA
600,424,TRUE,TRUE,TRUE,0.00133007011199576,0.00114448436736641,0.00111036642267049,4.44089209850063e-16,4.44089209850063e-16,9.32587340685131e-15,0.0180874179968243,0.44304944856653,0.00339504659680816,0.000394240462380679,0.121967302099883,2.98757655448602,0.0228935204565286,0.0162711545470948,0,0.0300000000002001,2.82999999999993,NA,NA,NA
600,425,TRUE,TRUE,TRUE,0.00241970919059956,0.00224475712377818,0.00226674148348295,1.11022302462516e-16,3.33066907387547e-16,2.75335310107039e-14,0.0126423673154937,0.309673490637991,0.00234005426551627,0.000162314807820252,0.0605491744076541,1.48314581645538,0.0112074226535465,0.0047687516554582,0,0.0300000000002001,2.69000000000005,NA,NA,NA
600,426,TRUE,TRUE,TRUE,0.00156156498016476,0.00137340897896498,0.0014148100543066,2.22044604925031e-16,4.44089209850063e-16,1.11022302462516e-15,0.0191372892434676,0.468765937065487,0.00356664754053416,0.00035394662549848,0.13532974106368,3.31488812628987,0.0252216226648012,0.0173360051236671,0.0199999999999818,0.0300000000002001,2.80999999999995,NA,NA,NA
600,427,TRUE,TRUE,TRUE,0.00262290499591321,0.00226013321270406,0.00226032060840706,2.22044604925031e-16,2.22044604925031e-16,1.11022302462516e-15,0.0126522023925322,0.309914399841243,0.00233425373937831,0.000272762085707257,0.116668549016873,2.85778414122227,0.0215246317092762,0.0126888741808386,0,0.0299999999997453,2.82999999999993,NA,NA,NA
600,428,TRUE,TRUE,TRUE,0.00312793991470001,0.00283671268796871,0.0028091921489454,4.44089209850063e-16,2.22044604925031e-16,1.7466028623403e-12,0.0127949916816973,0.313412008833137,0.00234908532491988,0.000129316256739287,0.0909219206402055,2.2271231200233,0.016692730624824,0.00743966756744641,0.0199999999999818,0.0300000000002001,2.85999999999967,NA,NA,NA
600,429,TRUE,TRUE,TRUE,0.00308202440359898,0.00262254167733613,0.00262131062974888,4.44089209850063e-16,4.44089209850063e-16,3.59712259978551e-14,0.0179722851624124,0.440229281597035,0.00322059668345708,0.000340703011076471,0.129968846944191,3.18357357471153,0.0232901511209395,0.0142611018951015,0,0.0499999999997272,2.84000000000015,NA,NA,NA
600,430,TRUE,TRUE,TRUE,0.00201290517184489,0.00187630749345822,0.00186901174103506,2.22044604925031e-16,3.33066907387547e-16,5.99520433297585e-15,0.0128622883193042,0.315060433068556,0.00235712485604895,0.00012113928887203,0.0767880504578086,1.88091541964719,0.0140720700615917,0.0064147734502491,0.0100000000002183,0.0299999999997453,2.93000000000029,NA,NA,NA
600,431,TRUE,TRUE,TRUE,0.00247596337112561,0.0019626358689018,0.00199241692164624,6.66133814775094e-16,6.66133814775094e-16,3.34487992859067e-12,0.0176488012249276,0.432305575728794,0.00333210036336279,0.000213519458355904,0.12289797460546,3.01037328204901,0.023203184206132,0.0150483257064238,0.0100000000002183,0.0299999999997453,2.82999999999993,NA,NA,NA
600,432,TRUE,TRUE,TRUE,0.00192616892816147,0.00182974243686961,0.00183508008445347,2.22044604925031e-16,2.22044604925031e-16,2.22333262911434e-12,0.00697018965135556,0.170734080562489,0.00130495338357299,7.08417562478303e-05,0.0837811542669956,2.05221078015541,0.0156854413163785,0.00684361958327173,0,0.0500000000001819,2.82999999999993,NA,NA,NA
600,433,TRUE,TRUE,TRUE,0.00195954431008491,0.00201509687027863,0.00199156268884057,2.22044604925031e-16,4.44089209850063e-16,6.30606677987089e-14,0.00945083030254908,0.231497118868784,0.00178146201427682,6.67938622775921e-05,0.0579576449115388,1.41966656726684,0.0109248964949675,0.00335562361554054,0,0.0500000000001819,2.82999999999993,NA,NA,NA
600,434,TRUE,TRUE,TRUE,0.00256714704983424,0.00198326327553504,0.00196179959311855,5.55111512312578e-16,2.22044604925031e-16,4.44089209850063e-15,0.032118795643476,0.786746604792434,0.0060870381742607,0.00085231355486215,0.203903132713198,4.99458632102335,0.0386429854485745,0.0314531618863718,0,0.0299999999997453,2.75,NA,NA,NA
600,435,TRUE,TRUE,TRUE,0.00218449852866779,0.00186136100324118,0.00195364901332198,2.22044604925031e-16,4.44089209850063e-16,6.67443877944152e-12,0.0220692373438205,0.540583705047358,0.00416323592340512,0.000455194055220431,0.111005634075105,2.71907162058113,0.0209405806046688,0.0137573675074094,0,0.0399999999999636,2.68000000000029,NA,NA,NA
600,436,TRUE,TRUE,TRUE,0.00205290844563931,0.00191935174755436,0.00194532710266055,1.11022302462516e-16,6.66133814775094e-16,8.88178419700125e-16,0.0116998382543866,0.286586337963422,0.00218636358924493,0.000103112638829117,0.0960839958896919,2.35356762377421,0.0179553379760288,0.00908287482813463,0,0.0500000000001819,2.69000000000005,NA,NA,NA
600,437,TRUE,TRUE,TRUE,0.00274777845343206,0.00242768589440585,0.0024226987668926,5.55111512312578e-16,2.22044604925031e-16,1.15685239165941e-13,0.012848232128038,0.314716128105263,0.00235349115156465,0.000135975397174803,0.107556695704875,2.63459022896744,0.0197018336149575,0.00960710752968907,0,0.0500000000001819,2.84000000000015,NA,NA,NA
600,438,TRUE,TRUE,TRUE,0.00313257415341839,0.00316608689163792,0.00313850672268508,4.44089209850063e-16,2.22044604925031e-16,3.39728245535298e-14,0.00984546419443704,0.241163635572126,0.00190699072001761,9.27442170102211e-05,0.0702929935885606,1.72181966784703,0.0136152124276053,0.00513435859767952,0.00999999999976353,0.0300000000002001,2.63999999999987,NA,NA,NA
600,439,TRUE,TRUE,TRUE,0.00293826628307635,0.00251205361857322,0.00257930387932991,4.44089209850063e-16,2.22044604925031e-16,1.11022302462516e-14,0.019804402141335,0.485106799071533,0.00355874602217205,0.000449794876043796,0.134691938431409,3.2992652162332,0.0242034269295598,0.0174182434890433,0.0100000000002183,0.0299999999997453,2.94000000000005,NA,NA,NA
600,440,TRUE,TRUE,TRUE,0.00121114981789562,0.00122822421244159,0.00120968239867251,2.22044604925031e-16,4.44089209850063e-16,8.88178419700125e-16,0.00714568724038578,0.175032876004616,0.00133423782727931,3.94204597284897e-05,0.0450277389161607,1.10294984615855,0.00840754856989163,0.00236832207732363,0,0.0499999999997272,2.59000000000015,NA,NA,NA
600,441,TRUE,TRUE,TRUE,0.00214891592322218,0.00169114544734514,0.00166702259357116,2.22044604925031e-16,4.44089209850063e-16,1.77635683940025e-15,0.0127440147530841,0.31216333419557,0.00232857047749404,0.000189694131336182,0.131461919178679,3.22014622594765,0.0240205578732633,0.0147945127353744,0.00999999999976353,0.0300000000002001,2.82999999999993,NA,NA,NA
600,442,TRUE,TRUE,TRUE,0.00284863174057966,0.00288594002933196,0.0029078583367093,6.66133814775094e-16,3.33066907387547e-16,4.15667500419659e-13,0.0128823476283376,0.315551783785801,0.00248408375781177,0.00010875175667735,0.0962023670085763,2.3564671121897,0.0185505580383015,0.00845466348909696,0.0199999999999818,0.0299999999997453,2.82999999999993,NA,NA,NA
600,443,TRUE,TRUE,TRUE,0.00141933337309809,0.00131924341538534,0.00132192059428551,2.22044604925031e-16,4.44089209850063e-16,9.32587340685131e-15,0.0106484742110711,0.260833283563098,0.00196521325287496,0.000116255175086621,0.0700078183649027,1.71483432999457,0.0129201883507902,0.0049597435517974,0,0.0300000000002001,2.75,NA,NA,NA
600,444,TRUE,TRUE,TRUE,0.00238580387096912,0.00251732946853563,0.00264710445598706,2.22044604925031e-16,2.22044604925031e-16,6.81676937119846e-14,0.021599712852885,0.529082750802038,0.00396050706219689,0.000338102442277943,0.126050191482477,3.08758651112184,0.0231124680664883,0.0155764181610465,0,0.0500000000001819,2.92000000000007,NA,NA,NA
600,445,TRUE,TRUE,TRUE,0.00268782920614807,0.00183948026300307,0.00178721246432422,2.22044604925031e-16,2.22044604925031e-16,4.88498130835069e-15,0.0313439099352399,0.767765858850899,0.00587107047453564,0.000741449619432899,0.199574526342461,4.8885575519667,0.0373825764398749,0.0308208569315731,0,0.0500000000001819,2.80999999999995,NA,NA,NA
600,446,TRUE,TRUE,TRUE,0.0019118486801186,0.00208570736548702,0.00208158287330761,4.44089209850063e-16,1.11022302462516e-16,7.95918886353775e-12,0.0210901479322055,0.516601010337172,0.00391709806008069,0.00037765529091871,0.131816649874316,3.2288353179518,0.0244824619139134,0.0133198201308353,0,0.0500000000001819,2.84000000000015,NA,NA,NA
600,447,TRUE,TRUE,TRUE,0.00187771874309953,0.00157368763878501,0.00162082211909695,1.11022302462516e-16,4.44089209850063e-16,6.75015598972095e-14,0.0184432350484749,0.451765150749785,0.00347655646991679,0.000278780232573439,0.0929773587407264,2.27747086546481,0.0175262657140281,0.0129198570579092,0,0.0399999999999636,2.61000000000013,NA,NA,NA
600,448,TRUE,TRUE,TRUE,0.00392634800626635,0.00331937141228476,0.00333003417932919,3.33066907387547e-16,4.44089209850063e-16,6.59472476627343e-14,0.013325948151251,0.326417733093497,0.00235011875943885,0.00020026033223175,0.125084379955529,3.06392905683462,0.0220594545701178,0.0152968381078082,0.00999999999976353,0.0300000000002001,2.94000000000005,NA,NA,NA
600,449,TRUE,TRUE,TRUE,0.0016113862902732,0.00145109424620325,0.00146511763922863,4.44089209850063e-16,4.44089209850063e-16,8.88178419700125e-16,0.00937453421039997,0.229628253917447,0.00178842289910539,0.000183842914871946,0.0829399395745836,2.03160531254999,0.0158228327782991,0.0089925860250375,0,0.0300000000002001,2.51999999999998,NA,NA,NA
600,450,TRUE,TRUE,TRUE,0.0017589558992003,0.00153909363002355,0.00155134446948088,4.44089209850063e-16,0,1.45394807304911e-12,0.00512158217855324,0.125452630131873,0.000942829879488944,3.33635369145213e-05,0.0541374608681271,1.32609155096803,0.00996614208786402,0.0031289813047124,0.0199999999999818,0.0300000000002001,2.7199999999998,NA,NA,NA
600,451,TRUE,TRUE,TRUE,0.00233225686865725,0.00225460015401775,0.00233581546188667,2.22044604925031e-16,2.22044604925031e-16,6.40564379317254e-09,0.01656778178244,0.405826115367569,0.00310065736154662,0.000155342457649255,0.111180298428235,2.72335000599534,0.0208073727254082,0.00988593653710268,0.0199999999999818,0.0399999999999636,2.82999999999993,NA,NA,NA
600,452,TRUE,TRUE,TRUE,0.0023773314407382,0.00203797666562053,0.00204173800567863,2.22044604925031e-16,6.66133814775094e-16,1.15858433957783e-11,0.00720369126357651,0.176453678603074,0.00131319889833461,6.95710788640724e-05,0.084485667682865,2.06946776401366,0.0154013382399067,0.00754145895965763,0,0.0299999999997453,2.80000000000018,NA,NA,NA
600,453,TRUE,TRUE,TRUE,0.00160680408486291,0.00171132642941516,0.00171357449566964,2.22044604925031e-16,3.33066907387547e-16,5.12769138261149e-09,0.00882028583226576,0.216051996745508,0.00166111956575244,8.16961874789968e-05,0.0605961265875294,1.48429590528544,0.0114120350969964,0.00387655841133139,0,0.0500000000001819,2.92000000000007,NA,NA,NA
600,454,TRUE,TRUE,TRUE,0.00233192022131856,0.00221416853267467,0.00221440634166353,2.22044604925031e-16,2.22044604925031e-16,1.11022302462516e-15,0.011619847484648,0.284626972263502,0.00211022485197794,0.000177131070600467,0.0737535476012348,1.80658558343096,0.01339402855978,0.00766544910577238,0.0199999999999818,0.0300000000002001,2.80000000000018,NA,NA,NA
600,455,TRUE,TRUE,TRUE,0.00218956527679444,0.00180250681524775,0.00178544432239093,2.22044604925031e-16,2.22044604925031e-16,1.46549439250521e-14,0.0128455445048227,0.314650295050281,0.00238462123419699,0.000203767785446729,0.118417090306804,2.90061448076745,0.0219827122105575,0.0148410413101168,0.0100000000002183,0.0299999999997453,2.76999999999998,NA,NA,NA
600,456,TRUE,TRUE,TRUE,0.00217451417941388,0.00200376631339189,0.00201164287329393,4.44089209850063e-16,3.33066907387547e-16,8.88178419700125e-16,0.00665872404735746,0.163104762540258,0.00126380030407256,9.30647982535504e-05,0.0562278387745325,1.37729514337084,0.0106718283015194,0.00438286829841772,0,0.0499999999997272,2.83000000000038,NA,NA,NA
600,457,TRUE,TRUE,TRUE,0.00220167272420402,0.00203332957948477,0.00200561920301884,4.44089209850063e-16,3.33066907387547e-16,1.27009514017118e-13,0.00935062374736756,0.229042569578016,0.00178188206264862,7.35725849771995e-05,0.0832102763070992,2.03822718308394,0.0158567923152076,0.00596796349241302,0.0100000000002183,0.0299999999997453,2.96000000000004,NA,NA,NA
600,458,TRUE,TRUE,TRUE,0.00211057526986397,0.00153562393356901,0.0015537412339197,2.22044604925031e-16,4.44089209850063e-16,9.76996261670138e-15,0.0157293200505174,0.385288081246961,0.00302117007572448,0.000295074322032463,0.163774077875374,4.01162923889502,0.0314564991790713,0.0222937133467838,0.0199999999999818,0.0299999999997453,2.80999999999995,NA,NA,NA
600,459,TRUE,TRUE,TRUE,0.00184213030412733,0.0018313233055031,0.00185032032772775,2.22044604925031e-16,2.22044604925031e-16,6.66133814775094e-16,0.018507868238629,0.453348334113043,0.0034287699939721,0.000182233183821268,0.0879251763066248,2.1537181749548,0.0162890292035705,0.00580983198686624,0.0199999999999818,0.0300000000002001,2.6899999999996,NA,NA,NA
600,460,TRUE,TRUE,TRUE,0.00262949135464903,0.00264364302566802,0.00269321285193901,4.44089209850063e-16,2.22044604925031e-16,6.66133814775094e-16,0.0127020420265319,0.311135216563908,0.00237156673151768,0.000118337855141704,0.0757110547495361,1.85453452024284,0.014135823065068,0.00721255473991533,0,0.0500000000001819,2.75999999999976,NA,NA,NA
600,461,TRUE,TRUE,TRUE,0.00265848060826477,0.00222807366714779,0.002133186564185,4.44089209850063e-16,2.22044604925031e-16,1.86517468137026e-14,0.0312971885722303,0.766621423856291,0.00563212106940717,0.000833663996708367,0.167790611145522,4.11001380936277,0.0301949497508509,0.0249629034471752,0,0.0499999999997272,2.84000000000015,NA,NA,NA
600,462,TRUE,TRUE,TRUE,0.00315247658864135,0.0029601183804979,0.00297463723030074,3.33066907387547e-16,2.22044604925031e-16,1.10644826634143e-11,0.0133861490144887,0.327892347063573,0.00258901021778403,0.00012118613112122,0.0899045759792449,2.20220336690431,0.0173884113783486,0.00733515249810424,0,0.0300000000002001,2.86999999999989,NA,NA,NA
600,463,TRUE,TRUE,TRUE,0.00181191597439723,0.00163020089195032,0.00165263528102418,2.22044604925031e-16,4.44089209850063e-16,1.77635683940025e-15,0.00922692220062899,0.226012512878991,0.00173498738114951,0.000116134896103404,0.0758012186642421,1.85674307608526,0.0142533073324547,0.00608422938730513,0,0.0300000000002001,2.82999999999993,NA,NA,NA
600,464,TRUE,TRUE,TRUE,0.00185687466545136,0.00177592205786378,0.00173221527053805,2.22044604925031e-16,4.44089209850063e-16,1.77635683940025e-15,0.0182922728111842,0.448067346231874,0.00342278674858687,0.000478735276477238,0.119537877168819,2.92806803999098,0.0223675136573229,0.0151267387577185,0,0.0499999999997272,2.80999999999995,NA,NA,NA
600,465,TRUE,TRUE,TRUE,0.00224744535350115,0.00206291791928337,0.00206328280440657,2.22044604925031e-16,3.33066907387547e-16,4.88498130835069e-15,0.0122443566320928,0.299924259772905,0.00235075499488001,0.000137736600514415,0.0900007814753246,2.20455991066278,0.0172789631136431,0.00787453248422665,0.0199999999999818,0.0300000000002001,2.80999999999995,NA,NA,NA
600,466,TRUE,TRUE,TRUE,0.00217245448205765,0.0022507807120569,0.00224369669249195,4.44089209850063e-16,3.33066907387547e-16,1.67199587508549e-13,0.00755618993471116,0.185088097395965,0.00138247793780928,7.77129105600238e-05,0.0754665641898398,1.84854574906101,0.013807336890177,0.0052891894791145,0,0.0500000000001819,2.90999999999985,NA,NA,NA
600,467,TRUE,TRUE,TRUE,0.0043338868226004,0.00416688697165143,0.00417106114118231,4.44089209850063e-16,4.44089209850063e-16,7.68274333040608e-14,0.0151767366224161,0.371752606855299,0.00276974739832717,0.000185315210210035,0.0998539141419994,2.4459113846758,0.0182232930430573,0.0105921014237111,0,0.0299999999997453,2.78999999999996,NA,NA,NA
600,468,TRUE,TRUE,TRUE,0.0016198774548944,0.00153471067554456,0.00153986214120807,2.22044604925031e-16,4.44089209850063e-16,9.51017042893909e-13,0.00901418335397795,0.220801496651358,0.0017124150910754,9.58185931700939e-05,0.0692861711334638,1.69715765508139,0.013162222288214,0.0054158967805904,0.0199999999999818,0.0300000000002001,2.83999999999969,NA,NA,NA
600,469,TRUE,TRUE,TRUE,0.00157114210102637,0.00125347718761967,0.00127636306131433,3.33066907387547e-16,2.22044604925031e-16,1.97619698383278e-14,0.013476056672892,0.330094625934139,0.00251034508034234,0.000167197807549258,0.118149410852192,2.8940576999832,0.0220090935707303,0.0108307567699875,0.0100000000002183,0.0299999999997453,2.83000000000038,NA,NA,NA
600,470,TRUE,TRUE,TRUE,0.00210837221765318,0.00200100115552512,0.00200039361408381,2.22044604925031e-16,2.22044604925031e-16,1.48325796089921e-13,0.00714986151900139,0.175135124531141,0.0013848336197103,2.81782948796661e-05,0.044310389113228,1.08537843631583,0.00858233636880478,0.0024468112762257,0.0199999999999818,0.0300000000002001,2.82999999999993,NA,NA,NA
600,471,TRUE,TRUE,TRUE,0.00200887815361604,0.00126638270037543,0.00126509823050518,2.22044604925031e-16,4.44089209850063e-16,1.99840144432528e-15,0.0288496439469411,0.70666906930979,0.00533344401392579,0.000601938071170594,0.152596281486956,3.73783026289154,0.0282105292370597,0.0202242894630338,0,0.0300000000002001,2.75,NA,NA,NA
600,472,TRUE,TRUE,TRUE,0.00233425877110735,0.00216155464775254,0.00217993399159528,4.44089209850063e-16,4.44089209850063e-16,1.77635683940025e-15,0.00901568805807998,0.220838354223997,0.00167118724938563,9.5128600769101e-05,0.0991059288006707,2.42758956046243,0.018370707092263,0.00996514655496838,0.00999999999976353,0.0300000000002001,2.76999999999998,NA,NA,NA
600,473,TRUE,TRUE,TRUE,0.00133838218955773,0.00136640299125127,0.00140740186012632,3.33066907387547e-16,4.44089209850063e-16,2.53130849614536e-14,0.0163785590610244,0.401191124215477,0.00316494098079874,0.000162077350257306,0.0706702630524366,1.73106084466732,0.0136560982455861,0.00507758701748529,0.0199999999999818,0.0300000000002001,2.88999999999987,NA,NA,NA
600,474,TRUE,TRUE,TRUE,0.001625699381062,0.00151377495815872,0.00151623237516609,2.22044604925031e-16,2.22044604925031e-16,5.55111512312578e-15,0.0105025137944559,0.257257998129586,0.0019946993814483,0.000113485192990481,0.100805429567506,2.46921865742459,0.0191455619045299,0.00825078508564303,0,0.0499999999997272,2.68000000000029,NA,NA,NA
600,475,TRUE,TRUE,TRUE,0.00236181946430314,0.00232828837784654,0.0023286925697654,4.44089209850063e-16,2.22044604925031e-16,1.35447209004269e-14,0.00577239231567457,0.141394157685653,0.00110201250708658,5.20980324409948e-05,0.059160209352027,1.44912325988696,0.0112943277349255,0.00467229614422848,0.00999999999976353,0.0399999999999636,2.7800000000002,NA,NA,NA
600,476,TRUE,TRUE,TRUE,0.00181952850180687,0.00152153085429368,0.0015417596343546,2.22044604925031e-16,4.44089209850063e-16,8.48077164050665e-12,0.0172498120152262,0.422532375962345,0.00328731743256887,0.000237750919446,0.121828171220108,2.98416855785686,0.0232169411861613,0.0122654056165103,0,0.0300000000002001,2.80999999999995,NA,NA,NA
600,477,TRUE,TRUE,TRUE,0.00223633595094107,0.00155443578188939,0.00153767637207604,4.44089209850063e-16,4.44089209850063e-16,7.41984251817485e-12,0.0351579394893831,0.861190121566356,0.0066809445912093,0.00146724693758316,0.223577960893392,5.47651921920742,0.0424857653843843,0.0375401662069201,0,0.0299999999997453,2.82999999999993,NA,NA,NA
600,478,TRUE,TRUE,TRUE,0.00321470336931,0.00277217263941362,0.0027471386746823,2.22044604925031e-16,4.44089209850063e-16,4.44089209850063e-15,0.0173425093587314,0.424802987883338,0.00329160810809127,0.000325944114880627,0.136352993707049,3.33995259483195,0.0258797968831814,0.0168603825744889,0.0100000000002183,0.0399999999999636,2.82000000000016,NA,NA,NA
600,479,TRUE,TRUE,TRUE,0.00284733046308272,0.00265715782591825,0.00265551112939626,4.44089209850063e-16,2.22044604925031e-16,8.68860539071648e-13,0.0115391534904845,0.282650381153426,0.00221116687706851,0.00014477664669954,0.0924543220717236,2.26465913590659,0.0177163718963786,0.00751424060682737,0.0199999999999818,0.0300000000002001,2.84999999999991,NA,NA,NA
600,480,TRUE,TRUE,TRUE,0.00191742440985579,0.00172785020489143,0.0017303002433191,4.44089209850063e-16,2.22044604925031e-16,5.99520433297585e-15,0.0077231741065754,0.189178357557851,0.00147102075745361,5.4041653012149e-05,0.0590209493727115,1.44571210097782,0.0112416268821337,0.00406500215994754,0,0.0399999999999636,2.92999999999984,NA,NA,NA
600,481,TRUE,TRUE,TRUE,0.00191286234045024,0.00177796323547499,0.00180721255066099,4.44089209850063e-16,4.44089209850063e-16,7.32747196252603e-15,0.0174100794615764,0.426458110621716,0.00323294890030518,0.000269111473045314,0.0837496512718448,2.05143911752052,0.015551815462865,0.00741713209619377,0,0.0399999999999636,2.79999999999973,NA,NA,NA
600,482,TRUE,TRUE,TRUE,0.00186727777668799,0.00197505692606503,0.00195677402488317,2.22044604925031e-16,5.55111512312578e-16,2.30926389122033e-14,0.0113684375409804,0.278468711481027,0.00209887281522432,0.000123583478114142,0.0691070827321182,1.69277090305992,0.0127587433860671,0.00591826014625241,0,0.0299999999997453,2.8100000000004,NA,NA,NA
600,483,TRUE,TRUE,TRUE,0.00172249439848776,0.00150387254572916,0.00148840257067011,4.44089209850063e-16,2.22044604925031e-16,4.04121180963557e-14,0.0143220126166343,0.350816230004569,0.00269614399273685,0.000191534878005939,0.084527563649294,2.07049400141398,0.0159124620997075,0.00812157860121587,0,0.0300000000002001,2.82999999999993,NA,NA,NA
600,484,TRUE,TRUE,TRUE,0.0026227431922022,0.0021256753768471,0.00230662728174671,4.44089209850063e-16,4.44089209850063e-16,4.44089209850063e-16,0.0330398231484511,0.809307079055012,0.00614116334124349,0.000599153779461403,0.162636362476729,3.98376101690314,0.0302294737689023,0.0242060523104008,0,0.0500000000001819,2.94999999999982,NA,NA,NA
600,485,TRUE,TRUE,TRUE,0.00147416439840542,0.00136349933408038,0.00137711043033645,2.22044604925031e-16,3.33066907387547e-16,3.04201108747293e-12,0.010274642221818,0.251676307331101,0.0019385348365053,0.000173072849438682,0.0997765621889405,2.44401665651978,0.0188250196448957,0.0102574375866276,0,0.0300000000002001,2.80999999999995,NA,NA,NA
600,486,TRUE,TRUE,TRUE,0.00203631125671588,0.00186907174805441,0.00194348295702854,1.11022302462516e-16,4.44089209850063e-16,2.22044604925031e-15,0.0291124400992907,0.713106234106023,0.00554726675231356,0.00072283677452134,0.127174646661573,3.11512992539599,0.0242326540391974,0.0179274700056098,0.0199999999999818,0.0300000000002001,2.76999999999998,NA,NA,NA
600,487,TRUE,TRUE,TRUE,0.00289003722310327,0.0023670521794183,0.00238498281877111,1.11022302462516e-16,6.66133814775094e-16,5.9974247790251e-13,0.00834643777484565,0.204445137182625,0.00153605342861222,0.000105496841026564,0.0899944573577026,2.20440500205031,0.0165623105939889,0.00840478195839367,0,0.0300000000002001,2.84000000000015,NA,NA,NA
600,488,TRUE,TRUE,TRUE,0.0012744354629701,0.00139787811861391,0.00139865508638828,2.22044604925031e-16,4.44089209850063e-16,6.4037664060379e-13,0.016104847979847,0.394486599357176,0.00298226854746114,0.000286861915029135,0.123591664146996,3.02736513621569,0.0228864956176673,0.0135031043775378,0,0.0500000000001819,2.84999999999991,NA,NA,NA
600,489,TRUE,TRUE,TRUE,0.00259458208760462,0.00179039615281082,0.00192411662494111,4.44089209850063e-16,2.22044604925031e-16,1.39788181030553e-11,0.0406533518999519,0.995799684886872,0.00758366019089431,0.00113641050057112,0.190351134513625,4.66263151518265,0.0355089618355492,0.0363348514503592,0,0.0300000000002001,2.90999999999985,NA,NA,NA
600,490,TRUE,TRUE,TRUE,0.00285993505300291,0.0023742520830563,0.00237620168648401,5.55111512312578e-16,4.44089209850063e-16,1.99840144432528e-15,0.0220132375401522,0.539211995600525,0.00410857999139087,0.000397578731110571,0.123088704303172,3.01504518643091,0.0229734398106505,0.013339180757459,0,0.0499999999997272,2.80999999999995,NA,NA,NA
600,491,TRUE,TRUE,TRUE,0.00155348147384139,0.00151574466631598,0.00152952638312675,4.44089209850063e-16,3.33066907387547e-16,2.18935980456081e-13,0.0167166363781468,0.409472293421066,0.0031783724179491,0.000277938637974984,0.118953346209222,2.91375001409225,0.022616872561061,0.01167254249021,0.0199999999999818,0.0299999999997453,2.75,NA,NA,NA
600,492,TRUE,TRUE,TRUE,0.00273318348311637,0.00255136255753188,0.00255374886112733,2.22044604925031e-16,2.22044604925031e-16,3.46389583683049e-14,0.0061910977195181,0.151650303605279,0.00111751250868494,5.8421473678294e-05,0.0676529173292253,1.65715127067296,0.0122115632460607,0.0049508796296962,0.0199999999999818,0.0300000000002001,2.83999999999969,NA,NA,NA
600,493,TRUE,TRUE,TRUE,0.00192272013371159,0.00168084616858236,0.0017327396261979,3.33066907387547e-16,3.33066907387547e-16,1.4210854715202e-14,0.0192741972271919,0.472119484083866,0.00366718290953284,0.000428807115635976,0.112843390968384,2.76408728717928,0.0214700176580728,0.0136778985352315,0,0.0399999999999636,2.82000000000016,NA,NA,NA
600,494,TRUE,TRUE,TRUE,0.00205442796732063,0.0017748234533431,0.00178078397088883,4.44089209850063e-16,4.44089209850063e-16,3.99680288865056e-14,0.0116765513149516,0.286015926770555,0.00220088108858161,0.000174141408006534,0.116311810670454,2.84904587201816,0.0219232937515975,0.0121576301677138,0.0199999999999818,0.0299999999997453,2.67000000000007,NA,NA,NA
600,495,TRUE,TRUE,TRUE,0.00196375898339452,0.00187025335605811,0.00192497705757648,2.22044604925031e-16,3.33066907387547e-16,8.43769498715119e-15,0.0126863312517898,0.310750382748088,0.00240684642838116,0.00011692346868486,0.0627342160316761,1.53666818691135,0.0119019140204013,0.00511758535516194,0,0.0299999999997453,2.55999999999995,NA,NA,NA
600,496,TRUE,TRUE,TRUE,0.00232195038514783,0.0019038739935442,0.00189551480537545,2.22044604925031e-16,2.22044604925031e-16,3.99680288865056e-15,0.0268377618556938,0.657388223847796,0.00501605970474725,0.000553578214105954,0.105512088653809,2.58450778897135,0.0197205318053677,0.0134678814364904,0,0.0399999999999636,2.83000000000038,NA,NA,NA
600,497,TRUE,TRUE,TRUE,0.00120985742492553,0.00115650774384237,0.00117834242676441,0,6.66133814775094e-16,8.72635297355373e-14,0.0178267777324403,0.43666509202488,0.00331040708846538,0.000281571836314498,0.108441257884018,2.65625748881407,0.0201373862494562,0.0114686013211482,0,0.0300000000002001,2.82999999999993,NA,NA,NA
600,498,TRUE,TRUE,TRUE,0.00226540735045888,0.00216056050328622,0.00213858563230257,2.22044604925031e-16,2.22044604925031e-16,7.105427357601e-15,0.0156376003324254,0.383041416160188,0.00293781483757711,0.000234325537693536,0.10759745538739,2.63558863320983,0.0202141885073737,0.0113541616192911,0,0.0500000000001819,2.92000000000007,NA,NA,NA
600,499,TRUE,TRUE,TRUE,0.00307591884768686,0.00283327144734868,0.00290246115579273,2.22044604925031e-16,2.22044604925031e-16,5.74962299992876e-12,0.0178276383339622,0.436686172370886,0.00335216439113352,0.000158454320040136,0.110159482015359,2.6983452126693,0.0207134947456346,0.010783070670918,0,0.0500000000001819,2.78999999999996,NA,NA,NA
600,500,TRUE,TRUE,TRUE,0.00156266929955207,0.00141280484113365,0.001408579257468,4.44089209850063e-16,3.33066907387547e-16,1.48769885299771e-14,0.0124355557286374,0.304607662031059,0.00234723064121765,0.000183244068548305,0.0824159847173645,2.01877109206559,0.0155561463336324,0.00787423405483167,0.0199999999999818,0.0299999999997453,2.84000000000015,NA,NA,NA
1200,1,TRUE,TRUE,TRUE,0.000948531966282173,0.000871673107206501,0.000867266784861141,2.22044604925031e-16,2.22044604925031e-16,3.99680288865056e-15,0.00690435523080146,0.239173881065041,0.00128305692423078,8.21748688437651e-05,0.0822850505587809,2.85043776542365,0.0152912763539642,0.00672245512740588,0.0100000000002183,0.0299999999997453,2.82999999999993,NA,NA,NA
1200,2,TRUE,TRUE,TRUE,0.00123124153989541,0.00115916457965213,0.0011595812996389,4.44089209850063e-16,4.44089209850063e-16,8.88178419700125e-16,0.00477796778881198,0.165513659342998,0.000890424269373424,2.16690352772275e-05,0.0539836061823456,1.87004697367224,0.0100604096171627,0.00313877086254877,0,0.0299999999997453,2.89000000000033,NA,NA,NA
1200,3,TRUE,TRUE,TRUE,0.00112192950468659,0.00109116150484888,0.00110106039468002,2.22044604925031e-16,4.44089209850063e-16,1.11022302462516e-15,0.00786692320197808,0.27251821370137,0.00149486360342077,5.99263757017354e-05,0.0745519519064233,2.58255537010713,0.0141662752524222,0.00523758763126381,0.0199999999999818,0.0300000000002001,2.69999999999982,NA,NA,NA
1200,4,TRUE,TRUE,TRUE,0.000840552670361426,0.000697148642200283,0.000729128903799037,4.44089209850063e-16,4.44089209850063e-16,3.10862446895044e-15,0.0126099976509861,0.436823132296642,0.00232707887440205,0.000143041262148813,0.072431490354931,2.50910042725351,0.0133666790202166,0.00628961109057613,0.0199999999999818,0.0299999999997453,2.67000000000007,NA,NA,NA
1200,5,TRUE,TRUE,TRUE,0.00107228504551911,0.000911461808767876,0.000920761345415076,2.22044604925031e-16,2.22044604925031e-16,7.26974036524553e-13,0.00461713772882829,0.159942342637475,0.000869077706962143,2.34098374498615e-05,0.0679448447304617,2.35367846371076,0.0127891679491298,0.00444736098618037,0.0199999999999818,0.0299999999997453,2.84000000000015,NA,NA,NA
1200,6,TRUE,TRUE,TRUE,0.00110985752932205,0.00105022789808059,0.00105481905752959,2.22044604925031e-16,2.22044604925031e-16,1.4432899320127e-14,0.00598095220921115,0.207186262079901,0.00113984663818677,3.93867754340249e-05,0.071627199778776,2.48123898441453,0.0136506730056849,0.00605453932688249,0.0199999999999818,0.0299999999997453,2.86000000000013,NA,NA,NA
1200,7,TRUE,TRUE,TRUE,0.000874075363853183,0.000723424314511355,0.000721387270038792,0,4.44089209850063e-16,5.39568389967826e-14,0.00614651870554132,0.212921653753401,0.00114687362808626,5.37629150443308e-05,0.0757488743860691,2.62401798105649,0.0141339171899503,0.00542451179708081,0,0.0499999999997272,2.92000000000007,NA,NA,NA
1200,8,TRUE,TRUE,TRUE,0.000585929433708558,0.000546647409428808,0.000544326520190189,4.44089209850063e-16,2.22044604925031e-16,8.88178419700125e-16,0.00488874392938941,0.169351057417927,0.000919210990673179,2.83824126086074e-05,0.0694709268048649,2.40654349749849,0.0130623408330695,0.00413698747906821,0,0.0299999999997453,2.67000000000007,NA,NA,NA
1200,9,TRUE,TRUE,TRUE,0.00112306692025439,0.00105209340964455,0.00106709288745462,2.22044604925031e-16,2.22044604925031e-16,2.48689957516035e-14,0.00740430731395899,0.256492729252616,0.00141242811123918,7.58573630328385e-05,0.0844197392851237,2.92438555207105,0.016103709348341,0.00732697514722602,0,0.0299999999997453,2.61000000000013,NA,NA,NA
1200,10,TRUE,TRUE,TRUE,0.000905331311220765,0.000884786904043381,0.000887317244055196,2.22044604925031e-16,2.22044604925031e-16,4.79616346638068e-14,0.00528587458058592,0.183108066720233,0.000998296765975386,3.65037853953254e-05,0.0532539741457302,1.84477177850728,0.0100576109694843,0.00399301106319427,0.0100000000002183,0.0399999999999636,2.36999999999989,NA,NA,NA
1200,11,TRUE,TRUE,TRUE,0.000780595690622416,0.000713834820828964,0.000718085476977111,2.22044604925031e-16,2.22044604925031e-16,6.66133814775094e-15,0.00515880878247602,0.17870637835562,0.00096610122221212,4.82850644338839e-05,0.0661932381068697,2.29300103037205,0.0123961501450596,0.00465960108870789,0,0.0299999999997453,2.84000000000015,NA,NA,NA
1200,12,TRUE,TRUE,TRUE,0.00119361766681774,0.0011556347552544,0.00117128015934124,3.33066907387547e-16,4.44089209850063e-16,2.22044604925031e-15,0.0103691909872066,0.359199312464543,0.00197054541611558,0.000106506819431473,0.0894888145704022,3.09998347090093,0.0170063193515185,0.00783128953773726,0,0.0299999999997453,2.78999999999996,NA,NA,NA
1200,13,TRUE,TRUE,TRUE,0.000700116840411373,0.000599820090381249,0.000597055522855731,2.22044604925031e-16,4.44089209850063e-16,5.24114085465044e-12,0.0069606623959661,0.241124418482948,0.00129694023314148,4.02587999879245e-05,0.0613690959638703,2.12588784447987,0.0114345510670349,0.00391464109905115,0,0.0300000000002001,2.7199999999998,NA,NA,NA
1200,14,TRUE,TRUE,TRUE,0.000819710929434698,0.000873887141495196,0.000873891255767346,4.44089209850063e-16,4.44089209850063e-16,6.26165785888588e-14,0.00328677129179477,0.113857097404947,0.000598840138776483,8.94644043469839e-06,0.0472220215968228,1.63581881283624,0.00860371454410072,0.00272719395118415,0.0199999999999818,0.0300000000002001,2.60999999999967,NA,NA,NA
1200,15,TRUE,TRUE,TRUE,0.00127876055562898,0.000981950126041502,0.00100811340001163,4.44089209850063e-16,0,6.88338275267597e-15,0.0153270407661844,0.530944266734215,0.00288819263210039,0.000149703474995988,0.118161714086733,4.09324184615297,0.0222661241153999,0.0129958178098804,0.0199999999999818,0.0299999999997453,2.86000000000013,NA,NA,NA
1200,16,TRUE,TRUE,TRUE,0.00111536279041662,0.000922361614955819,0.000930334181417039,4.44089209850063e-16,4.44089209850063e-16,2.22044604925031e-16,0.0185653157990019,0.643121404448649,0.00347074597482588,0.000373635641516046,0.147399486456609,5.10606799104816,0.027556017891071,0.0188009598118448,0,0.0499999999997272,2.82000000000016,NA,NA,NA
1200,17,TRUE,TRUE,TRUE,0.00164858068554027,0.00140484429924635,0.00141481473466751,4.44089209850063e-16,4.44089209850063e-16,6.88338275267597e-15,0.0127589927490732,0.441984473895953,0.00232772191121159,0.000138994718440699,0.0946463433907197,3.27864551006675,0.0172670657989548,0.00900756282864634,0,0.0300000000002001,2.7199999999998,NA,NA,NA
1200,18,TRUE,TRUE,TRUE,0.00130262721158729,0.00120012439085758,0.00120839691107478,3.33066907387547e-16,2.22044604925031e-16,4.81925610529288e-12,0.00679995677948377,0.235557412626766,0.00124331055673725,5.38028093046705e-05,0.0592064167649217,2.05097043941884,0.0108253574805811,0.00501150034573072,0.00999999999976353,0.0300000000002001,2.81999999999971,NA,NA,NA
1200,19,TRUE,TRUE,TRUE,0.000998293094413732,0.000845733406343107,0.000833800888909459,4.44089209850063e-16,2.22044604925031e-16,7.70272734484934e-13,0.0079849651816428,0.276607307825476,0.00149536088361911,6.04640605246232e-05,0.0832736246523096,2.88468297656441,0.0155948232847052,0.00663403174408828,0,0.0399999999999636,2.82999999999993,NA,NA,NA
1200,20,TRUE,TRUE,TRUE,0.000810148822794247,0.000796915208089573,0.000793994488599558,4.44089209850063e-16,2.22044604925031e-16,3.93018950717305e-14,0.00384785454723727,0.133293591518998,0.00071187607080721,1.19842351011812e-05,0.0476168089488296,1.64949464787346,0.00880939402535586,0.0021937343573164,0.0199999999999818,0.0299999999997453,2.86000000000013,NA,NA,NA
1200,21,TRUE,TRUE,TRUE,0.000797073633524548,0.000745764874100006,0.00074560934656787,4.44089209850063e-16,4.44089209850063e-16,4.44089209850063e-16,0.00803363856881072,0.278293403416502,0.00150423908483957,6.92506555424188e-05,0.0738996971058828,2.5599606010268,0.0138371687738164,0.0057281892124621,0.0199999999999818,0.0299999999997453,2.88999999999987,NA,NA,NA
1200,22,TRUE,TRUE,TRUE,0.00107127667947726,0.000886507887609234,0.000892985663713403,2.22044604925031e-16,0,1.77635683940025e-15,0.00765977570027369,0.26534241374911,0.00143459463389435,6.05332378782464e-05,0.0825161908001199,2.8584446982571,0.0154544061292845,0.00657472224478894,0,0.0300000000002001,2.78999999999996,NA,NA,NA
1200,23,TRUE,TRUE,TRUE,0.00100409470756739,0.000849679531327099,0.000835823416928186,2.22044604925031e-16,6.66133814775094e-16,4.39204228541712e-13,0.0111538490904216,0.386380666491323,0.00208983198917699,0.000116568461255184,0.073667884115563,2.55193036348503,0.0138027240239331,0.00546102997345699,0,0.0500000000001819,2.80999999999995,NA,NA,NA
1200,24,TRUE,TRUE,TRUE,0.000610877971656517,0.000587821300465987,0.000587793935195497,4.44089209850063e-16,3.33066907387547e-16,6.28386231937839e-14,0.00517978964384329,0.179433176713114,0.000966325624163098,2.97561681463776e-05,0.040322488958451,1.39681199127344,0.00752243951777042,0.00200726939941731,0.0100000000002183,0.0299999999997453,2.69000000000005,NA,NA,NA
1200,25,TRUE,TRUE,TRUE,0.00120276655329605,0.00119446159531292,0.00118840164271609,4.44089209850063e-16,2.22044604925031e-16,9.96737936631575e-09,0.00893280392107017,0.30944140490688,0.00169869366408272,9.61335194702428e-05,0.0639620820289794,2.21571151664161,0.0121632562904336,0.00499804822851857,0,0.0299999999997453,2.88999999999987,NA,NA,NA
1200,26,TRUE,TRUE,TRUE,0.00102916926166259,0.000960332040730324,0.000977082728769625,4.44089209850063e-16,2.22044604925031e-16,5.61772850460329e-14,0.00506701158312544,0.175526430090265,0.000940153876018929,1.52714091292694e-05,0.0513614508201498,1.77921284741899,0.00952981185741332,0.00278269282588539,0.0199999999999818,0.0300000000002001,2.67999999999984,NA,NA,NA
1200,27,TRUE,TRUE,TRUE,0.00134897605888206,0.00137371296568673,0.00137975143287118,4.44089209850063e-16,4.44089209850063e-16,9.99200722162641e-15,0.0104554397283478,0.362187056499449,0.00195625205771616,3.97635493065707e-05,0.079638974668857,2.75877500778302,0.0149007513904894,0.00569742867148904,0,0.0399999999999636,2.82999999999993,NA,NA,NA
1200,28,TRUE,TRUE,TRUE,0.00105173863934209,0.0008336859165424,0.00083585453897737,4.44089209850063e-16,2.22044604925031e-16,1.73194791841524e-14,0.00548394255495026,0.189969342619259,0.00103472535826376,5.62910185877286e-05,0.0608037696035835,2.10630436490238,0.0114726224165245,0.00460516823135393,0,0.0299999999997453,2.47000000000025,NA,NA,NA
1200,29,TRUE,TRUE,TRUE,0.000906127654604103,0.000869216426228655,0.000867591114611918,2.22044604925031e-16,2.22044604925031e-16,1.11022302462516e-15,0.00259870125475884,0.0900216521387061,0.000483605913381887,6.59034202499242e-06,0.0437094324096562,1.51413915407044,0.00813411697291739,0.00197339729916379,0,0.0500000000001819,2.84999999999991,NA,NA,NA
1200,30,TRUE,TRUE,TRUE,0.0012569053491399,0.00115610527276853,0.00115512895982656,2.22044604925031e-16,4.44089209850063e-16,1.11022302462516e-15,0.00645845577897082,0.223727470952286,0.00122725610614375,4.90989055670354e-05,0.0849036648809025,2.94114922645049,0.0161336617800106,0.0059739144553852,0.0199999999999818,0.0300000000002001,2.92999999999984,NA,NA,NA
1200,31,TRUE,TRUE,TRUE,0.000982754534511034,0.000945759067550106,0.000963151375719018,3.33066907387547e-16,4.44089209850063e-16,2.23376872554581e-13,0.00822807619425234,0.28502892033986,0.00151486945986693,7.27338879862316e-05,0.0821533335517123,2.84587495445437,0.0151252337831637,0.00668582734149581,0,0.0399999999999636,2.60000000000036,NA,NA,NA
1200,32,TRUE,TRUE,TRUE,0.000794692535856824,0.000689400402153558,0.000671016345231489,2.22044604925031e-16,1.11022302462516e-16,6.66133814775094e-16,0.0114290023311482,0.395912254347436,0.00214329446600094,0.00013340357415359,0.100595227131022,3.48472088779722,0.0188647431655889,0.00946641887250621,0,0.0399999999999636,2.82000000000016,NA,NA,NA
1200,33,TRUE,TRUE,TRUE,0.00108375082161434,0.00105989329480622,0.00106592569245106,4.44089209850063e-16,2.22044604925031e-16,4.88498130835069e-15,0.00616581147163464,0.213589974775245,0.00116408869472748,3.64640279428841e-05,0.0647065731023347,2.24150144393827,0.0122164277272357,0.00440945702506923,0.0100000000002183,0.0399999999999636,2.88999999999987,NA,NA,NA
1200,34,TRUE,TRUE,TRUE,0.000912011843685376,0.000771114767750566,0.00078616694361358,4.44089209850063e-16,4.44089209850063e-16,2.45827802558551e-11,0.00796799908958182,0.276019585156365,0.00148633751125793,7.27492646355188e-05,0.0721377522193377,2.49892503975415,0.0134564582520628,0.00616084889025004,0,0.0399999999999636,2.71000000000004,NA,NA,NA
1200,35,TRUE,TRUE,TRUE,0.000755227754078721,0.000701885792953487,0.000716945272826503,0,3.33066907387547e-16,9.99200722162641e-15,0.0045797537379525,0.158647323205744,0.000850524234066204,1.60683548919849e-05,0.0578454100766112,2.00382378474695,0.0107427005718545,0.00302451871177212,0,0.0399999999999636,2.92999999999984,NA,NA,NA
1200,36,TRUE,TRUE,TRUE,0.00115202363178994,0.0010919709606821,0.00107991200304095,4.44089209850063e-16,2.22044604925031e-16,2.66453525910038e-15,0.011029496684645,0.382072972794353,0.0020506897770365,0.000103083420597727,0.0954427970318082,3.30623547351152,0.0177454668840311,0.00887323306704602,0.0100000000002183,0.0399999999999636,2.5300000000002,NA,NA,NA
1200,37,TRUE,TRUE,TRUE,0.00104580601348024,0.00088137218322768,0.000881843101307545,2.22044604925031e-16,0,6.66133814775094e-16,0.00637977465090715,0.221001876724224,0.00119401836424319,5.07513280538774e-05,0.0819611384557184,2.83921712102983,0.0153395864000449,0.00592226906365312,0,0.0300000000002001,2.67000000000007,NA,NA,NA
1200,38,TRUE,TRUE,TRUE,0.0017455630786715,0.00165949263605172,0.00167532981086692,3.33066907387547e-16,2.22044604925031e-16,1.15374376719046e-12,0.00575143051625385,0.199235397407075,0.00108320257959249,3.07891042155006e-05,0.0667483788234769,2.31223166890233,0.0125711361583657,0.00421716087948454,0,0.0300000000002001,2.82999999999993,NA,NA,NA
1200,39,TRUE,TRUE,TRUE,0.000542668117090463,0.000489804010352314,0.00048712738921237,2.22044604925031e-16,4.44089209850063e-16,1.12563292020695e-11,0.00541836598975893,0.187697703765314,0.00101864349719467,3.01941989171439e-05,0.0517380725303496,1.79225940616498,0.00972666874848218,0.00352554327672649,0.0100000000002183,0.0399999999999636,2.84000000000015,NA,NA,NA
1200,40,TRUE,TRUE,TRUE,0.00119881788629428,0.00122004071252427,0.00121374410325062,4.44089209850063e-16,4.44089209850063e-16,0,0.0058782464952487,0.203628431783689,0.00110403770798442,2.96703560280775e-05,0.0631174796391703,2.18645363161474,0.011854568809067,0.00479164229635032,0.0199999999999818,0.0300000000002001,2.51999999999998,NA,NA,NA
1200,41,TRUE,TRUE,TRUE,0.00119279268060452,0.00118046352510149,0.00117606213749561,4.44089209850063e-16,4.44089209850063e-16,2.99760216648792e-14,0.00491048249880782,0.170104103552259,0.000911811390955268,2.20646218558329e-05,0.0469723021711532,1.6271682781783,0.00872213274142584,0.00294345146359731,0.0100000000002183,0.0399999999999636,2.69999999999982,NA,NA,NA
1200,42,TRUE,TRUE,TRUE,0.00119535531820171,0.00120061800372461,0.00120339615349021,4.44089209850063e-16,4.44089209850063e-16,1.11022302462516e-15,0.00449616564767431,0.155751746820355,0.000825142805304736,1.65945290788727e-05,0.0426666124443642,1.47801481080979,0.00783023826166266,0.00247053934250019,0,0.0500000000001819,2.75999999999976,NA,NA,NA
1200,43,TRUE,TRUE,TRUE,0.0010488551290589,0.000927827000416646,0.00094759990589423,4.44089209850063e-16,2.22044604925031e-16,1.33226762955019e-15,0.0114943638286027,0.398176443036438,0.00216388950548814,9.93082670035506e-05,0.0955125012302964,3.30865009777717,0.0179808558470073,0.00873090210943417,0.0100000000002183,0.0299999999997453,2.88000000000011,NA,NA,NA
1200,44,TRUE,TRUE,TRUE,0.00101640596499934,0.000945778225072,0.000941999928080129,2.22044604925031e-16,2.22044604925031e-16,1.55431223447522e-15,0.00588432338340812,0.203838941364569,0.00111761311454108,3.01665913795546e-05,0.069461528685558,2.40621793709579,0.0131928703364511,0.00361598746137304,0.0100000000002183,0.0299999999997453,2.7800000000002,NA,NA,NA
1200,45,TRUE,TRUE,TRUE,0.00120114936296382,0.00100438220448721,0.00102304410800304,3.33066907387547e-16,2.22044604925031e-16,2.17603712826531e-14,0.0134202012473852,0.464889408165408,0.00251235611005061,0.000206090594801367,0.128508551203911,4.4516667978448,0.0240577050864869,0.0162021666588963,0.0199999999999818,0.0300000000002001,2.80999999999995,NA,NA,NA
1200,46,TRUE,TRUE,TRUE,0.00159366137481767,0.00149602919428706,0.0015026528527409,2.22044604925031e-16,4.44089209850063e-16,6.66133814775094e-16,0.00406654391910844,0.140869213582122,0.000739032882101113,1.73277285746565e-05,0.0450809638846567,1.56165039804806,0.0081927836832212,0.00259308213582443,0,0.0499999999997272,2.78999999999996,NA,NA,NA
1200,47,TRUE,TRUE,TRUE,0.000924423766071088,0.00081674686788928,0.00082263014650217,2.22044604925031e-16,1.11022302462516e-16,1.46549439250521e-14,0.0100262056890366,0.34731795321095,0.00184206817959776,7.10667953107702e-05,0.0869055250439327,3.01049569669082,0.0159667482674642,0.00755477198088528,0.0100000000002183,0.0299999999997453,2.85000000000036,NA,NA,NA
1200,48,TRUE,TRUE,TRUE,0.00125113078531134,0.00110832358948925,0.00114321337216473,4.44089209850063e-16,3.33066907387547e-16,1.28785870856518e-14,0.0140250608462354,0.485842359298493,0.00262280587464846,0.000151251080971804,0.0980413947300312,3.39625353834659,0.0183345761473596,0.0074831796327004,0,0.0299999999997453,2.88000000000011,NA,NA,NA
1200,49,TRUE,TRUE,TRUE,0.000823129400767453,0.000676742020225104,0.000670305990666697,4.44089209850063e-16,4.44089209850063e-16,2.75113265502114e-12,0.00713116794704775,0.247030904031867,0.00131450658278236,3.81565163323216e-05,0.0627942336581815,2.17525606236644,0.0115750230701866,0.00373353188212278,0.0199999999999818,0.0299999999997453,2.90000000000009,NA,NA,NA
1200,50,TRUE,TRUE,TRUE,0.000913247414000751,0.000859955264978235,0.000858986188879818,3.33066907387547e-16,4.44089209850063e-16,3.40349970429088e-12,0.00497205464798995,0.172237025366552,0.000916184793587936,2.09803668127506e-05,0.0584929916548829,2.02625666865919,0.0107783186790464,0.00342495648670038,0.0100000000002183,0.0299999999997453,2.80000000000018,NA,NA,NA
1200,51,TRUE,TRUE,TRUE,0.000983294329236779,0.000938949315292476,0.000935472228676642,2.22044604925031e-16,2.22044604925031e-16,8.32667268468867e-14,0.00355578168281585,0.123175890705196,0.000650954179163655,1.57342840410024e-05,0.0468053861441486,1.62138613739092,0.00856862553321165,0.00199262593336158,0.0199999999999818,0.0300000000002001,2.82999999999993,NA,NA,NA
1200,52,TRUE,TRUE,TRUE,0.00103893000651052,0.000814238883948145,0.000812579189953251,4.44089209850063e-16,4.44089209850063e-16,1.37667655053519e-14,0.00841557096247251,0.291523929634074,0.00158198461618509,6.59898506150114e-05,0.0825257480477998,2.85877577102835,0.0155134410288935,0.00715891619444164,0.00999999999976353,0.0300000000002001,2.73999999999978,NA,NA,NA
1200,53,TRUE,TRUE,TRUE,0.0009714197594835,0.000840879514016851,0.000853452039993881,2.22044604925031e-16,2.22044604925031e-16,5.39102096297484e-12,0.00701022858988017,0.242841441806888,0.00129514374307057,3.79541789072846e-05,0.06408198887363,2.21986521158381,0.0118391841106309,0.00387667642436185,0,0.0499999999997272,2.90000000000009,NA,NA,NA
1200,54,TRUE,TRUE,TRUE,0.00110874605121937,0.00110488922244651,0.00111471490566442,2.22044604925031e-16,4.44089209850063e-16,1.03006492224722e-12,0.00263126189912681,0.091149585946156,0.000480744756158824,6.18665241702843e-06,0.0350024027272652,1.21251879821221,0.00639511466710183,0.00169833845485456,0.0199999999999818,0.0299999999997453,2.66000000000031,NA,NA,NA
1200,55,TRUE,TRUE,TRUE,0.00168415720278572,0.00156011160862711,0.00155950036095245,2.22044604925031e-16,4.44089209850063e-16,8.88178419700125e-16,0.00836881251651368,0.289904169552401,0.00152758557805373,7.87669211277375e-05,0.0786945979481768,2.72606083854895,0.0143643716069828,0.00702784375190291,0.0100000000002183,0.0299999999997453,2.82000000000016,NA,NA,NA
1200,56,TRUE,TRUE,TRUE,0.000952174586305175,0.00109868565805331,0.0011038767875615,4.44089209850063e-16,4.44089209850063e-16,1.28785870856518e-14,0.00482927735538668,0.167291074867432,0.000898313132258754,3.68798988894525e-05,0.0578142441724431,2.00274416615729,0.0107542580286448,0.00297107699109489,0,0.0399999999999636,2.84000000000015,NA,NA,NA
1200,57,TRUE,TRUE,TRUE,0.00101055365876118,0.00086802893059197,0.000867209151827243,2.22044604925031e-16,3.33066907387547e-16,4.06341627012807e-14,0.00682152423965349,0.23630453136285,0.00127736663928921,7.10722052801316e-05,0.0760675267774609,2.63505642369337,0.0142440483424425,0.00594764052704733,0,0.0500000000001819,2.80999999999995,NA,NA,NA
1200,58,TRUE,TRUE,TRUE,0.000730582910036818,0.000687616622621927,0.000679652460496143,2.22044604925031e-16,2.22044604925031e-16,1.68753899743024e-14,0.00531296214326222,0.184046407416404,0.000991753033053623,2.37132210543223e-05,0.0633635737591814,2.19497858200081,0.0118278682900985,0.003877115046798,0.0199999999999818,0.0299999999997453,2.76000000000022,NA,NA,NA
1200,59,TRUE,TRUE,TRUE,0.000517171448146528,0.000587038861151626,0.000596544686538943,4.44089209850063e-16,2.22044604925031e-16,6.4911409580759e-11,0.0097501016516098,0.337753428790988,0.00183412341407925,9.18549068629204e-05,0.079288903284116,2.74664817929008,0.0149152941360413,0.00541809466826848,0.0199999999999818,0.0300000000002001,2.82999999999993,NA,NA,NA
1200,60,TRUE,TRUE,TRUE,0.00125501993123964,0.00110039215000889,0.00107611762770225,2.22044604925031e-16,2.22044604925031e-16,3.04956060404038e-12,0.00931030488445542,0.322518421876669,0.00172649493626941,0.000127084855947146,0.123743868194547,4.28661333676125,0.0229469565694863,0.0117893094079449,0,0.0299999999997453,2.78999999999996,NA,NA,NA
1200,61,TRUE,TRUE,TRUE,0.00119170691999471,0.00111878072136532,0.00111599151502248,4.44089209850063e-16,5.55111512312578e-16,7.99360577730113e-15,0.00545340534780649,0.188911502733373,0.0010269974718746,3.68491897084766e-05,0.0629613543670336,2.18104529354102,0.0118570228392711,0.00412048342399274,0,0.0399999999999636,2.69000000000005,NA,NA,NA
1200,62,TRUE,TRUE,TRUE,0.0013953797916394,0.00113198384375874,0.00111457574104814,2.22044604925031e-16,2.22044604925031e-16,1.3944401189292e-13,0.0123132541947613,0.426543637436743,0.00228895923292658,0.000150159388283555,0.117101600697341,4.05651844110875,0.0217684769490667,0.0113175061812214,0.0199999999999818,0.0299999999997453,2.92000000000007,NA,NA,NA
1200,63,TRUE,TRUE,TRUE,0.00145063106030491,0.00144238870990336,0.00143859083262196,2.22044604925031e-16,2.22044604925031e-16,3.99680288865056e-15,0.00670153315116917,0.232147918128643,0.00123241703236964,4.17090145070631e-05,0.0661128434334217,2.29021607719066,0.0121582020811941,0.0037013140828499,0,0.0299999999997453,2.69000000000005,NA,NA,NA
1200,64,TRUE,TRUE,TRUE,0.00110563544028675,0.000989250807063124,0.00100043558532233,2.22044604925031e-16,2.22044604925031e-16,3.44169137633799e-14,0.00620423431171965,0.214920980999211,0.00115563701275406,4.59221236965845e-05,0.0624198155395964,2.16228583827317,0.0116266803512849,0.00527295880898038,0.00999999999976353,0.0300000000002001,2.84999999999991,NA,NA,NA
1200,65,TRUE,TRUE,TRUE,0.00096245867871469,0.000785536260255917,0.000818026907751938,4.44089209850063e-16,4.44089209850063e-16,8.88178419700125e-16,0.0160183798536482,0.554892955229127,0.00298557714298607,0.000211442605923651,0.142071128121338,4.92148824389571,0.0264798510631342,0.0173817740911986,0.00999999999976353,0.0399999999999636,2.84000000000015,NA,NA,NA
1200,66,TRUE,TRUE,TRUE,0.00129112509281072,0.00120883510990712,0.00121162089646455,3.33066907387547e-16,4.44089209850063e-16,6.57252030578093e-14,0.00493895051278695,0.171090264484307,0.000918028872717632,3.82943681493941e-05,0.0767932881092361,2.66019753370944,0.0142739749128245,0.00634910478555284,0,0.0299999999997453,2.78999999999996,NA,NA,NA
1200,67,TRUE,TRUE,TRUE,0.00141796873639981,0.001374793565683,0.00137209125380457,2.22044604925031e-16,4.44089209850063e-16,2.05411243570097e-11,0.00607608006123108,0.210481587538169,0.00116062938371094,5.16837753536947e-05,0.0729181016758605,2.52595713788127,0.0139285346072741,0.00553665713274398,0.0100000000002183,0.0299999999997453,2.88000000000011,NA,NA,NA
1200,68,TRUE,TRUE,TRUE,0.00105946946838539,0.000702280000256914,0.000723836061631676,2.22044604925031e-16,4.44089209850063e-16,9.1926466438963e-14,0.0115341664752976,0.399555247163462,0.00213929708113095,9.63602001000652e-05,0.104966164241553,3.63613459083977,0.0194685770541275,0.0100291076713788,0.0199999999999818,0.0299999999997453,2.76000000000022,NA,NA,NA
1200,69,TRUE,TRUE,TRUE,0.00137305273807968,0.00135447285281283,0.00135868715037326,4.44089209850063e-16,2.22044604925031e-16,1.33226762955019e-15,0.00714273180254162,0.247431487736802,0.00130360038182003,6.00942224195933e-05,0.0745965033762981,2.58409867829463,0.0136144031404314,0.00628605818658556,0.0199999999999818,0.0300000000002001,2.80999999999995,NA,NA,NA
1200,70,TRUE,TRUE,TRUE,0.00108199882793321,0.00104716994305034,0.001043622105231,4.44089209850063e-16,2.22044604925031e-16,4.48530101948563e-14,0.00785939529175621,0.272257439241787,0.00148470622020198,5.55183786765667e-05,0.0733474110629844,2.54082885129457,0.0138559460872454,0.00602195107513026,0.0199999999999818,0.0299999999997453,2.82999999999993,NA,NA,NA
1200,71,TRUE,TRUE,TRUE,0.00113444482655651,0.000929186961264668,0.000933171216355374,4.44089209850063e-16,4.44089209850063e-16,8.88178419700125e-16,0.00545235658868958,0.188875172651866,0.0010408311398227,3.16630171859345e-05,0.0811794989093802,2.81214033288058,0.0154968129845655,0.00586309119741912,0.0199999999999818,0.0300000000002001,2.77999999999975,NA,NA,NA
1200,72,TRUE,TRUE,TRUE,0.00116134031723541,0.00103814692781199,0.00102001495223343,2.22044604925031e-16,2.22044604925031e-16,2.19158025061006e-13,0.0121908311113232,0.422302777426064,0.00223992157418157,0.000121814642156437,0.0717428460647188,2.48524508927372,0.0131819026304359,0.00554202093485756,0.00999999999976353,0.0399999999999636,2.80999999999995,NA,NA,NA
1200,73,TRUE,TRUE,TRUE,0.000844313174535353,0.000831328040946311,0.000838211370841129,4.44089209850063e-16,2.22044604925031e-16,7.99360577730113e-15,0.00496957611064595,0.172151166314386,0.000930154401961754,2.50517290893981e-05,0.0495996482476078,1.71818221604803,0.00928355459823521,0.00268532149047473,0,0.0500000000001819,2.69999999999982,NA,NA,NA
1200,74,TRUE,TRUE,TRUE,0.00141950973253974,0.00135657605492594,0.00135231397771083,2.22044604925031e-16,2.22044604925031e-16,1.77635683940025e-15,0.00624758724297924,0.216422770591184,0.0011690829517179,4.94434938040911e-05,0.0814412568347031,2.82120789339944,0.0152397367542045,0.00606423310994941,0.0199999999999818,0.0299999999997453,2.78999999999996,NA,NA,NA
1200,75,TRUE,TRUE,TRUE,0.000521727932014616,0.000555329106440038,0.000567396175826344,3.33066907387547e-16,4.44089209850063e-16,6.88338275267597e-14,0.00821063101013277,0.284424601435011,0.00154070177674512,3.71430617356339e-05,0.059135122152097,2.04850072158447,0.0110965390668923,0.0037498647293539,0,0.0299999999997453,2.71000000000004,NA,NA,NA
1200,76,TRUE,TRUE,TRUE,0.000912733355247187,0.000801399138487452,0.000807964240999402,4.44089209850063e-16,4.44089209850063e-16,1.77635683940025e-15,0.0104758518262456,0.362894152312412,0.00197186294830232,9.88050441463884e-05,0.0851328134246214,2.94908716485452,0.0160244955027115,0.00670933230026804,0,0.0399999999999636,2.94000000000005,NA,NA,NA
1200,77,TRUE,TRUE,TRUE,0.00126530083191405,0.00116325945623804,0.00118310219220491,2.22044604925031e-16,4.44089209850063e-16,5.00710584105946e-13,0.00696869178604782,0.241402564714455,0.00131320294500769,5.56396261544023e-05,0.0924807650068839,3.20362767429522,0.0174273761406343,0.00734982616561553,0,0.0500000000001819,2.55999999999995,NA,NA,NA
1200,78,TRUE,TRUE,TRUE,0.00172661182310849,0.00150340579595506,0.00148702422057767,4.44089209850063e-16,4.44089209850063e-16,1.68753899743024e-14,0.00618142834645684,0.214130959188194,0.00118277566036011,3.7601964415046e-05,0.0824211019301172,2.85515072317552,0.0157707357910054,0.00578924022320848,0.0199999999999818,0.0299999999997453,2.59000000000015,NA,NA,NA
1200,79,TRUE,TRUE,TRUE,0.000820213852501239,0.000629237692456663,0.000614080510163796,2.22044604925031e-16,4.44089209850063e-16,4.48530101948563e-14,0.00954046171115828,0.330491288227833,0.00177234505913459,8.73073631737498e-05,0.081286543504032,2.81584846641283,0.0151007160989915,0.00630218747983946,0,0.0399999999999636,2.84999999999991,NA,NA,NA
1200,80,TRUE,TRUE,TRUE,0.000898492964424747,0.000881285143139455,0.000878284198517746,2.22044604925031e-16,4.44089209850063e-16,2.22044604925031e-15,0.00376237878215829,0.130332624160346,0.000706077487204813,1.83401536872907e-05,0.0558037424780765,1.93309834449036,0.01047256763524,0.0027067599653634,0,0.0399999999999636,2.7199999999998,NA,NA,NA
1200,81,TRUE,TRUE,TRUE,0.000984315472531138,0.00100766663405999,0.00100867740943919,4.44089209850063e-16,2.22044604925031e-16,7.37188088351104e-14,0.00584939472371203,0.202628977099891,0.00108685311175452,4.02261517393754e-05,0.0830131152786329,2.87565866714329,0.0154243416487652,0.00609263139628524,0.00999999999976353,0.0399999999999636,2.68000000000029,NA,NA,NA
1200,82,TRUE,TRUE,TRUE,0.00111021984232864,0.00113490845304657,0.00111806427490831,2.22044604925031e-16,2.22044604925031e-16,1.24344978758018e-14,0.00660922476558147,0.228950261852592,0.00123190836261788,7.00215715809804e-05,0.0800981679281808,2.77468192889586,0.0149296788051384,0.00629658195888894,0.0199999999999818,0.0300000000002001,2.69999999999982,NA,NA,NA
1200,83,TRUE,TRUE,TRUE,0.00118335964686906,0.000898221822689327,0.000916770614810205,2.22044604925031e-16,4.44089209850063e-16,1.86517468137026e-12,0.0201009147703595,0.696316113217487,0.00382285034241933,0.000443457362180766,0.144621218982322,5.00982598259851,0.0275044833941048,0.0189152216881361,0.0100000000002183,0.0299999999997453,2.83000000000038,NA,NA,NA
1200,84,TRUE,TRUE,TRUE,0.00092513951518372,0.000858254291463257,0.000858500212782857,2.22044604925031e-16,2.22044604925031e-16,4.66293670342566e-15,0.00789363854619654,0.273443660371931,0.00151013429945572,7.19314503037083e-05,0.085704224323088,2.96888141901738,0.0163961002269231,0.00625432958258187,0.0199999999999818,0.0300000000002001,2.63999999999987,NA,NA,NA
1200,85,TRUE,TRUE,TRUE,0.00102061078472874,0.000857007066070777,0.000843198832021686,4.44089209850063e-16,4.44089209850063e-16,1.06581410364015e-14,0.00956014980186346,0.331173303695941,0.00178356616904171,6.62992494540049e-05,0.0746711015637781,2.58668283531199,0.0139308330219128,0.00522363859549557,0,0.0499999999997272,2.88999999999987,NA,NA,NA
1200,86,TRUE,TRUE,TRUE,0.00101220441349158,0.000997903669974308,0.00099731543872099,4.44089209850063e-16,4.44089209850063e-16,6.88338275267597e-15,0.00657319968756355,0.227702316543119,0.00124554318426489,4.63392600913437e-05,0.0728637729122945,2.5240751343051,0.0138068186034939,0.00483270058791518,0,0.0300000000002001,2.51999999999998,NA,NA,NA
1200,87,TRUE,TRUE,TRUE,0.000986891926424572,0.000729467507861885,0.000716932735219903,0,2.22044604925031e-16,1.33226762955019e-15,0.00772267829294678,0.267521423477862,0.0014367581975683,6.53439809283896e-05,0.107955021700181,3.73967165033827,0.0200843873734916,0.010657152080455,0.0100000000002183,0.0299999999997453,2.84999999999991,NA,NA,NA
1200,88,TRUE,TRUE,TRUE,0.000741483944914533,0.000652855041385954,0.00064581087557532,4.44089209850063e-16,2.22044604925031e-16,3.75255382323303e-14,0.00799317614801372,0.276891744044149,0.00150777637196885,6.28340915440617e-05,0.0621872142558537,2.1542282934462,0.011730557485192,0.00446035712023374,0.0199999999999818,0.0300000000002001,2.61999999999989,NA,NA,NA
1200,89,TRUE,TRUE,TRUE,0.0016940527037766,0.00165145355416485,0.00164418691051452,2.22044604925031e-16,4.44089209850063e-16,1.79856129989275e-14,0.00425772143427421,0.147491796972759,0.000799947358996824,2.21718838560037e-05,0.0642908687213921,2.22710102176384,0.0120790689187152,0.0035588314399071,0.00999999999976353,0.0300000000002001,2.84999999999991,NA,NA,NA
1200,90,TRUE,TRUE,TRUE,0.000939442223720434,0.000866380895071192,0.000867920775182875,2.22044604925031e-16,4.44089209850063e-16,5.77315972805081e-15,0.00750275339877271,0.259903001666688,0.00141767076626783,3.7220352748335e-05,0.0644698880922585,2.23330243468143,0.0121818045716262,0.00401506372603677,0.00999999999976353,0.0399999999999636,2.87000000000035,NA,NA,NA
1200,91,TRUE,TRUE,TRUE,0.000977880071746157,0.000791296515459786,0.000789766009401275,3.33066907387547e-16,3.33066907387547e-16,6.85229650798647e-13,0.00593819448419122,0.205705091036889,0.00111772699194455,3.56903952329901e-05,0.0787473437890863,2.72788800807582,0.0148223558408743,0.00589680375808754,0,0.0500000000001819,2.79999999999973,NA,NA,NA
1200,92,TRUE,TRUE,TRUE,0.00158901160129162,0.00122351985767171,0.00124867854694833,2.22044604925031e-16,2.22044604925031e-16,4.52038406706379e-12,0.0158039980770878,0.547466552644738,0.00298495133413712,0.000210897800403842,0.129627444263532,4.4904263903948,0.0244831472901896,0.0139270781390834,0.00999999999976353,0.0300000000002001,2.82000000000016,NA,NA,NA
1200,93,TRUE,TRUE,TRUE,0.00152078929294122,0.00152979633447478,0.00153650205632557,4.44089209850063e-16,4.44089209850063e-16,2.19824158875781e-14,0.0083976205470198,0.290902109002453,0.00156558294663424,9.64451373910435e-05,0.0820691932698771,2.84296024959234,0.0153003018781252,0.00726006841540183,0,0.0300000000002001,2.82999999999993,NA,NA,NA
1200,94,TRUE,TRUE,TRUE,0.0013040309877311,0.00119967390645915,0.00117820957662672,4.44089209850063e-16,4.44089209850063e-16,7.1276318180935e-14,0.0100626489028431,0.34858038316903,0.00187169101126383,9.54304321112431e-05,0.0825478265905469,2.85954059418425,0.015354210061452,0.00690562945063888,0.0100000000002183,0.0500000000001819,2.9399999999996,NA,NA,NA
1200,95,TRUE,TRUE,TRUE,0.00105677152095978,0.000919435876683224,0.000914960102948135,4.44089209850063e-16,4.44089209850063e-16,1.90958360235527e-14,0.00442265817711783,0.153205373345561,0.000827298782174265,1.59418883463047e-05,0.0590419938632714,2.04527466302712,0.0110443465590317,0.00299367928192495,0,0.0500000000001819,2.69999999999982,NA,NA,NA
1200,96,TRUE,TRUE,TRUE,0.00173874196454657,0.00139662263829287,0.00139736133377453,1.11022302462516e-16,2.22044604925031e-16,1.64313007644523e-14,0.0150924990427407,0.52281950310423,0.00279836784067842,0.000207368884364456,0.127855079646263,4.42902987906184,0.0237061829281062,0.013394196227253,0,0.0499999999997272,2.57999999999993,NA,NA,NA
1200,97,TRUE,TRUE,TRUE,0.00113251504812878,0.00108986621402836,0.00108886068484526,2.22044604925031e-16,2.22044604925031e-16,6.30606677987089e-14,0.0126009324600306,0.436509104870337,0.00239784846776511,7.63388918798569e-05,0.089815353828109,3.11129512260121,0.0170910850638739,0.00684805901659757,0,0.0300000000002001,2.82999999999993,NA,NA,NA
1200,98,TRUE,TRUE,TRUE,0.000815720749625554,0.000757536795865674,0.00076492957189629,2.22044604925031e-16,4.44089209850063e-16,1.17639231689282e-12,0.00962305403238562,0.333352370161449,0.0017879126327071,9.16309588774311e-05,0.0780871895775179,2.70501959537048,0.0145081875492315,0.00688469346465936,0,0.0499999999997272,2.82999999999993,NA,NA,NA
1200,99,TRUE,TRUE,TRUE,0.00163748737736486,0.00155525665950766,0.00155541941411972,4.44089209850063e-16,1.11022302462516e-16,1.15685239165941e-13,0.00406698863710559,0.140884619065444,0.000743542147420075,2.79608588975577e-05,0.061193712455777,2.11981238154333,0.0111876644928019,0.0035912370101947,0,0.0500000000001819,2.81999999999971,NA,NA,NA
1200,100,TRUE,TRUE,TRUE,0.000996879259513133,0.000945569813857477,0.000945558020107975,5.55111512312578e-16,3.33066907387547e-16,2.66453525910038e-15,0.00556421452637946,0.19275004527804,0.00103723191304219,3.32606581601169e-05,0.0484744144040175,1.67920297229814,0.00903617381168713,0.00246700002919908,0.0100000000002183,0.0299999999997453,2.72000000000025,NA,NA,NA
1200,101,TRUE,TRUE,TRUE,0.00113764266300641,0.00103833025074723,0.00104355430629931,4.44089209850063e-16,4.44089209850063e-16,1.55431223447522e-15,0.00631989720897753,0.218927661291236,0.00116122939710255,4.26754750684211e-05,0.0558241833837077,1.93380643823248,0.0102572368933976,0.00341769672452941,0,0.0300000000002001,2.76999999999998,NA,NA,NA
1200,102,TRUE,TRUE,TRUE,0.00222890512056351,0.00215389594128192,0.00216593333425235,8.88178419700125e-16,4.44089209850063e-16,4.44089209850063e-16,0.00472375661048813,0.163635729039096,0.000848459686720851,2.42465359505672e-05,0.0512835520769093,1.77651435579623,0.00921131847320359,0.00305365834420002,0,0.0499999999997272,2.82999999999993,NA,NA,NA
1200,103,TRUE,TRUE,TRUE,0.00083995311231579,0.000843144435714767,0.000852115342599941,2.22044604925031e-16,3.33066907387547e-16,2.77777800761214e-13,0.00436679181970012,0.151270105955935,0.000825054382058391,2.1971270165011e-05,0.0546054510832116,1.89158831292679,0.0103170630890237,0.0032728727798812,0,0.0399999999999636,2.71000000000004,NA,NA,NA
1200,104,TRUE,TRUE,TRUE,0.00108338427460395,0.000982710625534143,0.000977153858784715,4.44089209850063e-16,2.22044604925031e-16,1.55431223447522e-15,0.00928246232866738,0.32155392745192,0.00176543379706985,7.59565108907623e-05,0.0798686606501017,2.76673156356906,0.0151902402450833,0.00609861972663595,0,0.0500000000001819,2.7800000000002,NA,NA,NA
1200,105,TRUE,TRUE,TRUE,0.0016478630951728,0.00156802832240445,0.00158671537354905,4.44089209850063e-16,4.44089209850063e-16,4.45363745882332e-11,0.00637914401002196,0.220980030683134,0.00117362864648625,3.03425145666836e-05,0.0601762403037065,2.08456611228987,0.0110711655587827,0.00423036897815976,0,0.0300000000002001,2.77999999999975,NA,NA,NA
1200,106,TRUE,TRUE,TRUE,0.00075665144005179,0.000706465705968797,0.000700698187170019,3.33066907387547e-16,2.22044604925031e-16,2.79776202205539e-14,0.00422222728614873,0.146262243614265,0.000792179565662675,1.75979193244302e-05,0.0446666568299434,1.54729838067411,0.00838041403484546,0.00229739349086344,0,0.0499999999997272,2.7800000000002,NA,NA,NA
1200,107,TRUE,TRUE,TRUE,0.000857514444803118,0.00073026156507079,0.000762157290239595,4.44089209850063e-16,2.22044604925031e-16,8.88178419700125e-16,0.0155548002343388,0.538834086149182,0.00287770921261451,0.000155056088569694,0.117673014415643,4.07631279295356,0.0217700460667092,0.0113935609839864,0.0199999999999818,0.0299999999997453,2.72000000000025,NA,NA,NA
1200,108,TRUE,TRUE,TRUE,0.000728141622893068,0.000642877028695392,0.000632393849718836,4.44089209850063e-16,4.44089209850063e-16,1.17239551400417e-13,0.00796753459809852,0.27600349469939,0.00151551216965293,6.44338452211457e-05,0.0649823183100529,2.2510535381325,0.0123603472314571,0.00436920112709061,0.0100000000002183,0.0299999999997453,2.75,NA,NA,NA
1200,109,TRUE,TRUE,TRUE,0.00139755673617564,0.00112184430787246,0.00112211615415444,2.22044604925031e-16,2.22044604925031e-16,1.11206155395394e-10,0.00888015352775123,0.307617541781543,0.00167080175349582,0.000129749191955852,0.105865174365447,3.66727721506185,0.0199185428958143,0.00955682493004417,0,0.0300000000002001,2.82999999999993,NA,NA,NA
1200,110,TRUE,TRUE,TRUE,0.00131246061633662,0.00117062364095215,0.00112256532471461,6.66133814775094e-16,4.44089209850063e-16,5.55111512312578e-15,0.0138784692832593,0.480764278597781,0.00254599163858731,0.000112937435385874,0.109915428479036,3.80758213322785,0.0201638780291804,0.00891828494914648,0.00999999999976353,0.0300000000002001,2.81999999999971,NA,NA,NA
1200,111,TRUE,TRUE,TRUE,0.00108937378628452,0.000884616068728294,0.000882361991143829,1.11022302462516e-16,4.44089209850063e-16,1.33226762955019e-14,0.0084131603469362,0.291440423462346,0.00158183622361049,6.88247339226677e-05,0.0761938384316695,2.63943198774691,0.014325909489058,0.00664582005039449,0,0.0399999999999636,2.82000000000016,NA,NA,NA
1200,112,TRUE,TRUE,TRUE,0.000733487036610318,0.00065240245057631,0.00065791172190228,4.44089209850063e-16,5.55111512312578e-16,8.88178419700125e-16,0.0083011897112267,0.287561646862253,0.00156411951422808,5.28678271791705e-05,0.0603646544401646,2.09109296943407,0.0113739761725725,0.00428606911305351,0,0.0299999999997453,2.84999999999991,NA,NA,NA
1200,113,TRUE,TRUE,TRUE,0.00140193082973545,0.00132433465691435,0.00131411351406011,2.22044604925031e-16,2.22044604925031e-16,1.99840144432528e-15,0.00539323508492657,0.186827143685117,0.00100090326026956,2.38794913727247e-05,0.0387060736110529,1.34081772111689,0.00718326471208587,0.00216345248968608,0.0199999999999818,0.0300000000002001,2.67999999999984,NA,NA,NA
1200,114,TRUE,TRUE,TRUE,0.000910531149260294,0.00087416559729062,0.000886202420653197,2.22044604925031e-16,3.33066907387547e-16,1.18727250253414e-12,0.00977079346262786,0.338470214150666,0.00179103409682944,6.23627510023539e-05,0.0728197431310987,2.52254989794355,0.0133482140799527,0.00635830049088071,0.0100000000002183,0.0299999999997453,2.71000000000004,NA,NA,NA
1200,115,TRUE,TRUE,TRUE,0.00139936253403431,0.00139770124108776,0.00139220507215487,2.22044604925031e-16,1.11022302462516e-16,4.30988578159486e-13,0.0105359231688575,0.364975084662065,0.00199308163410849,0.000108931222818853,0.11401276034729,3.94951787265361,0.0215678052184238,0.0102588933113488,0.00999999999976353,0.0300000000002001,2.69000000000005,NA,NA,NA
1200,116,TRUE,TRUE,TRUE,0.00116053095572979,0.000995578365285974,0.0010040398570555,2.22044604925031e-16,4.44089209850063e-16,6.28386231937839e-14,0.0100412631680815,0.347839559585742,0.00190900785339966,5.73207629699368e-05,0.0774750940395851,2.68381598395476,0.0147292786264762,0.00549274510193953,0,0.0500000000001819,2.83999999999969,NA,NA,NA
1200,117,TRUE,TRUE,TRUE,0.00113319676628544,0.00120997092772436,0.0012420110601541,3.33066907387547e-16,4.44089209850063e-16,5.32907051820075e-15,0.0129845760321317,0.449798908047863,0.00244344054006018,0.000123485369819321,0.121716192734102,4.21637259838622,0.0229045814797742,0.013646232114457,0,0.0500000000001819,2.85999999999967,NA,NA,NA
1200,118,TRUE,TRUE,TRUE,0.00106900371100251,0.00116886850678176,0.00118904440758086,2.22044604925031e-16,4.44089209850063e-16,5.78892489500049e-12,0.0103127156613196,0.357242949788337,0.00197220969700079,9.48733774990274e-05,0.0723896972335896,2.50765267106211,0.0138438474923266,0.0049180137754874,0,0.0299999999997453,2.82000000000016,NA,NA,NA
1200,119,TRUE,TRUE,TRUE,0.00135173785643748,0.00114061482908024,0.00114632536983396,2.22044604925031e-16,2.22044604925031e-16,6.66133814775094e-16,0.0113711697218798,0.393908873995694,0.00218895537551588,0.000120997055269356,0.107974321023439,3.74034019850697,0.0207851062118226,0.0108276831382952,0,0.0399999999999636,2.82999999999993,NA,NA,NA
1200,120,TRUE,TRUE,TRUE,0.00115720361659318,0.00106699435851021,0.00106357689498413,4.44089209850063e-16,6.66133814775094e-16,3.77475828372553e-15,0.00748954392473345,0.259445412063143,0.00137493228915785,5.92133600569866e-05,0.0717622270514452,2.48591646634794,0.0131741270371708,0.00553346883641836,0.00999999999976353,0.0300000000002001,2.57999999999993,NA,NA,NA
1200,121,TRUE,TRUE,TRUE,0.0012465951549192,0.00113801651164836,0.00114565311690965,2.22044604925031e-16,4.44089209850063e-16,1.33226762955019e-15,0.00346102349171267,0.119893370676716,0.000642390102051276,1.50884658332018e-05,0.0434819513517448,1.5062589790692,0.0080705534744619,0.00214001189708313,0.0199999999999818,0.0299999999997453,2.80999999999995,NA,NA,NA
1200,122,TRUE,TRUE,TRUE,0.00119225284449692,0.00129484039082288,0.00129545519853431,8.88178419700125e-16,3.33066907387547e-16,1.48325796089921e-13,0.00390852536193995,0.135395290191031,0.000721864650100214,2.65823470328996e-05,0.0610577511516905,2.1151025438125,0.0112767420163661,0.00362838216790706,0,0.0500000000001819,2.76999999999998,NA,NA,NA
1200,123,TRUE,TRUE,TRUE,0.000838505188057687,0.000809633445344656,0.000811527450846382,4.44089209850063e-16,3.33066907387547e-16,2.57571741713036e-14,0.00410384080799573,0.142161215712462,0.000765997950368346,1.873079293091e-05,0.0580250723569966,2.01004746870357,0.0108306068814452,0.0034958930582043,0.0100000000002183,0.0299999999997453,2.82999999999993,NA,NA,NA
1200,124,TRUE,TRUE,TRUE,0.000552521424265857,0.000470387943741853,0.000472599701853277,2.22044604925031e-16,2.22044604925031e-16,1.24344978758018e-14,0.00492506091558965,0.170609114723459,0.000927636397121567,2.80600105995177e-05,0.0615668794145588,2.13273926418965,0.0115961364094726,0.00370285136303039,0,0.0500000000001819,2.80999999999995,NA,NA,NA
1200,125,TRUE,TRUE,TRUE,0.00130741338368238,0.00119918573445207,0.00119622460368884,4.44089209850063e-16,4.44089209850063e-16,3.99680288865056e-14,0.00864676360238733,0.299532677607443,0.00158311284863193,7.62433189969158e-05,0.093108653459103,3.2253783683098,0.0170470146274413,0.00782624046444269,0,0.0500000000001819,2.80999999999995,NA,NA,NA
1200,126,TRUE,TRUE,TRUE,0.00104268995165354,0.00101234269046866,0.00100977525261533,4.44089209850063e-16,2.22044604925031e-16,4.66293670342566e-15,0.00559626793434501,0.193860407901082,0.00105435584470563,3.98362942490849e-05,0.0755716793083894,2.61787976350864,0.0142379604957828,0.00477557025668318,0.0100000000002183,0.0299999999997453,2.72000000000025,NA,NA,NA
1200,127,TRUE,TRUE,TRUE,0.000711673699054532,0.000642709810890522,0.000636962562017256,2.22044604925031e-16,2.22044604925031e-16,6.48026832195114e-09,0.00529269775615098,0.183344428455186,0.000985938086596619,2.86296045182155e-05,0.0601182097470997,2.08255587484118,0.0111989830930332,0.00305990793583888,0.0100000000002183,0.0299999999997453,2.69000000000005,NA,NA,NA
1200,128,TRUE,TRUE,TRUE,0.000541904874966602,0.000448864634652638,0.000450711976302024,2.22044604925031e-16,4.44089209850063e-16,1.11022302462516e-14,0.00721459680497575,0.249920964446842,0.00135846910970526,5.97324822386724e-05,0.0854149049582228,2.95885910222617,0.0160831593269537,0.00689177343613068,0.0199999999999818,0.0299999999997453,2.80999999999995,NA,NA,NA
1200,129,TRUE,TRUE,TRUE,0.000668576802730098,0.000598057640694621,0.00060453940446915,4.44089209850063e-16,4.44089209850063e-16,8.88178419700125e-15,0.00790384385760316,0.273797182729197,0.00147978940586076,5.94565192990615e-05,0.0824112474553525,2.85480935415604,0.0154293648894504,0.00690952473361151,0.0199999999999818,0.0300000000002001,2.82999999999993,NA,NA,NA
1200,130,TRUE,TRUE,TRUE,0.00214256752246509,0.00197816597668707,0.00199774534783242,4.44089209850063e-16,1.11022302462516e-16,4.44089209850063e-16,0.00681429485302731,0.236054098063968,0.00126828856395889,5.72816425155054e-05,0.0932740204748773,3.23110684977415,0.0173603250276438,0.00699814127368725,0,0.0300000000002001,2.76999999999998,NA,NA,NA
1200,131,TRUE,TRUE,TRUE,0.00112536768907684,0.000863919817419145,0.000867882471224475,0,3.33066907387547e-16,8.74855743404623e-14,0.0106245848366501,0.368046414928075,0.00200901222017892,0.000104703608034384,0.107713687160606,3.73131157665497,0.0203676771481658,0.0110192761970751,0,0.0500000000001819,2.67999999999984,NA,NA,NA
1200,132,TRUE,TRUE,TRUE,0.000470558071425487,0.000417383635246392,0.000425374981404565,2.22044604925031e-16,3.33066907387547e-16,6.16506845574349e-12,0.00680780977544683,0.23582944838676,0.00127539366494114,4.3733745943797e-05,0.0736191030303531,2.55024053712439,0.013792003701719,0.00457361365966946,0.0199999999999818,0.0300000000002001,2.77999999999975,NA,NA,NA
1200,133,TRUE,TRUE,TRUE,0.00125877067528851,0.00104768988021911,0.00105008282720416,3.33066907387547e-16,4.44089209850063e-16,1.3837819778928e-12,0.00673610824763844,0.233345634603871,0.00123807446810146,6.21515406216133e-05,0.0810340038203102,2.80710023515016,0.0148937825061132,0.00599803843877922,0,0.0299999999997453,2.7800000000002,NA,NA,NA
1200,134,TRUE,TRUE,TRUE,0.000834088751618316,0.000608586457381101,0.00059664108959315,4.44089209850063e-16,4.44089209850063e-16,4.44089209850063e-15,0.00828665885536363,0.287058283249607,0.00154916806914075,6.93920364476242e-05,0.0905409043829327,3.1364289310895,0.0169263729169179,0.00743831768334857,0.0199999999999818,0.0300000000002001,2.82999999999993,NA,NA,NA
1200,135,TRUE,TRUE,TRUE,0.00125565019772455,0.000984491261059528,0.000955834632633761,2.22044604925031e-16,2.22044604925031e-16,1.48769885299771e-14,0.0152875169526146,0.529575121669981,0.00286107359572725,0.000225642959307493,0.129965090681683,4.50212280541944,0.0243230925249811,0.0150041057368888,0,0.0299999999997453,2.57000000000016,NA,NA,NA
1200,136,TRUE,TRUE,TRUE,0.000902609145961214,0.000908813566815777,0.000916063316339799,2.22044604925031e-16,3.33066907387547e-16,1.68753899743024e-14,0.0068209858649561,0.236285881516262,0.00126976417938016,4.18136573472339e-05,0.070411532008386,2.43912701754574,0.0131074954456168,0.00460392656384201,0.119999999999891,0.0300000000002001,2.69000000000005,NA,NA,NA
1200,137,TRUE,TRUE,TRUE,0.00084879754002147,0.000736145107539949,0.000753063621709549,3.33066907387547e-16,4.44089209850063e-16,1.11022302462516e-15,0.00842082509973104,0.291705938287708,0.00158224111001926,4.48258363192622e-05,0.0708518951412442,2.45438164394355,0.0133128024733385,0.00465628371038207,0,0.0500000000001819,2.80999999999995,NA,NA,NA
1200,138,TRUE,TRUE,TRUE,0.000789064934788505,0.000810121843748778,0.000809120543401221,4.44089209850063e-16,6.66133814775094e-16,2.32835972724388e-12,0.00867504623430771,0.3005124167166,0.00162652973140595,9.26095287354656e-05,0.0737367158602956,2.55431476506604,0.0138252820104508,0.00600353419273958,0.0199999999999818,0.0299999999997453,2.82999999999993,NA,NA,NA
1200,139,TRUE,TRUE,TRUE,0.00170319504401548,0.0016332721912082,0.00164028039142205,2.22044604925031e-16,2.22044604925031e-16,1.37223565843669e-13,0.00790734039651398,0.273918306390081,0.00153114053400617,5.15106811391774e-05,0.052485787635673,1.81816101720512,0.0101631032532313,0.003699192620509,0,0.0399999999999636,2.82999999999993,NA,NA,NA
1200,140,TRUE,TRUE,TRUE,0.0013323515984469,0.00134407592336675,0.00134714805145178,4.44089209850063e-16,4.44089209850063e-16,1.10134124042816e-13,0.0112044589606733,0.388133843824131,0.00203536042605654,0.000138660136560276,0.0724578590157278,2.51001386445807,0.013162425719531,0.00580016439349151,0.0199999999999818,0.0299999999997453,2.92000000000007,NA,NA,NA
1200,141,TRUE,TRUE,TRUE,0.000892925286532338,0.000822290483277354,0.000821678973280641,4.44089209850063e-16,2.22044604925031e-16,8.21565038222616e-15,0.00388680387260149,0.134642835728025,0.000724001839593072,1.82185937518398e-05,0.056442611808164,1.95522942727254,0.0105136652426965,0.00305170687256862,0,0.0499999999997272,2.80999999999995,NA,NA,NA
1200,142,TRUE,TRUE,TRUE,0.00120683139539511,0.00113393464437644,0.00113795826148078,0,4.44089209850063e-16,6.66133814775094e-16,0.00693421298148037,0.240208183888553,0.00127519076477285,3.05852081012858e-05,0.0523082085020275,1.81200949556836,0.00961939654604578,0.00344804906615082,0.0100000000002183,0.0399999999999636,2.82000000000016,NA,NA,NA
1200,143,TRUE,TRUE,TRUE,0.000937514906848663,0.000886954630566276,0.000885824105453337,4.44089209850063e-16,4.44089209850063e-16,2.24265050974282e-14,0.00414275415365218,0.143509213547852,0.000771697874961385,1.79168054543766e-05,0.0589579334118381,2.04236272357133,0.0109824793455147,0.00342701620549235,0,0.0500000000001819,2.63999999999987,NA,NA,NA
1200,144,TRUE,TRUE,TRUE,0.000724530381488093,0.00061400620087749,0.00060565892922871,2.22044604925031e-16,2.22044604925031e-16,6.66133814775094e-15,0.00892761473343599,0.309261646174232,0.0016844577796446,6.54188439064285e-05,0.0682351727831445,2.36373572247295,0.0128745774847885,0.00436114764534068,0,0.0499999999997272,2.66000000000031,NA,NA,NA
1200,145,TRUE,TRUE,TRUE,0.00102735279008376,0.0010074805280017,0.0010103441514668,4.44089209850063e-16,0,5.77315972805081e-15,0.00596669073800572,0.206692230225531,0.00110186309021654,3.60706145876577e-05,0.066335917288355,2.29794358220235,0.0122501906040007,0.00394516531950373,0.0100000000002183,0.0299999999997453,2.97000000000025,NA,NA,NA
1200,146,TRUE,TRUE,TRUE,0.00133044556224007,0.00121353865890738,0.00121307519311467,2.22044604925031e-16,2.22044604925031e-16,3.77475828372553e-15,0.00372287620086391,0.128964214603706,0.000688150955782814,1.89780415809082e-05,0.0454488666875996,1.57439492498694,0.00840094576420772,0.00246948031740146,0,0.0500000000001819,2.84999999999991,NA,NA,NA
1200,147,TRUE,TRUE,TRUE,0.00128885319497941,0.00109941065162362,0.00110806723452383,4.44089209850063e-16,2.22044604925031e-16,4.44089209850063e-16,0.0144401686160804,0.500222114258256,0.00275534423947648,0.000206115382496819,0.125002187997983,4.33020281339568,0.0238518031042002,0.0133241469460117,0,0.0399999999999636,2.82999999999993,NA,NA,NA
1200,148,TRUE,TRUE,TRUE,0.000789772445882426,0.000767003668667719,0.000766177433993539,3.33066907387547e-16,4.44089209850063e-16,9.54791801177635e-15,0.00353207506255763,0.122354669289937,0.000669788684591227,1.02153317378395e-05,0.0420861874028454,1.45790829757187,0.00798081909380479,0.00213119526794614,0,0.0300000000002001,2.63999999999987,NA,NA,NA
1200,149,TRUE,TRUE,TRUE,0.00104621459921853,0.00105950411785677,0.00106191089015244,4.44089209850063e-16,4.44089209850063e-16,1.28849153568922e-10,0.00738399189689284,0.255788982561906,0.00139148665042424,6.56232980134064e-05,0.0638087497866458,2.21039993195841,0.0120245288386273,0.00464142848921156,0,0.0399999999999636,2.94000000000005,NA,NA,NA
1200,150,TRUE,TRUE,TRUE,0.00107595113723174,0.000814045218487817,0.000791051615486926,2.22044604925031e-16,4.44089209850063e-16,7.99360577730113e-15,0.0141303280106188,0.489488920840108,0.00263699991648237,0.00016773853371177,0.0961603959471123,3.33109382912678,0.0179454401830508,0.00882976869523588,0.0199999999999818,0.0299999999997453,2.84000000000015,NA,NA,NA
1200,151,TRUE,TRUE,TRUE,0.00113650924923834,0.00111038442720582,0.00110113299181436,4.44089209850063e-16,3.33066907387547e-16,1.77635683940025e-14,0.0126423095747602,0.437942450169984,0.00238982661921842,6.91508865671153e-05,0.0796109688421279,2.75780485748697,0.015049181591038,0.00537430533730543,0,0.0299999999997453,2.82999999999993,NA,NA,NA
1200,152,TRUE,TRUE,TRUE,0.00120771314930312,0.000866347168554941,0.000845829581569358,4.44089209850063e-16,4.44089209850063e-16,6.88338275267597e-15,0.0125860154314756,0.435992363843232,0.00230728269830831,0.000138641805094153,0.117231507490509,4.06101854442907,0.0214910136096775,0.0104510817349563,0,0.0399999999999636,2.61999999999989,NA,NA,NA
1200,153,TRUE,TRUE,TRUE,0.000821053894023606,0.000643335319611092,0.000654487461757559,2.22044604925031e-16,2.22044604925031e-16,8.88178419700125e-16,0.00636875861792909,0.220620270147906,0.00118209572734842,4.24328844843558e-05,0.0740111416671454,2.56382115387347,0.0137370969115735,0.00470082055959153,0.0199999999999818,0.0299999999997453,2.69000000000005,NA,NA,NA
1200,154,TRUE,TRUE,TRUE,0.000903411329239082,0.000853429826170752,0.000860861959061742,3.33066907387547e-16,4.44089209850063e-16,5.22404342007121e-12,0.00829134786388024,0.287220715269365,0.00156953032380515,5.27496599787014e-05,0.0714421375657764,2.474828241305,0.0135238085710312,0.00470344285064783,0,0.0399999999999636,2.75,NA,NA,NA
1200,155,TRUE,TRUE,TRUE,0.000996741248000705,0.000938590950585008,0.000945600999906046,6.66133814775094e-16,2.22044604925031e-16,7.52820028537826e-12,0.0100335863273639,0.347573626022455,0.00187824903532039,0.000101358836285925,0.0956537905820648,3.31354450449379,0.0179060242293946,0.00910500359242405,0,0.0399999999999636,2.71000000000004,NA,NA,NA
1200,156,TRUE,TRUE,TRUE,0.00116283285002523,0.00120438031479024,0.0012094804869097,2.22044604925031e-16,6.66133814775094e-16,1.90958360235527e-14,0.00538936224486292,0.186692984569921,0.00100880592845603,2.18220528012125e-05,0.040130974648113,1.3901777409558,0.00751190276332309,0.00226046806346503,0,0.0399999999999636,2.56999999999971,NA,NA,NA
1200,157,TRUE,TRUE,TRUE,0.00113026969590619,0.00107205992715791,0.0010659255313718,4.44089209850063e-16,4.44089209850063e-16,1.66557878600315e-10,0.00723446465120861,0.250609206829087,0.00136222653616395,4.70699445571654e-05,0.0739896672003385,2.56307725652198,0.013932017491495,0.00503355439789033,0.00999999999976353,0.0300000000002001,2.84999999999991,NA,NA,NA
1200,158,TRUE,TRUE,TRUE,0.00151753381232363,0.00111015737414858,0.00113994719325985,2.22044604925031e-16,4.44089209850063e-16,2.44249065417534e-15,0.028275435508475,0.979489818136315,0.00532627188359479,0.000636801466715298,0.173337226961414,6.00457767880534,0.0326517056852456,0.0240964327331774,0,0.0299999999997453,2.82999999999993,NA,NA,NA
1200,159,TRUE,TRUE,TRUE,0.000917311053700876,0.00087795806947485,0.000879115342074211,4.44089209850063e-16,3.33066907387547e-16,2.44249065417534e-15,0.00342709222533136,0.118717957129964,0.000626464321493408,1.00681018615489e-05,0.0489169752246661,1.69453372883419,0.00894190692246906,0.00209800720806896,0.0199999999999818,0.0300000000002001,2.60999999999967,NA,NA,NA
1200,160,TRUE,TRUE,TRUE,0.0011563000983697,0.00118836944174889,0.00119340534954685,2.22044604925031e-16,2.22044604925031e-16,5.80868686483882e-13,0.00539772030520596,0.186982516273258,0.000995919261431354,3.97456286407305e-05,0.0882147350756342,3.05584806254454,0.0162762701355894,0.00660422931579774,0.00999999999976353,0.0300000000002001,2.75,NA,NA,NA
1200,161,TRUE,TRUE,TRUE,0.000993744183094448,0.0010554955169176,0.00105618201607653,2.22044604925031e-16,4.44089209850063e-16,9.76996261670138e-15,0.00570553581931117,0.197645558469021,0.00109057865966922,3.44981138660216e-05,0.0461560130568775,1.59889119378649,0.00882244270290494,0.0024853311391162,0,0.0300000000002001,2.7199999999998,NA,NA,NA
1200,162,TRUE,TRUE,TRUE,0.00104796341874342,0.000736318230962086,0.000758145918495165,4.44089209850063e-16,1.11022302462516e-16,6.08402217494586e-14,0.0158897267804747,0.550436282043401,0.00296516630513731,0.000131788149442258,0.114947516746337,3.98189878417059,0.021450243180661,0.0101913529988096,0.00999999999976353,0.0300000000002001,2.59999999999991,NA,NA,NA
1200,163,TRUE,TRUE,TRUE,0.000917037399857809,0.00092964817822591,0.000930159163630054,4.44089209850063e-16,2.22044604925031e-16,4.2543746303636e-13,0.0029499302146146,0.102188580209901,0.000558688590871671,8.04724113834254e-06,0.0363648638571105,1.25971583621681,0.00688715768424494,0.00153917273736681,0,0.0300000000002001,2.59999999999991,NA,NA,NA
1200,164,TRUE,TRUE,TRUE,0.000990315946528487,0.00078592010754836,0.000781167697811159,4.44089209850063e-16,5.55111512312578e-16,5.44555511794442e-11,0.013087881701253,0.453377521400424,0.00245534281308842,0.000188310566905159,0.126810676391049,4.39285068902945,0.0237902274796567,0.0137967418140761,0,0.0399999999999636,2.66000000000031,NA,NA,NA
1200,165,TRUE,TRUE,TRUE,0.00100363013844724,0.00105782306725283,0.00105844668980373,4.44089209850063e-16,4.44089209850063e-16,3.08642000845794e-14,0.00676753876565139,0.234434419686004,0.0012709143945959,4.22710545606719e-05,0.0778126632034115,2.69550972281108,0.0146128802762077,0.0051179906845995,0.0199999999999818,0.0300000000002001,2.55999999999995,NA,NA,NA
1200,166,TRUE,TRUE,TRUE,0.000979093420675318,0.00100444532818699,0.00100036660013439,2.22044604925031e-16,2.22044604925031e-16,2.17603712826531e-14,0.00772686928382097,0.267666603660425,0.0014388989724856,6.51904677084758e-05,0.0697836114765131,2.41737521225935,0.0129951165422376,0.00604302349503172,0,0.0299999999997453,2.70000000000027,NA,NA,NA
1200,167,TRUE,TRUE,TRUE,0.00106802078902006,0.00107506858422906,0.00107814483422995,4.44089209850063e-16,1.11022302462516e-16,7.105427357601e-15,0.00761699867657937,0.263860574180407,0.00141670372750152,5.92080092793879e-05,0.0671683439171173,2.32677968649414,0.0124928002797313,0.00437057451532041,0,0.0500000000001819,2.69000000000005,NA,NA,NA
1200,168,TRUE,TRUE,TRUE,0.00151860266956991,0.00149106640930054,0.00149556733724679,2.22044604925031e-16,2.22044604925031e-16,2.44959608153295e-12,0.00381306333844377,0.132088388693256,0.000723402918666716,1.5229173250475e-05,0.0530095487510965,1.83630463446397,0.0100568123002645,0.0025225791347161,0,0.0399999999999636,2.84999999999991,NA,NA,NA
1200,169,TRUE,TRUE,TRUE,0.000902847062746941,0.000829502914827132,0.000825746512404849,4.44089209850063e-16,2.22044604925031e-16,9.75219904830738e-12,0.00398372103715641,0.138000144790718,0.000744835373998595,1.61100209759013e-05,0.0523910463233814,1.81487908187582,0.00979554145947629,0.0027451106239873,0.0199999999999818,0.0300000000002001,2.69999999999982,NA,NA,NA
1200,170,TRUE,TRUE,TRUE,0.00122505049547602,0.000947807448270661,0.000951921858111892,4.44089209850063e-16,2.22044604925031e-16,3.44169137633799e-14,0.0058424977292026,0.202390058201694,0.00110142210575186,6.13979351378191e-05,0.0730796020852423,2.53155167617112,0.0137768969620501,0.00567448625524491,0.0199999999999818,0.0299999999997453,2.82999999999993,NA,NA,NA
1200,171,TRUE,TRUE,TRUE,0.00139172948668175,0.00114386266370332,0.00110651689373512,1.11022302462516e-16,2.22044604925031e-16,2.44249065417534e-15,0.0188148250763534,0.651764659355303,0.00353795540151139,0.000347825706754179,0.124108782863203,4.29925435169202,0.0233375190534046,0.0119390894999256,0,0.0399999999999636,2.82999999999993,NA,NA,NA
1200,172,TRUE,TRUE,TRUE,0.000973341188112314,0.000852973167660535,0.000851763294436421,4.44089209850063e-16,2.22044604925031e-16,1.90958360235527e-14,0.00369439705916505,0.127977668196138,0.000694372571262197,1.86292662291976e-05,0.0575174510291989,1.99246295008855,0.0108105706354743,0.00336660148505885,0,0.0299999999997453,2.89000000000033,NA,NA,NA
1200,173,TRUE,TRUE,TRUE,0.0019222015440413,0.00181302741031414,0.00180431365524496,4.44089209850063e-16,3.33066907387547e-16,8.88178419700125e-16,0.00415551368380066,0.143951216637809,0.000749926427304547,2.94899775248325e-05,0.0562000654866441,1.94682737623132,0.0101421671378383,0.0034358330551747,0.00999999999976353,0.0300000000002001,2.81999999999971,NA,NA,NA
1200,174,TRUE,TRUE,TRUE,0.000648928031702869,0.000561606340793671,0.000567732464323907,3.33066907387547e-16,4.44089209850063e-16,1.29289912109698e-11,0.00544674081096312,0.188680636404941,0.00101117548396277,3.85724197613513e-05,0.0566365087765822,1.96194621528722,0.0105144436204585,0.00345571536615807,0,0.0399999999999636,2.82000000000016,NA,NA,NA
1200,175,TRUE,TRUE,TRUE,0.00127031252098185,0.00105794085740078,0.00106114865617219,2.22044604925031e-16,4.44089209850063e-16,7.75157715793284e-13,0.00913992386764127,0.316616250321322,0.00169708381211189,8.13886401154207e-05,0.0893473698683649,3.09508368269313,0.0165898509937487,0.00754996260081597,0.0100000000002183,0.0299999999997453,2.72000000000025,NA,NA,NA
1200,176,TRUE,TRUE,TRUE,0.000850351351981748,0.000747388586359228,0.000740205835533274,4.44089209850063e-16,2.22044604925031e-16,3.73034936274053e-14,0.00800748662569227,0.277387473532546,0.00147555755988298,3.77494825443137e-05,0.0542055912997996,1.87773676371133,0.00998858615307793,0.00261487409856542,0.0199999999999818,0.0300000000002001,2.76999999999998,NA,NA,NA
1200,177,TRUE,TRUE,TRUE,0.000871599115822942,0.000866757069569906,0.000866173996349398,2.22044604925031e-16,2.22044604925031e-16,6.18660678242122e-12,0.00185287092001333,0.0641853314665997,0.000351245325374412,4.37922178520012e-06,0.0262117859218442,0.908002899475054,0.0049689199475894,0.000913197782047348,0.0199999999999818,0.0300000000002001,2.61999999999989,NA,NA,NA
1200,178,TRUE,TRUE,TRUE,0.000978355645116408,0.000613562360521961,0.0006357442870336,4.44089209850063e-16,2.22044604925031e-16,1.15463194561016e-14,0.0145221233703321,0.503061110223971,0.00273944708300119,0.000175471082357603,0.123403273337364,4.27481478481248,0.0232787402059586,0.0123388011886192,0.0100000000002183,0.0299999999997453,2.74000000000024,NA,NA,NA
1200,179,TRUE,TRUE,TRUE,0.00102467740727965,0.000982008067254455,0.000987938865584109,2.22044604925031e-16,4.44089209850063e-16,2.53130849614536e-14,0.0090514394235474,0.313551059264321,0.00169467147249391,6.06189984146965e-05,0.0918601810327905,3.18213001482536,0.0171986819963034,0.00755973856459491,0.0199999999999818,0.0300000000002001,2.84000000000015,NA,NA,NA
1200,180,TRUE,TRUE,TRUE,0.0010543293552465,0.00091026592357492,0.000920962207621159,2.22044604925031e-16,2.22044604925031e-16,5.97299987248334e-14,0.00721227948317115,0.249840690064781,0.00137149393023722,4.77512517420564e-05,0.0843606340228545,2.92233808572615,0.0160420984493569,0.00684086520003646,0.0199999999999818,0.0300000000002001,2.80999999999995,NA,NA,NA
1200,181,TRUE,TRUE,TRUE,0.00121967716493218,0.00113214395291654,0.00112784274756406,3.33066907387547e-16,4.44089209850063e-16,3.30846461338297e-14,0.00431641202489168,0.149524898670273,0.000805704836635741,2.28367161092535e-05,0.051641264793907,1.7889058878033,0.00963939878178845,0.00308697119733381,0.0100000000002183,0.0299999999997453,2.71000000000004,NA,NA,NA
1200,182,TRUE,TRUE,TRUE,0.00132029097550644,0.00126608935900086,0.0012637493573036,2.22044604925031e-16,4.44089209850063e-16,3.99680288865056e-15,0.00403283921255992,0.139701648298197,0.000737218734741906,2.4738943928071e-05,0.0525565912405355,1.82061372602474,0.00960754983140043,0.00283963505073714,0.00999999999976353,0.0300000000002001,2.87999999999965,NA,NA,NA
1200,183,TRUE,TRUE,TRUE,0.00133891326925753,0.00117998270541109,0.0011621408719097,2.22044604925031e-16,3.33066907387547e-16,3.99680288865056e-15,0.0137871237515292,0.477599976557763,0.00260561419648887,0.000140511864540116,0.102892143535619,3.56428840606722,0.0194454793280465,0.00813075191403811,0,0.0300000000002001,2.7199999999998,NA,NA,NA
1200,184,TRUE,TRUE,TRUE,0.00153075506280629,0.00124258817598436,0.001235413575265,3.33066907387547e-16,2.22044604925031e-16,2.37077024678456e-12,0.0082559907255131,0.285995908068123,0.00152807826262603,7.51090101189789e-05,0.0917746964411554,3.17916874170584,0.0169863222178119,0.00748343874635182,0.0199999999999818,0.0299999999997453,2.73000000000002,NA,NA,NA
1200,185,TRUE,TRUE,TRUE,0.00174266325614367,0.0014981169390327,0.00152779295435362,4.44089209850063e-16,2.22044604925031e-16,1.24344978758018e-14,0.00900727458344266,0.31202114432493,0.001672697197223,7.77406728467156e-05,0.079775612412289,2.76350827806014,0.0148147413573999,0.00640956718369523,0.0199999999999818,0.0299999999997453,2.64000000000033,NA,NA,NA
1200,186,TRUE,TRUE,TRUE,0.000863669485166025,0.000692105975601991,0.000682026193427071,2.22044604925031e-16,4.44089209850063e-16,4.44089209850063e-16,0.0121411578175263,0.420582044053354,0.00226227558281195,0.000123895327444501,0.0997296120651738,3.4547351023203,0.0185827307122771,0.00962439778691859,0,0.0300000000002001,2.94999999999982,NA,NA,NA
1200,187,TRUE,TRUE,TRUE,0.00104820578347703,0.000945559457562065,0.000954520025325287,4.44089209850063e-16,2.22044604925031e-16,2.22044604925031e-15,0.00582188720514124,0.201676088704796,0.00106666813190931,3.70083151786105e-05,0.080994007400861,2.80571471853802,0.0148394710385031,0.00606378270057917,0.0199999999999818,0.0299999999997453,2.80999999999995,NA,NA,NA
1200,188,TRUE,TRUE,TRUE,0.00111175668762054,0.00102640454162649,0.00102481525554972,4.44089209850063e-16,2.22044604925031e-16,6.51656506533982e-12,0.00878391802360025,0.304283846127913,0.00167123382643155,6.27891318600859e-05,0.0607771738724022,2.10538306174897,0.01156350373234,0.00485253342366931,0.0199999999999818,0.0300000000002001,2.69999999999982,NA,NA,NA
1200,189,TRUE,TRUE,TRUE,0.0012485717265416,0.00109751215935976,0.00109760814346203,2.22044604925031e-16,2.22044604925031e-16,8.88178419700125e-16,0.00592582664618798,0.205276656560861,0.00111426496215476,3.18972754662639e-05,0.0641209985041999,2.22121654482644,0.0120570152043798,0.0036595761246474,0.0100000000002183,0.0299999999997453,2.57999999999993,NA,NA,NA
1200,190,TRUE,TRUE,TRUE,0.0012291142999459,0.00078002966232127,0.000769709773478287,4.44089209850063e-16,2.22044604925031e-16,1.77635683940025e-15,0.0131222702677612,0.454568776288258,0.00243374439455882,0.000194934425895354,0.117980034011448,4.08694826373065,0.0218813696552684,0.0127344833131744,0.0100000000002183,0.0299999999997453,2.85000000000036,NA,NA,NA
1200,191,TRUE,TRUE,TRUE,0.0018509088053113,0.00168479034501362,0.00167402112534105,2.22044604925031e-16,4.44089209850063e-16,4.44089209850063e-15,0.0115587718717887,0.400407603100722,0.00221833386491153,0.000142816038291471,0.086220422887087,2.98676306181018,0.0165472323581571,0.00807126359846322,0.0100000000002183,0.0299999999997453,2.66000000000031,NA,NA,NA
1200,192,TRUE,TRUE,TRUE,0.000841479330546444,0.000775557940360622,0.000772437109616858,4.44089209850063e-16,3.33066907387547e-16,3.26183524634871e-12,0.00719805432081821,0.249347915985957,0.00134627215538638,5.64201310346846e-05,0.0800221597560617,2.77204892857785,0.0149667675029744,0.00648225070071717,0.0199999999999818,0.0300000000002001,2.80999999999995,NA,NA,NA
1200,193,TRUE,TRUE,TRUE,0.000650741890085689,0.000466799760508243,0.000481361348567889,3.33066907387547e-16,4.44089209850063e-16,3.87689880199105e-13,0.0091528910293748,0.317065445980371,0.00170538776212393,7.20160329947817e-05,0.0932770689902146,3.23121245344318,0.0173795985806211,0.00847094183191999,0.0199999999999818,0.0300000000002001,2.82999999999993,NA,NA,NA
1200,194,TRUE,TRUE,TRUE,0.00138217113780571,0.001347232848167,0.00135002283973772,2.22044604925031e-16,4.44089209850063e-16,8.88178419700125e-16,0.0042610666366299,0.147607678181592,0.000795501509381691,2.32993821107641e-05,0.0702778788529899,2.43449713643098,0.0131202263356092,0.00422731760151507,0.00999999999976353,0.0399999999999636,2.84000000000015,NA,NA,NA
1200,195,TRUE,TRUE,TRUE,0.00150367694577242,0.00143006268092282,0.00143044169741188,2.22044604925031e-16,0,2.36866082303777e-11,0.00427823933730204,0.148202557982939,0.000773158129161316,2.09882249997406e-05,0.057882209994417,2.00509857129403,0.0104604015022749,0.00360205418720483,0.0199999999999818,0.0299999999997453,2.81999999999971,NA,NA,NA
1200,196,TRUE,TRUE,TRUE,0.00124490760907134,0.00128135043426618,0.0012804618036014,4.44089209850063e-16,3.33066907387547e-16,6.23945339839338e-14,0.00453153240953045,0.156976887389035,0.00084008819235679,2.39316278722868e-05,0.0482633910114711,1.67189290754862,0.00894741585132722,0.00264728132766479,0,0.0399999999999636,2.78999999999996,NA,NA,NA
1200,197,TRUE,TRUE,TRUE,0.00142429037779183,0.00141363024091095,0.00142177819230172,0,4.44089209850063e-16,2.22044604925031e-15,0.00711825707460958,0.246583658291208,0.00131067538655444,7.57231772468003e-05,0.0657949783443942,2.27920490750769,0.0121147435068731,0.00614787190016131,0,0.0300000000002001,2.81999999999971,NA,NA,NA
1200,198,TRUE,TRUE,TRUE,0.000745405186833448,0.000661792931583942,0.000663031483355445,4.44089209850063e-16,2.22044604925031e-16,6.3504757008559e-14,0.00439629958527,0.152292284939633,0.000820084836839261,1.26202714199053e-05,0.0509027324953879,1.76332237852198,0.00949538544029614,0.00278484729935968,0,0.0399999999999636,2.84999999999991,NA,NA,NA
1200,199,TRUE,TRUE,TRUE,0.00113829773181189,0.000990848335307239,0.000995142520427591,2.22044604925031e-16,4.44089209850063e-16,1.68753899743024e-14,0.00489014115066665,0.169399458582759,0.000899253973151919,2.12454550769792e-05,0.0597628005367743,2.07024413864595,0.0109898537022911,0.00312903182361168,0.0199999999999818,0.0299999999997453,2.76000000000022,NA,NA,NA
1200,200,TRUE,TRUE,TRUE,0.00100716133698928,0.00096320761150865,0.00095824822542654,2.22044604925031e-16,4.44089209850063e-16,1.24700250125898e-12,0.00566523851065149,0.196249618748884,0.0010728679234715,3.68351879949103e-05,0.057700283773068,1.99879646212192,0.0109271275196865,0.00380512813197953,0,0.0300000000002001,2.92000000000007,NA,NA,NA
1200,201,TRUE,TRUE,TRUE,0.00111004826783576,0.00101686860046275,0.00100600816123824,2.22044604925031e-16,2.22044604925031e-16,1.99840144432528e-15,0.00989734370491792,0.342854043137796,0.00186941944641178,7.99028747806574e-05,0.0832528586268422,2.88396362034079,0.0157248770505015,0.00665929905700224,0.0199999999999818,0.0300000000002001,2.73000000000002,NA,NA,NA
1200,202,TRUE,TRUE,TRUE,0.000643009806417977,0.000599191793927488,0.000597557791907369,2.22044604925031e-16,2.22044604925031e-16,3.79651865500819e-12,0.00356939163732364,0.12364735335912,0.000664594707954387,1.83150557298006e-05,0.05413171829379,1.875177727717,0.0100789314163086,0.00333110420386262,0.0100000000002183,0.0299999999997453,2.80999999999995,NA,NA,NA
1200,203,TRUE,TRUE,TRUE,0.000783939073436828,0.000643220614066099,0.000642895149465408,4.44089209850063e-16,2.22044604925031e-16,9.99200722162641e-15,0.00760039818081337,0.263285516138457,0.0014104527277148,6.85154032211699e-05,0.0814639027018598,2.82199236924938,0.0151177584440497,0.00598235358754451,0.0100000000002183,0.0299999999997453,2.85000000000036,NA,NA,NA
1200,204,TRUE,TRUE,TRUE,0.00164592414755354,0.00145909588265399,0.00145140875409236,0,2.22044604925031e-16,4.19353440861414e-12,0.00996047278001864,0.345040898447982,0.00186954495819642,9.74018045418745e-05,0.105049782918073,3.63903122676366,0.0197174668664417,0.0104284432717918,0.0100000000002183,0.0299999999997453,2.80000000000018,NA,NA,NA
1200,205,TRUE,TRUE,TRUE,0.000995152631307592,0.000931018133945446,0.000937554431800412,6.66133814775094e-16,2.22044604925031e-16,5.75317571360756e-13,0.00534261877623107,0.185073743318074,0.000985534792006155,2.02186175322083e-05,0.0600642335798632,2.08068608556016,0.0110798457512064,0.00355654598888222,0.0199999999999818,0.0300000000002001,2.82999999999993,NA,NA,NA
1200,206,TRUE,TRUE,TRUE,0.000766529198653938,0.000725896621564415,0.000733838252008677,2.22044604925031e-16,4.44089209850063e-16,2.22044604925031e-16,0.00822301888799296,0.284853730112047,0.00155159917655307,4.24267182665972e-05,0.0729306034750282,2.52639021290816,0.0137612555484463,0.00495707215372221,0.0199999999999818,0.0299999999997453,2.67000000000007,NA,NA,NA
1200,207,TRUE,TRUE,TRUE,0.00135407796410576,0.00118037592553199,0.00118070271709374,4.44089209850063e-16,2.22044604925031e-16,4.44089209850063e-16,0.0128205689379077,0.444117535647911,0.00239253672881533,0.000149765862918372,0.107430592024383,3.7215048734687,0.0200483799480008,0.0105822654104237,0.0199999999999818,0.0299999999997453,2.82999999999993,NA,NA,NA
1200,208,TRUE,TRUE,TRUE,0.00103903085423409,0.0009427154819073,0.000929228581390727,2.22044604925031e-16,2.22044604925031e-16,3.46389583683049e-14,0.00559372875012991,0.193772447979675,0.00103871217247179,4.06704125879287e-05,0.0710596367275245,2.4615780235892,0.0131952250345691,0.00500555485811915,0,0.0300000000002001,2.73000000000002,NA,NA,NA
1200,209,TRUE,TRUE,TRUE,0.00114935888313557,0.0012108682734323,0.00121115256287551,4.44089209850063e-16,2.22044604925031e-16,1.57651669496772e-14,0.00623601380791131,0.216021855040069,0.00116503357183779,4.9471016723146e-05,0.0769104243795637,2.66425525314177,0.0143686703055096,0.00518537614475179,0,0.0300000000002001,2.87999999999965,NA,NA,NA
1200,210,TRUE,TRUE,TRUE,0.00099972657879797,0.000976852377788333,0.000979521494034619,4.44089209850063e-16,3.33066907387547e-16,1.3988810110277e-14,0.00619039541098766,0.214441587415437,0.00115796661023903,3.25845535016356e-05,0.0577809650122043,2.00159134222995,0.0108084255930991,0.00346205828748225,0.0199999999999818,0.0300000000002001,2.81999999999971,NA,NA,NA
1200,211,TRUE,TRUE,TRUE,0.00123801605738975,0.00102574179317546,0.00101676277103196,4.44089209850063e-16,4.44089209850063e-16,1.33226762955019e-15,0.0126718023031392,0.438964108250108,0.00232794172052527,0.000123686074331886,0.113449624034721,3.93001025855449,0.0208418744745494,0.0108637629769746,0,0.0399999999999636,2.85000000000036,NA,NA,NA
1200,212,TRUE,TRUE,TRUE,0.000918747176741167,0.000784312068471002,0.000782432969224003,4.44089209850063e-16,2.22044604925031e-16,7.62279128707632e-12,0.00448835383605656,0.155481137727933,0.000831110961391307,1.66704341779678e-05,0.0476789280630539,1.65164651711262,0.00882873347066757,0.0023271986233766,0.0100000000002183,0.0299999999997453,2.82999999999993,NA,NA,NA
1200,213,TRUE,TRUE,TRUE,0.00104705883589527,0.00102464672908068,0.00102991265345535,4.44089209850063e-16,2.22044604925031e-16,4.61852778244065e-14,0.00643628343885351,0.222959398560168,0.00119201120010516,1.68052234634786e-05,0.0484400507360007,1.67801257991935,0.00897118400075622,0.00223505357532616,0.0199999999999818,0.0300000000002001,2.98999999999978,NA,NA,NA
1200,214,TRUE,TRUE,TRUE,0.00150041126358474,0.00130737727912346,0.00130713473381611,4.44089209850063e-16,4.44089209850063e-16,7.99360577730113e-15,0.00573980775074172,0.198832772999246,0.00109205800958466,2.92883903654229e-05,0.0602248645385735,2.08625050519525,0.0114584056734307,0.00382106484196854,0.0199999999999818,0.0299999999997453,2.73000000000002,NA,NA,NA
1200,215,TRUE,TRUE,TRUE,0.00155509610227502,0.00143027468497672,0.00142214709087419,2.22044604925031e-16,2.22044604925031e-16,4.67390570690895e-10,0.00828307794785114,0.286934236974631,0.00156322833506522,8.32730314250796e-05,0.0528348065732594,1.83025138785919,0.00997127725140339,0.00381109982777161,0,0.0499999999997272,2.48000000000002,NA,NA,NA
1200,216,TRUE,TRUE,TRUE,0.0017927624508288,0.00177761770128847,0.00178153553073835,2.22044604925031e-16,4.44089209850063e-16,4.44089209850063e-15,0.00474792129580813,0.164472818293559,0.000867621388920882,2.63087421750186e-05,0.0592535558421305,2.05260338495379,0.0108278232125792,0.00328841528742885,0.0100000000002183,0.0299999999997453,2.72000000000025,NA,NA,NA
1200,217,TRUE,TRUE,TRUE,0.00111834579208892,0.00104384404165169,0.00102703958495671,2.22044604925031e-16,4.44089209850063e-16,1.33226762955019e-15,0.0109593731858173,0.379643823538872,0.00207804927980142,0.00012087287171525,0.117117529783628,4.05707024084411,0.0222071093202617,0.0118303597099825,0.00999999999976353,0.0500000000001819,2.84000000000015,NA,NA,NA
1200,218,TRUE,TRUE,TRUE,0.000899499399112798,0.000834092951017219,0.000822077788911246,2.22044604925031e-16,4.44089209850063e-16,1.77635683940025e-14,0.00669037138744298,0.231761263291127,0.00124835943611452,3.31540679248121e-05,0.0412600735967212,1.42929087587104,0.00769873587375427,0.00243885278053924,0,0.0399999999999636,2.92000000000007,NA,NA,NA
1200,219,TRUE,TRUE,TRUE,0.00176942269840178,0.00172918532774425,0.00173494938053731,5.55111512312578e-16,3.33066907387547e-16,5.77315972805081e-15,0.00647232405585851,0.224207882155944,0.00116516807789749,4.87524103967019e-05,0.0796194163085867,2.75809748630901,0.014333337061457,0.00637220273092254,0,0.0499999999997272,2.80999999999995,NA,NA,NA
1200,220,TRUE,TRUE,TRUE,0.00112321729260869,0.00100177842672175,0.00100675243337479,4.44089209850063e-16,2.22044604925031e-16,1.11022302462516e-15,0.00657132366297095,0.227637329144906,0.001206390882058,4.55427843171208e-05,0.0566725358294421,1.96319422900723,0.0104041794308506,0.00349861676432184,0.0199999999999818,0.0300000000002001,2.60999999999967,NA,NA,NA
1200,221,TRUE,TRUE,TRUE,0.000726275566388546,0.000750862265893325,0.000733818141830014,2.22044604925031e-16,2.22044604925031e-16,4.44089209850063e-16,0.00759914785910214,0.263242203723863,0.00141798268349115,3.39053500653108e-05,0.0519398053582037,1.79924763631294,0.00969184255226947,0.00237160675509074,0,0.0300000000002001,2.86000000000013,NA,NA,NA
1200,222,TRUE,TRUE,TRUE,0.00128247576034141,0.00114101766015652,0.00112729728915591,2.22044604925031e-16,3.33066907387547e-16,1.32949207198862e-10,0.010056429747027,0.348364945291956,0.00183246417888053,7.90151526715022e-05,0.112906593134375,3.9111991163649,0.0205736322614243,0.0109693348174922,0,0.0500000000001819,2.86000000000013,NA,NA,NA
1200,223,TRUE,TRUE,TRUE,0.0010754128323039,0.00101912971189386,0.0010222293562223,4.44089209850063e-16,4.44089209850063e-16,4.9960036108132e-14,0.00287241827778332,0.099503487954204,0.000551646471415332,1.28987815664061e-05,0.0369602621012214,1.28034103640756,0.00709819956530115,0.00135961822749664,0,0.159999999999854,2.48000000000002,NA,NA,NA
1200,224,TRUE,TRUE,TRUE,0.00100594633660691,0.000966485355799741,0.000963059413766639,2.22044604925031e-16,3.33066907387547e-16,1.37667655053519e-13,0.00797854469125727,0.276384895514331,0.00149921158268596,6.27167130566875e-05,0.0879327658140278,3.04608036079904,0.0165230409939871,0.00636318234196764,0.0199999999999818,0.0300000000002001,2.41999999999962,NA,NA,NA
1200,225,TRUE,TRUE,TRUE,0.00125009514789493,0.00108410774237773,0.0010855574157485,4.44089209850063e-16,2.22044604925031e-16,1.50990331349021e-14,0.0110602184501312,0.383137205968757,0.00206620020526617,0.00010433182801961,0.109299205582131,3.78623554590332,0.0204185877546161,0.00973963932920441,0,0.0500000000001819,2.83999999999969,NA,NA,NA
1200,226,TRUE,TRUE,TRUE,0.000667339187410111,0.000670427178764335,0.000693111183023774,2.22044604925031e-16,4.44089209850063e-16,1.31006316905768e-14,0.0119338613130289,0.413401082492935,0.00223761415914147,0.000113456378500132,0.106325409370939,3.68322022332053,0.019936149352195,0.00934809172632356,0,0.0399999999999636,2.85000000000036,NA,NA,NA
1200,227,TRUE,TRUE,TRUE,0.000919582006009078,0.000778406619348817,0.000788163521630823,3.33066907387547e-16,3.33066907387547e-16,1.25233157177718e-13,0.00711309232484431,0.246404746111171,0.00133712557842913,4.82005117063977e-05,0.0705182544920269,2.44282399282526,0.0132560857530452,0.00502434484453929,0,0.0300000000002001,2.94000000000005,NA,NA,NA
1200,228,TRUE,TRUE,TRUE,0.000903831593715828,0.000958855399191669,0.000953266828678095,2.22044604925031e-16,0,1.04360964314765e-14,0.00548623494155327,0.190048753220599,0.00100876919913175,3.4631140469088e-05,0.0597170670268199,2.06865988338896,0.0109803423515229,0.00477923958701609,0,0.0299999999997453,2.82999999999993,NA,NA,NA
1200,229,TRUE,TRUE,TRUE,0.00108136986258746,0.000883745716811877,0.000882134099379463,4.44089209850063e-16,4.44089209850063e-16,8.43769498715119e-15,0.00705736508633053,0.244474297941744,0.00131541634581788,7.29648073587441e-05,0.0923113015313479,3.19775728730211,0.0172058258929034,0.00824132869495742,0,0.0399999999999636,2.82999999999993,NA,NA,NA
1200,230,TRUE,TRUE,TRUE,0.000916804159904682,0.000809466455094421,0.000815184106245645,3.33066907387547e-16,2.22044604925031e-16,7.19424519957101e-14,0.00961274785510738,0.332995353707895,0.00177107349841243,0.000101272009260356,0.0981901194876227,3.40140551507643,0.0180907604206098,0.00910041811314954,0,0.0500000000001819,2.80999999999995,NA,NA,NA
1200,231,TRUE,TRUE,TRUE,0.0013973770787565,0.00141868152819772,0.00141771698974621,4.44089209850063e-16,4.44089209850063e-16,1.31072930287246e-12,0.00763916352616722,0.264628387092973,0.00139477241977861,6.8270042415719e-05,0.0920922712644642,3.19016985628935,0.0168143749763256,0.00685546669751247,0.0199999999999818,0.0299999999997453,2.75,NA,NA,NA
1200,232,TRUE,TRUE,TRUE,0.000941992756645863,0.00101650810937071,0.00101219339058202,4.44089209850063e-16,2.22044604925031e-16,1.4210854715202e-14,0.00381810790996833,0.132263137776915,0.00070071641981138,1.89409912394467e-05,0.052996162175844,1.83584090989444,0.00972609520193175,0.00318301460845305,0,0.0499999999997272,2.95000000000027,NA,NA,NA
1200,233,TRUE,TRUE,TRUE,0.0010150487631422,0.000968925178722288,0.00097182965441826,2.22044604925031e-16,1.11022302462516e-16,5.77315972805081e-15,0.00489751356843404,0.169654846625714,0.00092732659000245,2.61140990716058e-05,0.066556912735638,2.30559908906106,0.0126023121867459,0.00398236933193985,0.0199999999999818,0.0300000000002001,2.7199999999998,NA,NA,NA
1200,234,TRUE,TRUE,TRUE,0.000826231419245614,0.000939656673111001,0.000952308308680023,4.44089209850063e-16,2.22044604925031e-16,1.33226762955019e-15,0.0047895600795815,0.165915228074776,0.000906757315092628,3.8445284840094e-05,0.0573784970796273,1.98764944407714,0.0108628707212123,0.0032767491363721,0.00999999999976353,0.0300000000002001,2.84999999999991,NA,NA,NA
1200,235,TRUE,TRUE,TRUE,0.00112630585554465,0.00092603129123023,0.000927612242407045,2.22044604925031e-16,4.44089209850063e-16,8.28226376370367e-14,0.0147759298357203,0.51185322409081,0.00281709740465961,0.000159173375216426,0.113018630558609,3.91508020658733,0.0215475096568986,0.011305365788715,0,0.0499999999997272,2.67000000000007,NA,NA,NA
1200,236,TRUE,TRUE,TRUE,0.00121083654098517,0.0010312067982063,0.00105612888410839,4.44089209850063e-16,2.22044604925031e-16,2.57571741713036e-14,0.0138692798884284,0.480445948623025,0.00260620564317358,8.94781609517281e-05,0.0913440182864984,3.16424961279432,0.0171646471802076,0.00762188843575018,0.00999999999976353,0.0399999999999636,2.93000000000029,NA,NA,NA
1200,237,TRUE,TRUE,TRUE,0.00073736074403865,0.000759150455667117,0.000757260514397433,2.22044604925031e-16,2.22044604925031e-16,8.88178419700125e-16,0.00796523928369988,0.275923982676234,0.00149425972405781,6.27305453164695e-05,0.0791927493994484,2.74331731101829,0.0148563692376649,0.00565310589589529,0.0199999999999818,0.0300000000002001,2.82999999999993,NA,NA,NA
1200,238,TRUE,TRUE,TRUE,0.000654556822320474,0.000750475311475315,0.000744705959741762,3.33066907387547e-16,4.44089209850063e-16,7.061018436616e-14,0.0124657320143142,0.431825624046603,0.00233518815237185,0.000162571334634265,0.126570295814568,4.38452366159707,0.0237102365820944,0.0132231963324614,0,0.0299999999997453,2.80999999999995,NA,NA,NA
1200,239,TRUE,TRUE,TRUE,0.00129963244940335,0.00090498089472278,0.000918881110518672,4.44089209850063e-16,2.22044604925031e-16,5.48938672295662e-12,0.0124501402450308,0.431285509315026,0.00231478183457058,8.12090662520859e-05,0.101196036072181,3.50553352003181,0.0188147877389517,0.0095404304246145,0,0.0499999999997272,2.84000000000015,NA,NA,NA
1200,240,TRUE,TRUE,TRUE,0.000964661129699551,0.000851371557545163,0.000833144874163303,1.11022302462516e-16,2.22044604925031e-16,6.03961325396085e-14,0.00975210037953836,0.337822666757444,0.00181991341889857,9.53858093843962e-05,0.0618530814798332,2.14265359455537,0.0115428726740304,0.00535298435656273,0,0.0299999999997453,2.80999999999995,NA,NA,NA
1200,241,TRUE,TRUE,TRUE,0.00138221533806778,0.00107147174936589,0.00109962196524939,4.44089209850063e-16,3.33066907387547e-16,3.06421554796543e-14,0.0140259319891757,0.485872536575157,0.00260844925330423,0.000141412338308555,0.116903425160153,4.04965343912422,0.0217409190564334,0.0109056102741114,0,0.0500000000001819,2.90999999999985,NA,NA,NA
1200,242,TRUE,TRUE,TRUE,0.000928207788736171,0.000974740434394759,0.000975370908740145,2.22044604925031e-16,4.44089209850063e-16,9.32587340685131e-15,0.0103081710842367,0.357085521020208,0.00196409062036193,0.000105077276941756,0.0746601671139753,2.58630405485977,0.0142255432845361,0.00637310986808615,0.0100000000002183,0.0399999999999636,2.67000000000007,NA,NA,NA
1200,243,TRUE,TRUE,TRUE,0.00207235495037682,0.00200022549584601,0.00200225836943418,4.44089209850063e-16,6.66133814775094e-16,2.28483898467857e-12,0.00507448657239415,0.175785371314254,0.000975895890598159,2.86281268451205e-05,0.0561796271280419,1.94611937072087,0.0108041407672355,0.00302164107457159,0,0.0500000000001819,2.90000000000009,NA,NA,NA
1200,244,TRUE,TRUE,TRUE,0.00163009973555451,0.00149203384456796,0.00151806867510474,4.44089209850063e-16,4.44089209850063e-16,1.53210777398272e-14,0.00674939438474355,0.233805879893918,0.00122157834326318,4.78189585955135e-05,0.0743267246501412,2.57475326908453,0.0134524539510589,0.00524908448523576,0,0.0300000000002001,2.71000000000004,NA,NA,NA
1200,245,TRUE,TRUE,TRUE,0.000907447577749062,0.000691937448274021,0.000697626301923336,8.88178419700125e-16,3.33066907387547e-16,1.65867319878998e-13,0.013338342618103,0.462053742066315,0.00250298088179602,0.00012783129956162,0.0982195762359424,3.40242592677074,0.0184312045788215,0.00812249607880489,0.0199999999999818,0.0300000000002001,3.01999999999998,NA,NA,NA
1200,246,TRUE,TRUE,TRUE,0.00120313549238209,0.00105766951544323,0.00105770222291033,4.44089209850063e-16,4.44089209850063e-16,1.02140518265514e-14,0.00535903242508536,0.185642328793138,0.000996549553815004,2.80429500492119e-05,0.0723738105939471,2.50710234172166,0.0134584161718598,0.00472684328322259,0,0.0399999999999636,2.79999999999973,NA,NA,NA
1200,247,TRUE,TRUE,TRUE,0.00235398665373224,0.00232624688911825,0.00233971801750202,3.33066907387547e-16,4.44089209850063e-16,4.15223411209809e-14,0.00533898504885409,0.184947867309318,0.000963224055382061,2.94759975290049e-05,0.0496491051425674,1.71989545314512,0.0089573602405533,0.00280209218171024,0.0100000000002183,0.0299999999997453,2.8100000000004,NA,NA,NA
1200,248,TRUE,TRUE,TRUE,0.000609850331482737,0.000566720259038329,0.000570992021283433,4.44089209850063e-16,2.22044604925031e-16,1.77635683940025e-15,0.00735623046612195,0.254827298390186,0.0013839030241447,4.79748879591568e-05,0.0822118922621306,2.84790348768778,0.0154662482158745,0.0058254510068636,0.0199999999999818,0.0300000000002001,2.60999999999967,NA,NA,NA
1200,249,TRUE,TRUE,TRUE,0.00101405649721955,0.001074462691604,0.00111597444349881,3.33066907387547e-16,4.44089209850063e-16,1.64979141459298e-13,0.0129080919002308,0.447149419999362,0.00246073536871821,0.000146661153092253,0.10836890231285,3.75400889532649,0.0206589163488703,0.0103356702533226,0,0.0500000000001819,2.55999999999995,NA,NA,NA
1200,250,TRUE,TRUE,TRUE,0.00161016514443076,0.00153546515825213,0.00153268035031217,2.22044604925031e-16,4.44089209850063e-16,1.33226762955019e-15,0.00446269465842498,0.154592277741166,0.000800786094975103,1.21966182433653e-05,0.0487280976120752,1.6879908164058,0.00874377164224608,0.00290941018160851,0.0199999999999818,0.0300000000002001,2.90000000000009,NA,NA,NA
1200,251,TRUE,TRUE,TRUE,0.00126508095730754,0.00115563615665399,0.00115178374672774,2.22044604925031e-16,2.22044604925031e-16,4.56523707725864e-13,0.0105814223405927,0.366551222205018,0.00195608859742175,6.79960097222931e-05,0.0862321086562572,2.98716786872875,0.0159409235398396,0.00631244363246353,0.0199999999999818,0.0300000000002001,2.84999999999991,NA,NA,NA
1200,252,TRUE,TRUE,TRUE,0.00101539415170655,0.000928186837565068,0.000919243952279093,3.33066907387547e-16,4.44089209850063e-16,1.82076576038526e-14,0.00286475042986915,0.0992378659107631,0.000527671347156988,1.03280009184914e-05,0.0469806757296073,1.62745834675196,0.00865358329092554,0.00262824364402903,0,0.0299999999997453,2.65000000000009,NA,NA,NA
1200,253,TRUE,TRUE,TRUE,0.000966499827857836,0.000943354475938271,0.000937107316963872,4.44089209850063e-16,2.22044604925031e-16,8.88178419700125e-16,0.00502469271968213,0.174060461658218,0.000916630756874505,2.49897284305689e-05,0.0607298147884393,2.10374249495649,0.0110786508150686,0.00386262214451705,0.0100000000002183,0.0299999999997453,2.75,NA,NA,NA
1200,254,TRUE,TRUE,TRUE,0.000875896574743631,0.000723649286485133,0.00072391886164553,2.22044604925031e-16,4.44089209850063e-16,6.86783963033122e-13,0.00856535552067524,0.296712618934002,0.00160733036971626,5.36014602730006e-05,0.084569068757421,2.92955847673278,0.0158697945723693,0.00621381958543665,0.0199999999999818,0.0299999999997453,2.86000000000013,NA,NA,NA
1200,255,TRUE,TRUE,TRUE,0.00119516284098983,0.00099779490898095,0.00101118380596957,5.55111512312578e-16,4.44089209850063e-16,6.66133814775094e-16,0.00572828695939097,0.198433681079988,0.00105641435405913,3.66202623176548e-05,0.0781351600305699,2.70668134060944,0.0144097363135204,0.00621733622212517,0,0.0299999999997453,2.80999999999995,NA,NA,NA
1200,256,TRUE,TRUE,TRUE,0.00139857037640234,0.00122866362461357,0.00122449650402709,2.22044604925031e-16,2.22044604925031e-16,4.30322444344711e-13,0.00591985518350819,0.205069799025723,0.00109285113142666,3.59857453027246e-05,0.0713161907604994,2.47046531598918,0.0131655213422745,0.00493067142422632,0,0.0299999999997453,2.7800000000002,NA,NA,NA
1200,257,TRUE,TRUE,TRUE,0.00166031999623199,0.00108919717992519,0.00104905516242307,2.22044604925031e-16,4.44089209850063e-16,1.15463194561016e-14,0.0202350149903674,0.700961481104684,0.00379251752823084,0.000513463882764853,0.155102477908426,5.37290744234446,0.0290698507720286,0.0222105589046144,0,0.0399999999999636,2.74000000000024,NA,NA,NA
1200,258,TRUE,TRUE,TRUE,0.00118168676149664,0.00112303883205394,0.00112082950564918,2.22044604925031e-16,2.22044604925031e-16,1.738609256563e-13,0.00726935578770714,0.251817871252073,0.00134519080086592,6.16694681774277e-05,0.0738124800791705,2.55693931459578,0.0136589640253276,0.00554232803572319,0.0100000000002183,0.0299999999997453,2.66000000000031,NA,NA,NA
1200,259,TRUE,TRUE,TRUE,0.00109386057263938,0.00102277665235463,0.00100596829966194,2.22044604925031e-16,4.44089209850063e-16,7.105427357601e-15,0.00574558694834,0.19903297027659,0.00107127153118694,2.93469449026418e-05,0.0794290784228662,2.75150398853554,0.0148096462951301,0.0054135038383869,0,0.0500000000001819,2.92000000000007,NA,NA,NA
1200,260,TRUE,TRUE,TRUE,0.00212624902307199,0.00165781632649153,0.00165842186411498,2.22044604925031e-16,2.22044604925031e-16,9.48129486033622e-09,0.0090597443482529,0.31383875029518,0.00163233943071045,8.92263261818016e-05,0.110308362068513,3.82119375204737,0.0198748090475911,0.0114876284355852,0,0.0300000000002001,2.82999999999993,NA,NA,NA
1200,261,TRUE,TRUE,TRUE,0.00161418444820169,0.00169676222664939,0.00169814591801374,2.22044604925031e-16,3.33066907387547e-16,2.07389660999979e-13,0.00344318143033353,0.119275303540307,0.000619158596211351,1.52711984178211e-05,0.040482899665962,1.40236878118319,0.00727970216931438,0.00214610667409332,0,0.0300000000002001,2.7199999999998,NA,NA,NA
1200,262,TRUE,TRUE,TRUE,0.00104399114699801,0.00106997020805379,0.00105321671505335,2.22044604925031e-16,4.44089209850063e-16,1.11022302462516e-15,0.00893639003698841,0.309565631606325,0.00163750492744349,6.9605685247609e-05,0.0564797182736895,1.95651483294413,0.0103493487404847,0.004169732977374,0,0.0300000000002001,2.82999999999993,NA,NA,NA
1200,263,TRUE,TRUE,TRUE,0.00178262431901565,0.00142712164556792,0.00141827432332424,2.22044604925031e-16,4.44089209850063e-16,4.44089209850063e-16,0.00600376399003016,0.207976485347694,0.00112057667762115,3.52882866394566e-05,0.0655646289491863,2.27122537038784,0.0122373554655625,0.00396425085281038,0,0.0300000000002001,2.82999999999993,NA,NA,NA
1200,264,TRUE,TRUE,TRUE,0.00170705349064764,0.00165933629001919,0.00168793067679528,5.55111512312578e-16,4.44089209850063e-16,7.66053886991358e-14,0.00967456437063752,0.335136740620796,0.00186188224637788,5.92430004680011e-05,0.0873080569744036,3.02443981179571,0.016802546866064,0.0068986710677521,0,0.0399999999999636,2.85999999999967,NA,NA,NA
1200,265,TRUE,TRUE,TRUE,0.00143651142097998,0.00132120097232218,0.00131690365094285,2.22044604925031e-16,2.22044604925031e-16,1.74971148680925e-13,0.0129803761604104,0.449653420223732,0.00241549447174823,0.000147473042776625,0.0984229197804858,3.40946995378155,0.0183153412262566,0.0080911359069411,0,0.0500000000001819,2.82999999999993,NA,NA,NA
1200,266,TRUE,TRUE,TRUE,0.00181332614836189,0.00174032720927629,0.00165509798235605,2.22044604925031e-16,2.22044604925031e-16,4.08681977148717e-11,0.0194613947763624,0.674162490776304,0.00367753887510058,0.000242128566444677,0.119297078100691,4.13257200929817,0.0225430729627901,0.0124864681922361,0.0199999999999818,0.0300000000002001,2.84000000000015,NA,NA,NA
1200,267,TRUE,TRUE,TRUE,0.00157253676693764,0.00141019671303148,0.00140545111319777,4.44089209850063e-16,2.22044604925031e-16,2.22044604925031e-16,0.00740199579334682,0.256412655829756,0.00134885447517188,3.67813229651404e-05,0.0777613551803854,2.69373236075674,0.0141703339016716,0.0058489603638705,0,0.0300000000002001,2.63999999999987,NA,NA,NA
1200,268,TRUE,TRUE,TRUE,0.00138072550612228,0.00131620651561786,0.00131772582468127,2.22044604925031e-16,2.22044604925031e-16,2.64233079860787e-14,0.00651856857467217,0.225809839279081,0.00118663686905897,3.40911826697265e-05,0.0561421731976093,1.94482192851182,0.0102200923196897,0.00372169648836262,0,0.0299999999997453,2.92000000000007,NA,NA,NA
1200,269,TRUE,TRUE,TRUE,0.000879717004390389,0.000743899600427926,0.000757304006429864,1.11022302462516e-16,2.22044604925031e-16,5.59730040095019e-12,0.00535848445042885,0.185623346394211,0.00101130939949721,3.06568425045839e-05,0.0393399980650598,1.3627775083669,0.00742465713718978,0.00192852241126218,0,0.0499999999997272,2.67000000000007,NA,NA,NA
1200,270,TRUE,TRUE,TRUE,0.00123482201943805,0.000963010159874429,0.000964647454229153,4.44089209850063e-16,2.22044604925031e-16,2.66453525910038e-15,0.0127567858801725,0.441908025714721,0.002352418202223,0.000161996489087102,0.10676023952951,3.69828318186669,0.0196871479306753,0.0108304472205063,0,0.0499999999997272,2.84000000000015,NA,NA,NA
1200,271,TRUE,TRUE,TRUE,0.00234696888764207,0.00225686248162411,0.00227839182699604,4.44089209850063e-16,4.44089209850063e-16,3.66515706673454e-11,0.00677471238298314,0.234682921079856,0.00131833437260873,4.79510200541711e-05,0.0592357540666031,2.05198671336023,0.0115270621479894,0.00386199011487776,0,0.0300000000002001,2.55999999999995,NA,NA,NA
1200,272,TRUE,TRUE,TRUE,0.00120142904596741,0.00117199747167059,0.00117843576522766,4.44089209850063e-16,4.44089209850063e-16,8.21565038222616e-15,0.00583974316941079,0.202294637451456,0.00109697411897691,2.55773303408091e-05,0.0624285710899289,2.16258913943365,0.0117269757904904,0.00366147958050789,0,0.0299999999997453,2.82999999999993,NA,NA,NA
1200,273,TRUE,TRUE,TRUE,0.00117662601435769,0.00105162864328919,0.00105789749797684,4.44089209850063e-16,2.22044604925031e-16,1.48769885299771e-14,0.00507433324802045,0.175780060002149,0.000951542919687152,3.2034344272347e-05,0.070399967356893,2.43872640626658,0.0132014566664085,0.00533092494117682,0.0199999999999818,0.0300000000002001,2.83999999999969,NA,NA,NA
1200,274,TRUE,TRUE,TRUE,0.00146648512105953,0.00149160582718996,0.00143923400921948,4.44089209850063e-16,4.44089209850063e-16,3.95239396766556e-14,0.0153554884617853,0.531929723816996,0.0027978008261783,0.000156273013431019,0.115529799700207,4.00206965738028,0.0210497614487395,0.00991876131323366,0,0.0499999999997272,2.8100000000004,NA,NA,NA
1200,275,TRUE,TRUE,TRUE,0.00166876484528442,0.00171672211170633,0.00171662083753001,4.44089209850063e-16,4.44089209850063e-16,6.5187868436567e-09,0.00559997260871669,0.193988741585827,0.00103977352075946,3.57346806687531e-05,0.0617407385813829,2.13876192239566,0.0114636962740012,0.00369204290242209,0,0.0500000000001819,2.82999999999993,NA,NA,NA
1200,276,TRUE,TRUE,TRUE,0.00129701185769936,0.0011059901709154,0.00111137552149094,2.22044604925031e-16,2.22044604925031e-16,4.44089209850063e-16,0.00594903284120042,0.206080542737099,0.00111628752493561,3.52932417122531e-05,0.0694122334817624,2.40451030114492,0.0130246398670031,0.00431654615952226,0.0100000000002183,0.0399999999999636,2.76000000000022,NA,NA,NA
1200,277,TRUE,TRUE,TRUE,0.000957505306673777,0.000664341616746494,0.000695043222061124,2.22044604925031e-16,2.22044604925031e-16,8.21565038222616e-14,0.0117877754188718,0.408340518673949,0.00218595773665805,0.000167843636027953,0.120040105564135,4.15831123566028,0.0222605697973406,0.012727901033351,0.00999999999976353,0.0300000000002001,2.71000000000004,NA,NA,NA
1200,278,TRUE,TRUE,TRUE,0.00138389620229996,0.0012715155109487,0.00127342692063655,4.44089209850063e-16,4.44089209850063e-16,8.88178419700125e-16,0.00766427831652228,0.265498388951301,0.00144733229584106,6.50122453720314e-05,0.0760181246813324,2.63334508488347,0.0143553616370352,0.00543400158262486,0,0.0399999999999636,2.78999999999996,NA,NA,NA
1200,279,TRUE,TRUE,TRUE,0.00137566071304949,0.00108444501196835,0.0010861986779552,4.44089209850063e-16,2.22044604925031e-16,1.86517468137026e-14,0.0160207361889933,0.554974581079876,0.00299055568429325,0.000281887634020705,0.133791573063797,4.63467604342119,0.0249745794835171,0.0165653765786331,0,0.0399999999999636,2.84999999999991,NA,NA,NA
1200,280,TRUE,TRUE,TRUE,0.00135052637338463,0.00125374036740088,0.00126555034583646,4.44089209850063e-16,4.44089209850063e-16,2.73114864057789e-14,0.00529312550539992,0.183359246123827,0.000980777975193522,5.89851920587137e-05,0.0562766674620771,1.94948094649952,0.0104276605396541,0.00360426575819162,0.00999999999976353,0.0399999999999636,2.5300000000002,NA,NA,NA
1200,281,TRUE,TRUE,TRUE,0.00112635007884511,0.000986821865670914,0.000986278021519526,2.22044604925031e-16,4.44089209850063e-16,6.21724893790088e-15,0.00737086695203306,0.255334321135032,0.00138468179221098,5.47198405485005e-05,0.0674704411656847,2.33724464216105,0.0126749121918144,0.00478789031720339,0,0.0500000000001819,2.61999999999989,NA,NA,NA
1200,282,TRUE,TRUE,TRUE,0.00154468671290354,0.00140243272172431,0.00139147197535247,2.22044604925031e-16,4.44089209850063e-16,1.51769707912308e-11,0.00786918495443011,0.272596563104591,0.00145171934831848,6.07264560024134e-05,0.0848152731720764,2.9380872478374,0.0156468520958455,0.00706982771746922,0.0199999999999818,0.0299999999997453,2.70000000000027,NA,NA,NA
1200,283,TRUE,TRUE,TRUE,0.00196618059239806,0.0018788797257459,0.0018713668440118,4.44089209850063e-16,4.44089209850063e-16,1.4388490399142e-13,0.0049069957073048,0.169983317551486,0.000958459749492044,2.29269641884855e-05,0.0489491550910909,1.69564847210676,0.00956100182778088,0.00195876420740504,0,0.0500000000001819,2.48000000000002,NA,NA,NA
1200,284,TRUE,TRUE,TRUE,0.00139890162527055,0.00141692032038699,0.00142069762384122,4.44089209850063e-16,2.22044604925031e-16,2.90367729860463e-12,0.00412794478748834,0.142996202055378,0.000760425060256252,2.38512048369444e-05,0.0461883838004878,1.60001254923872,0.00850854513390799,0.00281516891681477,0,0.0300000000002001,2.69000000000005,NA,NA,NA
1200,285,TRUE,TRUE,TRUE,0.00109465257825479,0.00109352991958513,0.00109289748852273,4.44089209850063e-16,4.44089209850063e-16,1.33226762955019e-15,0.00417425846840902,0.144600555024181,0.000782680417129713,3.24557779656232e-05,0.0429593836967996,1.48815670449406,0.00805495601336393,0.00265723535983753,0,0.0299999999997453,2.86999999999989,NA,NA,NA
1200,286,TRUE,TRUE,TRUE,0.000753152408086472,0.000632900740614604,0.00063258032471755,4.44089209850063e-16,4.44089209850063e-16,7.16249282106673e-12,0.00924733538624477,0.32033709447211,0.00173722634067531,6.20416278884761e-05,0.0861105641285292,2.98295744278061,0.0161769346483322,0.00711972286195106,0,0.0399999999999636,2.87999999999965,NA,NA,NA
1200,287,TRUE,TRUE,TRUE,0.00158470445169432,0.00124052574242826,0.00124741982289229,2.22044604925031e-16,4.44089209850063e-16,2.22044604925031e-15,0.00864800382265897,0.299575640097904,0.00159222576586831,7.30638595882738e-05,0.0940829281385893,3.25912823321777,0.0173220624530829,0.00851860126202908,0,0.0399999999999636,2.80000000000018,NA,NA,NA
1200,288,TRUE,TRUE,TRUE,0.000630490660350424,0.000614791410105702,0.000616025443524185,4.44089209850063e-16,2.22044604925031e-16,1.19904086659517e-14,0.00524913105324472,0.181835233596148,0.000994191629824637,2.23018857958834e-05,0.0478328185659639,1.65697744050947,0.00905959241002489,0.00211479563180106,0,0.0500000000001819,2.58999999999969,NA,NA,NA
1200,289,TRUE,TRUE,TRUE,0.000682374997441431,0.000629512711491372,0.000622870574011853,2.22044604925031e-16,2.22044604925031e-16,1.77635683940025e-15,0.0057863390398993,0.200444664138498,0.00108237193787365,3.347544737764e-05,0.0718701331708485,2.48965444397302,0.0134437707121846,0.00490091519813518,0,0.0500000000001819,2.77999999999975,NA,NA,NA
1200,290,TRUE,TRUE,TRUE,0.000860684941693859,0.000734302735806198,0.000734893314037097,5.55111512312578e-16,4.44089209850063e-16,1.90958360235527e-12,0.0067357939634328,0.233334747479627,0.0012419454560457,4.89397042926498e-05,0.080270237532501,2.78064259483828,0.0148002235965651,0.00636145469864857,0,0.0299999999997453,2.86000000000013,NA,NA,NA
1200,291,TRUE,TRUE,TRUE,0.00107691369041874,0.000888810103745944,0.000918416423035154,4.44089209850063e-16,2.22044604925031e-16,2.77688982919244e-12,0.00834079483074841,0.288933608447282,0.00157405690487717,3.609503817259e-05,0.0726161901134871,2.51549861457281,0.0137039715966436,0.00556381602682876,0.0199999999999818,0.0299999999997453,2.95000000000027,NA,NA,NA
1200,292,TRUE,TRUE,TRUE,0.00104408160674906,0.000812737904459128,0.000805604761690295,4.44089209850063e-16,4.44089209850063e-16,1.77784453825325e-11,0.00961460636126938,0.33305973424987,0.00181901366913593,6.97496031065725e-05,0.0908405964302633,3.14681056814152,0.0171863808470359,0.00765705335713207,0,0.0300000000002001,2.81999999999971,NA,NA,NA
1200,293,TRUE,TRUE,TRUE,0.00170865695920191,0.00150069106710564,0.0014949764735941,0,4.44089209850063e-16,3.77475828372553e-15,0.00800583012535976,0.277330090677772,0.00148663081265556,5.62754232085183e-05,0.0833084914869665,2.8858907991469,0.0154698474063378,0.00573878265288741,0,0.0399999999999636,2.63999999999987,NA,NA,NA
1200,294,TRUE,TRUE,TRUE,0.00139825618220247,0.00131851703732207,0.00132752998266313,4.44089209850063e-16,4.44089209850063e-16,6.94260693379078e-09,0.009069003320163,0.314159490490663,0.00172277200817507,4.25485225612476e-05,0.0817807797054256,2.8329693106479,0.0155352945753147,0.00567312879781312,0,0.0300000000002001,2.80999999999995,NA,NA,NA
1200,295,TRUE,TRUE,TRUE,0.000533535999064305,0.000497166361020363,0.000491764739538162,4.44089209850063e-16,4.44089209850063e-16,4.77395900588817e-14,0.00284026511691514,0.0983896697892517,0.00053157942798884,1.01997211316984e-05,0.0355584736555506,1.23178166022026,0.00665506644904464,0.00141936742825877,0.0199999999999818,0.0299999999997453,2.61000000000013,NA,NA,NA
1200,296,TRUE,TRUE,TRUE,0.0012590306490532,0.00126855648914822,0.0012627722309198,2.22044604925031e-16,4.44089209850063e-16,8.57092175010621e-14,0.0213337214465142,0.73902178919769,0.0040452918371319,0.000279177691201227,0.128432221888103,4.44902267278307,0.0243532672033432,0.0134487487662689,0,0.0300000000002001,2.94999999999982,NA,NA,NA
1200,297,TRUE,TRUE,TRUE,0.000830760736329713,0.00075649414681493,0.000763419682367077,4.44089209850063e-16,1.11022302462516e-16,6.66133814775094e-16,0.00456145699002158,0.158013505265151,0.000862350305981997,1.65918710735014e-05,0.0452423263195789,1.56724015676242,0.0085531298509167,0.00269036863446104,0.0199999999999818,0.0300000000002001,2.51999999999998,NA,NA,NA
1200,298,TRUE,TRUE,TRUE,0.00143000797908119,0.00116088324473668,0.00115325266143589,4.44089209850063e-16,2.22044604925031e-16,1.08801856413265e-13,0.0107767096404379,0.373316172713114,0.00199869000263077,0.000119450488924144,0.0871880884349588,3.02028397968314,0.0161702380891427,0.00751619258048919,0.0100000000002183,0.0299999999997453,2.82000000000016,NA,NA,NA
1200,299,TRUE,TRUE,TRUE,0.000855384723322146,0.000742648447174808,0.000747142844636102,6.66133814775094e-16,2.22044604925031e-16,3.77475828372553e-15,0.00779057135593852,0.269873308169526,0.00144730256974937,7.56964960118012e-05,0.0667370223751989,2.31183826999411,0.0123981489377438,0.00488510029421008,0.0100000000002183,0.0399999999999636,2.59000000000015,NA,NA,NA
1200,300,TRUE,TRUE,TRUE,0.000700920530606233,0.000690162584827178,0.000678550151710845,4.44089209850063e-16,2.22044604925031e-16,2.04281036531029e-14,0.0103856346506194,0.359768937674411,0.00193363816338047,8.0998639958807e-05,0.091000884494974,3.15236310958004,0.0169429013325022,0.00769367052663483,0.0199999999999818,0.0300000000002001,2.86999999999989,NA,NA,NA
1200,301,TRUE,TRUE,TRUE,0.00103833023180986,0.000917859916839819,0.000911269842212205,3.33066907387547e-16,2.22044604925031e-16,8.88178419700125e-16,0.00928308717311783,0.321575572698621,0.00177004542170676,6.46805617137147e-05,0.0809601992827398,2.80454357097213,0.0154370229869069,0.00570941459537266,0,0.0299999999997453,2.66000000000031,NA,NA,NA
1200,302,TRUE,TRUE,TRUE,0.00113096547436356,0.0011487548690592,0.00115103779622773,4.44089209850063e-16,4.44089209850063e-16,5.32907051820075e-15,0.0050874984554065,0.176236116163845,0.000963975060572634,3.44594616379368e-05,0.0717801959983729,2.48653892892868,0.0136008530306116,0.00544598455356748,0.0100000000002183,0.0299999999997453,2.84999999999991,NA,NA,NA
1200,303,TRUE,TRUE,TRUE,0.00115395222178605,0.00113953469138448,0.00114124372785245,6.66133814775094e-16,1.11022302462516e-16,8.88178419700125e-16,0.00756603977758839,0.262095306137404,0.00140345242559698,5.79100646334041e-05,0.0708179141451816,2.45320450771011,0.0131362742338705,0.00572928172133658,0,0.0500000000001819,2.83999999999969,NA,NA,NA
1200,304,TRUE,TRUE,TRUE,0.000936335432124347,0.000874297438676818,0.000879529188159251,4.44089209850063e-16,4.44089209850063e-16,8.88178419700125e-16,0.00417973694444502,0.14479033500103,0.000784298049930405,1.8396251618924e-05,0.0605571194630935,2.09776015340192,0.0113631147930084,0.00303776651983867,0.0100000000002183,0.0299999999997453,2.74000000000024,NA,NA,NA
1200,305,TRUE,TRUE,TRUE,0.000932066261540024,0.000663631901680969,0.000671753531509391,2.22044604925031e-16,2.22044604925031e-16,1.48769885299771e-14,0.0120122387266998,0.416116155745811,0.00222258686942129,0.000147332303836123,0.116147389428538,4.02346359313431,0.0214903873070421,0.0113805168730181,0,0.0500000000001819,2.90000000000009,NA,NA,NA
1200,306,TRUE,TRUE,TRUE,0.00074783274253472,0.00069848095222951,0.000692063416628167,0,4.44089209850063e-16,1.18105525359624e-12,0.00522570167012049,0.181023615956924,0.000976730203349614,3.75023166974131e-05,0.059604167228422,2.06474891964917,0.0111405499304285,0.00371573854471663,0,0.0300000000002001,2.80999999999995,NA,NA,NA
1200,307,TRUE,TRUE,TRUE,0.0011004287806147,0.000974555250301735,0.000971161372980659,4.44089209850063e-16,3.33066907387547e-16,2.04281036531029e-14,0.00995000363533096,0.344678236637765,0.00190963804717322,8.0420147618554e-05,0.069745118303393,2.41604176962757,0.0133857168698739,0.00573496103359261,0,0.0499999999997272,2.84000000000015,NA,NA,NA
1200,308,TRUE,TRUE,TRUE,0.000936240612768981,0.000874991082190128,0.000874509383729923,2.22044604925031e-16,3.33066907387547e-16,2.20530260719443e-11,0.00470192228414116,0.162879365787456,0.000887320889151543,2.1917262678528e-05,0.0484251955227511,1.67749798023724,0.00913853631598963,0.00223442846662891,0.0100000000002183,0.0299999999997453,2.75,NA,NA,NA
1200,309,TRUE,TRUE,TRUE,0.00139071767148583,0.00117350190300298,0.00117785923097322,2.22044604925031e-16,1.11022302462516e-16,9.05941988094128e-14,0.0056630873836219,0.196175101522709,0.0010611231188452,4.10572694633515e-05,0.0690394042557964,2.39159511790653,0.0129362842217475,0.00449032452905485,0.0199999999999818,0.0299999999997453,2.97000000000025,NA,NA,NA
1200,310,TRUE,TRUE,TRUE,0.000806897658961323,0.000765539492595115,0.000768394321223227,2.22044604925031e-16,4.44089209850063e-16,2.8190783041282e-12,0.00350563241279102,0.121438669032287,0.000664576994697211,1.81101572422904e-05,0.0543216341814591,1.88175660704915,0.0102979731302215,0.00248996646517696,0,0.0500000000001819,2.67999999999984,NA,NA,NA
1200,311,TRUE,TRUE,TRUE,0.000838415453575206,0.000713714263818814,0.000711417362285674,2.22044604925031e-16,4.44089209850063e-16,2.66453525910038e-15,0.00741688593867426,0.25692846559454,0.00139918723246916,5.67528886996627e-05,0.0740822980165231,2.56628608212154,0.0139755426190661,0.00538638496978194,0,0.0399999999999636,2.76999999999998,NA,NA,NA
1200,312,TRUE,TRUE,TRUE,0.000823821835168762,0.000849691152499899,0.000850754078328485,0,4.44089209850063e-16,4.44089209850063e-16,0.00249610671086059,0.0864676728864835,0.000460773766359675,7.90400923378343e-06,0.0424170157567424,1.46936852792255,0.0078300531074785,0.00193715468982703,0,0.0300000000002001,2.82999999999993,NA,NA,NA
1200,313,TRUE,TRUE,TRUE,0.00105856633814244,0.00101987282869765,0.00100136829975994,2.22044604925031e-16,2.22044604925031e-16,4.00945943113129e-12,0.00895014917541481,0.310042262142783,0.00167972610594136,7.22399251742445e-05,0.0841196503911422,2.91399016784779,0.0157872198569376,0.00704740639212886,0,0.0300000000002001,2.69000000000005,NA,NA,NA
1200,314,TRUE,TRUE,TRUE,0.00101026528367808,0.000954576490977718,0.000951984449185279,2.22044604925031e-16,2.22044604925031e-16,2.22044604925031e-16,0.00401269310710861,0.139003766733871,0.000728055150425206,1.70811403776838e-05,0.0451079000015533,1.56258349250853,0.00818428871692609,0.00191123493730672,0,0.0300000000002001,2.86000000000013,NA,NA,NA
1200,315,TRUE,TRUE,TRUE,0.000830371153718359,0.000720650630170343,0.000728719157283831,2.22044604925031e-16,4.44089209850063e-16,1.99840144432528e-15,0.00720199193317773,0.2494843188793,0.0013549748345308,6.65610839902797e-05,0.0541255036169336,1.87496244499564,0.0101831126704542,0.00397916965355449,0.0100000000002183,0.0299999999997453,2.57000000000016,NA,NA,NA
1200,316,TRUE,TRUE,TRUE,0.00127010172812063,0.00118686088272652,0.00119916060903166,2.22044604925031e-16,2.22044604925031e-16,2.90878432451791e-14,0.0101886885074667,0.352946523148508,0.00190144718543049,5.68823015392184e-05,0.0962831435414622,3.33534593052519,0.0179686828346108,0.00807338579172878,0,0.0500000000001819,2.84000000000015,NA,NA,NA
1200,317,TRUE,TRUE,TRUE,0.000913465658758356,0.000881548006330267,0.000883444199153863,2.22044604925031e-16,2.22044604925031e-16,5.62661028880029e-13,0.0038544264965675,0.133521250521892,0.000738904131565515,1.10017484900027e-05,0.0482768263088095,1.67235831990072,0.00925480002024093,0.00195867936204408,0,0.0300000000002001,2.84999999999991,NA,NA,NA
1200,318,TRUE,TRUE,TRUE,0.00132801201751473,0.000944308367375728,0.000971949813764743,2.22044604925031e-16,4.44089209850063e-16,5.94679860910219e-12,0.00954821584710788,0.330759899376503,0.0018036413527528,5.37031276302002e-05,0.0790311896586229,2.73772071742694,0.0149288541553779,0.00567012574589043,0.00999999999976353,0.0300000000002001,2.94000000000005,NA,NA,NA
1200,319,TRUE,TRUE,TRUE,0.000963691486629811,0.000899914198576851,0.000901493404832502,3.33066907387547e-16,4.44089209850063e-16,1.12798659301916e-13,0.00730182330044568,0.252942578885244,0.00139792996131648,3.61116543317053e-05,0.0590728702334196,2.04634425186412,0.0113094677592674,0.00401677257734079,0.0199999999999818,0.0300000000002001,2.82999999999993,NA,NA,NA
1200,320,TRUE,TRUE,TRUE,0.000795425015552749,0.000719045101661439,0.000712843887002546,2.22044604925031e-16,4.44089209850063e-16,1.99840144432528e-14,0.0030025438059401,0.10401116847679,0.000557123715002417,7.87649607758567e-06,0.0370793166356124,1.28446520645629,0.00688008834139735,0.00166876616115985,0.0100000000002183,0.0399999999999636,2.80999999999995,NA,NA,NA
1200,321,TRUE,TRUE,TRUE,0.00115964336639379,0.00124266964179972,0.00124186826855636,4.44089209850063e-16,4.44089209850063e-16,3.10862446895044e-15,0.00463514421885615,0.16056610574936,0.000846114756805635,2.2538531723626e-05,0.0687939728810696,2.38309312569056,0.0125578823194252,0.00451857775216169,0.00999999999976353,0.0399999999999636,2.73000000000002,NA,NA,NA
1200,322,TRUE,TRUE,TRUE,0.000767209831840973,0.000483485148425105,0.000477834472580473,4.44089209850063e-16,4.44089209850063e-16,5.44120304368789e-12,0.00755013460398183,0.261544334761609,0.00140974059437678,8.66601392175426e-05,0.0935191017855406,3.23959671541523,0.0174616322823174,0.00869704189591047,0,0.0499999999997272,2.86000000000013,NA,NA,NA
1200,323,TRUE,TRUE,TRUE,0.000992428496368611,0.00097723742724953,0.00097092309939698,4.44089209850063e-16,2.22044604925031e-16,7.54951656745106e-15,0.00387392980529987,0.134196864954696,0.000731525922636176,1.86541243287763e-05,0.042525360270522,1.4731216919743,0.00803019284571712,0.0018373709282713,0.0199999999999818,0.0299999999997453,2.94000000000005,NA,NA,NA
1200,324,TRUE,TRUE,TRUE,0.00124222321985091,0.00107213675987325,0.00106546791192393,2.22044604925031e-16,2.22044604925031e-16,2.18203233259828e-12,0.00619027686850004,0.214437480983209,0.00113697286110832,5.46179032241412e-05,0.0738870339552091,2.55952193661978,0.0135708877291651,0.00625237927124545,0,0.0399999999999636,2.82000000000016,NA,NA,NA
1200,325,TRUE,TRUE,TRUE,0.00080288630589044,0.000702878997555404,0.000703575879896898,2.22044604925031e-16,4.44089209850063e-16,3.94826393801395e-10,0.00864334845255892,0.299414373347078,0.00160432155419395,6.2607611621246e-05,0.0822382854485186,2.84881777448373,0.0152645302511149,0.00657682299663875,0,0.0300000000002001,2.83999999999969,NA,NA,NA
1200,326,TRUE,TRUE,TRUE,0.000957011225025415,0.000754057529887149,0.000755432150997742,2.22044604925031e-16,4.44089209850063e-16,2.8332891588434e-13,0.00602692605697137,0.208778842882704,0.00113167904920981,3.04269148259095e-05,0.0665643179136959,2.30585561195377,0.0124988166929204,0.00395988868919517,0.0199999999999818,0.0299999999997453,2.65000000000009,NA,NA,NA
1200,327,TRUE,TRUE,TRUE,0.00149444303251687,0.00137793991744298,0.00137476980487379,4.44089209850063e-16,3.33066907387547e-16,2.1538326677728e-14,0.0040265613368084,0.139484176302892,0.000737512810102748,2.16175687022258e-05,0.0564363348568597,1.95501198730103,0.0103369889169933,0.00301651014456183,0,0.0399999999999636,2.82000000000016,NA,NA,NA
1200,328,TRUE,TRUE,TRUE,0.00206555084486669,0.00211726637624151,0.00210185066162602,5.55111512312578e-16,4.44089209850063e-16,2.1538326677728e-14,0.00652295060412141,0.225961637232008,0.00116875865942522,3.76605267788932e-05,0.0542169717888728,1.87813099541712,0.00971440060055349,0.00398758304338642,0,0.0399999999999636,2.94000000000005,NA,NA,NA
1200,329,TRUE,TRUE,TRUE,0.00111146177852328,0.00117972692421323,0.00119445040975139,4.44089209850063e-16,4.44089209850063e-16,3.99680288865056e-15,0.00591214819599294,0.204802821146729,0.00111292111269635,3.39655378986947e-05,0.072703597313005,2.51852648878306,0.0136859506453944,0.00451228997629727,0,0.0500000000001819,2.80999999999995,NA,NA,NA
1200,330,TRUE,TRUE,TRUE,0.00105494433623468,0.00090297262462475,0.000905407832283328,4.44089209850063e-16,2.22044604925031e-16,1.57651669496772e-14,0.0119190134294991,0.412886736719763,0.00218645020248792,0.000121770570608248,0.088781273919504,3.07547354378541,0.0162862333771692,0.00705749202524686,0,0.0500000000001819,2.7199999999998,NA,NA,NA
1200,331,TRUE,TRUE,TRUE,0.00131669645874446,0.00114141919327059,0.00116493969016135,2.22044604925031e-16,4.44089209850063e-16,8.88178419700125e-16,0.0125197829309486,0.43369800272273,0.0023281190049882,0.0001236611885993,0.115987284476894,4.01791739491849,0.0215684411476589,0.00998529989907126,0.0199999999999818,0.0300000000002001,2.81999999999971,NA,NA,NA
1200,332,TRUE,TRUE,TRUE,0.00181369985580423,0.00167466153172531,0.00167354071055842,2.22044604925031e-16,2.22044604925031e-16,6.66133814775094e-16,0.00555569451436634,0.192454903404284,0.00104704202492964,4.25016073073436e-05,0.0773469870886205,2.67937822899729,0.0145770336677183,0.00610179155712132,0.0100000000002183,0.0299999999997453,2.83000000000038,NA,NA,NA
1200,333,TRUE,TRUE,TRUE,0.000637231652423085,0.000558359492759893,0.000552785998654112,3.33066907387547e-16,5.55111512312578e-16,4.21884749357559e-14,0.0141891658465617,0.491527123265318,0.00267685323800182,0.000183268328211028,0.082296117370544,2.85082113102868,0.0155255517230916,0.00678037786841656,0.0199999999999818,0.0300000000002001,2.50999999999976,NA,NA,NA
1200,334,TRUE,TRUE,TRUE,0.00103292082805266,0.0009772624170749,0.000975225313949627,2.22044604925031e-16,4.44089209850063e-16,8.03801469828613e-14,0.00659254969407564,0.228372620431233,0.0012376759980996,3.98318836900557e-05,0.0648318436341501,2.24584094245418,0.0121714390489376,0.00421773142213766,0,0.0300000000002001,2.83000000000038,NA,NA,NA
1200,335,TRUE,TRUE,TRUE,0.0011108837709558,0.000983891652411257,0.000962101681809054,2.22044604925031e-16,3.33066907387547e-16,1.79856129989275e-14,0.0109128790789932,0.378033220433433,0.00202455193444128,0.000103856860341978,0.0972529396676218,3.36894065379503,0.018042317312321,0.0089742971310045,0,0.0500000000001819,2.82999999999993,NA,NA,NA
1200,336,TRUE,TRUE,TRUE,0.0014335212856023,0.000987030985164845,0.00100365171282877,4.44089209850063e-16,2.22044604925031e-16,8.88178419700125e-16,0.0121306490885524,0.420218011003237,0.00230422159209483,0.00017131458094255,0.12454566356773,4.31438834323377,0.0236574980530402,0.014338596035973,0,0.0500000000001819,2.76000000000022,NA,NA,NA
1200,337,TRUE,TRUE,TRUE,0.000885823522593571,0.000808592071212023,0.000808379746566617,2.22044604925031e-16,4.44089209850063e-16,2.44249065417534e-15,0.00624374857972906,0.216289795395535,0.00116603286616404,5.03933144244684e-05,0.0762217402848962,2.6403985362952,0.0142345664873433,0.0055145312177558,0.0199999999999818,0.0300000000002001,2.85999999999967,NA,NA,NA
1200,338,TRUE,TRUE,TRUE,0.00154532411344702,0.00128300393076306,0.00126832438422269,2.22044604925031e-16,2.22044604925031e-16,2.22044604925031e-16,0.0104568698626982,0.362236597806582,0.00194080071514981,0.000146259645745772,0.110430356909578,3.82541977730708,0.0204959341063326,0.0114901893674997,0.0199999999999818,0.0300000000002001,2.58999999999969,NA,NA,NA
1200,339,TRUE,TRUE,TRUE,0.00143748081056709,0.00129574467754285,0.0012989147340172,2.22044604925031e-16,4.44089209850063e-16,5.32907051820075e-15,0.00545378509006658,0.188924657391138,0.000984763377856604,4.47595153900693e-05,0.0588893285567362,2.03998618167768,0.0106333588785639,0.00419180324738377,0,0.0299999999997453,2.76000000000022,NA,NA,NA
1200,340,TRUE,TRUE,TRUE,0.000754898546017745,0.000756012153981559,0.000757151693785101,4.44089209850063e-16,1.11022302462516e-16,3.62820884447501e-13,0.00335454233850478,0.116204755328624,0.000637891052189423,1.09675542283583e-05,0.0528900119175165,1.83216375708124,0.0100574271980761,0.00267882798359409,0,0.0399999999999636,2.84999999999991,NA,NA,NA
1200,341,TRUE,TRUE,TRUE,0.000684818812275185,0.000653779205548943,0.000655994992998489,1.11022302462516e-16,4.44089209850063e-16,1.33226762955019e-15,0.00373749387413444,0.129470585659566,0.000694223521819888,2.30717972584671e-05,0.0493579379590935,1.70980912603965,0.00916802613560536,0.00272114914663035,0.00999999999976353,0.0300000000002001,2.82000000000016,NA,NA,NA
1200,342,TRUE,TRUE,TRUE,0.00101862554753848,0.00093380892737967,0.000956667968492154,2.22044604925031e-16,4.44089209850063e-16,1.77635683940025e-15,0.0119265555970729,0.413148005068503,0.0021927243624839,0.000136122375504755,0.112214534442793,3.88722550005212,0.0206308972858761,0.010168026147273,0.0100000000002183,0.0299999999997453,2.65000000000009,NA,NA,NA
1200,343,TRUE,TRUE,TRUE,0.00135225786349301,0.00118423709940373,0.00118816114252423,3.33066907387547e-16,5.55111512312578e-16,2.66453525910038e-15,0.00980933606770215,0.33980536915556,0.00184852879814666,9.74432727538499e-05,0.0994568206226714,3.44528532955462,0.0187422263672307,0.00825512546217766,0.00999999999976353,0.0300000000002001,2.77999999999975,NA,NA,NA
1200,344,TRUE,TRUE,TRUE,0.000921117529274177,0.000931781297952375,0.000937656364577402,2.22044604925031e-16,4.44089209850063e-16,3.10862446895044e-15,0.00594758747290945,0.206030473710787,0.00109103959850345,2.68016229831858e-05,0.0530062222955843,1.83618940266485,0.00972358754788834,0.00255554754279785,0.0199999999999818,0.0300000000002001,2.75,NA,NA,NA
1200,345,TRUE,TRUE,TRUE,0.00146820041173506,0.00140845625592353,0.00140576099892255,4.44089209850063e-16,4.44089209850063e-16,5.28466159721575e-14,0.0107260208367858,0.37156026104711,0.00204451328477535,7.94064698403929e-05,0.10748037417325,3.72322937769165,0.0204870991949037,0.0105080683859597,0.0100000000002183,0.0399999999999636,2.84999999999991,NA,NA,NA
1200,346,TRUE,TRUE,TRUE,0.000873859985439392,0.000839304110994726,0.000838316285189202,2.22044604925031e-16,4.44089209850063e-16,5.77315972805081e-15,0.00582993590222576,0.201954903750498,0.00110189177772076,3.91293456587505e-05,0.0571982570011998,1.98140574460921,0.010810803093996,0.00314231226078121,0,0.0399999999999636,2.91000000000031,NA,NA,NA
1200,347,TRUE,TRUE,TRUE,0.000926475653006671,0.000884526490900119,0.000884840458728085,6.66133814775094e-16,2.22044604925031e-16,4.44089209850063e-16,0.00982575886696921,0.340374271610222,0.0018675462833363,9.31489769371296e-05,0.0673426258051807,2.33281698819344,0.0127995681794464,0.00448422175697871,0.0199999999999818,0.0300000000002001,2.48000000000002,NA,NA,NA
1200,348,TRUE,TRUE,TRUE,0.00124795458703341,0.00110698079404714,0.00111601791084919,2.22044604925031e-16,3.33066907387547e-16,8.91375862011046e-12,0.00760794763745375,0.26354703698787,0.00143315623438473,4.1679311578946e-05,0.077522672788171,2.68546416015299,0.0146034261941528,0.00533439943246705,0.00999999999976353,0.0300000000002001,2.63999999999987,NA,NA,NA
1200,349,TRUE,TRUE,TRUE,0.00112838332237349,0.00110618090331962,0.00117235484366126,4.44089209850063e-16,2.22044604925031e-16,1.93711713336597e-12,0.0163843166630867,0.567569378155271,0.0031260625154733,0.00014099195396966,0.107138988284869,3.71140342361841,0.0204416932430044,0.0082055910267691,0.0100000000002183,0.0299999999997453,2.83000000000038,NA,NA,NA
1200,350,TRUE,TRUE,TRUE,0.00115640340001111,0.00108888643106075,0.00110398965995548,2.22044604925031e-16,2.22044604925031e-16,1.43396405860585e-12,0.00479644083849616,0.166153584555472,0.000878960844335502,1.63120305600728e-05,0.0526242923160995,1.82295896007682,0.00964354486257344,0.00257960660831458,0.0199999999999818,0.0300000000002001,2.94999999999982,NA,NA,NA
1200,351,TRUE,TRUE,TRUE,0.000882213944761542,0.000863897508143386,0.000863170953072968,4.44089209850063e-16,4.44089209850063e-16,1.56319401867222e-13,0.00500870275815022,0.173506553142531,0.000921155882433813,2.2167075734103e-05,0.0529390661247961,1.83386304466791,0.00973608028387338,0.00310028838505261,0,0.0499999999997272,2.70000000000027,NA,NA,NA
1200,352,TRUE,TRUE,TRUE,0.00205090583762513,0.00211250285098648,0.00210529422925801,2.22044604925031e-16,4.44089209850063e-16,2.1316282072803e-14,0.00956594582228776,0.331374083733073,0.00186360450485099,7.67938403569701e-05,0.0843060943945286,2.92044877758043,0.0164242219450979,0.00563047884217127,0,0.0500000000001819,2.61000000000013,NA,NA,NA
1200,353,TRUE,TRUE,TRUE,0.00111354031574821,0.000837856963833067,0.000868391473279621,4.44089209850063e-16,0,2.42028619368284e-14,0.00986065193815805,0.341583003052845,0.00184096580106247,0.00012842248860423,0.0960461903532697,3.3271376313059,0.0179316492328939,0.00949698714207869,0,0.0500000000001819,2.82999999999993,NA,NA,NA
1200,354,TRUE,TRUE,TRUE,0.00145088456918277,0.00137478020981998,0.00137533547073437,4.44089209850063e-16,4.44089209850063e-16,1.33226762955019e-15,0.00319557111937389,0.110697830759107,0.000585180513766579,1.27260197615442e-05,0.0492454478070037,1.70591235286424,0.00901794244967827,0.00229703933406,0,0.0399999999999636,2.84000000000015,NA,NA,NA
1200,355,TRUE,TRUE,TRUE,0.00271761944305956,0.00218802523808694,0.00219578442668402,4.44089209850063e-16,4.44089209850063e-16,1.59872115546023e-14,0.0141682648908705,0.490803092921641,0.00253961802587179,0.000264621988502967,0.143194343873985,4.96039757892462,0.0256671469446893,0.0173441269074068,0,0.0300000000002001,2.94000000000005,NA,NA,NA
1200,356,TRUE,TRUE,TRUE,0.00069500531358708,0.000569636735323856,0.000578729874183404,2.22044604925031e-16,2.22044604925031e-16,4.2632564145606e-14,0.00617359054545207,0.213859449796997,0.00115689701680751,4.55566989572276e-05,0.0581628759941602,2.01482112672427,0.0108994040390577,0.00399611901922015,0.0199999999999818,0.0300000000002001,2.65000000000009,NA,NA,NA
1200,357,TRUE,TRUE,TRUE,0.00065992309311062,0.00056392751551552,0.000576508953288368,2.22044604925031e-16,2.22044604925031e-16,1.33226762955019e-15,0.00546917315197989,0.189457715492416,0.00102298636825954,2.84081767460975e-05,0.0514038796400024,1.78068262485279,0.00961488449645087,0.00308464857352675,0,0.0500000000001819,2.7199999999998,NA,NA,NA
1200,358,TRUE,TRUE,TRUE,0.00146392741947743,0.00120644657503585,0.00122236000960698,4.44089209850063e-16,2.22044604925031e-16,6.66133814775094e-16,0.00738891784674872,0.255959622470424,0.0013518287283047,7.28223954986618e-05,0.0937211816492322,3.24659696723724,0.0171466226085927,0.00849305188926053,0.0199999999999818,0.0299999999997453,2.75,NA,NA,NA
1200,359,TRUE,TRUE,TRUE,0.000868982729701719,0.000888392915039248,0.000886221970464526,3.33066907387547e-16,3.33066907387547e-16,1.33226762955019e-15,0.00354814999568057,0.122911521307881,0.000665191224399802,1.44353871291969e-05,0.0579801221283721,2.00849034710778,0.01086985287442,0.00321490356460785,0.0199999999999818,0.0300000000002001,2.7199999999998,NA,NA,NA
1200,360,TRUE,TRUE,TRUE,0.000977675286839854,0.000864759046476827,0.000875009431326087,2.22044604925031e-16,4.44089209850063e-16,5.50670620214078e-14,0.00556503867244001,0.192778594535035,0.00103300331327935,4.02793700544635e-05,0.0814598130198464,2.82185069850869,0.0151208754694462,0.00586661272887312,0,0.0399999999999636,2.90999999999985,NA,NA,NA
1200,361,TRUE,TRUE,TRUE,0.000831674608133528,0.000871519075927057,0.000867358684564078,4.44089209850063e-16,2.22044604925031e-16,1.77635683940025e-15,0.00271134336218648,0.0939236892014321,0.000502105743003549,8.64781109299884e-06,0.046993746422205,1.62791112882534,0.0087026343815095,0.00226076656979757,0,0.0499999999997272,2.67000000000007,NA,NA,NA
1200,362,TRUE,TRUE,TRUE,0.00123269505679645,0.00113997951728985,0.00112506073375851,2.22044604925031e-16,2.22044604925031e-16,4.44089209850063e-16,0.00649559650130792,0.225014063314639,0.00124645797848403,3.38812475177974e-05,0.0585633453750443,2.02869379301561,0.0112378823214683,0.00292388207230587,0,0.0499999999997272,2.58000000000038,NA,NA,NA
1200,363,TRUE,TRUE,TRUE,0.000759762595425268,0.000806285593121021,0.000803932848577823,4.44089209850063e-16,2.22044604925031e-16,2.66453525910038e-15,0.00419743090860912,0.14540327189942,0.000780731497603436,1.80841399988196e-05,0.0444098170005693,1.53840118799644,0.00826032487253927,0.0021654294093878,0.0100000000002183,0.0299999999997453,2.85000000000036,NA,NA,NA
1200,364,TRUE,TRUE,TRUE,0.000713838449451164,0.000637855365117348,0.000637645552687069,2.22044604925031e-16,4.44089209850063e-16,4.88498130835069e-14,0.00648785611968802,0.224745928629927,0.00120368386296739,3.70252059305187e-05,0.0484679848421891,1.678980245743,0.00899220484376225,0.00289240088539344,0.0100000000002183,0.0399999999999636,2.92999999999938,NA,NA,NA
1200,365,TRUE,TRUE,TRUE,0.00149058017327923,0.00143669195894029,0.00141911182967799,4.44089209850063e-16,2.22044604925031e-16,7.54951656745106e-15,0.0106831423062488,0.37007490517823,0.00196526268083472,9.35572255968964e-05,0.0866119281353317,3.00032520143798,0.0159330639993388,0.00725764019466979,0.0199999999995271,0.0299999999997453,2.8100000000004,NA,NA,NA
1200,366,TRUE,TRUE,TRUE,0.000941089332996609,0.000812472195682316,0.000812543446401196,4.44089209850063e-16,2.22044604925031e-16,4.77395900588817e-14,0.0065762464319192,0.227807858863552,0.00121081714087979,2.91707726596258e-05,0.0744334948520427,2.57845189737309,0.0137046797676252,0.0040767161789006,0.0100000000002183,0.0299999999997453,2.77000000000044,NA,NA,NA
1200,367,TRUE,TRUE,TRUE,0.00112449903484956,0.000952126956729191,0.00101207097236703,2.22044604925031e-16,4.44089209850063e-16,1.65423230669148e-13,0.0155348187734986,0.538141908041488,0.00289474631863375,0.000112574841917734,0.114493017816332,3.96615447939553,0.0213345418871891,0.00972932909447621,0,0.0500000000001819,2.72999999999956,NA,NA,NA
1200,368,TRUE,TRUE,TRUE,0.00123516336249013,0.00115568845714344,0.00116582948753731,4.44089209850063e-16,3.33066907387547e-16,2.81397127821492e-12,0.00588988884609866,0.204031734647522,0.00109503563801504,3.96601964247623e-05,0.0698926823579804,2.4211535384259,0.0129942992165546,0.0052336650528737,0,0.0500000000001819,2.69999999999982,NA,NA,NA
1200,369,TRUE,TRUE,TRUE,0.00141614026955533,0.00117656911933665,0.0011939776724875,4.44089209850063e-16,4.44089209850063e-16,1.02615693720054e-11,0.02062168514328,0.714356128116986,0.00394363627122429,0.000318503501326006,0.136440955572418,4.72645334569353,0.0260926057951783,0.0141588429153821,0.0199999999995271,0.0299999999997453,2.94000000000051,NA,NA,NA
1200,370,TRUE,TRUE,TRUE,0.000945148488248651,0.000840138364737954,0.000839738539617234,3.33066907387547e-16,2.22044604925031e-16,1.31006316905768e-14,0.00552364674472272,0.191344736098444,0.0010306150680654,3.8854474517791e-05,0.0558901968134234,1.93609321051747,0.0104281250512783,0.00387909320586033,0.0100000000002183,0.0399999999999636,2.5600000000004,NA,NA,NA
1200,371,TRUE,TRUE,TRUE,0.000805982492858039,0.000722835263031606,0.000727664708664046,2.22044604925031e-16,4.44089209850063e-16,1.59477764327676e-10,0.00594744203477963,0.206025435586183,0.00110649236927537,4.37463320110965e-05,0.0873162023614724,3.02472197628072,0.0162447504426418,0.00569075243566175,0.0100000000002183,0.0399999999999636,2.81999999999971,NA,NA,NA
1200,372,TRUE,TRUE,TRUE,0.000577876362601282,0.000544820933450994,0.000551820807749101,2.22044604925031e-16,2.22044604925031e-16,7.03881397612349e-14,0.00924948246308804,0.320411471395716,0.00173784165583675,7.42304895275936e-05,0.0621942364324122,2.15447154877778,0.0116853818855851,0.00422362323971015,0,0.0399999999999636,2.85000000000036,NA,NA,NA
1200,373,TRUE,TRUE,TRUE,0.000699329233459012,0.000673496558543912,0.000681295799785114,5.55111512312578e-16,4.44089209850063e-16,4.13002965160558e-14,0.00935428656045939,0.324041991825488,0.00174473950427495,0.000181017469511602,0.0712967021079385,2.46979020926105,0.0132980930066926,0.00678195205390253,0,0.0399999999999636,2.9399999999996,NA,NA,NA
1200,374,TRUE,TRUE,TRUE,0.000967378229225137,0.00092756550269949,0.000930367364607075,2.22044604925031e-16,4.44089209850063e-16,1.75415237890775e-14,0.00429035279515238,0.148622180471981,0.000796242704085884,1.96156557379368e-05,0.0684617583111113,2.37158487540691,0.0127057559522159,0.00551132295856505,0,0.0299999999997453,2.70000000000073,NA,NA,NA
1200,375,TRUE,TRUE,TRUE,0.000883091898527791,0.000733403160070045,0.000730632540481248,4.44089209850063e-16,3.33066907387547e-16,2.3232749057911e-11,0.0120011041592204,0.415730443013919,0.00225061640039082,0.000115970484401373,0.101874491822568,3.52903591663896,0.0191049422649328,0.00912197614667321,0,0.0500000000001819,2.82999999999993,NA,NA,NA
1200,376,TRUE,TRUE,TRUE,0.00114460041849668,0.000857468721504775,0.000877101036973563,4.44089209850063e-16,2.22044604925031e-16,4.44089209850063e-16,0.00913757227739145,0.316534788845497,0.00171429716299295,0.000100336481068553,0.0860929963283472,2.98234887633076,0.0161518809240414,0.00905072102470683,0.0200000000004366,0.0299999999997453,2.82999999999993,NA,NA,NA
1200,377,TRUE,TRUE,TRUE,0.00101806807186949,0.000951053418816563,0.000955110786948178,4.44089209850063e-16,3.33066907387547e-16,1.99840144432528e-15,0.00256462910364836,0.0888413582017759,0.000476566809192506,7.7241430389563e-06,0.0364111475965075,1.26131915198081,0.00676602492127225,0.00184804366904956,0.0100000000002183,0.0299999999997453,2.82999999999993,NA,NA,NA
1200,378,TRUE,TRUE,TRUE,0.000937778452919287,0.000842143772121609,0.00083715381437037,2.22044604925031e-16,2.22044604925031e-16,1.73194791841524e-14,0.00904758531569218,0.313417549051859,0.00166276342990124,9.69715049414788e-05,0.0778802716841175,2.69785174928319,0.0143128208409955,0.00755153176544709,0,0.0299999999997453,2.92000000000007,NA,NA,NA
1200,379,TRUE,TRUE,TRUE,0.00143387273136204,0.00134638618200436,0.00135573540912872,1.11022302462516e-16,2.22044604925031e-16,1.47517775772599e-10,0.0085146952667149,0.294957696258329,0.00161792887493308,5.58286504137584e-05,0.0852937973015743,2.95466380993616,0.0162071915886837,0.00692254474991927,0.0199999999995271,0.0299999999997453,2.69000000000051,NA,NA,NA
1200,380,TRUE,TRUE,TRUE,0.000920811386722265,0.000879239696060826,0.000877210954822504,4.44089209850063e-16,2.22044604925031e-16,3.12638803734444e-13,0.00404941868231787,0.140275977977864,0.00076326542628331,2.0323928104915e-05,0.0599300652934496,2.0760383597835,0.0112960773933133,0.00366347313950754,0.0100000000002183,0.0399999999999636,2.59000000000015,NA,NA,NA
1200,381,TRUE,TRUE,TRUE,0.00104625365735805,0.000972960613044447,0.0010111659113391,0,4.44089209850063e-16,1.11022302462516e-15,0.0120435223414393,0.417199851949276,0.00224685806481264,8.09210795402748e-05,0.0905043840516931,3.13516382970518,0.016884637188554,0.00718032913765754,0.0200000000004366,0.0299999999997453,2.72999999999956,NA,NA,NA
1200,382,TRUE,TRUE,TRUE,0.00177671673436633,0.00154310593049162,0.00157766522540618,2.22044604925031e-16,2.22044604925031e-16,1.11022302462516e-15,0.00977092047952107,0.338474614144915,0.00181326953285108,5.15640971521236e-05,0.072248956841136,2.50277728085397,0.0134078291287789,0.00509168819673178,0,0.0499999999992724,2.84000000000015,NA,NA,NA
1200,383,TRUE,TRUE,TRUE,0.000864104552253331,0.000790183397577623,0.00078793029201158,3.33066907387547e-16,2.22044604925031e-16,6.43929354282591e-15,0.0107032467561856,0.370771343753204,0.0020196915855872,0.000140209572585093,0.0852959407309657,2.95473806050833,0.0160952557390605,0.00787160499062978,0,0.0499999999992724,2.69000000000051,NA,NA,NA
1200,384,TRUE,TRUE,TRUE,0.0012578095747064,0.00113978818380532,0.00114139259953033,2.22044604925031e-16,4.44089209850063e-16,8.01581023779363e-14,0.00798605484196641,0.276645054766345,0.00147887285199497,4.55484155530428e-05,0.0628846079722698,2.17838672044044,0.0116450915225167,0.00383139441660418,0.0200000000004366,0.0299999999997453,2.72000000000025,NA,NA,NA
1200,385,TRUE,TRUE,TRUE,0.00126918348265631,0.0010405289745497,0.00104279334680634,4.44089209850063e-16,2.22044604925031e-16,1.57651669496772e-14,0.00874871089460504,0.303064235403746,0.00162503351407408,8.8247705377853e-05,0.107253903717257,3.71538421096779,0.0199219279452124,0.00944194617035166,0,0.0299999999997453,2.60999999999967,NA,NA,NA
1200,386,TRUE,TRUE,TRUE,0.00123078039783357,0.00118770493657869,0.00118490502731428,4.44089209850063e-16,4.44089209850063e-16,1.33226762955019e-14,0.00657992268112741,0.22793520787175,0.00120574544782566,3.61414974818786e-05,0.0534720861168499,1.85232739882165,0.00979855350064488,0.00284268818313649,0.0199999999995271,0.0299999999997453,2.67000000000007,NA,NA,NA
1200,387,TRUE,TRUE,TRUE,0.00117067369263644,0.00115837122100009,0.00115343309965185,2.22044604925031e-16,5.55111512312578e-16,3.77475828372553e-14,0.00437345361309398,0.151500877248489,0.0008073816122699,2.78796493056177e-05,0.0637430516609164,2.2081240821239,0.0117675805836627,0.00414301712143228,0,0.0399999999999636,2.74000000000069,NA,NA,NA
1200,388,TRUE,TRUE,TRUE,0.00129349456873424,0.00119496946081987,0.00119594539649701,4.44089209850063e-16,2.22044604925031e-16,6.03517236186235e-13,0.00633182278852739,0.219340775485038,0.00116127368578234,4.74267149748187e-05,0.0671954197326395,2.32771762025696,0.0123238244888976,0.00470636132764213,0.0100000000002183,0.0299999999997453,2.80000000000018,NA,NA,NA
1200,389,TRUE,TRUE,TRUE,0.00112655686882544,0.000915730846016294,0.000911592838841372,2.22044604925031e-16,2.22044604925031e-16,1.46549439250521e-14,0.00675169040057434,0.233885416215396,0.00126441735462072,3.7656556536092e-05,0.0722327614532047,2.50221625615907,0.013527331932436,0.00478048571527268,0,0.0299999999997453,2.85999999999967,NA,NA,NA
1200,390,TRUE,TRUE,TRUE,0.000756785912765782,0.000723737023147962,0.000724123434463965,4.44089209850063e-16,4.44089209850063e-16,8.24229573481716e-13,0.00511038170373809,0.177028815138896,0.00097263072343636,2.82393380075519e-05,0.062155350035027,2.15312448445789,0.0118296844687331,0.00355972630971735,0,0.0300000000006548,2.73999999999978,NA,NA,NA
1200,391,TRUE,TRUE,TRUE,0.00120746786056935,0.00121569518348656,0.00121303959587127,4.44089209850063e-16,2.22044604925031e-16,8.43769498715119e-15,0.00647131169659127,0.224172813002217,0.00120186974672754,5.93931826635696e-05,0.0664476548432597,2.30181428464652,0.0123408405963777,0.00472357038534099,0,0.0300000000006548,2.75,NA,NA,NA
1200,392,TRUE,TRUE,TRUE,0.00167852869860339,0.00154183479025578,0.00154914419978053,2.22044604925031e-16,3.33066907387547e-16,1.50990331349021e-14,0.00377417112520926,0.130741122906437,0.000695671115820247,2.03585864042566e-05,0.0585603590150514,2.02859034247086,0.0107940919866415,0.00312204989926101,0.0100000000002183,0.0399999999999636,2.92999999999938,NA,NA,NA
1200,393,TRUE,TRUE,TRUE,0.00105434498437321,0.0010635778306714,0.00106601819852286,2.22044604925031e-16,4.44089209850063e-16,5.86006798641847e-11,0.00368187591413503,0.12754392300892,0.000691793621340002,2.2281191181861e-05,0.0452445150205795,1.56731597558914,0.00850106511512134,0.00275352065278867,0.0199999999995271,0.0299999999997453,2.80000000000018,NA,NA,NA
1200,394,TRUE,TRUE,TRUE,0.002701596562386,0.00262217310410788,0.00261978289682948,4.44089209850063e-16,4.44089209850063e-16,3.10862446895044e-15,0.00399840907860908,0.138508953471912,0.000718584823783992,1.49095624202289e-05,0.06330173635558,2.19283647150389,0.0113764415221163,0.00394131181933233,0,0.0300000000006548,2.78000000000065,NA,NA,NA
1200,395,TRUE,TRUE,TRUE,0.00115484932640598,0.00104695874282937,0.00105891667107823,2.22044604925031e-16,4.44089209850063e-16,8.36789859626208e-09,0.00562381745798547,0.194814751394474,0.00104509487394072,1.87006276419766e-05,0.0638594583553489,2.21215652830586,0.0118672401937656,0.00369243832752986,0.0100000000002183,0.0399999999999636,2.75,NA,NA,NA
1200,396,TRUE,TRUE,TRUE,0.00119138689184773,0.00115600914374065,0.00114306502284083,2.22044604925031e-16,4.44089209850063e-16,1.11022302462516e-14,0.00788313107508002,0.273079670895273,0.00146030651617981,3.93225060832947e-05,0.0518943700336943,1.79767371050277,0.00961314558790092,0.00289503432876259,0,0.0299999999997453,2.76000000000022,NA,NA,NA
1200,397,TRUE,TRUE,TRUE,0.0011179074847457,0.001120807342822,0.00113461810292373,4.44089209850063e-16,5.55111512312578e-16,8.88178419700125e-16,0.0119533101666433,0.414074810545116,0.0022217257213394,9.86527155966144e-05,0.0948980029703055,3.28736325362783,0.0176384056937826,0.0082926951957063,0.0100000000002183,0.0299999999997453,2.77999999999975,NA,NA,NA
1200,398,TRUE,TRUE,TRUE,0.000663429288178327,0.000557098747003328,0.000561328975133235,2.22044604925031e-16,2.22044604925031e-16,6.3504757008559e-14,0.00475340267916365,0.164662698982909,0.000884086040157363,4.59574961020337e-05,0.0653246871257995,2.26291354180851,0.012149747846679,0.00470212678669313,0,0.0399999999999636,2.80999999999949,NA,NA,NA
1200,399,TRUE,TRUE,TRUE,0.00105041326004681,0.00107960805432184,0.0010803877407591,4.44089209850063e-16,4.44089209850063e-16,9.76996261670138e-15,0.00783670695083593,0.27147149205752,0.00143800242747833,6.27491855276219e-05,0.071132860174387,2.46411455819462,0.0130525775999999,0.00575163831972247,0,0.0300000000006548,2.82000000000062,NA,NA,NA
1200,400,TRUE,TRUE,TRUE,0.000812005377493994,0.000745497649659181,0.000731035113042141,1.11022302462516e-16,4.44089209850063e-16,4.44089209850063e-15,0.00974489138555322,0.337572939880369,0.00180474040385409,9.65607585428074e-05,0.0913139294622153,3.16320730534635,0.0169112134158268,0.00754199175290537,0.0200000000004366,0.0399999999999636,2.84999999999945,NA,NA,NA
1200,401,TRUE,TRUE,TRUE,0.000922272362886919,0.000828291636574243,0.000820667307980872,4.44089209850063e-16,2.22044604925031e-16,6.98010538258131e-11,0.00616149129221245,0.213440319370104,0.00115795037191947,4.38524607382362e-05,0.0642742612308642,2.22652572141623,0.0120792842458768,0.00519634157150151,0.00999999999930878,0.0300000000006548,2.92999999999938,NA,NA,NA
1200,402,TRUE,TRUE,TRUE,0.000817495312695297,0.000773841968958833,0.000773969359706272,2.22044604925031e-16,4.44089209850063e-16,2.66453525910038e-14,0.00277135575381078,0.0960025794289722,0.000521759031755923,1.34265921438725e-05,0.0454766233547021,1.57535644414035,0.00856181633716674,0.00222209665782813,0,0.0399999999999636,2.65999999999985,NA,NA,NA
1200,403,TRUE,TRUE,TRUE,0.000723408318460712,0.000628248951085295,0.000638556330861877,2.22044604925031e-16,3.33066907387547e-16,1.11022302462516e-14,0.0054428027224137,0.188544217015895,0.00101334339964718,4.04622467833349e-05,0.0693977381792889,2.40400816913782,0.0129205013521488,0.00554591579636821,0,0.0500000000001819,2.60999999999967,NA,NA,NA
1200,404,TRUE,TRUE,TRUE,0.00181115907454738,0.00154955983834662,0.00156615051893202,4.44089209850063e-16,4.44089209850063e-16,7.105427357601e-15,0.0165722921440262,0.574081039826559,0.00312586532223285,0.000153957260266679,0.122037611420792,4.22750686830321,0.023018731158797,0.0124092385760264,0,0.0500000000001819,2.84000000000015,NA,NA,NA
1200,405,TRUE,TRUE,TRUE,0.000850842314573078,0.000820123886107497,0.000813459822949497,4.44089209850063e-16,4.44089209850063e-16,2.04281036531029e-14,0.00718663458357047,0.248952324683513,0.00134157669001162,2.85382477258622e-05,0.052726943618956,1.82651490551703,0.00984288788753256,0.00268488449865956,0,0.0500000000001819,2.94000000000051,NA,NA,NA
1200,406,TRUE,TRUE,TRUE,0.00115658445563857,0.00093579870948789,0.000918399666257833,4.44089209850063e-16,4.44089209850063e-16,4.44089209850063e-15,0.0110978083451232,0.384439358128306,0.00203521569100872,8.15829744098551e-05,0.0982159839023687,3.40230148468539,0.0180117285620453,0.00873177742825959,0.0100000000002183,0.0299999999997453,2.82999999999993,NA,NA,NA
1200,407,TRUE,TRUE,TRUE,0.00179251572650104,0.0017726976067155,0.00178216729809756,4.44089209850063e-16,2.22044604925031e-16,4.44089209850063e-15,0.00861068816012689,0.298282987629431,0.00155818190225867,8.96024777112814e-05,0.0866659123391771,3.0021952691153,0.0156829806907852,0.00745925279197479,0,0.0500000000001819,2.69000000000051,NA,NA,NA
1200,408,TRUE,TRUE,TRUE,0.000934394196985114,0.00089106623422657,0.000894597738954588,4.44089209850063e-16,2.22044604925031e-16,5.00339769615721e-11,0.00522473853736079,0.18099025205944,0.000972701621322156,3.38046503003397e-05,0.0517755885089954,1.79355899778719,0.0096391807030115,0.00357382010014362,0,0.0500000000001819,2.81999999999971,NA,NA,NA
1200,409,TRUE,TRUE,TRUE,0.00207509374170817,0.00201427723042731,0.00200696889509184,2.22044604925031e-16,4.44089209850063e-16,1.33226762955019e-15,0.00297993762543906,0.103228067412932,0.000536416735628736,1.38495846755404e-05,0.0376814527988066,1.30532381501083,0.00678301509787675,0.00185186958200134,0.0100000000002183,0.0299999999997453,2.6899999999996,NA,NA,NA
1200,410,TRUE,TRUE,TRUE,0.00139687777571398,0.00105580676187585,0.00107461533580835,4.44089209850063e-16,4.44089209850063e-16,1.13242748511766e-14,0.0127170781734941,0.44053251040634,0.00234173263356556,0.000116457525962232,0.0967698519932234,3.35220600586367,0.0178192755652125,0.00905970186186877,0,0.0500000000001819,2.89999999999964,NA,NA,NA
1200,411,TRUE,TRUE,TRUE,0.000968685400525296,0.000930703570738102,0.000933381005459507,4.44089209850063e-16,4.44089209850063e-16,2.66453525910038e-15,0.00411000070717611,0.142374600879461,0.000783151867888604,1.45251413954384e-05,0.0459290728388295,1.59102975402769,0.0087516868601307,0.00191098264465239,0.0100000000002183,0.0299999999997453,2.8100000000004,NA,NA,NA
1200,412,TRUE,TRUE,TRUE,0.000558400189573689,0.000557219890834786,0.000559323953310355,2.22044604925031e-16,2.22044604925031e-16,1.99840144432528e-15,0.00440111859351779,0.152459220282178,0.000827396092759451,1.31114021861833e-05,0.0310886660615551,1.07694298316311,0.00584456889353535,0.00139293825001374,0.00999999999930878,0.0300000000006548,2.84999999999945,NA,NA,NA
1200,413,TRUE,TRUE,TRUE,0.000964110191295434,0.000833031596960217,0.000840808119625335,4.44089209850063e-16,5.55111512312578e-16,5.10702591327572e-15,0.00669225387769591,0.231826474666383,0.00125419035053704,4.98782926534602e-05,0.0748863441664122,2.5941390577863,0.014034394384459,0.00523507829005254,0.00999999999930878,0.0300000000006548,2.79999999999927,NA,NA,NA
1200,414,TRUE,TRUE,TRUE,0.00133526401879925,0.00116501727500606,0.00115389815438258,2.22044604925031e-16,4.44089209850063e-16,1.33226762955019e-14,0.0135763819265189,0.470299665593812,0.00255674882938766,0.000115002457231839,0.11551584178452,4.00158614099753,0.0217543226801391,0.010729201903839,0.0199999999995271,0.0299999999997453,2.8700000000008,NA,NA,NA
1200,415,TRUE,TRUE,TRUE,0.000947762520789022,0.000835669171866609,0.000833928632774161,3.33066907387547e-16,4.44089209850063e-16,8.88178419700125e-15,0.0107680380059668,0.373015778483344,0.00200130354438869,8.96554486971013e-05,0.0957301713085835,3.31619041047478,0.0177920184752917,0.0079587590828929,0.00999999999930878,0.0300000000006548,2.81999999999971,NA,NA,NA
1200,416,TRUE,TRUE,TRUE,0.000911577471760257,0.000799103375903152,0.000792067620796663,4.44089209850063e-16,4.44089209850063e-16,5.32907051820075e-15,0.00555548686436853,0.192447710197356,0.00103980826042473,4.17751598433824e-05,0.059727437170999,2.06901911572097,0.0111790530804293,0.0043143552381224,0,0.0300000000006548,2.83999999999924,NA,NA,NA
1200,417,TRUE,TRUE,TRUE,0.0017912493090836,0.00175419085181989,0.00174967409903607,4.44089209850063e-16,4.44089209850063e-16,2.59814392222779e-12,0.00573685866472563,0.198730613662931,0.00109621696889686,4.7550848005784e-05,0.0670574329252683,2.32293761703414,0.01281354486129,0.00465636491024313,0.0199999999995271,0.0299999999997453,2.5600000000004,NA,NA,NA
1200,418,TRUE,TRUE,TRUE,0.0010811979945369,0.000948982972539165,0.00102823853556502,4.44089209850063e-16,4.44089209850063e-16,6.21724893790088e-14,0.0266537296578226,0.923312279571083,0.00499024659014105,0.000234840561084582,0.109335835032126,3.78750442727224,0.0204704101434886,0.00806324954129423,0,0.0500000000001819,2.69000000000051,NA,NA,NA
1200,419,TRUE,TRUE,TRUE,0.00170095868648027,0.00159950832784044,0.00160720805179725,4.44089209850063e-16,4.44089209850063e-16,1.12776454841423e-11,0.00429875094774881,0.148913101011716,0.000782585224816654,2.45209617908415e-05,0.0493000678800206,1.7078044476958,0.00897505000273783,0.00303965168756903,0,0.0299999999997453,2.89999999999964,NA,NA,NA
1200,420,TRUE,TRUE,TRUE,0.00118308733034391,0.00122893492244891,0.00123208241432583,2.22044604925031e-16,3.33066907387547e-16,5.83311177138057e-13,0.00364408099514339,0.12623466860969,0.000702462885017822,1.70891391881867e-05,0.0416763673697192,1.44371171518519,0.00803387775919717,0.00199544896634407,0,0.0500000000001819,2.5,NA,NA,NA
1200,421,TRUE,TRUE,TRUE,0.00134290665069812,0.00130010856727876,0.00130518110853174,4.44089209850063e-16,2.22044604925031e-16,4.34763336443211e-13,0.00551518004786091,0.191051441115705,0.00102220943922272,2.94751048599551e-05,0.0456767950331856,1.58229059448775,0.00846595226831682,0.00271941014922916,0.00999999999930878,0.0300000000006548,2.84999999999945,NA,NA,NA
1200,422,TRUE,TRUE,TRUE,0.000495246259148887,0.000531196819971122,0.000528946602326413,4.44089209850063e-16,3.33066907387547e-16,6.08402217494586e-14,0.00681138575771366,0.235953324046222,0.00126574788977513,4.37320547703735e-05,0.061788125721586,2.14040346108481,0.0114819792223175,0.00343852626467367,0.00999999999930878,0.0300000000006548,2.64999999999964,NA,NA,NA
1200,423,TRUE,TRUE,TRUE,0.00121298018339727,0.00105589285698088,0.00104286723682062,4.44089209850063e-16,2.22044604925031e-16,2.88657986402541e-15,0.016353305581605,0.56649512278079,0.00307162817368033,0.000215925351486845,0.139763634735376,4.84155432824338,0.0262516905812637,0.0156838754490387,0.0100000000002183,0.0299999999997453,2.82000000000062,NA,NA,NA
1200,424,TRUE,TRUE,TRUE,0.00069633154822527,0.000661232012722479,0.000656357181446515,2.22044604925031e-16,2.22044604925031e-16,3.61932706027801e-14,0.00602076840609194,0.208565535599135,0.00112451079843288,2.99754496850824e-05,0.0755283417085116,2.61637850501131,0.0141065774516444,0.00498166790703536,0,0.0299999999997453,2.6899999999996,NA,NA,NA
1200,425,TRUE,TRUE,TRUE,0.0010670811660989,0.000984837001546335,0.000975131868406528,1.11022302462516e-16,2.22044604925031e-16,2.62012633811537e-14,0.0117533843719376,0.407149177861639,0.00224697212453063,0.000122413224417528,0.0980436999260572,3.39633339267936,0.0187436617188908,0.00837444100831775,0,0.0499999999992724,2.64000000000033,NA,NA,NA
1200,426,TRUE,TRUE,TRUE,0.00149585943406839,0.00112029093680127,0.00112222150175885,3.33066907387547e-16,4.44089209850063e-16,2.69562150378988e-13,0.00909844923215899,0.315179526803708,0.00165332172119467,8.90605732699612e-05,0.0982305693460501,3.40280673927553,0.0178499357243329,0.00762099053407184,0,0.0500000000001819,2.82999999999993,NA,NA,NA
1200,427,TRUE,TRUE,TRUE,0.00129658816023188,0.00125490727352793,0.00125523125398001,4.44089209850063e-16,2.22044604925031e-16,6.66133814775094e-16,0.00342022820287229,0.118480180417096,0.000638876309375915,1.40556393155578e-05,0.0519007864269415,1.79789598088488,0.00969472822260979,0.00245022404379824,0.00999999999930878,0.0300000000006548,2.84999999999945,NA,NA,NA
1200,428,TRUE,TRUE,TRUE,0.0012477918146328,0.00108623773386044,0.00111764638575499,2.22044604925031e-16,4.44089209850063e-16,1.55431223447522e-15,0.0170156848840284,0.58944061489438,0.00314318392456154,0.000179863348368059,0.113937472976695,3.94690984163282,0.0210468421286799,0.0119210282987936,0,0.0500000000001819,2.92000000000007,NA,NA,NA
1200,429,TRUE,TRUE,TRUE,0.00130769941497076,0.00110889864982746,0.00110409123149691,4.44089209850063e-16,4.44089209850063e-16,1.07913677993565e-13,0.0125514533625541,0.434795098655498,0.0023167509258346,8.94877913140135e-05,0.100572075963669,3.48391890783501,0.0185636231416091,0.00932613209339905,0.0200000000004366,0.0299999999997453,2.72000000000025,NA,NA,NA
1200,430,TRUE,TRUE,TRUE,0.00126091386174087,0.00116358497068337,0.00116231305155861,2.22044604925031e-16,2.22044604925031e-16,4.44089209850063e-16,0.00514444544271554,0.17820881767099,0.000982346569756555,2.9704267632269e-05,0.0514356863257912,1.78178444076892,0.00982179140353438,0.00248882309144349,0.0199999999995271,0.0300000000006548,2.83999999999924,NA,NA,NA
1200,431,TRUE,TRUE,TRUE,0.00109077134951803,0.000871528874058236,0.000872943547722419,6.66133814775094e-16,2.22044604925031e-16,1.08280051591692e-11,0.00622252603972262,0.215554625044399,0.00115369805104523,4.88105754286039e-05,0.0806103955882708,2.79242601554222,0.0149457078508777,0.00661409346931663,0,0.0299999999997453,2.86000000000058,NA,NA,NA
1200,432,TRUE,TRUE,TRUE,0.0014940745628157,0.00122081801652391,0.00120964387295165,2.22044604925031e-16,4.44089209850063e-16,8.88178419700125e-16,0.0113871640651489,0.394462934299209,0.0020693599012284,0.000182918613642613,0.110527886462414,3.82879830012212,0.0200859472037347,0.0118036304697959,0,0.0299999999997453,2.97000000000025,NA,NA,NA
1200,433,TRUE,TRUE,TRUE,0.00142210758844924,0.00129950828677401,0.00129585830151198,6.66133814775094e-16,4.44089209850063e-16,6.41664499312355e-12,0.0107886098446053,0.373728407877883,0.00197093612383705,0.000123380045426558,0.113646950688485,3.93684585435463,0.0207617926407699,0.0114977025727825,0.00999999999930878,0.0300000000006548,2.75,NA,NA,NA
1200,434,TRUE,TRUE,TRUE,0.00143673834398202,0.00137526282610792,0.00137216846625475,4.44089209850063e-16,2.22044604925031e-16,4.88498130835069e-15,0.00528254703496918,0.182992797158779,0.00096156063799363,2.76802460099645e-05,0.0625607391030455,2.16716757371072,0.0113876779150398,0.00362675066163476,0,0.0500000000001819,2.76999999999953,NA,NA,NA
1200,435,TRUE,TRUE,TRUE,0.00104663144466959,0.00102900007468852,0.00103169175701025,2.22044604925031e-16,3.33066907387547e-16,2.10786943455332e-11,0.00262140441623021,0.0908081127219232,0.000491854478681096,8.37173682555203e-06,0.0321396553832285,1.11335032123013,0.00603036805219134,0.00125822077685456,0.00999999999930878,0.0300000000006548,2.56999999999971,NA,NA,NA
1200,436,TRUE,TRUE,TRUE,0.000830989644776748,0.000643201662253639,0.000614511000894344,2.22044604925031e-16,1.11022302462516e-16,6.48370246381091e-14,0.0135214358034956,0.468396276058707,0.00253124335713918,0.00012104439649363,0.093432076067738,3.23658205611925,0.0174906959088652,0.00727742219165606,0,0.0399999999999636,2.81999999999971,NA,NA,NA
1200,437,TRUE,TRUE,TRUE,0.000793127427389187,0.000761693946177149,0.000746578125095368,3.33066907387547e-16,4.44089209850063e-16,1.32338584535319e-13,0.00857555567878976,0.297065962775994,0.00162217177183395,6.2718003832174e-05,0.0923937274217448,3.20061260390264,0.0174774092935779,0.00734699249274939,0,0.0499999999992724,2.80000000000018,NA,NA,NA
1200,438,TRUE,TRUE,TRUE,0.000874474104798058,0.000724423959221061,0.000730164857947593,4.44089209850063e-16,3.33066907387547e-16,1.68265401612189e-12,0.00684902237511014,0.237257094717337,0.00127420293995611,5.51004261843957e-05,0.0818556359704226,2.83556240773269,0.0152285517980677,0.00596119792440675,0.0200000000004366,0.0299999999997453,2.78999999999996,NA,NA,NA
1200,439,TRUE,TRUE,TRUE,0.0012450245876364,0.00112911020086184,0.0011383063967246,6.66133814775094e-16,2.22044604925031e-16,3.5527136788005e-15,0.00658189923710679,0.228003677779356,0.00122841719722008,4.16957221176517e-05,0.0685793639646263,2.37565885474982,0.012799355783756,0.00503580807482251,0.0199999999995271,0.0299999999997453,2.85000000000036,NA,NA,NA
1200,440,TRUE,TRUE,TRUE,0.000790295803843092,0.000558231425053774,0.00056539206484487,3.33066907387547e-16,0,4.30766533554561e-14,0.0131509913912983,0.455563705192591,0.00247451718954045,0.000194724877886188,0.127502884963495,4.41682949736766,0.0239912012083691,0.0149623107887535,0,0.0300000000006548,2.75,NA,NA,NA
1200,441,TRUE,TRUE,TRUE,0.000770266014786682,0.000659290460003248,0.000668694917353135,4.44089209850063e-16,4.44089209850063e-16,1.04360964314765e-14,0.00654982060567162,0.226892441389696,0.00122493113247688,2.48177014832152e-05,0.0754253056091756,2.61280922983004,0.0141058527522508,0.00534915557375015,0,0.0399999999999636,2.75,NA,NA,NA
1200,442,TRUE,TRUE,TRUE,0.00152178361967654,0.00114656761187922,0.0011470112542086,4.44089209850063e-16,4.44089209850063e-16,1.24344978758018e-14,0.0129785754595585,0.449591042116438,0.00238792552307722,0.000102671047805813,0.0866019849754025,2.99998076027427,0.015933882028602,0.00628257334231108,0.0200000000004366,0.0299999999997453,2.92000000000007,NA,NA,NA
1200,443,TRUE,TRUE,TRUE,0.000963797003778238,0.000875353944225717,0.000867404037525191,3.33066907387547e-16,3.33066907387547e-16,6.59543530900919e-11,0.00794137933932093,0.275097449957632,0.00150816371388071,5.9407078683904e-05,0.0717226175338848,2.48454435241038,0.0136209900833675,0.0054123154887975,0,0.0500000000001819,2.69999999999982,NA,NA,NA
1200,444,TRUE,TRUE,TRUE,0.00121504568583252,0.000997860677046508,0.000982692200641141,4.44089209850063e-16,4.44089209850063e-16,4.44089209850063e-15,0.0174615146610061,0.604884611399429,0.00322135886439638,0.000206628313442536,0.126776907009943,4.39168088335311,0.0233882295508552,0.0123348282781777,0,0.0499999999992724,2.86000000000058,NA,NA,NA
1200,445,TRUE,TRUE,TRUE,0.000877910700471272,0.000812902886548925,0.000825033860533359,4.44089209850063e-16,1.11022302462516e-16,2.1316282072803e-14,0.00555059958794963,0.192278409975993,0.00103623695625985,4.52882899359963e-05,0.0612616433614256,2.12216557714308,0.0114368867446571,0.00354150038738865,0.0199999999995271,0.0299999999997453,2.85000000000036,NA,NA,NA
1200,446,TRUE,TRUE,TRUE,0.00133638512802995,0.0011813529741126,0.00118983550737235,3.33066907387547e-16,2.22044604925031e-16,6.12843109593086e-14,0.00646825048508142,0.224066769524861,0.00124845385740614,4.59677278925597e-05,0.0585996812688816,2.02995250530091,0.011310476966166,0.00311704437089233,0.0100000000002183,0.0299999999997453,2.64000000000033,NA,NA,NA
1200,447,TRUE,TRUE,TRUE,0.00192810244336912,0.00175219407304225,0.00176900943411599,5.55111512312578e-16,2.22044604925031e-16,4.88498130835069e-15,0.00935259017383878,0.323983227269164,0.00169631678731598,0.0001245773496521,0.104288463819152,3.61265835956161,0.018915216919765,0.00973494670730446,0.0100000000002183,0.0299999999997453,2.82999999999993,NA,NA,NA
1200,448,TRUE,TRUE,TRUE,0.000962514665639638,0.000816928011867491,0.000813684278345696,4.44089209850063e-16,4.44089209850063e-16,1.18549614569474e-12,0.00684537980663178,0.237130912443845,0.00130749160439064,5.37583974455913e-05,0.0792507567414933,2.74532674429096,0.0151371731018812,0.00607808784661756,0.0200000000004366,0.0299999999997453,2.84000000000015,NA,NA,NA
1200,449,TRUE,TRUE,TRUE,0.000942859893250393,0.000937710886782815,0.000945642296812232,3.33066907387547e-16,2.22044604925031e-16,6.38388142348845e-09,0.00938458794805525,0.325091662682605,0.00174136749901562,4.4465479501099e-05,0.0716437508118981,2.48181232902023,0.0132939346790678,0.00618436080383233,0,0.0300000000006548,2.55000000000018,NA,NA,NA
1200,450,TRUE,TRUE,TRUE,0.00121339693210458,0.00107528944632608,0.00105955550820451,2.22044604925031e-16,2.22044604925031e-16,2.8066438062524e-13,0.00489905485930922,0.169708238507815,0.000908711584729443,2.37106492519956e-05,0.0647829082872029,2.2441457723102,0.0120163951912445,0.0043047521934696,0.0100000000002183,0.0399999999999636,2.69999999999982,NA,NA,NA
1200,451,TRUE,TRUE,TRUE,0.00142919405562177,0.00139537788986604,0.00137769869240521,0,4.44089209850063e-16,8.63753513158372e-14,0.0120936104928235,0.418934956410368,0.00232743464382152,0.000101252713836431,0.0977707435658406,3.38687790699648,0.0188161356662149,0.00915611815356243,0.0200000000004366,0.0299999999997453,2.90000000000055,NA,NA,NA
1200,452,TRUE,TRUE,TRUE,0.00142063188975541,0.00116361240262524,0.00116748632127845,4.44089209850063e-16,5.55111512312578e-16,6.66133814775094e-15,0.014023937776287,0.485803455014272,0.00255417115888848,0.000124289881085815,0.114919056674306,3.98091289835571,0.0209301370874947,0.0121376088969853,0,0.0399999999999636,2.77999999999975,NA,NA,NA
1200,453,TRUE,TRUE,TRUE,0.00101948779348816,0.000959775599334858,0.000969993692188851,4.44089209850063e-16,4.44089209850063e-16,4.44089209850063e-15,0.0059774512998889,0.207064987023524,0.00111074153340397,3.79346630694499e-05,0.0549455696103364,1.9033703643183,0.0102100917566445,0.00333703279614284,0.00999999999930878,0.0300000000006548,2.54999999999927,NA,NA,NA
1200,454,TRUE,TRUE,TRUE,0.00125749208988669,0.0011210129233095,0.00109928574245067,4.44089209850063e-16,2.22044604925031e-16,5.63660229602192e-12,0.00520485947389178,0.180301621100736,0.000960827979681656,1.98442282197675e-05,0.0547481900087796,1.89653293435282,0.0101066307479057,0.00317518057946842,0.0100000000002183,0.0299999999997453,2.78999999999996,NA,NA,NA
1200,455,TRUE,TRUE,TRUE,0.000919434074388755,0.000906084975663133,0.000905445352253138,2.22044604925031e-16,4.44089209850063e-16,1.11022302462516e-15,0.00210994674691018,0.0730906993382622,0.00040075208522609,5.8430876244131e-06,0.0325320035722903,1.12694166118438,0.00617895607425628,0.00122559405929579,0,0.0399999999999636,2.80000000000018,NA,NA,NA
1200,456,TRUE,TRUE,TRUE,0.00103461375836457,0.000968438094488801,0.000980750370069871,2.22044604925031e-16,4.44089209850063e-16,9.81437153768638e-14,0.00531856935811011,0.184240647036514,0.000985479600582784,3.3360416171746e-05,0.0589922321860566,2.043550867963,0.0109306916010323,0.0038818462636776,0,0.0300000000006548,2.76999999999953,NA,NA,NA
1200,457,TRUE,TRUE,TRUE,0.00132221783061762,0.00131061295073613,0.00130878601493898,2.22044604925031e-16,2.22044604925031e-16,3.81916720471054e-14,0.00340628414695063,0.117997144150698,0.000623538817014756,1.27930589073344e-05,0.0480890149963982,1.66585234519407,0.00880295542845492,0.00204390410836197,0,0.0300000000006548,2.82000000000062,NA,NA,NA
1200,458,TRUE,TRUE,TRUE,0.00101934842910133,0.00102674304933556,0.00101740478321619,2.22044604925031e-16,2.22044604925031e-16,4.22550883172335e-13,0.00445204635599011,0.154223409724535,0.000847121225206626,1.65261802713701e-05,0.0542869099791596,1.88055372539645,0.0103295406240217,0.0028107682086258,0,0.0399999999999636,2.65999999999985,NA,NA,NA
1200,459,TRUE,TRUE,TRUE,0.00157013914845628,0.00108785744013529,0.00111782825505291,4.44089209850063e-16,2.22044604925031e-16,1.30620181337804e-10,0.0151760003704038,0.525712073944471,0.0028533459039496,0.00016378410717266,0.11329190562633,3.92454673262204,0.0213008030429385,0.00986554176890664,0,0.0500000000001819,2.82999999999993,NA,NA,NA
1200,460,TRUE,TRUE,TRUE,0.00042848932099065,0.000344718771866098,0.000347316702675128,2.22044604925031e-16,2.22044604925031e-16,1.15685239165941e-13,0.00934970310991363,0.323883216441103,0.00175057440114987,0.000127201741371152,0.0836322357985435,2.89710563107316,0.0156587272749468,0.00735764659532379,0.0100000000002183,0.0299999999997453,2.93000000000029,NA,NA,NA
1200,461,TRUE,TRUE,TRUE,0.00100591304283372,0.00101125819094637,0.00101549510048213,2.22044604925031e-16,4.44089209850063e-16,2.77111666946439e-13,0.00723329056394342,0.250568535253171,0.00138080167654722,5.44243379785314e-05,0.0700722254976745,2.42737309522791,0.0133764633939764,0.00477076957309208,0,0.0399999999999636,2.85000000000036,NA,NA,NA
1200,462,TRUE,TRUE,TRUE,0.00131895386771538,0.00114060576005361,0.00113272280694085,2.22044604925031e-16,2.22044604925031e-16,6.21724893790088e-15,0.0131708887536085,0.456252970041749,0.00247220301110777,8.06464550358044e-05,0.100038632450964,3.46543988249557,0.0187774578465419,0.00854197561206149,0,0.0500000000001819,2.80000000000018,NA,NA,NA
1200,463,TRUE,TRUE,TRUE,0.000791987897397077,0.000810984078439275,0.000837519068793495,4.44089209850063e-16,2.22044604925031e-16,4.2401637756484e-12,0.0114534765929862,0.396760067647059,0.00209978068016639,7.71199545503976e-05,0.0691505095858786,2.39544391944041,0.0126774523764257,0.00563844871859231,0,0.0500000000001819,2.81999999999971,NA,NA,NA
1200,464,TRUE,TRUE,TRUE,0.00117083244037569,0.00106903916418778,0.00105910412715486,4.44089209850063e-16,2.22044604925031e-16,3.79696274421804e-14,0.0114025240775274,0.394995020736097,0.00216874855201675,8.59998500750692e-05,0.0692426764868522,2.39863667454566,0.0131698870660214,0.00502077110111898,0.0100000000002183,0.0299999999997453,2.75,NA,NA,NA
1200,465,TRUE,TRUE,TRUE,0.00146861972101423,0.00144478281926846,0.0014240274710911,2.22044604925031e-16,4.44089209850063e-16,1.77635683940025e-15,0.0100030469380352,0.346515710543465,0.00184207149373713,8.4502259408481e-05,0.0787432492286546,2.72774616834177,0.0145006512142623,0.00698841931717098,0,0.0500000000001819,2.59000000000015,NA,NA,NA
1200,466,TRUE,TRUE,TRUE,0.00146323060447369,0.00135140276891616,0.00136300407577252,4.44089209850063e-16,1.11022302462516e-16,1.77635683940025e-15,0.00838502979327709,0.290465952498694,0.00159997278679973,4.585448006722e-05,0.0611077303161676,2.11683387285638,0.0116601500506719,0.00424564618441892,0,0.0399999999999636,2.8100000000004,NA,NA,NA
1200,467,TRUE,TRUE,TRUE,0.00105980890269597,0.00102848013360911,0.00105738359189446,4.44089209850063e-16,2.22044604925031e-16,1.33226762955019e-15,0.0116378223208007,0.403145990981721,0.00215646154381616,9.06607472366261e-05,0.0843776510128381,2.92292757155102,0.0156349834660654,0.00628193818455003,0.00999999999930878,0.0300000000006548,2.85999999999967,NA,NA,NA
1200,468,TRUE,TRUE,TRUE,0.00223623399613388,0.00205202920349979,0.00205245563819407,2.22044604925031e-16,2.22044604925031e-16,1.11022302462516e-14,0.00692558577761158,0.239909328779993,0.001322215672614,4.19148083778964e-05,0.0788546565202579,2.73160543012958,0.0150547355931581,0.00549371667247556,0.00999999999930878,0.0500000000001819,2.63000000000011,NA,NA,NA
1200,469,TRUE,TRUE,TRUE,0.000621683599499959,0.000537980651040935,0.000545826111277997,2.22044604925031e-16,6.66133814775094e-16,2.8421709430404e-13,0.00597883496643002,0.207112918638523,0.00111693024420443,4.34501504891216e-05,0.0871726053872065,3.01974763117588,0.0162850655637357,0.00665716271617001,0.0100000000002183,0.0299999999997453,2.85000000000036,NA,NA,NA
1200,470,TRUE,TRUE,TRUE,0.00202908263079592,0.00182431393158324,0.0018096011381013,4.44089209850063e-16,5.55111512312578e-16,8.92619311798626e-14,0.0151683454328647,0.525446899129541,0.00277606551775819,0.000156274845370064,0.112428637075421,3.89464223280702,0.0205763551453271,0.0102149566805494,0.0100000000002183,0.0399999999999636,2.67000000000007,NA,NA,NA
1200,471,TRUE,TRUE,TRUE,0.00109842926327119,0.00103090427858423,0.00103566929728538,6.66133814775094e-16,2.22044604925031e-16,3.530509218308e-14,0.00502917274242278,0.174215654198335,0.000932144901004629,3.25487405845593e-05,0.0702837098935237,2.43469912960029,0.0130269141976967,0.00418460934841391,0.0100000000002183,0.0399999999999636,2.69999999999982,NA,NA,NA
1200,472,TRUE,TRUE,TRUE,0.00102927755733077,0.00102576443463243,0.00103672903460019,4.44089209850063e-16,6.66133814775094e-16,2.22044604925031e-15,0.00605748180210609,0.209837324943433,0.00113673496682112,6.41166218287026e-05,0.0742454400360132,2.57193748745367,0.0139327513599155,0.00531598556992563,0,0.0500000000001819,2.57000000000062,NA,NA,NA
1200,473,TRUE,TRUE,TRUE,0.000995125102019553,0.00095154207199743,0.000955217957599721,6.66133814775094e-16,2.22044604925031e-16,2.04281036531029e-14,0.0105343144422671,0.364919356738266,0.00193346554829651,0.000114460428509489,0.103896202892901,3.59907004247977,0.0190690841813353,0.00907946837133977,0.00999999999930878,0.0300000000006548,2.82999999999993,NA,NA,NA
1200,474,TRUE,TRUE,TRUE,0.00108797875731732,0.00106862120685498,0.00107923841079962,0,4.44089209850063e-16,2.8643754035329e-14,0.00464461470099999,0.160894172874266,0.000887612460651484,3.27572242717622e-05,0.0652369561591687,2.25987445197647,0.0124671558158281,0.00407043701347831,0.0200000000004366,0.0299999999997453,2.88999999999942,NA,NA,NA
1200,475,TRUE,TRUE,TRUE,0.000695327392031734,0.000651374290422713,0.000649620766876577,2.22044604925031e-16,4.44089209850063e-16,4.44089209850063e-16,0.00509349317910377,0.176443779484265,0.000946783159366061,3.17903837405709e-05,0.0734258058735289,2.54354452719283,0.0136484557884832,0.00499117941178184,0,0.0299999999997453,2.80999999999949,NA,NA,NA
1200,476,TRUE,TRUE,TRUE,0.00100761698101157,0.000946553499789159,0.000954150948773967,0,5.55111512312578e-16,3.77475828372553e-15,0.00784258013278437,0.271674945048256,0.00147720244690444,6.59568023735346e-05,0.0728225676315246,2.52264774150843,0.0137166179081118,0.00552909276452951,0,0.0300000000006548,2.85999999999967,NA,NA,NA
1200,477,TRUE,TRUE,TRUE,0.00112426999632251,0.00103334145568374,0.00103370746870268,1.11022302462516e-16,2.22044604925031e-16,1.57651669496772e-14,0.00629997457510521,0.218237521009487,0.00116814343824873,4.85631339124382e-05,0.0966874795010169,3.34935253903071,0.0179278254846029,0.00821262753999719,0,0.0500000000001819,2.85999999999967,NA,NA,NA
1200,478,TRUE,TRUE,TRUE,0.000684116468060207,0.000656162824469694,0.000656034506941224,0,4.44089209850063e-16,4.44089209850063e-15,0.00567977294748852,0.196753106410107,0.00106610300204073,3.49293025792008e-05,0.0486465053711316,1.68516437826944,0.00913103145045367,0.00243608956930075,0.0100000000002183,0.0299999999997453,2.9399999999996,NA,NA,NA
1200,479,TRUE,TRUE,TRUE,0.000861078368845378,0.000757687603540121,0.000759271733931205,4.44089209850063e-16,2.22044604925031e-16,4.21884749357559e-15,0.00691479566330394,0.239535548255987,0.00128407240407178,7.43243675458416e-05,0.0714272404437773,2.47431218986122,0.0132639853466083,0.00552516519176294,0.0199999999995271,0.0300000000006548,2.82999999999993,NA,NA,NA
1200,480,TRUE,TRUE,TRUE,0.00102426088385466,0.000822263600707808,0.000792489041757893,4.44089209850063e-16,4.44089209850063e-16,2.04281036531029e-14,0.0174842217684634,0.605671208675606,0.00323607172367433,0.00035095507094951,0.129738179237648,4.49426236242168,0.0240126245749881,0.0150137438160769,0,0.0299999999997453,2.86000000000058,NA,NA,NA
1200,481,TRUE,TRUE,TRUE,0.00108369523865495,0.000973011552460817,0.0009691492889795,4.44089209850063e-16,2.22044604925031e-16,4.15401046893749e-12,0.00676273811083614,0.234268120125011,0.00126270921036987,4.84900986208459e-05,0.0636710876359558,2.20563117517292,0.0118883900979937,0.00401106000971296,0,0.0500000000001819,2.75,NA,NA,NA
1200,482,TRUE,TRUE,TRUE,0.0015880623376402,0.00125561615117413,0.00122482927447629,3.33066907387547e-16,4.44089209850063e-16,1.33226762955019e-15,0.00916592416438763,0.317516927020854,0.00173019976573899,8.84792253899036e-05,0.0859245423785287,2.97651346033434,0.0162194908476523,0.00624687109341693,0,0.0399999999999636,2.81999999999971,NA,NA,NA
1200,483,TRUE,TRUE,TRUE,0.00173765998360513,0.00158806709189687,0.00159294261777759,4.44089209850063e-16,2.22044604925031e-16,3.77475828372553e-15,0.00770886745071805,0.267043001869153,0.00146072964605837,8.46329093810994e-05,0.0949869532879904,3.29044458301942,0.0179987864032615,0.00870044770895362,0,0.0399999999999636,2.90999999999985,NA,NA,NA
1200,484,TRUE,TRUE,TRUE,0.00137045534051743,0.00113334755432964,0.00116220094043743,4.44089209850063e-16,4.44089209850063e-16,3.81916720471054e-14,0.0112868192003164,0.39098688621584,0.00213686278193202,0.000116757726775774,0.0884968469804414,3.06562070559546,0.0167545537209931,0.00790974282823598,0.0200000000004366,0.0299999999997453,2.80000000000018,NA,NA,NA
1200,485,TRUE,TRUE,TRUE,0.000828024729436317,0.000824925426230993,0.000828088026635761,4.44089209850063e-16,2.22044604925031e-16,2.04725125740879e-13,0.00865140324715473,0.299693399616767,0.00159128723678356,9.37242703038521e-05,0.101874770583962,3.5290455732169,0.0187382344284815,0.0106893198175193,0,0.0399999999999636,2.73999999999978,NA,NA,NA
1200,486,TRUE,TRUE,TRUE,0.00148341293066963,0.00136141482561999,0.00135070379843418,2.22044604925031e-16,3.33066907387547e-16,1.11022302462516e-15,0.00690979088854157,0.23936217777261,0.00127356383674509,9.99116839928149e-05,0.0603452738274573,2.09042160531625,0.0111224145136686,0.00433733114014601,0,0.0500000000001819,2.73000000000047,NA,NA,NA
1200,487,TRUE,TRUE,TRUE,0.00160495594886102,0.00159947348937914,0.00160980202013638,2.22044604925031e-16,4.44089209850063e-16,8.21565038222616e-15,0.00591264122262824,0.204819900090365,0.00113010222385702,2.55561344175703e-05,0.0492636410558892,1.70654258549272,0.00941591891276755,0.0025066191505374,0.0200000000004366,0.0299999999997453,2.86999999999989,NA,NA,NA
1200,488,TRUE,TRUE,TRUE,0.000931757668300712,0.000938225171394803,0.000949333946419557,4.44089209850063e-16,4.44089209850063e-16,1.10356168647741e-13,0.00478620325897014,0.165798944397761,0.000899378832304227,3.79906274901032e-05,0.0462985292324391,1.60382809892595,0.00869998930372086,0.00269065868211982,0.0100000000002183,0.0299999999997453,2.60000000000036,NA,NA,NA
1200,489,TRUE,TRUE,TRUE,0.00120417433146483,0.0011329564156135,0.00112701463630079,4.44089209850063e-16,2.22044604925031e-16,1.59872115546023e-14,0.00983956136553412,0.340852404185938,0.00188333289418274,0.000108039991744135,0.102929239707589,3.56557345515961,0.0197010837895211,0.00914242492276429,0.0100000000002183,0.0299999999997453,2.73999999999978,NA,NA,NA
1200,490,TRUE,TRUE,TRUE,0.0012462883869068,0.00112504077496746,0.00113630848764211,2.22044604925031e-16,4.44089209850063e-16,7.7715611723761e-15,0.00776220106527557,0.268890532472451,0.00142120874574142,7.120733827648e-05,0.0651645522158873,2.25736630580784,0.011931207494205,0.00467934333190811,0,0.0299999999997453,2.68000000000029,NA,NA,NA
1200,491,TRUE,TRUE,TRUE,0.00115333403914358,0.00103992195297459,0.00103227072685403,3.33066907387547e-16,2.22044604925031e-16,1.02140518265514e-14,0.00725579027593005,0.251347948139501,0.00137177631006433,5.95831211214204e-05,0.0867433567167594,3.00487802104997,0.0163996583796322,0.00748351459666452,0.0100000000002183,0.0299999999997453,2.60999999999967,NA,NA,NA
1200,492,TRUE,TRUE,TRUE,0.000761167950042945,0.000678390051963145,0.000669016653936646,0,2.22044604925031e-16,1.77635683940025e-14,0.00684693518320685,0.237184792268904,0.00127579132493523,3.79969364416866e-05,0.0592935703269303,2.05398952736803,0.0110481873456417,0.00311754879774639,0.0199999999995271,0.0299999999997453,2.91000000000076,NA,NA,NA
1200,493,TRUE,TRUE,TRUE,0.0010154616381168,0.000956669646973946,0.000935677802592031,4.44089209850063e-16,2.22044604925031e-16,8.79296635503124e-14,0.00840326407678455,0.291097606608184,0.00157595156156765,5.80546358968093e-05,0.0805071146561255,2.78884825910365,0.0150983370152727,0.00643620896540753,0.0100000000002183,0.0299999999997453,2.75,NA,NA,NA
1200,494,TRUE,TRUE,TRUE,0.000779460677323431,0.000773371775434165,0.000773975591584821,2.22044604925031e-16,4.44089209850063e-16,3.10862446895044e-15,0.00688812350283761,0.238611597514481,0.0012753675268985,5.05075788836962e-05,0.0726864159700457,2.5179313096041,0.0134582218998605,0.00569122823414503,0,0.0399999999999636,2.6899999999996,NA,NA,NA
1200,495,TRUE,TRUE,TRUE,0.000877336677558117,0.000832680223068581,0.000842499626370951,3.33066907387547e-16,4.44089209850063e-16,2.30704344517108e-13,0.00430298445943667,0.149059754158472,0.000801065159212834,2.47610889303473e-05,0.0546209265343345,1.89212439827909,0.010168505515892,0.00362088530798843,0.0199999999995271,0.0300000000006548,2.66999999999916,NA,NA,NA
1200,496,TRUE,TRUE,TRUE,0.00120262764448975,0.000999386813299616,0.00100667420599389,2.22044604925031e-16,2.22044604925031e-16,3.530509218308e-14,0.00979406547301777,0.339276380238458,0.00184521223030023,8.4384237766244e-05,0.106209803042928,3.67921550264471,0.0200100385373679,0.00875383880420344,0.0199999999995271,0.0300000000006548,2.94999999999982,NA,NA,NA
1200,497,TRUE,TRUE,TRUE,0.00192761811857276,0.00171001674382531,0.00173075267383032,4.44089209850063e-16,2.22044604925031e-16,4.32986979603811e-14,0.00822010349039379,0.284752737776726,0.00152444778662598,4.37327221121109e-05,0.0857569634736223,2.97070835678285,0.0159039376216984,0.00662321735833871,0,0.0500000000001819,2.76000000000022,NA,NA,NA
1200,498,TRUE,TRUE,TRUE,0.000876016286399892,0.000824526676912997,0.000813873794993849,3.33066907387547e-16,4.44089209850063e-16,3.30846461338297e-14,0.00659970423155612,0.22862046087965,0.00121457668501912,4.3244741622317e-05,0.0674884019454509,2.33786682182303,0.0124202292460637,0.00458485653113527,0,0.0399999999999636,2.84999999999945,NA,NA,NA
1200,499,TRUE,TRUE,TRUE,0.00123677613698472,0.00118147653827986,0.00118067961289662,2.22044604925031e-16,2.22044604925031e-16,2.66453525910038e-15,0.00738088227990659,0.255681262269661,0.00141280801370795,3.70533752409585e-05,0.0708593698212872,2.45464057445565,0.0135635120210963,0.00419568610638876,0.00999999999930878,0.0300000000006548,2.81999999999971,NA,NA,NA
1200,500,TRUE,TRUE,TRUE,0.0014311405642857,0.00131905682250218,0.00134209640058509,4.44089209850063e-16,4.44089209850063e-16,7.48290318597356e-14,0.0110721225701236,0.383549576781684,0.00212555692904392,8.9785128931652e-05,0.0898287765347935,3.11176009880027,0.0172447674040639,0.0065929116639758,0,0.0500000000001819,2.76000000000022,NA,NA,NA
2400,1,TRUE,TRUE,TRUE,0.000565186497913104,0.000585622103743803,0.000586774226075357,2.22044604925031e-16,3.33066907387547e-16,2.22044604925031e-16,0.00299029061299431,0.146493723689408,0.000571955986508256,7.71883415850994e-06,0.0511365932793107,2.50517121437093,0.00978094922568492,0.00235543242217773,0.0200000000004366,0.0399999999999636,2.75,NA,NA,NA
2400,2,TRUE,TRUE,TRUE,0.000384562265004589,0.000341402319635219,0.000343607656990879,3.33066907387547e-16,3.33066907387547e-16,4.21884749357559e-14,0.00245299344971169,0.120171645883662,0.000459324604905029,5.40458009368194e-06,0.0340861245323394,1.66987224826391,0.00638264879402781,0.0015870371269564,0.00999999999930878,0.0300000000006548,2.46000000000004,NA,NA,NA
2400,3,TRUE,TRUE,TRUE,0.000481464280650639,0.000352583951853071,0.000355099355054872,2.22044604925031e-16,2.22044604925031e-16,1.53210777398272e-14,0.0055400927667122,0.271408008122576,0.00103810469621613,3.28143671417536e-05,0.0754279881353775,3.69520166512757,0.0141337251931864,0.0050379293965257,0,0.0299999999997453,2.6200000000008,NA,NA,NA
2400,4,TRUE,TRUE,TRUE,0.000477426866712007,0.000508653584223718,0.000505657486816218,4.44089209850063e-16,5.55111512312578e-16,3.35287353436797e-14,0.00192091746253789,0.0941053524243928,0.000355878614541321,3.0108817483665e-06,0.0310470192372873,1.52098710331455,0.00575192344662525,0.000987185276880354,0.00999999999930878,0.0300000000006548,2.71000000000004,NA,NA,NA
2400,5,TRUE,TRUE,TRUE,0.000553634175049914,0.000469638512559792,0.000466230455755481,2.22044604925031e-16,4.44089209850063e-16,1.82076576038526e-14,0.00390818764331113,0.191461310903252,0.00073963080177165,1.3081354513389e-05,0.0595460688896187,2.91714969936363,0.0112691893774744,0.00316540748960747,0,0.0399999999999636,2.57999999999993,NA,NA,NA
2400,6,TRUE,TRUE,TRUE,0.000547101639880856,0.00048871923784279,0.00048701336540274,2.22044604925031e-16,4.44089209850063e-16,1.4255263636187e-13,0.00328458588748833,0.160911188813861,0.000612209853701282,1.16040501474401e-05,0.056164100515439,2.75146776250423,0.0104683564192362,0.00280804923092504,0.0200000000004366,0.0299999999997453,2.77000000000044,NA,NA,NA
2400,7,TRUE,TRUE,TRUE,0.000670932805594029,0.000678225719087187,0.000680780813762227,2.22044604925031e-16,2.22044604925031e-16,2.74447131687339e-13,0.00252408207398088,0.123654263003181,0.000469461503432508,3.88171364562595e-06,0.0304210175394135,1.49031940855641,0.00565809518526294,0.000857390429267468,0,0.0299999999997453,2.58000000000084,NA,NA,NA
2400,8,TRUE,TRUE,TRUE,0.000541131956158015,0.000497427507598286,0.000497061189486617,2.22044604925031e-16,4.44089209850063e-16,7.19698833862026e-09,0.0021971702289029,0.107638918776925,0.000406145190950815,6.94655093269603e-06,0.0318741368918,1.56150742753062,0.00589190916753707,0.00119408541258537,0.0100000000002183,0.0399999999999636,2.85999999999967,NA,NA,NA
2400,9,TRUE,TRUE,TRUE,0.000527111895242849,0.000492446371772536,0.000494152370614826,2.22044604925031e-16,4.44089209850063e-16,1.15019105351166e-13,0.00202145377352244,0.0990306056750714,0.000383482212459443,4.38014423309596e-06,0.0431576408587935,2.1142839721267,0.0081872698836051,0.00191778693840305,0.0100000000002183,0.0500000000001819,2.55000000000018,NA,NA,NA
2400,10,TRUE,TRUE,TRUE,0.000452358514851234,0.000345523853438476,0.000349333014072674,4.44089209850063e-16,2.22044604925031e-16,6.43929354282591e-14,0.00545228530164584,0.26710633842218,0.00101124021751075,4.17181346001883e-05,0.0839561953638937,4.11299678773916,0.0155714304303794,0.00569947387240788,0.0100000000002183,0.0499999999992724,2.75,NA,NA,NA
2400,11,TRUE,TRUE,TRUE,0.000621880003643177,0.000528555760984398,0.000528252562433635,2.22044604925031e-16,4.44089209850063e-16,1.02140518265514e-14,0.00272655255277761,0.133573250223761,0.000507820653044641,6.51794746531209e-06,0.0418487481255976,2.05016158563936,0.00779433302343359,0.00177177550133223,0.0199999999995271,0.0399999999999636,2.80000000000018,NA,NA,NA
2400,12,TRUE,TRUE,TRUE,0.000700455848877725,0.000613907464172163,0.000613786971026205,4.44089209850063e-16,4.44089209850063e-16,3.33066907387547e-15,0.00614641299649848,0.301111511796645,0.00113555370157401,4.42500540032142e-05,0.0834690444122781,4.08913136255577,0.0154209589240432,0.00626748121453602,0,0.0299999999997453,2.82999999999993,NA,NA,NA
2400,13,TRUE,TRUE,TRUE,0.000607101915867502,0.000557019722412416,0.000553653155668431,4.44089209850063e-16,1.11022302462516e-16,1.11022302462516e-15,0.00288610949208977,0.141389911948461,0.000547329939069148,7.60696207180445e-06,0.0451238374098329,2.21060753780803,0.0085574117155919,0.00202862503217816,0.00999999999930878,0.0300000000006548,2.80000000000018,NA,NA,NA
2400,14,TRUE,TRUE,TRUE,0.000520246171677465,0.00045607512544804,0.000448189293575931,2.22044604925031e-16,4.44089209850063e-16,1.37956313039922e-12,0.00835306056217715,0.409214723357992,0.0015534067692737,4.05776054535067e-05,0.0732942959238919,3.59067252140176,0.0136304357654086,0.00453251496875495,0.0100000000002183,0.0399999999999636,2.5,NA,NA,NA
2400,15,TRUE,TRUE,TRUE,0.000677878215721102,0.000590965801547384,0.000594468681745631,3.33066907387547e-16,2.22044604925031e-16,6.21724893790088e-15,0.00246318016943233,0.120670691193028,0.000455704763773429,9.34886318759709e-06,0.048755626628699,2.38852814659929,0.00902011618605118,0.00213280441171193,0.0100000000002183,0.0299999999997453,2.69000000000051,NA,NA,NA
2400,16,TRUE,TRUE,TRUE,0.000296992713367983,0.000282413276678334,0.000284594570169918,1.11022302462516e-16,4.44089209850063e-16,2.22044604925031e-15,0.00229194909273927,0.112282115872921,0.000427971578826168,6.99888299848794e-06,0.0461189789825407,2.25935931930733,0.00861171494233278,0.00223296699422093,0.0200000000004366,0.0299999999997453,2.51999999999953,NA,NA,NA
2400,17,TRUE,TRUE,TRUE,0.000618365297145303,0.000523595177384889,0.000524455680893801,4.44089209850063e-16,4.44089209850063e-16,1.11022302462516e-15,0.00162930331804263,0.0798192353085604,0.000307585587293689,4.39955207909293e-06,0.041776114530284,2.04660328070532,0.00788664122901492,0.00195735305157996,0.0200000000004366,0.0299999999997453,2.5600000000004,NA,NA,NA
2400,18,TRUE,TRUE,TRUE,0.000496702255529089,0.000468790077739375,0.00046920074294442,2.22044604925031e-16,2.22044604925031e-16,1.45683465291313e-12,0.00441357755957184,0.216220259222985,0.000828817741748373,1.28720736469745e-05,0.039350816857922,1.92778844527239,0.00738961867644185,0.00169381718070127,0.0200000000004366,0.0399999999999636,2.84999999999945,NA,NA,NA
2400,19,TRUE,TRUE,TRUE,0.000463289375624274,0.000449368171582658,0.000448182120864592,2.22044604925031e-16,3.33066907387547e-16,5.77315972805081e-15,0.00362516368647706,0.177596025318712,0.00067931997914147,1.17936820025477e-05,0.0404421738485147,1.98125380035582,0.00757846515943317,0.00186172533449991,0.0200000000004366,0.0299999999997453,2.53999999999996,NA,NA,NA
2400,20,TRUE,TRUE,TRUE,0.000497469378800302,0.000496224022433827,0.000497128320986213,4.44089209850063e-16,4.44089209850063e-16,4.11448652926083e-13,0.0031923918239927,0.1563946205563,0.000604099623382131,8.76002266636533e-06,0.038949300467829,1.90811823969054,0.00737041661577278,0.00157810881746911,0.0199999999995271,0.0299999999997453,2.63000000000011,NA,NA,NA
2400,21,TRUE,TRUE,TRUE,0.000720878435022549,0.000562473796087072,0.000567087339016383,1.11022302462516e-16,3.33066907387547e-16,1.04805053524615e-13,0.00570399807271729,0.27943769543952,0.00104738478006545,2.88966726706974e-05,0.0786498217580986,3.85303863336375,0.0144419099049678,0.00522231420268326,0.00999999999930878,0.0500000000001819,2.84000000000015,NA,NA,NA
2400,22,TRUE,TRUE,TRUE,0.000611006702889324,0.000576816069022997,0.000575652467406998,4.44089209850063e-16,2.22044604925031e-16,8.88178419700125e-16,0.00333435981802597,0.16334960346006,0.000615893147546986,1.2974840888802e-05,0.0521748486377171,2.55603513138706,0.00963727177149568,0.00279299207462813,0.0100000000002183,0.0299999999997453,2.88000000000011,NA,NA,NA
2400,23,TRUE,TRUE,TRUE,0.00057679346968853,0.000644317971577352,0.00064697626803808,2.22044604925031e-16,4.44089209850063e-16,1.74105174721717e-12,0.00375572966183154,0.183992425666458,0.000708787911841394,1.18198050778062e-05,0.0543229881591628,2.66127204586403,0.0102519299335142,0.00258584632471326,0.0100000000002183,0.0500000000001819,2.84000000000015,NA,NA,NA
2400,24,TRUE,TRUE,TRUE,0.00030844599215656,0.000298058652340245,0.000297417269606931,4.44089209850063e-16,1.11022302462516e-16,2.53130849614536e-14,0.00214002042100648,0.104839161412038,0.000401924073476915,7.84459917468894e-06,0.0389467656967749,1.9079940617766,0.00731471651575953,0.00167793889983869,0.00999999999930878,0.0300000000006548,2.65999999999985,NA,NA,NA
2400,25,TRUE,TRUE,TRUE,0.000503787104889695,0.000395654793763309,0.000394634853317286,6.66133814775094e-16,4.44089209850063e-16,9.76996261670138e-15,0.00425464822022439,0.208434343491807,0.000792415499742187,1.29394392978099e-05,0.0591930931945662,2.89985749247397,0.0110245364827328,0.00343615404435482,0,0.0500000000001819,2.55999999999949,NA,NA,NA
2400,26,TRUE,TRUE,TRUE,0.000595051830517468,0.00054820880426865,0.000554145915174101,2.22044604925031e-16,4.44089209850063e-16,8.43769498715119e-15,0.00369056788663295,0.180800163667048,0.000698439424781983,1.77151050593238e-05,0.0582092093830388,2.85165722638544,0.0110160842361839,0.00350952953013461,0,0.0399999999999636,2.57000000000062,NA,NA,NA
2400,27,TRUE,TRUE,TRUE,0.000474515629190372,0.000515901128584294,0.000509112848013356,4.44089209850063e-16,3.33066907387547e-16,6.89004409082372e-13,0.00337700757462243,0.165438908306775,0.000625971140773796,1.43575319562217e-05,0.0489651248818227,2.39879142304244,0.00907630628688562,0.00233915211666513,0.0100000000002183,0.0299999999997453,2.64000000000033,NA,NA,NA
2400,28,TRUE,TRUE,TRUE,0.000504880423716009,0.000519092313795798,0.00051806225143995,2.22044604925031e-16,4.44089209850063e-16,3.21964677141295e-14,0.00570104092726023,0.279292825490221,0.00106025433574455,3.13284640007794e-05,0.0527972279294671,2.5865253652123,0.00981899455586133,0.0030659750508697,0.00999999999930878,0.0300000000006548,2.6899999999996,NA,NA,NA
2400,29,TRUE,TRUE,TRUE,0.000606871337221621,0.00046496159558486,0.000464037748468842,2.22044604925031e-16,4.44089209850063e-16,9.10382880192628e-15,0.00756021048820408,0.370373160882754,0.00142796579898955,5.33679810565957e-05,0.0860686508093086,4.21648554665177,0.0162565698286613,0.00615385039349547,0,0.0399999999999636,2.93000000000029,NA,NA,NA
2400,30,TRUE,TRUE,TRUE,0.000577862927454301,0.000486967089676882,0.00049049872735575,4.44089209850063e-16,2.22044604925031e-16,5.99520433297585e-15,0.00213491106993922,0.104588855351408,0.000399824569763748,6.55440806340835e-06,0.0524092868764569,2.56752021260925,0.00981517257184899,0.00236722974671366,0.0100000000002183,0.0299999999997453,2.68000000000029,NA,NA,NA
2400,31,TRUE,TRUE,TRUE,0.00056731193191495,0.000348917374224144,0.000336558395013856,2.22044604925031e-16,2.22044604925031e-16,3.97459842815806e-14,0.0107204855591224,0.525194388294512,0.00199163841150938,0.00010117155860101,0.102906910769482,5.04138844782702,0.0191179172965601,0.00929729694015791,0.0100000000002183,0.0299999999997453,2.77000000000044,NA,NA,NA
2400,32,TRUE,TRUE,TRUE,0.000479284446656435,0.000365001803652633,0.000365082711798506,2.22044604925031e-16,2.22044604925031e-16,3.10862446895044e-15,0.00850978700506705,0.416892719643626,0.00156754032045165,5.05469213365473e-05,0.0857004552431106,4.19844772139697,0.0157864020562028,0.00648216481509323,0.0100000000002183,0.0500000000001819,2.60999999999967,NA,NA,NA
2400,33,TRUE,TRUE,TRUE,0.000586334033449646,0.000537628841091359,0.000537699954947241,2.22044604925031e-16,2.22044604925031e-16,8.88178419700125e-16,0.00397170799766072,0.194573160031997,0.000736934062277063,1.79430782445422e-05,0.0434135717490815,2.12682197393913,0.0080552094478876,0.00205421841350173,0.0200000000004366,0.0399999999999636,2.72000000000025,NA,NA,NA
2400,34,TRUE,TRUE,TRUE,0.00132774366420769,0.00121415309673124,0.00121627185838544,4.44089209850063e-16,2.22044604925031e-16,2.66719979435948e-12,0.00407118414511054,0.199446476088595,0.000782731407623884,1.55622237443254e-05,0.0524569284191401,2.5698541620119,0.0100854404904409,0.00292749317922869,0.0200000000004366,0.0299999999997453,2.80999999999949,NA,NA,NA
2400,35,TRUE,TRUE,TRUE,0.000613291732695381,0.000626087455422715,0.000623174598813998,2.22044604925031e-16,2.22044604925031e-16,3.33066907387547e-15,0.00323824492400389,0.158640954519344,0.000609121054398933,7.99348534741284e-06,0.0406623424230218,1.99203981365459,0.00764867682102844,0.00173168952866121,0,0.0500000000001819,2.81999999999971,NA,NA,NA
2400,36,TRUE,TRUE,TRUE,0.000527327152049108,0.000394679688436153,0.000392569778278856,4.44089209850063e-16,4.44089209850063e-16,6.21724893790088e-15,0.00429120189349643,0.210225100446625,0.000805387281583907,1.74418242941954e-05,0.068570965642448,3.35927753987828,0.0128696306967177,0.00389520815729583,0.0199999999995271,0.0299999999997453,2.77000000000044,NA,NA,NA
2400,37,TRUE,TRUE,TRUE,0.000697502412204059,0.00057750163601337,0.000569867085791442,0,3.33066907387547e-16,2.88657986402541e-15,0.00820212460517617,0.401820401788171,0.00151381354901128,5.06286627093289e-05,0.0817812280991967,4.00644558762387,0.0150938369155252,0.00533744484286203,0,0.0500000000001819,2.60999999999967,NA,NA,NA
2400,38,TRUE,TRUE,TRUE,0.000719874632667241,0.000510708487563023,0.000507112109650565,2.22044604925031e-16,4.44089209850063e-16,1.01696429055664e-13,0.00471895084842417,0.23118043399826,0.00087617698222992,2.12526314733452e-05,0.082509774095025,4.04213690650242,0.0153197537319535,0.00616735223731979,0,0.0399999999999636,2.85000000000036,NA,NA,NA
2400,39,TRUE,TRUE,TRUE,0.000773557344210567,0.000707716908031839,0.00070039284489793,4.44089209850063e-16,4.44089209850063e-16,2.66453525910038e-15,0.00634616488540897,0.310897315856401,0.00116433626025254,3.74251729873265e-05,0.0644337882488778,3.15659806808579,0.011821721842761,0.00438996729826258,0.0100000000002183,0.0499999999992724,2.8100000000004,NA,NA,NA
2400,40,TRUE,TRUE,TRUE,0.00056332481161928,0.000439171258316733,0.000441374045506293,4.44089209850063e-16,2.22044604925031e-16,1.77635683940025e-14,0.00291546330154655,0.142827949051981,0.000544602966990956,1.27690462683461e-05,0.0623211465879259,3.05310018651222,0.0116414709525099,0.00356017156979505,0.0100000000002183,0.0500000000001819,2.78999999999996,NA,NA,NA
2400,41,TRUE,TRUE,TRUE,0.000535642236766559,0.000496580651514341,0.000497686786174739,2.22044604925031e-16,1.11022302462516e-16,2.44249065417534e-15,0.00305715073322487,0.149769187263528,0.000577635178444274,1.2076731302102e-05,0.0381950659547376,1.87116844562114,0.00721678963967291,0.00194538353725093,0.00999999999930878,0.0500000000001819,2.61999999999989,NA,NA,NA
2400,42,TRUE,TRUE,TRUE,0.000550445700020801,0.000526204333687085,0.000526179675785897,3.33066907387547e-16,4.44089209850063e-16,7.7715611723761e-15,0.00401539224773089,0.196713242481358,0.000759488695431312,1.64862594047577e-05,0.0544566695460201,2.66782106958219,0.0103001705336292,0.00298745593384808,0.0199999999995271,0.0500000000001819,2.60999999999967,NA,NA,NA
2400,43,TRUE,TRUE,TRUE,0.000241917423364978,0.000237761054999185,0.000236320021479771,6.66133814775094e-16,4.44089209850063e-16,5.41566791412151e-13,0.00270223411886707,0.132381895135272,0.000504833286650818,7.16295038571957e-06,0.0517578173004795,2.53560485172741,0.00966943198416445,0.00227367827455893,0,0.0300000000006548,2.71999999999935,NA,NA,NA
2400,44,TRUE,TRUE,TRUE,0.000328002157318933,0.000232669103263297,0.000224970027524141,3.33066907387547e-16,2.22044604925031e-16,1.11022302462516e-14,0.0055539026542196,0.272084551678543,0.00103501479216169,2.16559722971965e-05,0.0738991158267387,3.62030252436685,0.0137716994283711,0.00441976068045946,0,0.0299999999997453,2.64999999999964,NA,NA,NA
2400,45,TRUE,TRUE,TRUE,0.000576871403495695,0.000556197043844426,0.000558063025146552,2.22044604925031e-16,4.44089209850063e-16,1.26032517755448e-12,0.00171324433694931,0.0839314886047741,0.000324343201735935,1.76275776198054e-06,0.0275366857126833,1.34901658406924,0.0052131132825756,0.000782346469449635,0,0.0499999999992724,2.85000000000036,NA,NA,NA
2400,46,TRUE,TRUE,TRUE,0.000602197194281857,0.000597872077672441,0.000598558514015465,4.44089209850063e-16,2.22044604925031e-16,4.44089209850063e-15,0.0019753277615504,0.0967709018110512,0.000370168145484019,5.46442169024886e-06,0.0326096565823175,1.59754038628137,0.00611091300234287,0.00122016363641109,0.0100000000002183,0.0299999999997453,2.84000000000015,NA,NA,NA
2400,47,TRUE,TRUE,TRUE,0.00054562280889603,0.00055130242013981,0.000553556462301429,2.22044604925031e-16,4.44089209850063e-16,6.66355859380019e-13,0.00210611299876926,0.103178043752552,0.000397958245109757,5.04867890427363e-06,0.0524204665792163,2.56806790395397,0.00990505110594261,0.00239034652536674,0,0.0500000000001819,2.59000000000015,NA,NA,NA
2400,48,TRUE,TRUE,TRUE,0.000297657425723106,0.000276929718745424,0.000281349528049001,6.66133814775094e-16,2.22044604925031e-16,3.5527136788005e-15,0.00312787814460182,0.153234108637557,0.000583350062868851,1.34706767198622e-05,0.0372310600735404,1.82394199526163,0.00694360209398073,0.00186226168487025,0.00999999999930878,0.0500000000001819,2.94000000000051,NA,NA,NA
2400,49,TRUE,TRUE,TRUE,0.000539152973065341,0.000444694871352378,0.000442979691684818,4.44089209850063e-16,4.44089209850063e-16,5.75095526755831e-14,0.00695279963232413,0.340616227660092,0.00129191225363139,2.86348473892417e-05,0.0724062174297854,3.54716573815976,0.0134539299970263,0.0046621890365266,0,0.0399999999999636,2.71000000000004,NA,NA,NA
2400,50,TRUE,TRUE,TRUE,0.000829708991542364,0.000832998091675123,0.000841112131813812,2.22044604925031e-16,2.22044604925031e-16,8.88178419700125e-16,0.00900190275619465,0.441001369336608,0.0016476246415537,7.6959095398621e-05,0.105524750316299,5.1696358701906,0.0193142698409278,0.0101124456474864,0.0100000000002183,0.0399999999999636,2.81999999999971,NA,NA,NA
2400,51,TRUE,TRUE,TRUE,0.000448086622282069,0.000387256963311202,0.000386393479619132,2.22044604925031e-16,2.22044604925031e-16,1.11022302462516e-15,0.00366388432722682,0.179492941565723,0.000674118038330111,1.57088879468859e-05,0.060676433601922,2.97252603473145,0.0111638563719489,0.0034812647437974,0,0.0299999999997453,2.68000000000029,NA,NA,NA
2400,52,TRUE,TRUE,TRUE,0.000405854334635348,0.000393627064550718,0.000393948467706338,0,3.33066907387547e-16,2.17603712826531e-14,0.00300984662762208,0.147451768834216,0.000561935868370222,7.09120545394626e-06,0.0361695600665791,1.77193932768131,0.00675282685770596,0.00136931556877329,0.00999999999930878,0.0500000000001819,2.94000000000051,NA,NA,NA
2400,53,TRUE,TRUE,TRUE,0.000602478769771964,0.000555348795733542,0.000554715840325487,2.22044604925031e-16,4.44089209850063e-16,1.48769885299771e-14,0.0053418207586152,0.261694703120284,0.00098925415749424,1.56591013222851e-05,0.0677813183306872,3.32059288006679,0.0125524524294326,0.00386878124438539,0.0100000000002183,0.0299999999997453,2.80000000000018,NA,NA,NA
2400,54,TRUE,TRUE,TRUE,0.000396055407862507,0.000388753021052377,0.000389481339003253,4.44089209850063e-16,2.22044604925031e-16,6.66133814775094e-16,0.0056814928904888,0.278335171178957,0.0010557232889599,1.87747443085584e-05,0.0511694173397975,2.50677925836052,0.00950819557630127,0.00236326090694305,0.00999999999930878,0.0300000000006548,2.85999999999967,NA,NA,NA
2400,55,TRUE,TRUE,TRUE,0.000459833311214525,0.000423892746054074,0.000427249497296866,4.44089209850063e-16,2.22044604925031e-16,5.08482145278322e-14,0.0032793799883164,0.160656152881389,0.00061141728519355,1.27014974182771e-05,0.0498121883226083,2.44028888723626,0.00928713142797301,0.00258014908885329,0.0100000000002183,0.0299999999997453,2.80000000000018,NA,NA,NA
2400,56,TRUE,TRUE,TRUE,0.000576106122024828,0.000481939890322892,0.000487242442013621,2.22044604925031e-16,4.44089209850063e-16,4.44089209850063e-16,0.00469620610819008,0.230066173840146,0.000872683224831949,1.02272705291284e-05,0.056065950351971,2.74665940613088,0.0104185832625823,0.00289086911505976,0.0200000000004366,0.0299999999997453,2.64999999999964,NA,NA,NA
2400,57,TRUE,TRUE,TRUE,0.000566907895629591,0.000570657429725606,0.00056753547219068,4.44089209850063e-16,2.22044604925031e-16,7.105427357601e-15,0.00679436237927317,0.332854419135631,0.00128348885051979,4.16775787250856e-05,0.0881853117328799,4.32018033107653,0.0166586440449577,0.00628304000640867,0,0.0299999999997453,2.77000000000044,NA,NA,NA
2400,58,TRUE,TRUE,TRUE,0.000503755090175489,0.000502442672023087,0.000503429646772792,1.11022302462516e-16,2.22044604925031e-16,2.60458321577062e-13,0.00381638291352702,0.186963816024348,0.00072195917120001,1.9230972792883e-05,0.0620414070652212,3.0393958046819,0.011736600818049,0.00344618652875539,0,0.0300000000006548,2.60999999999967,NA,NA,NA
2400,59,TRUE,TRUE,TRUE,0.00061366662266514,0.000544232216744096,0.000544475202153623,2.22044604925031e-16,2.22044604925031e-16,9.76996261670138e-15,0.00227255141546694,0.111331827642673,0.000422420453471706,6.73280479190907e-06,0.0357193382386946,1.74988305269371,0.00663948852985507,0.00153295303061185,0,0.0399999999999636,2.78999999999996,NA,NA,NA
2400,60,TRUE,TRUE,TRUE,0.00061696926543888,0.000641959471609138,0.000647008172817151,2.22044604925031e-16,2.22044604925031e-16,8.88178419700125e-16,0.00518768991247761,0.254143864587074,0.000970799441744932,3.05385340197972e-05,0.0687161396507928,3.36638958476547,0.012859209231339,0.00428784464368803,0,0.0500000000001819,2.84000000000015,NA,NA,NA
2400,61,TRUE,TRUE,TRUE,0.000577494384252246,0.000545670462904307,0.00054359082116185,4.44089209850063e-16,2.22044604925031e-16,4.88498130835069e-15,0.00380324393715097,0.186320140267072,0.000703337220565043,1.34918514511639e-05,0.0558486849668508,2.7360156194846,0.0103281460526623,0.00269003839216353,0.0199999999995271,0.0300000000006548,2.85999999999967,NA,NA,NA
2400,62,TRUE,TRUE,TRUE,0.000431744344055874,0.000405815876681946,0.00040810980797155,6.66133814775094e-16,2.22044604925031e-16,1.55431223447522e-15,0.00202924179873425,0.0994121394325286,0.000379757059682108,5.89510185733388e-06,0.0380997490094994,1.86649888802765,0.00713007620259878,0.00156019630608029,0.0200000000004366,0.0399999999999636,2.6899999999996,NA,NA,NA
2400,63,TRUE,TRUE,TRUE,0.000659738026196303,0.000647670552998674,0.000647239886707538,2.22044604925031e-16,4.44089209850063e-16,1.11022302462516e-15,0.00550422684563833,0.269650944006858,0.00101637429880099,3.07735071132242e-05,0.0622739615925451,3.05078860326826,0.0114990998413044,0.00369764584096544,0.0199999999995271,0.0299999999997453,2.73000000000047,NA,NA,NA
2400,64,TRUE,TRUE,TRUE,0.000512625243582453,0.000355921931471045,0.000353352785283824,2.22044604925031e-16,4.44089209850063e-16,2.30926389122033e-14,0.00431403619525951,0.211343748205671,0.000815699294551818,3.01811727787538e-05,0.068587040341777,3.36006503610078,0.0129684587448899,0.00400730625251455,0.0100000000002183,0.0299999999997453,2.67000000000007,NA,NA,NA
2400,65,TRUE,TRUE,TRUE,0.000530920384145854,0.000436181759763595,0.000433840912010859,4.44089209850063e-16,2.22044604925031e-16,5.72089176031909e-09,0.00572005014008249,0.280224082926751,0.00107589805645312,2.71018050241878e-05,0.0686971642470681,3.36545998362969,0.0129214156672052,0.00399482586236033,0.0100000000002183,0.0299999999997453,2.89000000000033,NA,NA,NA
2400,66,TRUE,TRUE,TRUE,0.000872092199805257,0.00075187090656584,0.000750972721859446,2.22044604925031e-16,1.11022302462516e-16,1.33226762955019e-15,0.00246694309694238,0.120855036239803,0.000454083555134509,7.3658720260994e-06,0.051180632803082,2.50732870160603,0.00942068089290838,0.00239531974484919,0,0.0300000000006548,2.71999999999935,NA,NA,NA
2400,67,TRUE,TRUE,TRUE,0.000675971664442387,0.000591208771143741,0.000594449869247015,4.44089209850063e-16,4.44089209850063e-16,3.98792110445356e-13,0.00307097409248928,0.150446390798107,0.000566715009306933,1.12438778145929e-05,0.0631640904247401,3.0943958321526,0.011656248804074,0.00349677497081302,0.0199999999995271,0.0300000000006548,2.75,NA,NA,NA
2400,68,TRUE,TRUE,TRUE,0.000611703589838425,0.000471708446363726,0.000469889861796619,6.66133814775094e-16,2.22044604925031e-16,1.07025499573865e-13,0.00350676001079568,0.171795453536925,0.000652127761785385,1.10733708602595e-05,0.0548684608802984,2.68799464257182,0.0102035059360561,0.00272466593214915,0,0.0499999999992724,2.69000000000051,NA,NA,NA
2400,69,TRUE,TRUE,TRUE,0.000418517291471072,0.000373636970934418,0.000375197395730952,2.22044604925031e-16,3.33066907387547e-16,1.77635683940025e-15,0.00322007692679077,0.157750908062935,0.0006053192890958,1.16081958694281e-05,0.0565644528968576,2.7710809435399,0.0106331479632516,0.00283727348608309,0,0.0500000000001819,2.64000000000033,NA,NA,NA
2400,70,TRUE,TRUE,TRUE,0.00052455353488678,0.000457626951536408,0.000449766858267751,2.22044604925031e-16,2.22044604925031e-16,7.0832228971085e-14,0.00254633859476158,0.124744605390428,0.000475573983682082,4.96093569779532e-06,0.0420380102785195,2.05943349968495,0.00785134547909398,0.00158673456112979,0,0.0399999999999636,2.64999999999964,NA,NA,NA
2400,71,TRUE,TRUE,TRUE,0.000627102135560308,0.000607852610214262,0.000606838881440413,3.33066907387547e-16,3.33066907387547e-16,1.79856129989275e-14,0.00500508819141178,0.245198243731767,0.000919826326317176,2.39417159413335e-05,0.0406352008549727,1.9907101538038,0.0074678659180723,0.00223018551472265,0,0.0500000000001819,2.77999999999975,NA,NA,NA
2400,72,TRUE,TRUE,TRUE,0.000724957341559583,0.000581006961436439,0.000577102562721055,2.22044604925031e-16,2.22044604925031e-16,2.04281036531029e-14,0.00688064915767266,0.337081590708178,0.00127856146073551,5.18582675574919e-05,0.0873426834624771,4.27890014496991,0.0162300077206838,0.00637612203217586,0.0100000000002183,0.0399999999999636,2.67000000000007,NA,NA,NA
2400,73,TRUE,TRUE,TRUE,0.000638793054767105,0.000639917212966022,0.000644960217875044,2.22044604925031e-16,2.22044604925031e-16,1.17683640610267e-14,0.00304972956882112,0.149405625941798,0.000571566887644009,9.87531339546877e-06,0.0571093592289301,2.79777579296368,0.0107031846507102,0.00301702648499358,0.0199999999995271,0.0300000000006548,2.65000000000055,NA,NA,NA
2400,74,TRUE,TRUE,TRUE,0.00107812862459089,0.00105749665254699,0.0010590109676222,2.22044604925031e-16,4.44089209850063e-16,1.46549439250521e-14,0.00345661246923632,0.169338735763416,0.000664406778968446,1.39364917330909e-05,0.0521451444180444,2.55457992775895,0.010022988619633,0.00286212270837538,0,0.0500000000001819,2.85999999999967,NA,NA,NA
2400,75,TRUE,TRUE,TRUE,0.000381981704982913,0.000347631292785578,0.000348221310798418,4.44089209850063e-16,4.44089209850063e-16,1.33226762955019e-15,0.00148258990568151,0.0726317753344147,0.000279471457024991,2.86647854963462e-06,0.0424947412371579,2.08180865565287,0.00801035215735492,0.00162878040591607,0.0200000000004366,0.0399999999999636,2.75,NA,NA,NA
2400,76,TRUE,TRUE,TRUE,0.000632133917832814,0.000556624143606432,0.000570121694136231,4.44089209850063e-16,2.22044604925031e-16,2.66453525910038e-15,0.00556416320903453,0.272587214154032,0.00104213090601041,2.68073103733002e-05,0.0561985120216909,2.75315357513618,0.0105256089818695,0.00338852593980832,0.0100000000002183,0.0500000000001819,2.55999999999949,NA,NA,NA
2400,77,TRUE,TRUE,TRUE,0.000518045922163918,0.000507472175955103,0.000507261779250177,2.22044604925031e-16,4.44089209850063e-16,4.44089209850063e-15,0.00216387258095144,0.106007673834606,0.000407926372282517,8.07464538610247e-06,0.0417935388804346,2.04745689604469,0.00787878493882843,0.00187057556807702,0,0.0399999999999636,2.76999999999953,NA,NA,NA
2400,78,TRUE,TRUE,TRUE,0.000297798226732263,0.00027222718680754,0.000273339931474691,2.22044604925031e-16,2.22044604925031e-16,7.7715611723761e-15,0.00335082248051079,0.164156105917969,0.000626205001139834,5.3422503327738e-06,0.0455862294349865,2.2332600282632,0.00851919939696267,0.00189274417655128,0.0199999999995271,0.0300000000006548,2.66999999999916,NA,NA,NA
2400,79,TRUE,TRUE,TRUE,0.000734931151439187,0.000700744254745032,0.000696855144602446,3.33066907387547e-16,2.22044604925031e-16,3.87771037502205e-09,0.00522256185220632,0.255852233760602,0.000960032659689451,3.08301840057368e-05,0.0759369303618409,3.7201346403954,0.0139590368265591,0.00528747121625273,0.0199999999995271,0.0300000000006548,2.86000000000058,NA,NA,NA
2400,80,TRUE,TRUE,TRUE,0.000672208083676826,0.000483515860371832,0.000477908369112949,2.22044604925031e-16,2.22044604925031e-16,4.44089209850063e-16,0.00786749937212487,0.385427180267459,0.00148361486130993,5.35722506356251e-05,0.0941044387741784,4.61015715055435,0.017745758503047,0.00744185427551969,0,0.0500000000001819,2.86000000000058,NA,NA,NA
2400,81,TRUE,TRUE,TRUE,0.000362793766117475,0.000329119255281727,0.000334767231873622,3.33066907387547e-16,2.22044604925031e-16,7.7937656328686e-14,0.0054103819915158,0.265053503855136,0.00101527796591574,2.15865626280731e-05,0.0751380084684483,3.68099562073239,0.0140999220610361,0.00466379402819328,0.0100000000002183,0.0299999999997453,2.72000000000025,NA,NA,NA
2400,82,TRUE,TRUE,TRUE,0.00062267348018366,0.000611240332057,0.000605716083939731,2.22044604925031e-16,4.44089209850063e-16,5.77315972805081e-15,0.0034496484974285,0.16899757221317,0.000639187497263922,5.86638913091519e-06,0.0389035056315577,1.90587476005616,0.00720845454775025,0.00156569719054289,0.0199999999995271,0.0300000000006548,2.65999999999985,NA,NA,NA
2400,83,TRUE,TRUE,TRUE,0.000301805672976503,0.000291043290490458,0.000291551871276542,2.22044604925031e-16,2.22044604925031e-16,9.97424365323241e-13,0.00211999891416439,0.103858311899143,0.000397626616864507,6.53968259456406e-06,0.0292030275983668,1.43065033120827,0.00547731462905789,0.00102225304804193,0.0100000000002183,0.0399999999999636,2.64000000000033,NA,NA,NA
2400,84,TRUE,TRUE,TRUE,0.000685979730504188,0.000610867183541958,0.000612026130375989,2.22044604925031e-16,4.44089209850063e-16,1.62403424042168e-12,0.00183741979438861,0.0900148187908336,0.000346376329195301,4.43243620651401e-06,0.0350125045604883,1.71525541580131,0.00660028962495804,0.00130768052875041,0.0100000000002183,0.0299999999997453,2.97000000000025,NA,NA,NA
2400,85,TRUE,TRUE,TRUE,0.000591783447746729,0.000514080918065692,0.000519420060641852,4.44089209850063e-16,2.22044604925031e-16,4.44089209850063e-16,0.00781770096528152,0.382987566532065,0.00143466032879826,4.32758877302319e-05,0.0718984683892748,3.52229121682698,0.0131944008548725,0.004255702852209,0.0199999999995271,0.0500000000001819,2.69999999999982,NA,NA,NA
2400,86,TRUE,TRUE,TRUE,0.000483083955257999,0.000462724382041079,0.000465311847410172,2.22044604925031e-16,1.11022302462516e-16,6.66133814775094e-16,0.00160751523536359,0.078751841607816,0.000297293301634481,2.18557530473618e-06,0.0307291284231015,1.50541369754108,0.00568303419108031,0.00104897429923057,0.0199999999995271,0.0300000000006548,2.55999999999949,NA,NA,NA
2400,87,TRUE,TRUE,TRUE,0.00031637795538568,0.000332674383828189,0.000336079425740756,3.33066907387547e-16,2.22044604925031e-16,1.11022302462516e-15,0.00332456991929855,0.162869998329746,0.000628444031115451,1.48249637561548e-05,0.0604558206661814,2.96171825226701,0.0114279743143029,0.00375410259585607,0,0.0500000000001819,2.72000000000025,NA,NA,NA
2400,88,TRUE,TRUE,TRUE,0.000330064313717523,0.000301196269847616,0.000301909620446769,2.22044604925031e-16,3.33066907387547e-16,1.35003119794419e-13,0.00280859120993164,0.137592307207971,0.000521103315860775,8.93107202415422e-06,0.0339819258764555,1.66476757748792,0.00630497389258263,0.001420697396739,0.0100000000002183,0.0500000000001819,2.77999999999975,NA,NA,NA
2400,89,TRUE,TRUE,TRUE,0.000392841913293695,0.000333469372437885,0.000333392446376601,4.44089209850063e-16,4.44089209850063e-16,3.76618736197543e-11,0.00587901682192463,0.288011828059083,0.00108883353329206,3.05946688783365e-05,0.0686171389896466,3.36153956268534,0.0127083565421795,0.00460744188720952,0.0200000000004366,0.0500000000001819,2.80999999999949,NA,NA,NA
2400,90,TRUE,TRUE,TRUE,0.000580738902231221,0.000558943934645865,0.000558025291722275,4.44089209850063e-16,4.44089209850063e-16,1.23456800338317e-12,0.00384377860586354,0.188305925371844,0.00071360898285405,1.29906348931286e-05,0.0637219997139898,3.12172769378101,0.0118301796393683,0.00407126949668424,0.0200000000004366,0.0299999999997453,2.8100000000004,NA,NA,NA
2400,91,TRUE,TRUE,TRUE,0.000694403907380501,0.000604001015374811,0.000606148645771382,2.22044604925031e-16,4.44089209850063e-16,4.39426273146637e-13,0.00284093239170249,0.139176695068314,0.000543757639791831,7.68134889739258e-06,0.0466081487237806,2.28332364458027,0.00892085183692879,0.002220612450337,0,0.0399999999999636,2.73999999999978,NA,NA,NA
2400,92,TRUE,TRUE,TRUE,0.000481855808585349,0.000406410230028571,0.000405855135007903,4.44089209850063e-16,2.22044604925031e-16,2.3901991497155e-11,0.00342369195166775,0.167725966361189,0.000644984002923461,1.28611831051728e-05,0.0364241663349065,1.78441243653564,0.00686189205614543,0.0016651470896889,0,0.0500000000001819,2.5,NA,NA,NA
2400,93,TRUE,TRUE,TRUE,0.000577771180947252,0.000527516524408076,0.000528484799229856,1.11022302462516e-16,2.22044604925031e-16,3.18145509936585e-12,0.00569360747071467,0.278928661978985,0.00106222643867988,3.01595319314174e-05,0.0716850344206297,3.51183513048783,0.0133739003278552,0.00397423121834706,0.0200000000004366,0.0299999999997453,2.82999999999993,NA,NA,NA
2400,94,TRUE,TRUE,TRUE,0.000489288872582316,0.000493259445609405,0.000493502744555205,4.44089209850063e-16,4.44089209850063e-16,1.59872115546023e-14,0.0018631116160567,0.0912734558638216,0.000352196611071983,3.4521474567839e-06,0.0252260881808862,1.2358208849925,0.00476865835162113,0.000812262299429989,0,0.0399999999999636,2.61999999999989,NA,NA,NA
2400,95,TRUE,TRUE,TRUE,0.000372458362563372,0.000334137312169401,0.000334186834160932,3.33066907387547e-16,4.44089209850063e-16,1.90958360235527e-14,0.00265119396332089,0.129881448385664,0.000494637771115461,8.05691583849466e-06,0.0387870582751898,1.90017002795622,0.00723656749328652,0.00167019646586652,0,0.0500000000001819,2.5,NA,NA,NA
2400,96,TRUE,TRUE,TRUE,0.000487018111367526,0.000418815133903407,0.00041554986432285,2.22044604925031e-16,4.44089209850063e-16,6.21724893790088e-15,0.00351930499738248,0.172410029856279,0.000652891998671671,1.26396100839088e-05,0.0358954456000314,1.75851051619817,0.00665922653434282,0.00163451296104,0,0.0500000000001819,2.8100000000004,NA,NA,NA
2400,97,TRUE,TRUE,TRUE,0.000616172054833046,0.000581281973789141,0.000580730464715767,4.44089209850063e-16,2.22044604925031e-16,9.54791801177635e-15,0.00809621041118212,0.3966316871521,0.00153508910474828,6.91657545957014e-05,0.0975569476206091,4.77929485067836,0.0184973709648227,0.00885257371195536,0,0.0299999999997453,2.77999999999975,NA,NA,NA
2400,98,TRUE,TRUE,TRUE,0.000470128206130045,0.000418034255924435,0.00041533147557214,4.44089209850063e-16,2.22044604925031e-16,3.10862446895044e-15,0.00314503751160746,0.154074742507016,0.000582105119453355,1.16429831606979e-05,0.0389338175191615,1.90735973321156,0.00720613805530829,0.00193271611393087,0,0.0500000000001819,2.90000000000055,NA,NA,NA
2400,99,TRUE,TRUE,TRUE,0.000597456620225325,0.000576480983036882,0.000574440148606899,3.33066907387547e-16,2.22044604925031e-16,9.48574552239734e-13,0.00290020222667608,0.1420803121248,0.000540043366942062,9.21228459205281e-06,0.0350535961683749,1.71726848524196,0.00652729038136514,0.00153784341949503,0.0199999999995271,0.0300000000006548,2.80999999999949,NA,NA,NA
2400,100,TRUE,TRUE,TRUE,0.00036100649668684,0.000340118227988678,0.000340076767789769,2.22044604925031e-16,4.44089209850063e-16,4.17443857259059e-14,0.00217205252889036,0.106408407806064,0.000408779621879964,8.77319126857401e-06,0.0435371243003291,2.13287478807865,0.00819367348280546,0.00192069358051228,0.0199999999995271,0.0500000000001819,2.82999999999993,NA,NA,NA
2400,101,TRUE,TRUE,TRUE,0.00136447954700907,0.00133017651616005,0.00132736104784762,4.44089209850063e-16,4.44089209850063e-16,8.45989944764369e-14,0.00231057343445393,0.113194518552844,0.000417826350665628,1.0947808760875e-05,0.0346014226440125,1.69511659704428,0.00625705547186108,0.00172161976638208,0.0100000000002183,0.0299999999997453,2.85000000000036,NA,NA,NA
2400,102,TRUE,TRUE,TRUE,0.000478376708484229,0.000449469424562601,0.000448490168457409,4.44089209850063e-16,4.44089209850063e-16,4.47863968133788e-13,0.0015297447887118,0.0749418833805117,0.000288288005391852,2.65371847163465e-06,0.0368925077364054,1.80735638571748,0.00695257636941391,0.00116325654046889,0.0100000000002183,0.0500000000001819,2.71999999999935,NA,NA,NA
2400,103,TRUE,TRUE,TRUE,0.000495693158721187,0.000487591469227661,0.000486031741204153,2.22044604925031e-16,2.22044604925031e-16,9.54791801177635e-15,0.00328685936394339,0.161022565959003,0.000608195293486724,1.03903219041968e-05,0.0465916966248667,2.28251765962953,0.00862125435412857,0.00196519551289498,0.0199999999995271,0.0300000000006548,2.82999999999993,NA,NA,NA
2400,104,TRUE,TRUE,TRUE,0.000535908579765674,0.000555835419497578,0.000555761537215021,4.44089209850063e-16,4.44089209850063e-16,1.33226762955019e-15,0.00229638326701033,0.112499345160814,0.000423072337177413,5.90415746870576e-06,0.0451391076151273,2.21135562203281,0.00831616744085463,0.00214383079892144,0,0.0499999999992724,2.83000000000084,NA,NA,NA
2400,105,TRUE,TRUE,TRUE,0.000442320026759491,0.000437232098353132,0.000434981758323058,2.22044604925031e-16,2.22044604925031e-16,4.88498130835069e-14,0.00321798989098168,0.157648664606791,0.000608270097637049,6.34356864281926e-06,0.0466751919792677,2.28660807991304,0.00882262671552278,0.00183876447425035,0.0100000000002183,0.0399999999999636,2.69999999999982,NA,NA,NA
2400,106,TRUE,TRUE,TRUE,0.000476000024922675,0.000520181156445632,0.000521571336598022,2.22044604925031e-16,2.22044604925031e-16,1.33226762955019e-15,0.00405849833713784,0.198825000958435,0.000754300998883484,1.98000190430037e-05,0.0496571259393805,2.4326924128921,0.00922913269546215,0.00297821918986685,0,0.0399999999999636,2.51999999999953,NA,NA,NA
2400,107,TRUE,TRUE,TRUE,0.000536417911704782,0.000535566567564953,0.000535580843037789,2.22044604925031e-16,2.22044604925031e-16,1.02140518265514e-14,0.0014811587994187,0.0725616657321831,0.000274829076354771,2.70124888146483e-06,0.0319623232464455,1.56582765895377,0.00593061039735962,0.0011535091406536,0,0.0399999999999636,2.5,NA,NA,NA
2400,108,TRUE,TRUE,TRUE,0.000606756225031083,0.000460521405376366,0.000468108858526327,1.11022302462516e-16,3.33066907387547e-16,1.96731519963578e-13,0.0060574369366173,0.296752592876001,0.00115133329831582,3.63063100401462e-05,0.0834204123625556,4.08674888841646,0.0158556662689554,0.00600432626569614,0.0200000000004366,0.0299999999997453,2.81999999999971,NA,NA,NA
2400,109,TRUE,TRUE,TRUE,0.00051919059458452,0.00042809851942215,0.000427454682313916,4.44089209850063e-16,4.44089209850063e-16,2.22044604925031e-15,0.00390965865987262,0.191533375702828,0.000718035896707096,7.57570730414159e-06,0.0526233913243622,2.57800914558981,0.00966465036070129,0.0025455468887543,0.0100000000002183,0.0299999999997453,2.82999999999993,NA,NA,NA
2400,110,TRUE,TRUE,TRUE,0.000732884216529657,0.000716911554919989,0.000716979523720587,2.22044604925031e-16,3.33066907387547e-16,2.44249065417534e-15,0.00208142337282429,0.101968504042445,0.000389872034543873,5.51603564247216e-06,0.0285928385543676,1.40075729511958,0.00535573314209961,0.000950894332778063,0.0200000000004366,0.0399999999999636,2.65999999999985,NA,NA,NA
2400,111,TRUE,TRUE,TRUE,0.000615443112151442,0.00057533172793988,0.000575279236385479,2.22044604925031e-16,3.33066907387547e-16,1.36113342819044e-13,0.00409318074663542,0.200524085084821,0.000774594998862633,1.82113060205324e-05,0.0648618308017145,3.17756778493875,0.0122744762242373,0.00337825179304474,0.0200000000004366,0.0399999999999636,2.73999999999978,NA,NA,NA
2400,112,TRUE,TRUE,TRUE,0.000511122735102696,0.000398523786841902,0.000403776906480134,2.22044604925031e-16,3.33066907387547e-16,1.11022302462516e-15,0.00823362262335463,0.403363483237094,0.00153410214796059,4.19194432410563e-05,0.0737467717803992,3.6128392207892,0.013740620158199,0.00475226480948976,0.0200000000004366,0.0299999999997453,2.84000000000015,NA,NA,NA
2400,113,TRUE,TRUE,TRUE,0.000585709463433998,0.000562360932411311,0.000561420747879891,3.33066907387547e-16,4.44089209850063e-16,1.768329482843e-09,0.00166960151538233,0.0817934357292852,0.000310457661675198,3.08442514551643e-06,0.0248227157994323,1.21605975477463,0.00461571352955741,0.000850356108674788,0.0200000000004366,0.0299999999997453,2.76000000000022,NA,NA,NA
2400,114,TRUE,TRUE,TRUE,0.000367373863999643,0.00031112126125352,0.000307006744592179,3.33066907387547e-16,2.22044604925031e-16,1.16227028001958e-11,0.00545203646772621,0.267094148099503,0.00102302375754849,2.12108885229156e-05,0.042603344290567,2.08712909696008,0.00799411992532856,0.00214485257991015,0,0.0299999999997453,2.63000000000011,NA,NA,NA
2400,115,TRUE,TRUE,TRUE,0.000452970409427863,0.000434003203550655,0.000432033181214651,3.33066907387547e-16,4.44089209850063e-16,5.77315972805081e-15,0.00293861160160242,0.143961979522976,0.000544732763241098,1.19026044878012e-05,0.0487390776606286,2.38771741604845,0.00903480148156331,0.00254645696024269,0,0.0500000000001819,2.4399999999996,NA,NA,NA
2400,116,TRUE,TRUE,TRUE,0.000603036800360216,0.000544373840869725,0.0005432234013424,4.44089209850063e-16,2.22044604925031e-16,5.99520433297585e-15,0.00398011164534685,0.19498485300818,0.000752138494620933,9.50242866082363e-06,0.0515375715030159,2.52481505529184,0.00973927238750084,0.00243570391350545,0.0200000000004366,0.0399999999999636,2.65999999999985,NA,NA,NA
2400,117,TRUE,TRUE,TRUE,0.000445948448821238,0.000405687717774194,0.000401526777494896,1.11022302462516e-16,4.44089209850063e-16,2.53441712061431e-12,0.00450479616381103,0.220689039931683,0.00084246285660004,2.64959681572918e-05,0.0656443536558137,3.21590341903094,0.0122764555130846,0.00413180683645464,0.0200000000004366,0.0299999999997453,2.72000000000025,NA,NA,NA
2400,118,TRUE,TRUE,TRUE,0.000566669787757783,0.000496530133035703,0.00049934810242898,2.22044604925031e-16,2.22044604925031e-16,8.21565038222616e-14,0.00343219875272989,0.168142712800102,0.000636983140001971,1.18383381426668e-05,0.047434836262011,2.32382289748791,0.00880345024413946,0.00246217058760934,0,0.0399999999999636,2.55000000000018,NA,NA,NA
2400,119,TRUE,TRUE,TRUE,0.000831487501313262,0.000773052571727892,0.000771235713280718,2.22044604925031e-16,1.11022302462516e-16,3.10862446895044e-15,0.00259720698385292,0.127236637336651,0.000478049151694231,7.1543215298675e-06,0.0440588394230485,2.15843350491377,0.00810959270545894,0.00203324496335711,0.0200000000004366,0.0399999999999636,2.68000000000029,NA,NA,NA
2400,120,TRUE,TRUE,TRUE,0.000408159116267151,0.000379801238684402,0.000375783253286174,4.44089209850063e-16,4.44089209850063e-16,1.11022302462516e-15,0.00555391481586747,0.272085147475178,0.0010392701503373,2.55646926312636e-05,0.0562033371844194,2.75338995886839,0.0105169871381951,0.00344260454533796,0,0.0499999999992724,2.58000000000084,NA,NA,NA
2400,121,TRUE,TRUE,TRUE,0.000440450396813891,0.000427251407882291,0.000434211996171291,4.44089209850063e-16,4.44089209850063e-16,2.8421709430404e-14,0.00312411734097861,0.153049867639563,0.000583401004843374,1.16479657705781e-05,0.0501086291424234,2.45481146218585,0.00935733885842346,0.00259474160201023,0,0.0399999999999636,2.81999999999971,NA,NA,NA
2400,122,TRUE,TRUE,TRUE,0.000687795226202597,0.000605614706439134,0.000613429324985514,2.22044604925031e-16,4.44089209850063e-16,1.77635683940025e-15,0.00362623828320406,0.177648669591921,0.000682724293136908,7.01056109519982e-06,0.0519662135690968,2.54581414217565,0.00978385689387602,0.00256703715913531,0,0.0299999999997453,2.71000000000004,NA,NA,NA
2400,123,TRUE,TRUE,TRUE,0.00071245929645423,0.000587712295791112,0.000590273583293271,2.22044604925031e-16,2.22044604925031e-16,1.50812695665081e-12,0.00705446122845223,0.345596608399107,0.00134723547003361,3.92741419368292e-05,0.0839012342605303,4.11030425456035,0.0160231540177004,0.00608290154837121,0,0.0500000000001819,2.61999999999989,NA,NA,NA
2400,124,TRUE,TRUE,TRUE,0.000493979161334242,0.00047194570212653,0.000474123845008024,4.44089209850063e-16,1.11022302462516e-16,1.77635683940025e-15,0.00207464645848423,0.101636504399171,0.000381689892149469,3.81968924401122e-06,0.0387372624970398,1.89773054299997,0.00712681502151621,0.00144703719468708,0,0.0399999999999636,2.8100000000004,NA,NA,NA
2400,125,TRUE,TRUE,TRUE,0.000440717141937095,0.000442273462937121,0.000443415885291335,4.44089209850063e-16,4.44089209850063e-16,5.83977310952832e-14,0.0023384703114424,0.114561180833623,0.000434001038923584,5.84142347648253e-06,0.04057271772643,1.98764911815455,0.00752996587515483,0.00178008558740217,0.00999999999930878,0.0300000000006548,2.81999999999971,NA,NA,NA
2400,126,TRUE,TRUE,TRUE,0.000603523304374754,0.000563743704020709,0.00056499039587769,6.66133814775094e-16,5.55111512312578e-16,4.35207425653061e-14,0.00366752362670493,0.179671230100574,0.000676170036309302,1.09281005435946e-05,0.0444803225145061,2.17908187509941,0.00820070007748114,0.00202657251627159,0.0100000000002183,0.0299999999997453,2.6899999999996,NA,NA,NA
2400,127,TRUE,TRUE,TRUE,0.000483896046744565,0.000394144600583164,0.000391507260778976,4.44089209850063e-16,2.22044604925031e-16,1.29452004671293e-13,0.00840902796249328,0.411956554818084,0.00158307690185933,5.63011935703628e-05,0.0679332264776761,3.32803482902469,0.0127890550709623,0.00397729859690088,0.00999999999930878,0.0300000000006548,2.64999999999964,NA,NA,NA
2400,128,TRUE,TRUE,TRUE,0.000571827839316172,0.000563710380363796,0.000563399541900826,2.22044604925031e-16,4.44089209850063e-16,2.26485497023532e-13,0.00193169704620868,0.0946334420170546,0.000361595415620046,3.78598551975529e-06,0.031906523554059,1.56309404347075,0.0059725994136424,0.00094046540896997,0.0100000000002183,0.0299999999997453,2.80999999999949,NA,NA,NA
2400,129,TRUE,TRUE,TRUE,0.000995228710157762,0.000794653977019045,0.00079447905976597,4.44089209850063e-16,2.22044604925031e-16,5.56443779942128e-13,0.00758899315845693,0.371783217993839,0.00138335862047583,6.35209480002175e-05,0.0981072403131601,4.806253576797,0.0178834654063516,0.00855856770634134,0,0.0299999999997453,2.78000000000065,NA,NA,NA
2400,130,TRUE,TRUE,TRUE,0.000796152120594551,0.00063212975377867,0.000634255045482186,2.22044604925031e-16,0,5.97744076458184e-13,0.00324470927216939,0.158957641609848,0.000602625233782489,1.05984335974085e-05,0.0514405572849191,2.5200623486492,0.00955382293434258,0.00272138724701776,0.0200000000004366,0.0299999999997453,2.86999999999989,NA,NA,NA
2400,131,TRUE,TRUE,TRUE,0.000567747778292509,0.000487267097356533,0.000489821541191248,4.44089209850063e-16,2.22044604925031e-16,3.45945494473199e-13,0.00413182554600248,0.202417285878052,0.000776538460804177,2.03661177451409e-05,0.0527824925910664,2.58580348400692,0.00991998212357486,0.00291665297422128,0.0100000000002183,0.0299999999997453,2.80000000000018,NA,NA,NA
2400,132,TRUE,TRUE,TRUE,0.000519043315551024,0.00056770679534287,0.00056748207998949,4.44089209850063e-16,2.22044604925031e-16,4.66293670342566e-15,0.00552064039892813,0.270455040615378,0.00104009638121884,2.76540269865677e-05,0.0658668233588118,3.22680216414242,0.0124094017482432,0.00380979252081204,0.0200000000004366,0.0299999999997453,2.82999999999993,NA,NA,NA
2400,133,TRUE,TRUE,TRUE,0.00105985590261283,0.000965788777515256,0.000962891824169733,2.22044604925031e-16,2.22044604925031e-16,6.66133814775094e-15,0.00742406782826949,0.363703559901454,0.00136567946269118,3.95041741541036e-05,0.0555112953505469,2.71948697139545,0.0102114686666727,0.00355306056945892,0,0.0399999999999636,2.85000000000036,NA,NA,NA
2400,134,TRUE,TRUE,TRUE,0.00046196452954556,0.000429289391036739,0.000430108845557195,2.22044604925031e-16,4.44089209850063e-16,2.74669176292264e-13,0.00318520075598544,0.156042331609831,0.000598637047186109,1.01564176411273e-05,0.054790931403673,2.68419648941668,0.01029758684015,0.00245680957458205,0.0100000000002183,0.0399999999999636,2.8100000000004,NA,NA,NA
2400,135,TRUE,TRUE,TRUE,0.000544661327240318,0.000466112056232339,0.000476098125262676,4.44089209850063e-16,3.33066907387547e-16,4.68514116391816e-14,0.0073847721781163,0.361778474061729,0.00138030542737751,4.24718633844634e-05,0.0634565026507766,3.10872104711941,0.0118608066570856,0.00397031679230508,0.0100000000002183,0.0499999999992724,2.97000000000025,NA,NA,NA
2400,136,TRUE,TRUE,TRUE,0.000808052502502738,0.000621205661731476,0.000613927533755396,6.66133814775094e-16,2.22044604925031e-16,1.55431223447522e-15,0.00717367874256087,0.351437049958491,0.00134151056959836,4.68046578205872e-05,0.0868407050029298,4.25430832321473,0.0162396070152448,0.00643159467306731,0.0200000000004366,0.0299999999997453,2.77999999999975,NA,NA,NA
2400,137,TRUE,TRUE,TRUE,0.000375064701268358,0.000340310949882855,0.000341857632951676,4.44089209850063e-16,4.44089209850063e-16,2.22044604925031e-15,0.00443306433155091,0.217174912184638,0.000832289170502682,1.81030105146363e-05,0.0637500807755495,3.12310337922615,0.0119688093562131,0.00385135986719831,0,0.0399999999999636,2.60000000000036,NA,NA,NA
2400,138,TRUE,TRUE,TRUE,0.000584708920983879,0.000472866661243481,0.000471166897787308,4.44089209850063e-16,2.22044604925031e-16,3.10862446895044e-15,0.00626424267134197,0.306883963395137,0.00118343346591463,3.56604023181717e-05,0.0667219309412727,3.2686937091867,0.012605029870184,0.00472682776717548,0.0100000000002183,0.0399999999999636,2.59000000000015,NA,NA,NA
2400,139,TRUE,TRUE,TRUE,0.000568456515819886,0.00061136511456097,0.000610960003823388,4.44089209850063e-16,4.44089209850063e-16,2.71604960744298e-12,0.00430019441853209,0.210665642403356,0.000807834763013576,2.47267612571989e-05,0.056431874193156,2.76458594004333,0.0106012950295401,0.00376723816103564,0,0.0500000000001819,2.86000000000058,NA,NA,NA
2400,140,TRUE,TRUE,TRUE,0.000440690331970581,0.000390787823651028,0.000389562921474701,4.44089209850063e-16,2.22044604925031e-16,1.28785870856518e-14,0.00458466896183488,0.224601991921419,0.000862667314591265,2.6869765981985e-05,0.0763658895059773,3.7411492608681,0.0143692723236726,0.0055820991121287,0.0100000000002183,0.0499999999992724,2.8100000000004,NA,NA,NA
2400,141,TRUE,TRUE,TRUE,0.000571072849115088,0.000536464985299079,0.000534507773776411,4.44089209850063e-16,2.22044604925031e-16,3.41948691584548e-14,0.0032807825448289,0.16072486383721,0.000610549523554049,1.02414212257429e-05,0.0528711899449935,2.59014874918005,0.00983926224599406,0.00246212073415464,0,0.0500000000001819,2.82999999999993,NA,NA,NA
2400,142,TRUE,TRUE,TRUE,0.000803624927167957,0.000755598308353077,0.000753730602131661,4.44089209850063e-16,2.22044604925031e-16,9.63673585374636e-14,0.00210875914071685,0.103307677703724,0.00038778944040696,5.76693023290886e-06,0.0446837528846814,2.18904788720171,0.00821710132364527,0.0018669354991161,0.0100000000002183,0.0299999999997453,2.81999999999971,NA,NA,NA
2400,143,TRUE,TRUE,TRUE,0.000552136348290099,0.000528855246376231,0.000533479594110713,4.44089209850063e-16,2.22044604925031e-16,3.15303338993544e-14,0.00481659113587783,0.235963811650262,0.000911999776470746,1.96765281081923e-05,0.0636053922388365,3.11601511749461,0.0120433937338094,0.00419994001772395,0,0.0500000000001819,2.69000000000051,NA,NA,NA
2400,144,TRUE,TRUE,TRUE,0.000484015734197309,0.000411453961505309,0.000410081977577321,4.44089209850063e-16,2.22044604925031e-16,1.77635683940025e-15,0.00306194427596489,0.150004021938993,0.000572987123226881,1.00541362044737e-05,0.0605116909720989,2.96445532709243,0.0113236612448706,0.00355969778201271,0.0100000000002183,0.0399999999999636,2.94999999999982,NA,NA,NA
2400,145,TRUE,TRUE,TRUE,0.000649564338793161,0.000552879690099733,0.000548169082502116,2.22044604925031e-16,3.33066907387547e-16,2.22044604925031e-15,0.00907377371601848,0.444522312914458,0.00167157322118938,8.55965083772503e-05,0.0902001765644342,4.41888814583626,0.0166167026432991,0.00735021986979945,0.0200000000004366,0.0299999999997453,2.78999999999996,NA,NA,NA
2400,146,TRUE,TRUE,TRUE,0.000520861882589778,0.000441024902774346,0.000439182672838142,2.22044604925031e-16,2.22044604925031e-16,3.37507799486048e-14,0.00470016257157919,0.230260000169933,0.000867221316085403,2.70089040270705e-05,0.0705307791996789,3.45528840400237,0.0130135488359339,0.00467821911950494,0,0.0399999999999636,2.82999999999993,NA,NA,NA
2400,147,TRUE,TRUE,TRUE,0.000784300150420809,0.000668636204354058,0.000674359338345873,3.33066907387547e-16,2.22044604925031e-16,3.45945494473199e-13,0.00338723888842265,0.165940138270951,0.000641965624171382,1.01238782974633e-05,0.0574478492933951,2.8143583517825,0.0108877896256416,0.002730130289752,0.0200000000004366,0.0299999999997453,2.72000000000025,NA,NA,NA
2400,148,TRUE,TRUE,TRUE,0.000579728582248166,0.000448235747811628,0.000445758187294216,3.33066907387547e-16,2.22044604925031e-16,5.10702591327572e-15,0.00829200738496592,0.406223740731128,0.00155497311806505,7.05267510170415e-05,0.0937301740344147,4.59182199773162,0.0175769140340283,0.00755726212647545,0.0199999999995271,0.0300000000006548,2.90000000000055,NA,NA,NA
2400,149,TRUE,TRUE,TRUE,0.000697035225349463,0.000671252623675625,0.000669731878936796,4.44089209850063e-16,4.44089209850063e-16,6.21724893790088e-15,0.00296366317378596,0.145189250905059,0.000542980461645258,1.23377805536506e-05,0.0396136012099417,1.94066219676911,0.00725771122125457,0.00184602762734087,0.0199999999995271,0.0500000000001819,2.76000000000022,NA,NA,NA
2400,150,TRUE,TRUE,TRUE,0.000625944042768972,0.00059281577862514,0.000591297101861137,4.44089209850063e-16,2.22044604925031e-16,4.10782519111308e-14,0.00210520062789842,0.103133346890758,0.000392107425803352,6.14333312753956e-06,0.0397745058555624,1.94854488234939,0.00740826261257293,0.00175232999031749,0.0200000000004366,0.0299999999997453,2.85999999999967,NA,NA,NA
2400,151,TRUE,TRUE,TRUE,0.000609978855605333,0.000522948994774008,0.000521832298513936,2.22044604925031e-16,2.22044604925031e-16,4.2632564145606e-14,0.00305396397900064,0.149613068827827,0.000564945251462008,1.44398264296797e-05,0.0538965399057498,2.64038043341277,0.00997018776231598,0.00262933641201712,0.0199999999995271,0.0300000000006548,2.83999999999924,NA,NA,NA
2400,152,TRUE,TRUE,TRUE,0.000428045304325391,0.000277660250126873,0.000279952324867065,2.22044604925031e-16,4.44089209850063e-16,9.32587340685131e-15,0.00417296222949588,0.204432563563436,0.00078346099572938,1.73557411962122e-05,0.0678909522690562,3.32596382421671,0.012746320273346,0.00422137156759206,0.0199999999995271,0.0299999999997453,2.5600000000004,NA,NA,NA
2400,153,TRUE,TRUE,TRUE,0.00043127531479387,0.000373279442233216,0.00036998286659318,4.44089209850063e-16,2.22044604925031e-16,1.33226762955019e-15,0.00220752862085276,0.108146374273583,0.000409430236926485,5.97884184827535e-06,0.0477777783399806,2.34062355953502,0.00886134246268699,0.00220571493245103,0.0200000000004366,0.0500000000001819,2.56999999999971,NA,NA,NA
2400,154,TRUE,TRUE,TRUE,0.00123092753949137,0.00100144230427089,0.00100416289358438,4.44089209850063e-16,4.44089209850063e-16,3.99680288865056e-15,0.00599050113723962,0.293473421795988,0.00114370796659493,3.4013306009939e-05,0.0897937208606894,4.39897596429189,0.0171434395129578,0.00688986353992505,0.0100000000002183,0.159999999999854,2.80999999999949,NA,NA,NA
2400,155,TRUE,TRUE,TRUE,0.000388815092537867,0.000367835930354932,0.000367388060379029,4.44089209850063e-16,2.22044604925031e-16,2.17603712826531e-14,0.00163716650724731,0.0802044513346087,0.000304711361689028,2.97134666737975e-06,0.0240863092955599,1.17998335121954,0.00448297230063262,0.000848921432819338,0.0199999999995271,0.0300000000006548,2.61999999999989,NA,NA,NA
2400,156,TRUE,TRUE,TRUE,0.000373430696255898,0.000373073134780064,0.000372466702124972,4.44089209850063e-16,0,1.62092561595273e-14,0.00469861586068033,0.230184227120296,0.000889512547124674,1.95617377727331e-05,0.0666775838786275,3.26652115568526,0.0126229828593413,0.00417568243695854,0.0199999999995271,0.0500000000001819,2.72000000000025,NA,NA,NA
2400,157,TRUE,TRUE,TRUE,0.000765460127997552,0.000687418283470167,0.000682864695380683,4.44089209850063e-16,2.22044604925031e-16,1.33226762955019e-15,0.00476955566429991,0.233659553546721,0.000900460627683629,2.53153857663335e-05,0.068967401483024,3.37869885038153,0.0130205901765544,0.00405586999371366,0.0100000000002183,0.0299999999997453,2.57999999999993,NA,NA,NA
2400,158,TRUE,TRUE,TRUE,0.000620080411338121,0.00062579637856899,0.000627965869566559,2.22044604925031e-16,2.22044604925031e-16,2.31636931857793e-12,0.0028040810195652,0.137371353907159,0.00051610762338944,9.66499731092085e-06,0.0465652802258799,2.28122352566234,0.00857061402368774,0.00224900011469131,0.0199999999995271,0.0500000000001819,2.86999999999989,NA,NA,NA
2400,159,TRUE,TRUE,TRUE,0.000704298446108904,0.00070835026238286,0.000713022808086179,4.44089209850063e-16,2.22044604925031e-16,8.12333023070266e-09,0.00279661645110805,0.137005666229757,0.000519244119451457,4.26636765382682e-06,0.0315446702472427,1.54536692420197,0.00585685767507606,0.00100789888979946,0,0.0500000000001819,2.48000000000047,NA,NA,NA
2400,160,TRUE,TRUE,TRUE,0.000399383267446106,0.00041495648594031,0.000412173656802884,2.22044604925031e-16,4.44089209850063e-16,4.21884749357559e-15,0.00499481281311839,0.24469485505711,0.000933587633219394,2.24075505634858e-05,0.0689479845309769,3.37774761788402,0.0128871667671836,0.00403436419291836,0,0.0500000000001819,2.80000000000018,NA,NA,NA
2400,161,TRUE,TRUE,TRUE,0.000330594016307679,0.000321032189267297,0.000319931196512156,2.22044604925031e-16,2.22044604925031e-16,3.17079695832945e-12,0.00189860834904742,0.0930124335310834,0.000355129784136744,3.5656929995298e-06,0.0327969950942451,1.60671806154927,0.0061345931581923,0.00109369088901445,0,0.0599999999994907,2.69000000000051,NA,NA,NA
2400,162,TRUE,TRUE,TRUE,0.000605690304950254,0.000595372135054392,0.00059675215361155,1.11022302462516e-16,4.44089209850063e-16,1.50990331349021e-14,0.00202742053114488,0.0993229159069483,0.000383387492434546,6.16385101537276e-06,0.032647647329562,1.5994015451953,0.00617370666385626,0.00129102452315522,0.0200000000004366,0.0299999999997453,2.64000000000033,NA,NA,NA
2400,163,TRUE,TRUE,TRUE,0.000583655952563543,0.00047095007299828,0.000475883748841603,1.11022302462516e-16,4.44089209850063e-16,5.52891066263328e-14,0.00747902210276044,0.366395758535208,0.00141160356542093,2.39060091082877e-05,0.0679676453541945,3.32972100272449,0.0128283309230808,0.00409984553526144,0,0.0500000000001819,2.92999999999938,NA,NA,NA
2400,164,TRUE,TRUE,TRUE,0.00052782104088069,0.000481849555696999,0.000486523304217889,2.22044604925031e-16,4.44089209850063e-16,3.5527136788005e-15,0.00347375223134689,0.170178409193088,0.000654178851505298,1.10061701050768e-05,0.036367928558547,1.78165735940865,0.00684882747864616,0.00159073679106214,0.0199999999995271,0.0299999999997453,2.67000000000007,NA,NA,NA
2400,165,TRUE,TRUE,TRUE,0.000620953496983244,0.000615583871292149,0.000623022224561346,2.22044604925031e-16,2.22044604925031e-16,1.65634173043827e-11,0.00545344599361447,0.267163200483613,0.00101043488858026,3.74999992232006e-05,0.0510399496826501,2.50043666439642,0.00945687294439477,0.00313783261200484,0,0.0499999999992724,2.85000000000036,NA,NA,NA
2400,166,TRUE,TRUE,TRUE,0.000340579263468016,0.00030153688427867,0.000300966401681739,4.44089209850063e-16,1.11022302462516e-16,7.61612994892857e-14,0.00253428723635015,0.124154211814121,0.000474664107513192,5.04757216290841e-06,0.037536791299326,1.83891970529384,0.00703052411954056,0.00173553950766347,0.0100000000002183,0.0299999999997453,2.90999999999985,NA,NA,NA
2400,167,TRUE,TRUE,TRUE,0.000486970973553995,0.000398419183363617,0.000400079225969048,6.66133814775094e-16,6.66133814775094e-16,8.88178419700125e-15,0.00369895722146984,0.181211155459683,0.000698856523538556,1.06149868273064e-05,0.0557089291437975,2.72916901038334,0.0105252767794972,0.00280133456134379,0,0.0399999999999636,2.97000000000025,NA,NA,NA
2400,168,TRUE,TRUE,TRUE,0.000772080602557499,0.000715187711606267,0.000717792373635107,2.22044604925031e-16,3.33066907387547e-16,8.43769498715119e-15,0.00213087306161462,0.10439103415196,0.00039448817619116,7.75218293469493e-06,0.0440718185889381,2.1590693515881,0.00815900845984894,0.00203905113614411,0,0.0500000000001819,2.55999999999949,NA,NA,NA
2400,169,TRUE,TRUE,TRUE,0.000545956962182326,0.000511829292530679,0.000510520165168528,2.22044604925031e-16,2.22044604925031e-16,3.37507799486048e-14,0.00152453594254858,0.0746867030755408,0.00028239459268557,3.49051904180442e-06,0.037449673124463,1.8346518037791,0.00693692086426717,0.00147565386506798,0.0200000000004366,0.0299999999997453,2.72000000000025,NA,NA,NA
2400,170,TRUE,TRUE,TRUE,0.00041938374756368,0.000305238577223771,0.000300573991078937,4.44089209850063e-16,2.22044604925031e-16,4.44089209850063e-16,0.0086310399768746,0.422832877858118,0.00160735226213714,6.12617694315531e-05,0.0942307896318094,4.61634705314953,0.0175485310325841,0.00699632080060653,0,0.0399999999999636,2.59999999999945,NA,NA,NA
2400,171,TRUE,TRUE,TRUE,0.00057820164352517,0.000482406483578945,0.000479679646027575,4.44089209850063e-16,6.66133814775094e-16,4.08562073062058e-14,0.00669171588679373,0.32782578852641,0.00125487051114664,3.5845465312434e-05,0.086751294959677,4.24992814353774,0.0162681207167692,0.0062560049847491,0.0200000000004366,0.0299999999997453,2.59000000000015,NA,NA,NA
2400,172,TRUE,TRUE,TRUE,0.000393046941280081,0.000340705844226574,0.000336277342160904,4.44089209850063e-16,4.44089209850063e-16,6.55031584528842e-14,0.00350608300657285,0.171762287238932,0.000655291369394036,1.0953050455953e-05,0.0581801014799449,2.85023123618419,0.0108739349008008,0.00283215862818054,0.0200000000004366,0.0299999999997453,2.72000000000025,NA,NA,NA
2400,173,TRUE,TRUE,TRUE,0.000609614583787379,0.000648938355592594,0.000646463618412455,2.22044604925031e-16,4.44089209850063e-16,3.31379368390117e-12,0.00369835256687085,0.18118153355492,0.000685890705380173,1.07473425750015e-05,0.0411633320406057,2.01658319224483,0.00763408743180412,0.00183494832056397,0.0100000000002183,0.0500000000001819,2.76999999999953,NA,NA,NA
2400,174,TRUE,TRUE,TRUE,0.000751913808177024,0.000664552348337776,0.000663662115914983,1.11022302462516e-16,2.22044604925031e-16,5.77315972805081e-15,0.00429774770198601,0.210545778261694,0.000806688025011088,2.49403681706895e-05,0.0579942038049084,2.84112414722001,0.0108855225977675,0.00359275775915435,0.00999999999930878,0.0500000000001819,2.52999999999975,NA,NA,NA
2400,175,TRUE,TRUE,TRUE,0.000454965090462691,0.000478249580709181,0.000485074433011989,3.33066907387547e-16,2.22044604925031e-16,2.50910403565285e-14,0.00322669063049993,0.158074912050883,0.00060736309159166,1.61970824734681e-05,0.0559348807303873,2.74023833225768,0.0105286765849489,0.00224761482036229,0,0.0500000000001819,2.85000000000036,NA,NA,NA
2400,176,TRUE,TRUE,TRUE,0.000444190557827703,0.000406294246035744,0.000410138297755233,4.44089209850063e-16,2.22044604925031e-16,1.34114941374719e-13,0.00347519985156291,0.1702493278105,0.000651778459506262,1.03497575416611e-05,0.0430807533356587,2.11051726814136,0.00807985389123932,0.00168805137292694,0,0.0399999999999636,2.63000000000011,NA,NA,NA
2400,177,TRUE,TRUE,TRUE,0.00051286493180133,0.00045897578976167,0.000462010618974618,2.22044604925031e-16,2.22044604925031e-16,1.15463194561016e-14,0.00366112360887027,0.179357694539781,0.000674200655394749,1.10123560759234e-05,0.0503263341040274,2.46547678359389,0.00926765962076336,0.00220630535201138,0,0.0499999999992724,2.67000000000007,NA,NA,NA
2400,178,TRUE,TRUE,TRUE,0.000572805999586767,0.000512789915108389,0.000517416642875726,2.22044604925031e-16,4.44089209850063e-16,5.10702591327572e-15,0.00370700816725617,0.181605569642149,0.000687736973306267,2.00069701747907e-05,0.0443437328230085,2.17239037413354,0.00822680264537172,0.00209229910318243,0.0199999999995271,0.0299999999997453,2.85000000000036,NA,NA,NA
2400,179,TRUE,TRUE,TRUE,0.000326820889939721,0.000295857239840866,0.000295710030430303,4.44089209850063e-16,3.33066907387547e-16,6.67910171614494e-13,0.00200950864974424,0.0984454165116516,0.000372453871724959,4.32048776843885e-06,0.0296527827644672,1.4526837445308,0.00549601702358962,0.000796276779741589,0,0.0399999999999636,2.63000000000011,NA,NA,NA
2400,180,TRUE,TRUE,TRUE,0.000666881074413376,0.000534866915135278,0.000541811476600348,2.22044604925031e-16,5.55111512312578e-16,3.38173933300823e-13,0.00874481995156735,0.428406935476998,0.00166294456853128,5.86747978594815e-05,0.0901292489782197,4.41541341793801,0.0171392831280958,0.00692094908022156,0,0.0399999999999636,2.67000000000007,NA,NA,NA
2400,181,TRUE,TRUE,TRUE,0.000433482053180885,0.000401833373241822,0.000399255628707642,3.33066907387547e-16,4.44089209850063e-16,6.66133814775094e-16,0.00408153892249486,0.19995375450843,0.000767221230684083,1.66133660890466e-05,0.0531424161466117,2.60343606515681,0.00998936692550441,0.00273122224398747,0.0100000000002183,0.0299999999997453,2.61999999999989,NA,NA,NA
2400,182,TRUE,TRUE,TRUE,0.00105726074589171,0.00108512187807323,0.00109205433392049,4.44089209850063e-16,3.33066907387547e-16,7.1276318180935e-14,0.00201386080205463,0.0986586275605182,0.000368127810402754,2.42720786047812e-06,0.027669650351853,1.35553049446522,0.0050579304131871,0.00078731565313106,0.0199999999995271,0.0500000000001819,2.72000000000025,NA,NA,NA
2400,183,TRUE,TRUE,TRUE,0.000396596933003582,0.000300351329319551,0.000298014519424531,3.33066907387547e-16,4.44089209850063e-16,1.77635683940025e-15,0.00431214417253142,0.211251058400359,0.000805551962377833,1.87084356362277e-05,0.0430050407581049,2.10680812449901,0.00803377475073921,0.00237277828298588,0.0100000000002183,0.0500000000001819,2.72000000000025,NA,NA,NA
2400,184,TRUE,TRUE,TRUE,0.00050433812778271,0.000429697328253942,0.000430134896813047,4.44089209850063e-16,2.22044604925031e-16,1.33226762955019e-15,0.00197351371094983,0.0966820318442717,0.000367737066165966,3.79466757038927e-06,0.0395298442424984,1.93655896011633,0.00736584137575493,0.00154370229620326,0.0100000000002183,0.0399999999999636,2.52999999999975,NA,NA,NA
2400,185,TRUE,TRUE,TRUE,0.0005656703971411,0.000515321934309942,0.000516142329778639,2.22044604925031e-16,6.66133814775094e-16,2.22044604925031e-15,0.00322749871833887,0.158114500108338,0.000602271388045339,1.14171468439395e-05,0.0370993406828574,1.81748908933356,0.0069229683289019,0.00175773312455618,0.0100000000002183,0.0399999999999636,2.65999999999985,NA,NA,NA
2400,186,TRUE,TRUE,TRUE,0.000445793432144871,0.000466966830671063,0.00047354940861341,4.44089209850063e-16,4.44089209850063e-16,3.5527136788005e-15,0.00283197164232999,0.138737709794803,0.000535534292284889,6.76523656295558e-06,0.0520865225265838,2.55170805332224,0.00984971691167968,0.0021096992155627,0.0100000000002183,0.0399999999999636,2.90999999999985,NA,NA,NA
2400,187,TRUE,TRUE,TRUE,0.000421864409682649,0.000433571709894991,0.000431955009330142,4.44089209850063e-16,4.44089209850063e-16,7.99360577730113e-15,0.00246057483972019,0.120543056624899,0.000458147840643072,6.25789991914871e-06,0.0334960198224605,1.64096313958358,0.00623680649906302,0.00151652007298608,0,0.0500000000001819,2.80000000000018,NA,NA,NA
2400,188,TRUE,TRUE,TRUE,0.000429415253728566,0.000375550048031192,0.000374668538413783,2.22044604925031e-16,2.22044604925031e-16,1.06581410364015e-14,0.00241144019786064,0.118135960599893,0.000453961031256304,6.62435661524796e-06,0.0411257012553688,2.01473966779582,0.00774203970290823,0.00154626090754562,0,0.0499999999992724,2.80000000000018,NA,NA,NA
2400,189,TRUE,TRUE,TRUE,0.000390856935850298,0.000347961285685205,0.000347924311627334,3.33066907387547e-16,2.22044604925031e-16,5.6621374255883e-14,0.00220294685712649,0.107921914608556,0.000409828684242699,5.78518673322037e-06,0.0444967646990461,2.179887374347,0.00827802562312103,0.00201050592337992,0,0.0399999999999636,2.73999999999978,NA,NA,NA
2400,190,TRUE,TRUE,TRUE,0.000522299182158564,0.000485411655580946,0.000484474492188299,2.22044604925031e-16,2.22044604925031e-16,5.68212144003155e-13,0.00270071522045572,0.132307484613694,0.000505974316413644,4.96091783830366e-06,0.0482721352125647,2.3648420013084,0.00904370088005169,0.00199977876332014,0,0.0300000000006548,2.5,NA,NA,NA
2400,191,TRUE,TRUE,TRUE,0.000450485804846985,0.000420159366838761,0.000422273725926748,2.22044604925031e-16,4.44089209850063e-16,6.66133814775094e-15,0.00393757672903487,0.192901076183853,0.000735364742654989,8.64218498008995e-06,0.0302416879685849,1.48153408966996,0.00564780641009166,0.00108237806858469,0.00999999999930878,0.0300000000006548,2.85999999999967,NA,NA,NA
2400,192,TRUE,TRUE,TRUE,0.000412392489823117,0.000384742346743935,0.000384787760424742,4.44089209850063e-16,2.22044604925031e-16,9.9031893796564e-14,0.00126600883208434,0.0620215129692699,0.000237786417741778,2.20951961438232e-06,0.0226688103999305,1.11054037111453,0.00425773903219337,0.00068701402215865,0,0.0500000000001819,2.39999999999964,NA,NA,NA
2400,193,TRUE,TRUE,TRUE,0.00067007450008058,0.000483212153879062,0.000478827983633629,4.44089209850063e-16,2.22044604925031e-16,3.10862446895044e-15,0.00851018108254101,0.416912025418233,0.00158519469367304,6.70988917761406e-05,0.0987144899164451,4.83600261028811,0.0183875858911179,0.00752316404727082,0.0200000000004366,0.0299999999997453,2.82999999999993,NA,NA,NA
2400,194,TRUE,TRUE,TRUE,0.000731076254713683,0.0006375825005715,0.000644614283685972,2.22044604925031e-16,2.22044604925031e-16,3.39728245535298e-14,0.00275031091034922,0.134737167287302,0.000515705392094428,8.1977717947268e-06,0.043875734950177,2.14946325435064,0.00822705280729123,0.0019401183882124,0.0200000000004366,0.0299999999997453,2.82000000000062,NA,NA,NA
2400,195,TRUE,TRUE,TRUE,0.000470454094532895,0.000366647882833002,0.000364532915545309,4.44089209850063e-16,4.44089209850063e-16,3.77475828372553e-15,0.00348736972885173,0.170845527602297,0.000662690293150296,1.99027960334774e-05,0.0657634785355111,3.22173932244952,0.0124967589495108,0.00375115809194426,0.00999999999930878,0.0300000000006548,2.92000000000007,NA,NA,NA
2400,196,TRUE,TRUE,TRUE,0.000508395693788645,0.000497592315474886,0.000506537566371246,4.44089209850063e-16,2.22044604925031e-16,2.88657986402541e-15,0.00405248543334094,0.198530430034938,0.00076327524104523,2.7941525733155e-05,0.0534201113987965,2.61704029859374,0.0100615410160684,0.00350782551419826,0,0.0300000000006548,2.82999999999993,NA,NA,NA
2400,197,TRUE,TRUE,TRUE,0.000527127231982113,0.00044998639306669,0.000450950689761815,4.44089209850063e-16,2.22044604925031e-16,4.44089209850063e-16,0.00281393017045013,0.137853861788514,0.000523654315394362,1.11829705176092e-05,0.0540978810345845,2.65024409401039,0.0100672678927634,0.00258003151226305,0,0.0500000000001819,2.69999999999982,NA,NA,NA
2400,198,TRUE,TRUE,TRUE,0.000497509599706765,0.000488716268998781,0.000490077826963507,4.44089209850063e-16,4.44089209850063e-16,2.22044604925031e-15,0.00259004263661441,0.126885657435162,0.000488033680986716,7.80199865957343e-06,0.0378823621339647,1.85584914959089,0.00713805571203922,0.00139342494847838,0.0200000000004366,0.0299999999997453,2.69000000000051,NA,NA,NA
2400,199,TRUE,TRUE,TRUE,0.000503541999712271,0.000433907935839157,0.00043208839201765,5.55111512312578e-16,4.44089209850063e-16,4.44089209850063e-15,0.00312381271237471,0.153034943946751,0.000582624648974755,8.7218380251386e-06,0.0515134595032564,2.52363381337006,0.00960781391972256,0.00244542341110687,0.0100000000002183,0.0399999999999636,2.53999999999996,NA,NA,NA
2400,200,TRUE,TRUE,TRUE,0.000596462209632886,0.000543893994938259,0.00054625851276793,1.11022302462516e-16,4.44089209850063e-16,5.4527271586835e-11,0.00342676674860015,0.16787660003213,0.000630847264928017,8.52057787881222e-06,0.0449933537740707,2.20421517126002,0.00828300735085227,0.00223614184109522,0,0.0500000000001819,2.9399999999996,NA,NA,NA
2400,201,TRUE,TRUE,TRUE,0.000482393498870281,0.000408487771453877,0.000409997426560686,4.44089209850063e-16,2.22044604925031e-16,2.44249065417534e-15,0.00636575177402897,0.311856873511755,0.00117566213813207,3.51996982601577e-05,0.0611347753028336,2.9949801006329,0.011290707397669,0.00410517735878102,0,0.0500000000001819,2.48000000000047,NA,NA,NA
2400,202,TRUE,TRUE,TRUE,0.000464276399240781,0.000402085354602563,0.000402967605218018,4.44089209850063e-16,2.22044604925031e-16,3.81916720471054e-14,0.00285560670052576,0.139895586447215,0.000532893012209394,9.25664913964397e-06,0.0468999004173559,2.29761650019731,0.00875212584461435,0.00213711362885149,0.0200000000004366,0.0399999999999636,2.84999999999945,NA,NA,NA
2400,203,TRUE,TRUE,TRUE,0.000625860561509954,0.000533443035741561,0.000532394532953256,6.66133814775094e-16,2.22044604925031e-16,7.14095449438901e-13,0.00590261489963759,0.289167893045228,0.00111974360987148,3.87508928945124e-05,0.0819377418251203,4.01411316294897,0.0155438334324691,0.00582319385624075,0,0.0399999999999636,2.64000000000033,NA,NA,NA
2400,204,TRUE,TRUE,TRUE,0.000568163049281763,0.000516985038704568,0.000517038483909111,2.22044604925031e-16,2.22044604925031e-16,2.88657986402541e-15,0.00264921410024292,0.129784455299632,0.000492251994667146,7.9753781285774e-06,0.0446348373822735,2.18665152677348,0.00829362478897162,0.00173218105746642,0.0199999999995271,0.0300000000006548,2.65999999999985,NA,NA,NA
2400,205,TRUE,TRUE,TRUE,0.000304967588990631,0.00028578373483444,0.000285477360849798,6.66133814775094e-16,2.22044604925031e-16,6.44040376585053e-12,0.00154547831156365,0.0757126654373807,0.000287535447960596,2.12931417209461e-06,0.0305622199830861,1.49723688730505,0.00568608536771757,0.000924007778529301,0.0100000000002183,0.0399999999999636,2.92000000000007,NA,NA,NA
2400,206,TRUE,TRUE,TRUE,0.000358653938369241,0.000356282679716864,0.000354134123709792,4.44089209850063e-16,3.33066907387547e-16,1.55431223447522e-15,0.00284946930762842,0.139594916828226,0.000533388048863479,1.45682307959305e-05,0.0409331877367549,2.00530847001199,0.00766222435953936,0.0025699898343845,0,0.0500000000001819,2.63000000000011,NA,NA,NA
2400,207,TRUE,TRUE,TRUE,0.000520339388568457,0.000532103184408087,0.00053351818441729,2.22044604925031e-16,4.44089209850063e-16,3.5527136788005e-14,0.00259963146760324,0.12735541229821,0.000484005774311451,7.36365194597965e-06,0.0451160486966632,2.21022597034766,0.00839981680304631,0.00190487605317813,0.0100000000002183,0.0499999999992724,2.8100000000004,NA,NA,NA
2400,208,TRUE,TRUE,TRUE,0.000709913896129476,0.000641349101883827,0.000641381465069296,3.33066907387547e-16,4.44089209850063e-16,1.77635683940025e-14,0.00817788645847519,0.400632979953609,0.00155868242340699,3.5042296961052e-05,0.069546732211773,3.40708014393653,0.0132554138106847,0.00325892031877828,0.0200000000004366,0.0299999999997453,2.83999999999924,NA,NA,NA
2400,209,TRUE,TRUE,TRUE,0.00054521450198344,0.000519472857869618,0.000521830421326409,2.22044604925031e-16,2.22044604925031e-16,5.72564839984580e-09,0.00386617113143301,0.189402930605792,0.000729853754781085,1.31018540301397e-05,0.0458217074418075,2.24479604751038,0.00865019785466346,0.00216662065224682,0.0199999999995271,0.0300000000006548,2.86999999999989,NA,NA,NA
2400,210,TRUE,TRUE,TRUE,0.000703221952943212,0.000696419889570756,0.000690455997786345,4.44089209850063e-16,4.44089209850063e-16,4.39648317751562e-14,0.00366757134948324,0.179673568029693,0.000695803018826058,1.48400005564042e-05,0.0376329382365692,1.84362992402538,0.00713963261709657,0.00155907595477345,0.0199999999995271,0.0300000000006548,2.80999999999949,NA,NA,NA
2400,211,TRUE,TRUE,TRUE,0.000472201137092336,0.000469579672992238,0.000473577793798442,4.44089209850063e-16,2.22044604925031e-16,2.88657986402541e-15,0.00500379509255739,0.245134895084162,0.000933155495591519,2.08321147212587e-05,0.0441984552821327,2.1652732572089,0.00824255004057305,0.00195445957112739,0.0199999999995271,0.0500000000001819,2.64999999999964,NA,NA,NA
2400,212,TRUE,TRUE,TRUE,0.000538667829802653,0.000383948390993862,0.0003734642016659,2.22044604925031e-16,4.44089209850063e-16,1.33226762955019e-15,0.00962420153571505,0.471487658884243,0.00181207796457895,4.91543730944954e-05,0.0839434674369203,4.1123732492078,0.0158051664907797,0.00645391842257936,0.0199999999995271,0.0299999999997453,2.85000000000036,NA,NA,NA
2400,213,TRUE,TRUE,TRUE,0.000672112828128019,0.000642778038039581,0.000635043014330756,4.44089209850063e-16,2.22044604925031e-16,9.97208582376174e-09,0.00398575951533296,0.195261541000171,0.000751103006308476,9.06030200553687e-06,0.0508378543994551,2.4905360579314,0.00958022307337163,0.00217969262209294,0.0100000000002183,0.0299999999997453,2.86000000000058,NA,NA,NA
2400,214,TRUE,TRUE,TRUE,0.00048519094439594,0.000421194487280865,0.000423706387649959,3.33066907387547e-16,5.55111512312578e-16,9.44389833001935e-09,0.00315465298633298,0.154545802641259,0.000591624290614336,1.13364514469083e-05,0.0351274771864223,1.72088790115983,0.00658781452715216,0.00132873660134436,0.0199999999995271,0.0500000000001819,2.75,NA,NA,NA
2400,215,TRUE,TRUE,TRUE,0.000711660436238776,0.00064098124443403,0.000637736327649309,2.22044604925031e-16,5.55111512312578e-16,1.20348175869367e-13,0.00450700381613278,0.220797192366038,0.000854442046738737,1.58561406813362e-05,0.0532107591361489,2.60678417419406,0.010087746050285,0.00287433785989322,0.00999999999930878,0.0300000000006548,2.73000000000047,NA,NA,NA
2400,216,TRUE,TRUE,TRUE,0.000437723906656102,0.000388337861175209,0.000392950994154781,3.33066907387547e-16,3.33066907387547e-16,9.10382880192628e-14,0.00362127439083512,0.17740548952308,0.000673968603165747,1.31281505417746e-05,0.0411560849990726,2.01622816116682,0.00765970929703533,0.00206353830562378,0.00999999999930878,0.0300000000006548,2.6899999999996,NA,NA,NA
2400,217,TRUE,TRUE,TRUE,0.000582908614744856,0.000582978661004061,0.000579988302020638,3.33066907387547e-16,4.44089209850063e-16,5.41788836017076e-14,0.00399973659663867,0.195946275346018,0.000742235630805913,1.68483792748475e-05,0.0607881317490489,2.97799810404496,0.0112805221604307,0.0039880164744126,0,0.0299999999997453,2.69000000000051,NA,NA,NA
2400,218,TRUE,TRUE,TRUE,0.00056798793163292,0.000577079548400938,0.000575178915741731,2.22044604925031e-16,4.44089209850063e-16,2.09166017839379e-13,0.00516029265001564,0.252801678319455,0.000975655531272141,3.48489157175891e-05,0.0663771924772953,3.25180504255759,0.0125499229177617,0.00389186886351567,0.0100000000002183,0.0499999999992724,2.70000000000073,NA,NA,NA
2400,219,TRUE,TRUE,TRUE,0.000771241922954102,0.000689811151557229,0.000691186814368638,4.44089209850063e-16,2.22044604925031e-16,9.33253474499907e-13,0.0029428128409362,0.144167797376077,0.000541002266416374,1.01644185903638e-05,0.0495801170422503,2.42891976281963,0.00911473380703113,0.00200403758584144,0,0.0500000000001819,2.8100000000004,NA,NA,NA
2400,220,TRUE,TRUE,TRUE,0.000334865648026786,0.000350331938319206,0.000351630874892176,4.44089209850063e-16,3.33066907387547e-16,9.32587340685131e-15,0.00253651690525378,0.124263442836305,0.000475496528331177,5.88704705606347e-06,0.0313911296771852,1.53784500317284,0.00588459440226044,0.00113195097471319,0.0200000000004366,0.0299999999997453,2.47999999999956,NA,NA,NA
2400,221,TRUE,TRUE,TRUE,0.00072081329056567,0.000711745274946411,0.000716275982600701,3.33066907387547e-16,4.44089209850063e-16,2.97539770599542e-14,0.00363113555734463,0.177888586047419,0.000671814497510282,1.03723573126047e-05,0.0461469246726418,2.26072837293248,0.00853787266297127,0.00218127764251008,0.0199999999995271,0.0299999999997453,2.67000000000007,NA,NA,NA
2400,222,TRUE,TRUE,TRUE,0.000305130718002021,0.000265541261077884,0.000266770865082344,2.22044604925031e-16,2.22044604925031e-16,1.11022302462516e-15,0.00201944914421211,0.0989323992963965,0.000378484656382312,4.95361797447913e-06,0.0426245783167019,2.08816934754439,0.00798868786761752,0.00171083784206161,0.0199999999995271,0.0299999999997453,2.84000000000015,NA,NA,NA
2400,223,TRUE,TRUE,TRUE,0.000614240126078352,0.000437453697961381,0.000439089937295872,4.44089209850063e-16,1.11022302462516e-16,5.10702591327572e-15,0.00487061000085689,0.238610184763922,0.000907693760895517,2.81172021985299e-05,0.0633436966306012,3.10319470333254,0.0118048207952473,0.00388399269165518,0.0199999999995271,0.0299999999997453,2.67000000000007,NA,NA,NA
2400,224,TRUE,TRUE,TRUE,0.000633661576742651,0.000556500064647184,0.000566546935931791,2.22044604925031e-16,2.22044604925031e-16,1.92601490311972e-12,0.00431990167972031,0.211631097086135,0.000820287008117183,8.50733630386458e-06,0.0482143255146888,2.36200991606879,0.0091552048535032,0.00230028561529139,0,0.0299999999997453,2.82999999999993,NA,NA,NA
2400,225,TRUE,TRUE,TRUE,0.000730212740885423,0.000498422303475001,0.000499357333239797,4.44089209850063e-16,2.22044604925031e-16,1.86517468137026e-14,0.00889386538919185,0.435708640890395,0.00166783261015153,4.80031569338735e-05,0.0848910535138364,4.158795296724,0.0159192950606778,0.00552766035188057,0.0199999999995271,0.0300000000006548,2.80000000000018,NA,NA,NA
2400,226,TRUE,TRUE,TRUE,0.000581250563258565,0.000582045804932344,0.000582804377094658,4.44089209850063e-16,4.44089209850063e-16,8.88178419700125e-16,0.00201972025789502,0.0989456811001049,0.000380638079339168,5.42333433273257e-06,0.0364881631256497,1.78754762618557,0.00687658811980063,0.00146410380823525,0.0200000000004366,0.0399999999999636,2.55000000000018,NA,NA,NA
2400,227,TRUE,TRUE,TRUE,0.000431631603577746,0.000415551313781693,0.000414404646694874,4.44089209850063e-16,4.44089209850063e-16,2.22044604925031e-15,0.00384060448798927,0.188150425988335,0.000712800193546311,1.56932104431462e-05,0.0409153342219749,2.00443382998546,0.00759371558400294,0.00207506925220002,0.0200000000004366,0.0399999999999636,2.84999999999945,NA,NA,NA
2400,228,TRUE,TRUE,TRUE,0.000824863785700811,0.000725670944090593,0.000727296240160794,2.22044604925031e-16,1.11022302462516e-16,3.41948691584548e-14,0.00192504941360602,0.0943077758595743,0.000355420396139887,5.49091354429265e-06,0.0401634576005937,1.96759954854723,0.00741534835929779,0.00157038838382206,0.0200000000004366,0.0299999999997453,2.78000000000065,NA,NA,NA
2400,229,TRUE,TRUE,TRUE,0.000447509940148905,0.000432832570973216,0.000432864663936964,3.33066907387547e-16,4.44089209850063e-16,9.85878045867139e-14,0.00243338898745687,0.119211227299543,0.00045396309972729,8.96913363845897e-06,0.0438982085792953,2.15056423283081,0.00818947029918093,0.00199003470220305,0,0.0499999999992724,2.63000000000011,NA,NA,NA
2400,230,TRUE,TRUE,TRUE,0.000922573230290738,0.000825948185593909,0.000814085976857322,2.22044604925031e-16,4.44089209850063e-16,2.88657986402541e-15,0.00473626683725693,0.2320287407389,0.000875835882233661,1.79798837898204e-05,0.054946949912157,2.69183980414099,0.0101608528416939,0.00282367598169486,0,0.0500000000001819,2.80000000000018,NA,NA,NA
2400,231,TRUE,TRUE,TRUE,0.000612396476057769,0.000610970999299294,0.000613975557224948,4.44089209850063e-16,2.22044604925031e-16,7.7715611723761e-15,0.00214275510992515,0.104973133261158,0.000399211614195264,3.32817657522355e-06,0.0301997744553329,1.47948075525407,0.00562644823610642,0.00100305047737592,0.0100000000002183,0.0399999999999636,2.77999999999975,NA,NA,NA
2400,232,TRUE,TRUE,TRUE,0.00045121636307479,0.000402416608475429,0.000401406171369432,2.22044604925031e-16,4.44089209850063e-16,2.57571741713036e-14,0.00337434734981415,0.165308584439147,0.000637337472093979,8.70186077150947e-06,0.0408736516685833,2.00239181024575,0.0077201032167419,0.0016518227804454,0.00999999999930878,0.0500000000001819,2.94000000000051,NA,NA,NA
2400,233,TRUE,TRUE,TRUE,0.000681707420831017,0.000695152319334236,0.00069448586430943,2.22044604925031e-16,4.44089209850063e-16,8.88178419700125e-16,0.00358579134697027,0.175667182483287,0.000656838999745172,1.46263723941331e-05,0.0433272467484964,2.12259292986955,0.0079366094293357,0.00231574748337593,0,0.0500000000001819,2.80999999999949,NA,NA,NA
2400,234,TRUE,TRUE,TRUE,0.000358569581131735,0.000307779639057988,0.000310360467095174,4.44089209850063e-16,1.11022302462516e-16,8.43769498715119e-15,0.00345055106535297,0.169041788830633,0.000644309483579351,2.22810504801885e-05,0.0472369128930441,2.31412667224508,0.00882038560669343,0.00301929716725624,0.0200000000004366,0.0299999999997453,2.61999999999989,NA,NA,NA
2400,235,TRUE,TRUE,TRUE,0.000955947243744048,0.000899487353483667,0.000899917779625255,2.22044604925031e-16,8.88178419700125e-16,1.80300219199125e-13,0.00255473778831101,0.125156080159368,0.000485707703434508,1.00219150951375e-05,0.044329799658744,2.17170779127453,0.00842799808437296,0.00174144961550837,0,0.0499999999992724,2.84000000000015,NA,NA,NA
2400,236,TRUE,TRUE,TRUE,0.00064694870719708,0.00061009571041229,0.000617262267079877,3.33066907387547e-16,3.33066907387547e-16,3.19744231092045e-14,0.00356381704809179,0.174590666089133,0.000664209308775153,1.50331302677387e-05,0.0390296687103887,1.91205546340646,0.00727418633617323,0.00179082165053757,0.0199999999995271,0.0299999999997453,2.91000000000076,NA,NA,NA
2400,237,TRUE,TRUE,TRUE,0.000601297878054093,0.00051863390782275,0.000519421867398791,2.22044604925031e-16,4.44089209850063e-16,1.11022302462516e-15,0.00182852886996245,0.0895792542271187,0.000336807496807624,3.99723084143488e-06,0.0391694645608109,1.91890403344031,0.0072148542616626,0.00142322061324052,0.0100000000002183,0.0399999999999636,2.97000000000025,NA,NA,NA
2400,238,TRUE,TRUE,TRUE,0.000532973722112381,0.000451501613389655,0.000454640204249351,4.44089209850063e-16,3.33066907387547e-16,2.28705943072782e-14,0.00425301812925049,0.208354485669399,0.000797340420594166,2.61754551118543e-05,0.079447895594839,3.89213610690534,0.0148946034471934,0.00535173791486443,0,0.0399999999999636,2.57999999999993,NA,NA,NA
2400,239,TRUE,TRUE,TRUE,0.000478394790815941,0.00047500695773642,0.00047446012399681,2.22044604925031e-16,2.22044604925031e-16,9.32587340685131e-15,0.00165677447248885,0.0811650415293292,0.000316091001955951,4.23658465464882e-06,0.0278396719479824,1.36385981758063,0.00531144699914607,0.00110296513979335,0.0200000000004366,0.0299999999997453,2.72000000000025,NA,NA,NA
2400,240,TRUE,TRUE,TRUE,0.000657341317871093,0.000610976588925025,0.000608838465372871,2.22044604925031e-16,4.44089209850063e-16,1.99840144432528e-15,0.00199176871403149,0.0975763407003315,0.000370842062802417,4.67825052652415e-06,0.0457160161099442,2.23961825084437,0.0085117421505257,0.0019549050205967,0,0.0399999999999636,2.63000000000011,NA,NA,NA
2400,241,TRUE,TRUE,TRUE,0.000354945060812912,0.000348712515232047,0.000348898982541968,2.22044604925031e-16,1.11022302462516e-16,1.19904086659517e-14,0.0023200872207884,0.11366059699367,0.000428956102704426,3.46861585498459e-06,0.0364349127813239,1.78493890274105,0.00673637527460774,0.00123098357076756,0,0.0499999999992724,2.72000000000025,NA,NA,NA
2400,242,TRUE,TRUE,TRUE,0.000478775095454355,0.000399527140236965,0.000402966639105161,2.22044604925031e-16,4.44089209850063e-16,3.33066907387547e-15,0.00498217517777835,0.244075739894341,0.000934525416120974,2.05545478664249e-05,0.0568225999370439,2.78372751408122,0.0106584296931367,0.00266064097711904,0,0.0299999999997453,2.67000000000007,NA,NA,NA
2400,243,TRUE,TRUE,TRUE,0.000357659593738986,0.000353137751807541,0.000354040437928591,4.44089209850063e-16,2.22044604925031e-16,2.22044604925031e-15,0.00315315180459811,0.154472260056027,0.000587484836068642,1.03351491098636e-05,0.0493339485105648,2.41686001695244,0.00919173844122677,0.00239260097611904,0.0200000000004366,0.0299999999997453,2.71000000000004,NA,NA,NA
2400,244,TRUE,TRUE,TRUE,0.00060939054259753,0.000571518173869695,0.000572744378274432,2.22044604925031e-16,4.44089209850063e-16,2.70894418008538e-14,0.00307779515728105,0.150780553362953,0.000569583830891858,1.60553300219135e-05,0.0475041688817149,2.32721948830401,0.00879123044656548,0.0027850564181584,0.0100000000002183,0.0399999999999636,2.84000000000015,NA,NA,NA
2400,245,TRUE,TRUE,TRUE,0.00052613220272073,0.000401715836919283,0.000408388442229363,4.44089209850063e-16,4.44089209850063e-16,5.81756864903582e-14,0.00588480471720363,0.288295375861447,0.00109316834521955,2.14375001661438e-05,0.077264677158179,3.78518068356826,0.0143527786106495,0.00520633166712514,0,0.0299999999997453,2.80999999999949,NA,NA,NA
2400,246,TRUE,TRUE,TRUE,0.000396276573500625,0.000366053868510902,0.000368283662194429,2.22044604925031e-16,2.22044604925031e-16,3.61932706027801e-14,0.00253622596557381,0.124249189761068,0.000472588745511583,6.37091813970869e-06,0.045891643943774,2.24822222239464,0.00855123902019731,0.00198977333722183,0.0199999999995271,0.0300000000006548,2.82999999999993,NA,NA,NA
2400,247,TRUE,TRUE,TRUE,0.000407692797908587,0.000422823115490032,0.000427464343417696,2.22044604925031e-16,4.44089209850063e-16,2.22044604925031e-15,0.00332111659773132,0.162700820814597,0.000620831819040685,1.16369998401922e-05,0.0610718855310587,2.99189914361513,0.0114164524703505,0.00324159086379439,0,0.0499999999992724,2.6200000000008,NA,NA,NA
2400,248,TRUE,TRUE,TRUE,0.00069593710773992,0.00056395643928667,0.000556663477755818,4.44089209850063e-16,4.44089209850063e-16,7.75379760398209e-13,0.00687046611963124,0.336582725763521,0.00127520234112493,3.49806263351127e-05,0.0775727738478187,3.80027427718942,0.0143980016924387,0.0047909112487865,0,0.0399999999999636,2.79999999999927,NA,NA,NA
2400,249,TRUE,TRUE,TRUE,0.000465951757307308,0.000390938221972534,0.000393256171724181,4.44089209850063e-16,4.44089209850063e-16,2.90878432451791e-14,0.00329005914437666,0.161179322546013,0.000620045858028588,1.06858376405228e-05,0.0436019450095609,2.13605034132631,0.00821723993970649,0.00199136869119343,0.0199999999995271,0.0399999999999636,2.75,NA,NA,NA
2400,250,TRUE,TRUE,TRUE,0.000425370856687577,0.000459052414774296,0.000459760687760534,2.22044604925031e-16,2.22044604925031e-16,3.99680288865056e-15,0.00126337812719387,0.0618926352763599,0.000233732405499789,2.2233508509828e-06,0.0279719512706701,1.37034015446274,0.005174975976146,0.000812580974297816,0,0.0499999999992724,2.97000000000025,NA,NA,NA
2400,251,TRUE,TRUE,TRUE,0.000381595105234957,0.00041791796703266,0.000419188716705597,2.22044604925031e-16,4.44089209850063e-16,1.22124532708767e-14,0.00243353435346157,0.119218348750292,0.000461081254849376,1.16106067125088e-05,0.0270524669011429,1.32529480382662,0.00512562535548655,0.00132845926132319,0,0.0500000000001819,2.65000000000055,NA,NA,NA
2400,252,TRUE,TRUE,TRUE,0.0013690928833895,0.00138083757334688,0.00138062717130876,4.44089209850063e-16,1.11022302462516e-16,2.77444733853827e-12,0.00401804704229863,0.196843300322615,0.00078042619824361,1.20684361881729e-05,0.0376074961153531,1.84238351972631,0.00730451259275848,0.00163763500910008,0.00999999999930878,0.0300000000006548,2.67000000000007,NA,NA,NA
2400,253,TRUE,TRUE,TRUE,0.000458226295510408,0.000410680607369733,0.00040469994609633,4.44089209850063e-16,4.44089209850063e-16,2.33946195749013e-12,0.00490600434595593,0.240344146469375,0.000910134165474894,2.38533901004701e-05,0.0621989884098747,3.04711568242956,0.0115388043747796,0.00381845734078468,0.00999999999930878,0.0500000000001819,2.69000000000051,NA,NA,NA
2400,254,TRUE,TRUE,TRUE,0.000667300004654063,0.000590020075120842,0.000591983659321276,4.44089209850063e-16,2.22044604925031e-16,6.21724893790088e-15,0.00332283401135192,0.162784956555552,0.000621773924945158,1.22549956458329e-05,0.0553398641869985,2.71108859386134,0.0103552824016877,0.00332517235865026,0,0.0399999999999636,2.76999999999953,NA,NA,NA
2400,255,TRUE,TRUE,TRUE,0.000444691818682792,0.000472972757074039,0.000474610932816017,4.44089209850063e-16,2.22044604925031e-16,2.17603712826531e-14,0.00266846339056847,0.130727474083798,0.000493718675059722,4.86286992895657e-06,0.0273757042007944,1.34113013282624,0.00506504846744918,0.000925692474563533,0.0199999999995271,0.0300000000006548,2.80999999999949,NA,NA,NA
2400,256,TRUE,TRUE,TRUE,0.000602191568420321,0.000527574577257144,0.000526466043999388,3.33066907387547e-16,2.22044604925031e-16,2.64091326585003e-09,0.00417404765660574,0.204485738414879,0.000784754724059838,1.70701401671636e-05,0.0584225871207332,2.86211055798185,0.010983918969453,0.00319611113496165,0,0.0500000000001819,2.82999999999993,NA,NA,NA
2400,257,TRUE,TRUE,TRUE,0.000606307718134614,0.000591617236584766,0.000597409639783521,2.22044604925031e-16,3.33066907387547e-16,3.10862446895044e-15,0.00357132434757788,0.174958447150877,0.00067515620394198,1.46633543671726e-05,0.059203418572088,2.90036333060057,0.0111923621192873,0.00322915194115581,0,0.0300000000006548,2.6299999999992,NA,NA,NA
2400,258,TRUE,TRUE,TRUE,0.000435466197372372,0.000397496427276329,0.000394187236520011,2.22044604925031e-16,2.22044604925031e-16,8.88178419700125e-16,0.00537093439042535,0.263120973970166,0.000994930945271336,2.05630303682369e-05,0.048175310171701,2.3600985624196,0.00892416540654752,0.00261759579495191,0.0199999999995271,0.0300000000006548,2.83999999999924,NA,NA,NA
2400,259,TRUE,TRUE,TRUE,0.000475757701790246,0.00039339408105428,0.000387332729928259,2.22044604925031e-16,3.33066907387547e-16,3.77475828372553e-15,0.0040103652156084,0.196466969208945,0.000744950554763368,1.69321243674858e-05,0.0565913183395411,2.77239707606567,0.0105121932106714,0.00285018097928713,0.0199999999995271,0.0500000000001819,2.77999999999975,NA,NA,NA
2400,260,TRUE,TRUE,TRUE,0.000646477908925019,0.000568424936651009,0.00058639614047257,2.22044604925031e-16,2.22044604925031e-16,1.33226762955019e-15,0.00633297064838895,0.310250932891514,0.00117865839593127,3.26259513556693e-05,0.0890389621757132,4.36200049114938,0.0165714521920465,0.00621674947401729,0,0.0399999999999636,2.6200000000008,NA,NA,NA
2400,261,TRUE,TRUE,TRUE,0.000836755415728351,0.000839544883503988,0.000838645126548415,2.22044604925031e-16,2.22044604925031e-16,3.10862446895044e-15,0.00293476810105292,0.143773687219528,0.000560796441425524,9.51108765789854e-06,0.0443070959686687,2.17059554215528,0.00846651622668722,0.00206745213684556,0.00999999999930878,0.0300000000006548,2.5,NA,NA,NA
2400,262,TRUE,TRUE,TRUE,0.000374701967160317,0.000402031705890421,0.000403608020705676,0,4.44089209850063e-16,1.68753899743024e-14,0.00234030881273953,0.114651248635011,0.000434500340638234,6.88724774988714e-06,0.0456706400627511,2.23739528760103,0.00847918383950473,0.00182703060999501,0.0199999999995271,0.0300000000006548,2.75,NA,NA,NA
2400,263,TRUE,TRUE,TRUE,0.000560741837483017,0.000527299865650298,0.000531642838755663,1.11022302462516e-16,6.66133814775094e-16,9.65112678663615e-09,0.00361550283548909,0.17712274221068,0.000683931543448608,8.61778558203241e-06,0.0546891328550823,2.67920939940461,0.0103453446851972,0.00248052974038515,0,0.0500000000001819,2.73000000000047,NA,NA,NA
2400,264,TRUE,TRUE,TRUE,0.00082838920102488,0.000644046100251132,0.00065111204565478,2.22044604925031e-16,2.22044604925031e-16,1.70485847661439e-12,0.00518435606720169,0.253980540190926,0.000980192345217198,2.81277092071264e-05,0.0694104081952498,3.40040165833316,0.0131232403618658,0.00474693352567712,0,0.0500000000001819,2.57999999999993,NA,NA,NA
2400,265,TRUE,TRUE,TRUE,0.000621431500187277,0.000482905262857143,0.000485745773013494,0,5.55111512312578e-16,1.70974345792274e-14,0.00253883068406707,0.12437679438571,0.000475216594245637,6.70407207792323e-06,0.0512072310565769,2.50863174458826,0.00958493455123729,0.00236730459151602,0.00999999999930878,0.0500000000001819,2.69999999999982,NA,NA,NA
2400,266,TRUE,TRUE,TRUE,0.000823032819985287,0.000602396852685489,0.000599823572700052,4.44089209850063e-16,4.44089209850063e-16,3.77475828372553e-15,0.00432876125832584,0.212065126024527,0.000813093315831227,1.99755254826073e-05,0.0675575281872473,3.30962944684895,0.0126896752500449,0.00423237829593859,0.0199999999995271,0.0299999999997453,2.78999999999996,NA,NA,NA
2400,267,TRUE,TRUE,TRUE,0.000526198377436408,0.000500459295596728,0.000504249627937517,2.22044604925031e-16,2.22044604925031e-16,8.88178419700125e-16,0.00413077584538431,0.202365861260107,0.000762946255607226,2.27406523833906e-05,0.0651004304798682,3.18925673422413,0.0120239227525581,0.00403698687469145,0,0.0500000000001819,2.75999999999931,NA,NA,NA
2400,268,TRUE,TRUE,TRUE,0.000425111412732791,0.000406299332351301,0.000406817970254889,2.22044604925031e-16,4.44089209850063e-16,4.44089209850063e-16,0.002570790602962,0.125942504255976,0.000474371317754467,7.35554062103461e-06,0.0465692311395756,2.28141708011379,0.00859311820925437,0.00208595379024601,0,0.0499999999992724,2.64000000000033,NA,NA,NA
2400,269,TRUE,TRUE,TRUE,0.000710843805250394,0.000676598106860809,0.000680199208284091,2.22044604925031e-16,4.44089209850063e-16,4.35340652416016e-12,0.00333878630072777,0.163566455939553,0.000619811194655331,1.1432726548577e-05,0.0494216692121677,2.42115743612856,0.00917462247571136,0.00242366893791157,0,0.0500000000001819,2.89000000000033,NA,NA,NA
2400,270,TRUE,TRUE,TRUE,0.000767101258186064,0.000797087231701872,0.000795062581715496,4.44089209850063e-16,4.44089209850063e-16,1.99840144432528e-15,0.00548900490874045,0.268905224440925,0.0010054201733367,2.94889150360689e-05,0.0604836758858283,2.96308287376317,0.0110787854819253,0.00369018039852875,0,0.0500000000001819,2.80000000000018,NA,NA,NA
2400,271,TRUE,TRUE,TRUE,0.000459208729674794,0.000402025971796795,0.000403121321008276,4.44089209850063e-16,2.22044604925031e-16,2.08721928629529e-14,0.00442712252331617,0.216883824218147,0.000837011696362009,1.26575825873942e-05,0.0542349859778154,2.65696083705297,0.0102539103845396,0.00285502158913786,0.0100000000002183,0.0299999999997453,2.75,NA,NA,NA
2400,272,TRUE,TRUE,TRUE,0.000469355583315749,0.000488129278630876,0.00049209746824721,4.44089209850063e-16,2.22044604925031e-16,1.15241149956091e-13,0.00297766890656219,0.14587538888057,0.00056357614239303,4.93588967387382e-06,0.0358411194664397,1.75584909005821,0.00678356139711463,0.00145172353646572,0.0199999999995271,0.0399999999999636,2.69000000000051,NA,NA,NA
2400,273,TRUE,TRUE,TRUE,0.00070571565842438,0.000595782248488033,0.000591504837542145,6.66133814775094e-16,4.44089209850063e-16,2.67592303870856e-09,0.00731730128349514,0.358473088775511,0.00136521768869798,4.51216327519433e-05,0.075103285978642,3.67929457307991,0.0140123155416132,0.00502866677154401,0.0200000000004366,0.0299999999997453,3.01000000000022,NA,NA,NA
2400,274,TRUE,TRUE,TRUE,0.000568586215751173,0.000540985545164059,0.000546007649042519,2.22044604925031e-16,2.22044604925031e-16,1.64313007644523e-14,0.00444986511701072,0.217997979217729,0.000843835838556304,2.73554914791418e-05,0.0674941643065006,3.30652526332991,0.0127990384511908,0.00390429795570313,0.00999999999930878,0.0300000000006548,2.65999999999985,NA,NA,NA
2400,275,TRUE,TRUE,TRUE,0.000530888270882596,0.000486088493488998,0.000486027933021341,4.44089209850063e-16,4.44089209850063e-16,3.566036355096e-13,0.00219503027004467,0.10753408263146,0.000406512725461672,4.68810607046066e-06,0.0368106099513482,1.8033442300284,0.00681720957630557,0.0010070507556037,0.0200000000004366,0.0399999999999636,2.71999999999935,NA,NA,NA
2400,276,TRUE,TRUE,TRUE,0.000581261944616274,0.000559187555104993,0.000561688056925168,4.44089209850063e-16,2.22044604925031e-16,1.33226762955019e-15,0.00384409733375272,0.188321539785749,0.000719522910382535,1.85000781129929e-05,0.0441702360451169,2.16389080257651,0.00826760980072272,0.00221920295017597,0.0199999999995271,0.0299999999997453,2.64000000000033,NA,NA,NA
2400,277,TRUE,TRUE,TRUE,0.000709508610327804,0.000577721174988156,0.000574755505486079,4.44089209850063e-16,4.44089209850063e-16,1.6020518245341e-12,0.00261841830694513,0.128275775703556,0.00048745174804337,1.01539595434019e-05,0.0545174454025287,2.67079846632472,0.0101491132986027,0.00288292933331391,0.0200000000004366,0.0299999999997453,2.78999999999996,NA,NA,NA
2400,278,TRUE,TRUE,TRUE,0.000773040587292821,0.000608996664157132,0.000611043168942701,4.44089209850063e-16,4.44089209850063e-16,4.9293902293357e-14,0.00858077408137558,0.420370361949385,0.00160496180084205,8.05478497838408e-05,0.0920960598410314,4.51176707862704,0.0172257953246596,0.00739208257017054,0.0100000000002183,0.0500000000001819,2.92000000000007,NA,NA,NA
2400,279,TRUE,TRUE,TRUE,0.000609371562433061,0.000504088685860441,0.000498768232864075,3.33066907387547e-16,4.44089209850063e-16,2.8554936193359e-13,0.00406150497468755,0.1989722955152,0.000761893338253001,1.59819089375901e-05,0.0703521736030486,3.44653855246338,0.0131972883780365,0.00422360533453769,0.0200000000004366,0.0299999999997453,2.77999999999975,NA,NA,NA
2400,280,TRUE,TRUE,TRUE,0.000602273679646384,0.000593146730651787,0.000595074522916394,1.11022302462516e-16,4.44089209850063e-16,6.66133814775094e-16,0.00317494322753436,0.155539817395287,0.000601698739449355,1.45391498485026e-05,0.0536937763373862,2.63044708779443,0.01017576543048,0.00299814758297146,0.0200000000004366,0.0299999999997453,2.82999999999993,NA,NA,NA
2400,281,TRUE,TRUE,TRUE,0.00066724949513229,0.000689583777402175,0.000696559332013612,4.44089209850063e-16,4.44089209850063e-16,1.89825932750409e-12,0.0035761268138815,0.175193718989892,0.000671071023006959,7.52829402017596e-06,0.0355718400639096,1.74265714736941,0.00667516347833821,0.00109708274171894,0.00999999999930878,0.0300000000006548,2.67999999999938,NA,NA,NA
2400,282,TRUE,TRUE,TRUE,0.000482867372247644,0.000432243222731419,0.000435221737438392,2.22044604925031e-16,4.44089209850063e-16,1.97619698383278e-13,0.00309438317045285,0.151593196725303,0.000580030155143707,8.58246474777502e-06,0.0500335183265754,2.45113179872601,0.00937858946314716,0.00228769906136961,0,0.0300000000006548,2.65999999999985,NA,NA,NA
2400,283,TRUE,TRUE,TRUE,0.000366055411186523,0.000350377824971002,0.000349752974658845,2.22044604925031e-16,4.44089209850063e-16,1.01918473660589e-12,0.00214916329109363,0.105287068742,0.000404016570516635,6.45893075201798e-06,0.0407098104528729,1.99436526269919,0.00765294944023655,0.00153959995985176,0.0200000000004366,0.0299999999997453,2.69999999999982,NA,NA,NA
2400,284,TRUE,TRUE,TRUE,0.000389784576288009,0.000326951718215818,0.000332300617204218,4.44089209850063e-16,2.22044604925031e-16,6.3504757008559e-14,0.00470851012127638,0.230668944917145,0.000879173282938912,2.25456359785881e-05,0.0624311376489241,3.05848862602649,0.011657145642821,0.00362890229003199,0.0200000000004366,0.0299999999997453,2.8100000000004,NA,NA,NA
2400,285,TRUE,TRUE,TRUE,0.00056115817031614,0.000535684592900919,0.000535218384328438,2.22044604925031e-16,2.22044604925031e-16,3.5527136788005e-15,0.00196963626560705,0.0964920765923647,0.000366979431698491,4.4114409938345e-06,0.0285154526802547,1.39696617702206,0.00531295285426716,0.00112092563147215,0,0.0500000000001819,2.6899999999996,NA,NA,NA
2400,286,TRUE,TRUE,TRUE,0.000548052620404535,0.000513750287929195,0.000510630978698877,4.44089209850063e-16,3.33066907387547e-16,1.02451380712409e-12,0.00530559785768614,0.259920150634692,0.00100804198622213,3.22163522881169e-05,0.0483487704748352,2.36859634708574,0.00918606949266712,0.00291912947477257,0.0200000000004366,0.0299999999997453,2.65000000000055,NA,NA,NA
2400,287,TRUE,TRUE,TRUE,0.000842057155821428,0.000757519424619634,0.000760509979828874,4.44089209850063e-16,4.44089209850063e-16,2.51287879393658e-12,0.00266233894691232,0.130427438845478,0.000506441402262881,9.64483242071879e-06,0.0499005171513737,2.44461609843732,0.00949228794068233,0.00236892957196488,0,0.0300000000006548,2.88999999999942,NA,NA,NA
2400,288,TRUE,TRUE,TRUE,0.000510761968824032,0.000519901478588971,0.000518269600190197,2.22044604925031e-16,2.22044604925031e-16,6.74452360627242e-09,0.00174173938744391,0.0853274552829061,0.000329282144439064,4.12509719183163e-06,0.0258641700295359,1.26708038385897,0.00488971509334742,0.000908479106403348,0,0.0500000000001819,2.53999999999996,NA,NA,NA
2400,289,TRUE,TRUE,TRUE,0.000389002638304201,0.000395418613640198,0.000395173402832191,2.22044604925031e-16,5.55111512312578e-16,2.44249065417534e-15,0.0032374538137897,0.158602198192243,0.00059664045333877,4.51603864348726e-06,0.0284393070564458,1.3932358185325,0.00524116853266729,0.00102178907401296,0.0200000000004366,0.0500000000001819,2.60999999999967,NA,NA,NA
2400,290,TRUE,TRUE,TRUE,0.000715792489632594,0.000544109900132459,0.000542211496341499,2.22044604925031e-16,2.22044604925031e-16,4.48530101948563e-14,0.00453482625413208,0.222160207896008,0.000846894707594656,2.18549956834124e-05,0.0661765315524807,3.24197470501538,0.0123586993631122,0.00404322097398691,0.0100000000002183,0.0299999999997453,2.75,NA,NA,NA
2400,291,TRUE,TRUE,TRUE,0.000872181268912949,0.000805675619638661,0.000802333497011707,2.22044604925031e-16,2.22044604925031e-16,1.11022302462516e-14,0.00332761680800304,0.163019264782327,0.00063721825998543,1.06253668334944e-05,0.0426883901579558,2.09129547655678,0.00817456554270623,0.00173051437825222,0,0.0299999999997453,2.85999999999967,NA,NA,NA
2400,292,TRUE,TRUE,TRUE,0.00068441880862929,0.000622136068993435,0.000629162629384207,4.44089209850063e-16,0,1.4210854715202e-14,0.00527628092707825,0.258483920218414,0.000989844593282336,2.51048314297009e-05,0.0534167351463841,2.61687489668067,0.0100211241983133,0.00328096327956118,0.00999999999930878,0.0500000000001819,2.63000000000011,NA,NA,NA
2400,293,TRUE,TRUE,TRUE,0.000498347094438794,0.000411274356853513,0.000415312982451531,3.33066907387547e-16,3.33066907387547e-16,1.77635683940025e-15,0.00523242766014771,0.256335557667736,0.000988589140526128,3.33087442108138e-05,0.0715051976391121,3.50302496345378,0.0135098402631725,0.00494478649346419,0,0.0399999999999636,2.5,NA,NA,NA
2400,294,TRUE,TRUE,TRUE,0.000503229773249294,0.00037297441293348,0.000373777083978285,2.22044604925031e-16,2.22044604925031e-16,3.68594044175552e-14,0.00461528361854646,0.226101797673296,0.000874593203184654,2.14428555374013e-05,0.0761587117709958,3.7309996661327,0.0144320256745542,0.00451428775168239,0.0199999999995271,0.0299999999997453,2.67000000000007,NA,NA,NA
2400,295,TRUE,TRUE,TRUE,0.000356436806213494,0.000363609412120698,0.000367421962797727,2.22044604925031e-16,2.22044604925031e-16,9.76996261670138e-15,0.00424513176138654,0.207968134125588,0.000794698804602584,1.55075735506216e-05,0.0601549934884197,2.94698079054146,0.0112611584523608,0.00334657109522141,0,0.0299999999997453,2.61000000000058,NA,NA,NA
2400,296,TRUE,TRUE,TRUE,0.000573877537405105,0.000558838087656427,0.000566027478601309,4.44089209850063e-16,2.22044604925031e-16,5.77315972805081e-15,0.00420910608187376,0.206203243476721,0.00078114309563114,9.71745389222178e-06,0.0519864693081484,2.54680646667644,0.00964786127419781,0.0024459483139303,0,0.0500000000001819,2.61999999999989,NA,NA,NA
2400,297,TRUE,TRUE,TRUE,0.000623204012498493,0.000468706201618373,0.000472583202313712,2.22044604925031e-16,2.22044604925031e-16,8.88178419700125e-16,0.00489442237391555,0.239776748035092,0.000919741290237518,1.54315340950006e-05,0.0735917916663003,3.60524677679278,0.0138290903904775,0.00455794507530527,0,0.0299999999997453,2.67000000000007,NA,NA,NA
2400,298,TRUE,TRUE,TRUE,0.000640451435412165,0.000563696301491455,0.000570056726996849,5.55111512312578e-16,4.44089209850063e-16,2.44249065417534e-15,0.0051390117223731,0.251759130039908,0.00094324468977348,1.83818793288992e-05,0.068506593090148,3.35612394174677,0.0125741063919806,0.00377483610673579,0,0.0399999999999636,2.57999999999993,NA,NA,NA
2400,299,TRUE,TRUE,TRUE,0.000461041796878407,0.00035791258307278,0.000358844788964649,2.22044604925031e-16,4.44089209850063e-16,2.44249065417534e-15,0.00383628924075313,0.187939022911485,0.000723633153143453,1.74198827842531e-05,0.0564702295649568,2.76646496183946,0.0106518898118334,0.00302041154131061,0,0.0500000000001819,2.69000000000051,NA,NA,NA
2400,300,TRUE,TRUE,TRUE,0.000428795545600755,0.000400590011138824,0.000402568021501736,3.33066907387547e-16,2.22044604925031e-16,1.33226762955019e-15,0.00262995753521022,0.128841080129055,0.000494476948963284,8.90032117695227e-06,0.0425772001349527,2.08584830013987,0.00800524104905279,0.00196243927448947,0,0.0499999999992724,2.72000000000025,NA,NA,NA
2400,301,TRUE,TRUE,TRUE,0.000368246056507426,0.00036750325094849,0.000363468004233894,5.55111512312578e-16,5.55111512312578e-16,1.50990331349021e-14,0.00395900955248967,0.193951065808081,0.000748103732294617,1.67822082772773e-05,0.0543337133902338,2.66179747273398,0.0102670259411469,0.00319178178558488,0.0200000000004366,0.0399999999999636,2.97000000000025,NA,NA,NA
2400,302,TRUE,TRUE,TRUE,0.000590082006464764,0.000402933180143079,0.000395114550734374,4.44089209850063e-16,2.22044604925031e-16,2.37809771874709e-13,0.00675108759818792,0.330734396487841,0.00125635191265706,4.80316389150914e-05,0.0868126646760812,4.25293463335473,0.0161555091268444,0.0073401660064043,0,0.0299999999997453,2.80999999999949,NA,NA,NA
2400,303,TRUE,TRUE,TRUE,0.000917411390734887,0.000833656641046525,0.000839855924768182,2.22044604925031e-16,4.44089209850063e-16,4.44089209850063e-16,0.00386539128075395,0.189364725881007,0.000703902595862947,1.23518366592634e-05,0.0554997626102625,2.71892198481479,0.0101067198981008,0.00341089407332618,0,0.0500000000001819,2.81999999999971,NA,NA,NA
2400,304,TRUE,TRUE,TRUE,0.000725936695681183,0.000669060538507404,0.000665770355123533,2.22044604925031e-16,2.22044604925031e-16,7.16005033041256e-12,0.00675266151169727,0.330811502187784,0.00123212534116009,3.73902995320918e-05,0.0708368560137514,3.47028304433386,0.0129252569866654,0.00444007084053766,0.0199999999995271,0.0500000000001819,2.53999999999996,NA,NA,NA
2400,305,TRUE,TRUE,TRUE,0.000521912136324878,0.000483301796575514,0.000483530539083149,4.44089209850063e-16,5.55111512312578e-16,1.33226762955019e-15,0.00319508482470787,0.156526550108882,0.000598640714693227,1.01966494057137e-05,0.0579920651203551,2.84101937350248,0.0108655679629287,0.00296724326415543,0,0.0500000000001819,2.83999999999924,NA,NA,NA
2400,306,TRUE,TRUE,TRUE,0.000438396224560935,0.000410789602375801,0.000412335117978626,4.44089209850063e-16,2.22044604925031e-16,1.77635683940025e-15,0.00319504483949127,0.156524591241324,0.000595743938222437,8.43815140427751e-06,0.033980304946744,1.66468816847388,0.00633592381576589,0.00139913687925031,0.0199999999995271,0.0500000000001819,2.69999999999982,NA,NA,NA
2400,307,TRUE,TRUE,TRUE,0.000431811226676146,0.000315815764474982,0.000308362486044476,6.66133814775094e-16,4.44089209850063e-16,7.54951656745106e-15,0.00582953673838398,0.285587808916985,0.0010826888122199,4.0409531379737e-05,0.0601351836144681,2.94601030888045,0.011168587392456,0.00330132652495507,0.0200000000004366,0.0299999999997453,2.84000000000015,NA,NA,NA
2400,308,TRUE,TRUE,TRUE,0.000729863219511283,0.000659382587066443,0.000670429530712567,2.22044604925031e-16,4.44089209850063e-16,2.17603712826531e-14,0.00663974708319043,0.32527984749899,0.00123185881667211,2.04597283897101e-05,0.0492407524657415,2.41229436183519,0.00913553698725322,0.0024565842712363,0.0200000000004366,0.0299999999997453,2.75,NA,NA,NA
2400,309,TRUE,TRUE,TRUE,0.000466504043225409,0.000356871458348609,0.000359529073330365,4.44089209850063e-16,2.22044604925031e-16,7.32747196252603e-15,0.00535358908365553,0.262271230949804,0.00100223093881176,3.12874751813297e-05,0.0789449393523768,3.86749638376574,0.0147790686668736,0.00527555037857397,0,0.0500000000001819,2.65000000000055,NA,NA,NA
2400,310,TRUE,TRUE,TRUE,0.000689563532934389,0.000671169432940341,0.000674808444223117,3.33066907387547e-16,2.22044604925031e-16,1.49658063719471e-13,0.00164203909216122,0.0804431582699581,0.000313102063483872,3.99986064891777e-06,0.0291549876953246,1.42829686621335,0.00555923841998081,0.00110230227025099,0.0199999999995271,0.0300000000006548,2.55000000000018,NA,NA,NA
2400,311,TRUE,TRUE,TRUE,0.000719289844186735,0.000733289690137046,0.000728892238767138,1.11022302462516e-16,2.22044604925031e-16,8.88178419700125e-16,0.00223838930834526,0.109658233022945,0.000413863421512752,3.26287688778848e-06,0.0296186755795128,1.45101284053678,0.00547629778712407,0.00114822630967737,0,0.0500000000001819,2.92999999999938,NA,NA,NA
2400,312,TRUE,TRUE,TRUE,0.000572288811037214,0.00036253297290109,0.000363909145943022,3.33066907387547e-16,4.44089209850063e-16,1.75415237890775e-14,0.015081594916867,0.738844241073535,0.00281494143883042,0.000178470954303123,0.122326605763297,5.99275532173353,0.0228319507010142,0.0119785233960386,0.0199999999995271,0.0299999999997453,2.74000000000069,NA,NA,NA
2400,313,TRUE,TRUE,TRUE,0.000304960924421966,0.000284049730277476,0.000281482802544404,2.22044604925031e-16,2.22044604925031e-16,1.19659837594099e-12,0.00445760471591909,0.218377140580515,0.000827802805517256,1.71472205217071e-05,0.052587551108212,2.57625334075303,0.00976581036609127,0.00254133374212628,0,0.0299999999997453,2.63000000000011,NA,NA,NA
2400,314,TRUE,TRUE,TRUE,0.000709815564801478,0.000553696763938667,0.000555366861726399,2.22044604925031e-16,6.66133814775094e-16,1.33226762955019e-15,0.00630633208230398,0.308945915003762,0.00115839784318547,2.67122368633466e-05,0.0791271860700862,3.87642461307944,0.0145347185153997,0.00542549701803807,0.0200000000004366,0.0299999999997453,2.63000000000011,NA,NA,NA
2400,315,TRUE,TRUE,TRUE,0.000651591256752072,0.000559019820400007,0.00054837607902995,4.44089209850063e-16,2.22044604925031e-16,1.19904086659517e-14,0.00930512800129653,0.455856311889208,0.00171867250147518,4.04341260846763e-05,0.0851402467699997,4.17100322322286,0.0157255441163218,0.00607527856728751,0,0.0399999999999636,2.69999999999982,NA,NA,NA
2400,316,TRUE,TRUE,TRUE,0.000544243791935434,0.000525267566958465,0.000527515229610917,4.44089209850063e-16,3.33066907387547e-16,1.31006316905768e-14,0.00167828823812713,0.0822189964945211,0.000317166997347122,3.6332635922065e-06,0.0414519637430219,2.03072320013505,0.00783369303069627,0.00188385092859988,0,0.0399999999999636,2.56999999999971,NA,NA,NA
2400,317,TRUE,TRUE,TRUE,0.000307255947708034,0.000322351005867782,0.000325611561122097,3.33066907387547e-16,2.22044604925031e-16,2.44249065417534e-15,0.00188224748918923,0.0922109183629684,0.000351984545202392,3.71659939446545e-06,0.0243851866459138,1.19462529130038,0.00456008515380438,0.00089132009345505,0,0.0500000000001819,2.82999999999993,NA,NA,NA
2400,318,TRUE,TRUE,TRUE,0.000626902750492529,0.000659293707367851,0.000660882541647748,2.22044604925031e-16,4.44089209850063e-16,6.12843109593086e-14,0.00268184007944125,0.131382795327524,0.000496350654383775,6.05980667955919e-06,0.0390866102617312,1.91484501832548,0.00723408704709039,0.00180264667329411,0,0.0500000000001819,2.82999999999993,NA,NA,NA
2400,319,TRUE,TRUE,TRUE,0.000498459846155153,0.000518778070082328,0.000519210052823385,4.44089209850063e-16,2.22044604925031e-16,2.22044604925031e-15,0.00443606172743923,0.217321753994309,0.000834430488945029,2.82058756653214e-05,0.0535551054990955,2.62365363187411,0.0100738032094313,0.00318928812712471,0.0200000000004366,0.0299999999997453,2.69999999999982,NA,NA,NA
2400,320,TRUE,TRUE,TRUE,0.0008366480575416,0.000797430837377579,0.000797959128765031,4.44089209850063e-16,4.44089209850063e-16,3.574918139293e-14,0.00366551565295257,0.17957285987837,0.000704123009641953,1.47374412264867e-05,0.0505244010616751,2.47518004321673,0.00970542665866063,0.00268233986374966,0.0200000000004366,0.0299999999997453,2.89000000000033,NA,NA,NA
2400,321,TRUE,TRUE,TRUE,0.000393496779045282,0.000365032797601236,0.000380744710864986,2.22044604925031e-16,2.22044604925031e-16,1.99840144432528e-15,0.00682295434954923,0.334255133893974,0.00127712101498471,2.62486550148822e-05,0.0691469953458562,3.38749711687902,0.0129429388436517,0.00497514769259411,0,0.0399999999999636,2.5,NA,NA,NA
2400,322,TRUE,TRUE,TRUE,0.000478234459226432,0.000402424595790769,0.000404738011796078,4.44089209850063e-16,2.22044604925031e-16,2.44249065417534e-15,0.00262035220797739,0.128370517118398,0.000482397357482435,6.4192625828241e-06,0.044564799507236,2.18322038564327,0.00820421829308934,0.00176898354574817,0.0199999999995271,0.0300000000006548,2.88000000000011,NA,NA,NA
2400,323,TRUE,TRUE,TRUE,0.000521341617321864,0.000536381694214722,0.000538469922631823,2.22044604925031e-16,2.22044604925031e-16,2.88657986402541e-15,0.0040554091593294,0.198673662771326,0.00075534143540353,1.60394843717881e-05,0.0421331698686208,2.06409534848256,0.00784752604640449,0.00189469034839007,0,0.0399999999999636,2.53999999999996,NA,NA,NA
2400,324,TRUE,TRUE,TRUE,0.000586218874838271,0.000524965856520918,0.00052285858859876,2.22044604925031e-16,4.44089209850063e-16,6.26165785888588e-14,0.00259403214798559,0.127081102778811,0.000479425721580821,8.65000020411344e-06,0.0500966987338945,2.45422699391947,0.00925880812925365,0.00239555591343432,0.0100000000002183,0.0299999999997453,2.85000000000036,NA,NA,NA
2400,325,TRUE,TRUE,TRUE,0.000507643582487083,0.000489548850882377,0.000491850385182411,2.22044604925031e-16,2.22044604925031e-16,1.57651669496772e-14,0.00238774433919014,0.116975105344697,0.000444246924785585,6.53363593983158e-06,0.0422422319648436,2.06943827820304,0.0078592926966486,0.00184793202737765,0.0100000000002183,0.0399999999999636,2.64000000000033,NA,NA,NA
2400,326,TRUE,TRUE,TRUE,0.000458300104538851,0.000442431891960473,0.000444067454549153,4.44089209850063e-16,2.22044604925031e-16,1.68753899743024e-14,0.00281951585173976,0.138127503169022,0.000529998729684701,7.48443169840129e-06,0.0441663675854075,2.16370128752894,0.0083021766664691,0.00193114011999285,0.0100000000002183,0.0299999999997453,2.82999999999993,NA,NA,NA
2400,327,TRUE,TRUE,TRUE,0.000323221901695155,0.00033327330654976,0.000334104081226657,2.22044604925031e-16,2.22044604925031e-16,8.88178419700125e-16,0.00190054968266382,0.0931075390666969,0.000355606252193556,5.55579154948305e-06,0.0397263976775005,1.94618807257526,0.00743308923734441,0.00161423845306174,0.0200000000004366,0.0500000000001819,2.55999999999949,NA,NA,NA
2400,328,TRUE,TRUE,TRUE,0.000370590217647136,0.000355263602396664,0.000356436314644241,4.44089209850063e-16,2.22044604925031e-16,6.66133814775094e-16,0.00193212703067704,0.0946545068679506,0.000361226008500063,5.55831419291053e-06,0.033469713443345,1.63967439546732,0.00625742034598205,0.00119186633759227,0,0.0299999999997453,2.68000000000029,NA,NA,NA
2400,329,TRUE,TRUE,TRUE,0.000489698268060915,0.000368413883385115,0.000370908810123454,2.22044604925031e-16,2.22044604925031e-16,1.99840144432528e-15,0.00332338670503657,0.162812032905781,0.000625960733097027,1.39244427721508e-05,0.0536764943719755,2.62960044785426,0.0101099813982648,0.002879236567086,0.0100000000002183,0.0299999999997453,2.75,NA,NA,NA
2400,330,TRUE,TRUE,TRUE,0.000363909127639797,0.000334745079421227,0.00033596597638161,2.22044604925031e-16,4.44089209850063e-16,5.99520433297585e-15,0.0045044167381082,0.220670451944338,0.000840173841421435,1.6386899652332e-05,0.0418897462428284,2.05217007499197,0.007813368758546,0.00184587247720458,0,0.0499999999992724,2.60000000000036,NA,NA,NA
2400,331,TRUE,TRUE,TRUE,0.000478140489269149,0.000432265806726942,0.000430701221184308,4.44089209850063e-16,2.22044604925031e-16,5.86197757002083e-14,0.00254798977421189,0.124825496332969,0.000473605305426685,8.33411873557566e-06,0.0449357382143909,2.20139259681081,0.00835238988672267,0.0020560937803964,0,0.0500000000001819,2.82999999999993,NA,NA,NA
2400,332,TRUE,TRUE,TRUE,0.000401080208230465,0.000382838554271039,0.000382628841248744,2.22044604925031e-16,4.44089209850063e-16,4.30766533554561e-14,0.00277095128939951,0.135748335222718,0.00052062538882598,7.33731396707071e-06,0.0442104666788815,2.16586169307155,0.00830656659065946,0.00205944645663081,0,0.0399999999999636,2.8100000000004,NA,NA,NA
2400,333,TRUE,TRUE,TRUE,0.000732450669994529,0.000627450776838213,0.000631628877702276,4.44089209850063e-16,2.22044604925031e-16,5.72875080706581e-14,0.0046816932463601,0.229355191716327,0.000875727421614798,2.1616697672755e-05,0.0486660713011832,2.38414084947606,0.00910316223170787,0.00231543550624025,0.0100000000002183,0.0499999999992724,2.74000000000069,NA,NA,NA
2400,334,TRUE,TRUE,TRUE,0.000474644906463581,0.000416492335153146,0.000414580009391586,2.22044604925031e-16,4.44089209850063e-16,3.39639427693328e-12,0.00580683827066302,0.284475815639798,0.00109314961612612,4.28911230940798e-05,0.0543333028373297,2.66177735983143,0.0102283594567392,0.00303567450584552,0.0100000000002183,0.0499999999992724,2.69000000000051,NA,NA,NA
2400,335,TRUE,TRUE,TRUE,0.000396165435749717,0.000368891691016842,0.000368986455283004,4.44089209850063e-16,4.44089209850063e-16,1.02140518265514e-14,0.0034085701219144,0.166985151023731,0.000632899184777439,8.27722797325237e-06,0.0479045912712239,2.34683609902167,0.0088948666679111,0.00217557159621151,0.0100000000002183,0.0399999999999636,2.8100000000004,NA,NA,NA
2400,336,TRUE,TRUE,TRUE,0.000512468480280618,0.000317539875008604,0.000331353109971442,4.44089209850063e-16,6.66133814775094e-16,3.86357612569554e-14,0.0073129251254132,0.35825870168882,0.00136772956562071,4.07176807080134e-05,0.0867284732656873,4.24881011343092,0.0162207454653686,0.00646887852841971,0.0100000000002183,0.0399999999999636,2.81999999999971,NA,NA,NA
2400,337,TRUE,TRUE,TRUE,0.000492225217058115,0.000523269106351655,0.000527533349701291,3.33066907387547e-16,2.22044604925031e-16,2.42028619368284e-14,0.00294992510627699,0.144516225796081,0.000549368515709576,9.51100959056816e-06,0.0477305360214337,2.3383091680409,0.00888892184832821,0.00223998683892646,0.0100000000002183,0.0500000000001819,2.55999999999949,NA,NA,NA
2400,338,TRUE,TRUE,TRUE,0.000717550712901576,0.000648867306574233,0.000648537506344855,4.44089209850063e-16,4.44089209850063e-16,2.31503705094838e-12,0.00325043802723728,0.159238292145402,0.000615426594140497,8.72695828491032e-06,0.0524950862022101,2.57172350397665,0.00993923644746346,0.00228110614004251,0.0200000000004366,0.0299999999997453,2.68000000000029,NA,NA,NA
2400,339,TRUE,TRUE,TRUE,0.00051876196893296,0.000508715587290867,0.000509715312384952,4.44089209850063e-16,4.44089209850063e-16,3.77475828372553e-15,0.0014047657993007,0.0688191883279934,0.000264351195586236,2.67149113497567e-06,0.0291795704949282,1.42950117252291,0.00549106075252333,0.000904861091843401,0.0100000000002183,0.0499999999992724,2.55000000000018,NA,NA,NA
2400,340,TRUE,TRUE,TRUE,0.000563616974080192,0.000308779628885634,0.000307096749691598,4.44089209850063e-16,4.44089209850063e-16,1.07114317415835e-12,0.00710879512644777,0.348258414915617,0.0013202243408857,5.60492101513432e-05,0.102926724753772,5.04235913085265,0.019115245963696,0.00871608584871453,0.00999999999930878,0.0500000000001819,2.8100000000004,NA,NA,NA
2400,341,TRUE,TRUE,TRUE,0.000767906386204419,0.000684351217029145,0.000682525555037119,2.22044604925031e-16,4.44089209850063e-16,1.77635683940025e-15,0.00246463764859214,0.120742092798074,0.000471609776926876,7.10025476635678e-06,0.0460625177811947,2.25659329663609,0.00881408824858637,0.00220671619248591,0.0199999999995271,0.0300000000006548,2.85999999999967,NA,NA,NA
2400,342,TRUE,TRUE,TRUE,0.000705731829384509,0.000643678908935241,0.000649082306461116,3.33066907387547e-16,3.33066907387547e-16,1.24344978758018e-14,0.00620142228410866,0.303806405511824,0.00117301782494555,4.15016281003489e-05,0.061833836418483,3.02922696128014,0.01169605761077,0.00445445266111477,0.0200000000004366,0.0299999999997453,2.69999999999982,NA,NA,NA
2400,343,TRUE,TRUE,TRUE,0.000741581597260061,0.000617795667381819,0.00061567150899977,4.44089209850063e-16,4.44089209850063e-16,8.68194405256872e-14,0.00400901793532086,0.196400966224045,0.000737944119055124,1.05912743038061e-05,0.051743835044348,2.5349198638679,0.00952454176668058,0.00262386541681536,0.0199999999995271,0.0500000000001819,2.78999999999996,NA,NA,NA
2400,344,TRUE,TRUE,TRUE,0.000393151117550839,0.00049221666701059,0.000498034063950194,3.33066907387547e-16,6.66133814775094e-16,3.27382565501466e-12,0.00254915156765307,0.124882412355317,0.000478622543598783,5.8817457073701e-06,0.0467965717942443,2.29255445214836,0.0087864113331187,0.00186337059870212,0,0.0500000000001819,2.77000000000044,NA,NA,NA
2400,345,TRUE,TRUE,TRUE,0.000435057644356173,0.000250746666934795,0.000255914178222204,4.44089209850063e-16,5.55111512312578e-16,3.5527136788005e-15,0.00854344208131606,0.418541474924917,0.00159264527152344,4.88512335401481e-05,0.0889161963305346,4.35598621757879,0.0165755158517866,0.00685744700614421,0,0.0399999999999636,2.82999999999993,NA,NA,NA
2400,346,TRUE,TRUE,TRUE,0.000471848480511657,0.000449228085137887,0.000451116859878726,1.11022302462516e-16,3.33066907387547e-16,9.76996261670138e-15,0.00276652895205433,0.135531685823395,0.00051457363399129,1.13652315256729e-05,0.0445680434035726,2.18337930345933,0.00828964397319184,0.00242087929536794,0.0200000000004366,0.0299999999997453,2.85999999999967,NA,NA,NA
2400,347,TRUE,TRUE,TRUE,0.000445020283250234,0.000407143218822621,0.000407265968179175,2.22044604925031e-16,2.22044604925031e-16,6.66133814775094e-15,0.00336220823723973,0.164713891804397,0.000631366874177171,1.09162192956092e-05,0.0364763595052117,1.78696936924175,0.00684965458923363,0.00141300532586541,0.0100000000002183,0.0299999999997453,2.82000000000062,NA,NA,NA
2400,348,TRUE,TRUE,TRUE,0.000433936679545672,0.00037676940974698,0.000375425631643781,2.22044604925031e-16,2.22044604925031e-16,3.21964677141295e-14,0.00348748874735681,0.170851358294445,0.000652973379515014,1.11943687315375e-05,0.0523662932737615,2.56541396483309,0.00980470417791542,0.00267863137205993,0.0100000000002183,0.0299999999997453,2.81999999999971,NA,NA,NA
2400,349,TRUE,TRUE,TRUE,0.0004934844833763,0.000508063215353577,0.000503936175322837,4.44089209850063e-16,4.44089209850063e-16,1.33226762955019e-15,0.00462105649352669,0.226384609634305,0.000861305989534523,2.27320783103835e-05,0.0617017777879777,3.02275743606276,0.0115004243830733,0.00397439443636571,0.00999999999930878,0.0300000000006548,2.64999999999964,NA,NA,NA
2400,350,TRUE,TRUE,TRUE,0.000506834188328665,0.000513964377429506,0.000516327574774976,4.44089209850063e-16,4.44089209850063e-16,1.11022302462516e-15,0.00249775328191808,0.122364420881227,0.000464363148764028,7.05171604309385e-06,0.0538152374142312,2.63639744103202,0.0100049165296125,0.00252462634526296,0.0100000000002183,0.0299999999997453,2.57999999999993,NA,NA,NA
2400,351,TRUE,TRUE,TRUE,0.00051624126763945,0.00050439658197825,0.000506297790292848,4.44089209850063e-16,3.33066907387547e-16,1.11022302462516e-15,0.00257876011708238,0.126332929117833,0.000491509659898917,1.25718257599772e-05,0.036736389192527,1.79970817027972,0.00700192702621837,0.00142034274986713,0.0199999999995271,0.0500000000001819,2.56999999999971,NA,NA,NA
2400,352,TRUE,TRUE,TRUE,0.000812479863263262,0.00077266465711226,0.00076988259357733,4.44089209850063e-16,4.44089209850063e-16,8.88178419700125e-16,0.00526215517635667,0.257791902588381,0.000996627066450317,2.60859125233992e-05,0.0822295823789484,4.02841037181157,0.015573890300686,0.00548059169618398,0,0.0499999999992724,2.95000000000073,NA,NA,NA
2400,353,TRUE,TRUE,TRUE,0.000419285390816331,0.000438859878935752,0.000441717119572769,4.44089209850063e-16,4.44089209850063e-16,4.44089209850063e-16,0.00241180602814718,0.118153882550583,0.000458093464045946,3.19709997853579e-06,0.0317042194407536,1.55318320646146,0.00602183406915398,0.00100018644470268,0.00999999999930878,0.0300000000006548,2.54999999999927,NA,NA,NA
2400,354,TRUE,TRUE,TRUE,0.000522336587779641,0.000527480484673975,0.000529998171632548,4.44089209850063e-16,6.66133814775094e-16,7.01660951563099e-14,0.00326007012127244,0.159710166456215,0.000615001765346645,1.0561093947814e-05,0.0465322989121548,2.27960777786888,0.00877816884670054,0.00254965690409392,0.0199999999995271,0.0300000000006548,2.72999999999956,NA,NA,NA
2400,355,TRUE,TRUE,TRUE,0.0004418249618624,0.000467900310009963,0.000468648084842584,3.33066907387547e-16,2.22044604925031e-16,2.66453525910038e-15,0.00170342798161785,0.0834505873708555,0.000321727526338605,3.33708459621107e-06,0.0314123057200425,1.53888241316827,0.00593286216086624,0.00122511764841704,0.0200000000004366,0.0299999999997453,2.8100000000004,NA,NA,NA
2400,356,TRUE,TRUE,TRUE,0.000470465336064338,0.00046733765525453,0.000463702181202697,4.44089209850063e-16,4.44089209850063e-16,1.52766688188422e-13,0.00553865279776412,0.271337464339211,0.001044869188646,2.92096273781794e-05,0.059458265108629,2.91284821014539,0.0112168268152558,0.00327371883709304,0,0.0500000000001819,2.84000000000015,NA,NA,NA
2400,357,TRUE,TRUE,TRUE,0.000987328228559533,0.000917759794361548,0.000914690104559776,5.55111512312578e-16,2.22044604925031e-16,2.17603712826531e-14,0.0034445581493891,0.168748197106976,0.000628289710765032,1.8883143045656e-05,0.0429355123668678,2.10340194287566,0.00783146617841597,0.00239171857537102,0.0200000000004366,0.0399999999999636,2.93000000000029,NA,NA,NA
2400,358,TRUE,TRUE,TRUE,0.000503509537812739,0.000490569156488417,0.000492945613598928,3.33066907387547e-16,4.44089209850063e-16,1.44972922555553e-12,0.0035367562786974,0.173264964547866,0.000662171650663089,9.02958990423031e-06,0.0401895065706997,1.96887568224892,0.00752450828052441,0.00151161502346753,0,0.0499999999992724,2.69000000000051,NA,NA,NA
2400,359,TRUE,TRUE,TRUE,0.000564290918010991,0.000528769477774144,0.00052892860634427,3.33066907387547e-16,3.33066907387547e-16,1.33226762955019e-15,0.00375641206397603,0.184025856407526,0.000692377816421295,1.98598882690249e-05,0.0563569840035898,2.76091708501978,0.0103876584517178,0.00293422465071913,0,0.0500000000001819,2.85999999999967,NA,NA,NA
2400,360,TRUE,TRUE,TRUE,0.000876320553204502,0.000857815204600187,0.000855788752238025,2.22044604925031e-16,4.44089209850063e-16,1.11022302462516e-15,0.00199919417718027,0.0979401126166983,0.000367147334899598,4.92862551837447e-06,0.0330979924898925,1.62146386221413,0.00607836891078301,0.00115342992128831,0,0.0399999999999636,2.60999999999967,NA,NA,NA
2400,361,TRUE,TRUE,TRUE,0.000488201201512728,0.000406702923354115,0.000401489873669911,3.33066907387547e-16,4.44089209850063e-16,1.50990331349021e-14,0.00567064204415586,0.277803590443096,0.00105977319202362,4.16700321892449e-05,0.0678587889129333,3.32438814799838,0.0126819723010433,0.00468783745588297,0.0199999999995271,0.0299999999997453,2.80000000000018,NA,NA,NA
2400,362,TRUE,TRUE,TRUE,0.000485718303151307,0.000403853704868887,0.000408839909812972,4.44089209850063e-16,2.22044604925031e-16,6.66866561971347e-12,0.00545809696990961,0.26739105085819,0.00103463927145539,3.35814470346918e-05,0.0661280725428782,3.23960070807604,0.0125352666278565,0.00435746711584883,0.0200000000004366,0.0299999999997453,2.67000000000007,NA,NA,NA
2400,363,TRUE,TRUE,TRUE,0.000713948346541264,0.00070341555490979,0.000704654544074249,4.44089209850063e-16,2.22044604925031e-16,2.93098878501041e-14,0.00303631364543161,0.148748382607147,0.000569386422807322,4.98343035104654e-06,0.0376899534416924,1.84642308722802,0.0070678297013974,0.00109953364339077,0,0.0399999999999636,2.85000000000036,NA,NA,NA
2400,364,TRUE,TRUE,TRUE,0.000781850390983985,0.000732861357433339,0.000732816570406911,2.22044604925031e-16,2.22044604925031e-16,8.88178419700125e-16,0.00286325304440674,0.14027017926534,0.000523365437690519,7.68969149333998e-06,0.0543963572396942,2.66486638206801,0.00994294701655375,0.00266784181770419,0.0100000000002183,0.0499999999992724,2.78000000000065,NA,NA,NA
2400,365,TRUE,TRUE,TRUE,0.00051639430488294,0.000547826387235315,0.000540967765897405,2.22044604925031e-16,4.44089209850063e-16,8.68194405256872e-14,0.00569346653713676,0.278921757671915,0.00107786016464338,2.29692302902151e-05,0.0644333619184584,3.156577182246,0.012198219420972,0.00332875490767037,0.0200000000004366,0.0399999999999636,2.31999999999971,NA,NA,NA
2400,366,TRUE,TRUE,TRUE,0.000938784499968572,0.000907690939640422,0.000907755297171636,3.33066907387547e-16,2.22044604925031e-16,6.66133814775094e-16,0.00292055991257318,0.143077630980635,0.000533447454982301,1.0577800789946e-05,0.0535641512110214,2.62409677944568,0.00978362403003451,0.0024314620047754,0.0100000000002183,0.0399999999999636,2.75,NA,NA,NA
2400,367,TRUE,TRUE,TRUE,0.000615912071608772,0.000571478920663323,0.00057200929589733,2.22044604925031e-16,2.22044604925031e-16,4.44089209850063e-15,0.00504384426033029,0.247096895597497,0.000938776818712538,1.61510936891318e-05,0.0625349460135596,3.06357417651428,0.0116392090332158,0.0035897042283608,0.0100000000002183,0.0299999999997453,2.85000000000036,NA,NA,NA
2400,368,TRUE,TRUE,TRUE,0.000424563245080868,0.000485469158438038,0.000485170586943103,4.44089209850063e-16,2.22044604925031e-16,4.44089209850063e-16,0.00312163879376511,0.152928444120034,0.000579509888274987,9.60375709979644e-06,0.0520786826708407,2.55132398039769,0.00966803450686432,0.00234917868735351,0,0.0399999999999636,2.67000000000007,NA,NA,NA
2400,369,TRUE,TRUE,TRUE,0.000519900838475316,0.000508136935507153,0.000505728609913647,6.66133814775094e-16,1.11022302462516e-16,1.33226762955019e-15,0.00174616182622407,0.0855441096515081,0.000327821650015859,5.39206073568721e-06,0.0308993966073654,1.51375510095862,0.00580100368029756,0.00100713163288901,0.0100000000002183,0.0399999999999636,2.63999999999942,NA,NA,NA
2400,370,TRUE,TRUE,TRUE,0.000837451471355597,0.000631603014355823,0.00062359083101585,3.33066907387547e-16,2.22044604925031e-16,1.06581410364015e-14,0.00712907366347413,0.349251856284511,0.00135473510146096,5.28333285565452e-05,0.0877866826610175,4.30065157462248,0.0166820692358702,0.00659176987771204,0,0.0500000000001819,2.52999999999975,NA,NA,NA
2400,371,TRUE,TRUE,TRUE,0.000470783785587862,0.000429668423776176,0.000427640298765326,4.44089209850063e-16,3.33066907387547e-16,2.42916797787984e-13,0.00521672896929093,0.25556648202316,0.000970053279704335,2.4947036422418e-05,0.0584990439185361,2.86585616082154,0.0108779255634699,0.00379159038176624,0.00999999999930878,0.0500000000001819,2.94000000000051,NA,NA,NA
2400,372,TRUE,TRUE,TRUE,0.000568414960891673,0.000523460375199255,0.000538244914682612,4.44089209850063e-16,4.44089209850063e-16,3.75255382323303e-13,0.00664447048955263,0.325511246207694,0.0012303198888568,3.10915980286097e-05,0.0773303336837387,3.78839718328637,0.0143188306265535,0.0050692340556644,0.0100000000002183,0.0499999999992724,2.78000000000065,NA,NA,NA
2400,373,TRUE,TRUE,TRUE,0.000364790981174998,0.000373013274114835,0.00037627614025298,5.55111512312578e-16,6.66133814775094e-16,1.33226762955019e-15,0.00339468069393167,0.166304710796194,0.000627535475217569,1.61860537311043e-05,0.0572779100011246,2.80603306071625,0.0105883067400944,0.003001791669071,0.0199999999995271,0.0500000000001819,2.69999999999982,NA,NA,NA
2400,374,TRUE,TRUE,TRUE,0.000733777439512922,0.000655586079682684,0.000654337673306469,4.44089209850063e-16,2.22044604925031e-16,4.66293670342566e-15,0.00303235767856315,0.148554580601805,0.00056704574169385,1.25395258621097e-05,0.0300728059314687,1.47326059331683,0.00562356369262649,0.0013140741616624,0.0199999999995271,0.0399999999999636,2.63000000000011,NA,NA,NA
2400,375,TRUE,TRUE,TRUE,0.000580536936360398,0.000561061377610919,0.000561231339515814,4.44089209850063e-16,2.22044604925031e-16,1.56696877695595e-12,0.00248217584970353,0.121601285672658,0.000462709222910628,6.4142695421765e-06,0.0410149521558991,2.00931409213235,0.00764570996935589,0.0018069395721696,0,0.0399999999999636,2.6899999999996,NA,NA,NA
2400,376,TRUE,TRUE,TRUE,0.00043594063801575,0.000419310876531207,0.000418642241703224,2.22044604925031e-16,4.44089209850063e-16,2.95319324550292e-14,0.00216692572934652,0.106157246948145,0.000404897188082149,5.97870594276628e-06,0.0399470492441996,1.95699774756243,0.0074642373257681,0.00148392989788704,0.0199999999995271,0.0300000000006548,2.60999999999967,NA,NA,NA
2400,377,TRUE,TRUE,TRUE,0.000668035427778845,0.000681733323071553,0.00067943265242843,1.11022302462516e-16,4.44089209850063e-16,7.105427357601e-15,0.0014528874803734,0.0711766596118546,0.000272177346968239,2.52898896846432e-06,0.0281042901199886,1.37682340754229,0.00526493016604305,0.000912233993133782,0,0.0399999999999636,2.5,NA,NA,NA
2400,378,TRUE,TRUE,TRUE,0.000903104279645857,0.000781820461034214,0.000772736436439292,4.44089209850063e-16,3.33066907387547e-16,1.92290627865077e-13,0.0111034355432243,0.54395502945564,0.00211157349604606,9.83790223010317e-05,0.0998366453244202,4.89097677352099,0.0189862329889277,0.00818642029788919,0.0100000000002183,0.0500000000001819,2.63999999999942,NA,NA,NA
2400,379,TRUE,TRUE,TRUE,0.000848208667092575,0.000732379746823096,0.000726909523381671,1.11022302462516e-16,0,8.17124146124115e-13,0.00634653228686206,0.310915314778217,0.00118358417508031,4.31688881654679e-05,0.0905515707710545,4.43610287593206,0.0168872387863131,0.00643563017619897,0,0.0500000000001819,2.69999999999982,NA,NA,NA
2400,380,TRUE,TRUE,TRUE,0.000346625121614955,0.000324262531659028,0.000325237489635126,2.22044604925031e-16,4.44089209850063e-16,5.55111512312578e-15,0.00357801592854457,0.175286266329695,0.000670643854700754,1.50784046546448e-05,0.048113203170233,2.35705595315857,0.00901807724741201,0.00241428965247437,0.0200000000004366,0.0299999999997453,2.72999999999956,NA,NA,NA
2400,381,TRUE,TRUE,TRUE,0.00057159292316771,0.000544913557958761,0.000546294270196744,2.22044604925031e-16,2.22044604925031e-16,1.3855583347322e-13,0.00181078702348951,0.0887100848080486,0.000340205434973741,4.65703379148863e-06,0.0344909373709388,1.68970394618183,0.00648005767587182,0.00118087642437814,0,0.0499999999992724,2.8100000000004,NA,NA,NA
2400,382,TRUE,TRUE,TRUE,0.000601551664957745,0.00052241733839679,0.00052432405788389,4.44089209850063e-16,4.44089209850063e-16,1.24789067967868e-13,0.00306437932877663,0.150123314676703,0.000575511893986406,1.00787115684398e-05,0.0396572838591555,1.94280220079285,0.0074479155794497,0.0015429754377223,0.0100000000002183,0.0500000000001819,2.53999999999996,NA,NA,NA
2400,383,TRUE,TRUE,TRUE,0.000483954649700534,0.000433569095632054,0.00042992249527479,2.22044604925031e-16,2.22044604925031e-16,4.20552481728009e-13,0.00591213187801978,0.289634127863818,0.00109526106824369,3.05947131202799e-05,0.0626428726707406,3.06886148130903,0.0116050015552409,0.00438594503916434,0,0.0399999999999636,2.76999999999953,NA,NA,NA
2400,384,TRUE,TRUE,TRUE,0.000460153139337374,0.000434800145751727,0.000435140256293174,1.11022302462516e-16,2.22044604925031e-16,2.22044604925031e-15,0.00197258698314701,0.0966366316393241,0.000364800920288509,5.66401471502331e-06,0.0308350751890742,1.51060400787171,0.00570249317380867,0.001143161887736,0,0.0399999999999636,2.6899999999996,NA,NA,NA
2400,385,TRUE,TRUE,TRUE,0.000773734485137929,0.000666728380766105,0.000666970153545341,2.22044604925031e-16,3.33066907387547e-16,1.39221967287995e-13,0.00360893154387606,0.176800815982621,0.00067073929447274,1.2877696502045e-05,0.0626750714924115,3.07043889497729,0.0116484983776385,0.00349712048367934,0.0199999999995271,0.0300000000006548,2.86999999999989,NA,NA,NA
2400,386,TRUE,TRUE,TRUE,0.000651842855326769,0.000638856825613829,0.000639434059012977,2.22044604925031e-16,3.33066907387547e-16,1.33670852164869e-13,0.00242750650932368,0.118923045902555,0.000464302297195762,7.51725275449644e-06,0.0443481509851314,2.17260681898958,0.00848234527886715,0.00186057762451952,0.0199999999995271,0.0300000000006548,2.42000000000007,NA,NA,NA
2400,387,TRUE,TRUE,TRUE,0.000602723893191106,0.000523727211528197,0.000536632517471204,4.44089209850063e-16,2.22044604925031e-16,1.26565424807268e-14,0.00715755894728244,0.350647344494686,0.0013385565477959,4.49342904360606e-05,0.0871255784538839,4.26826421513679,0.0162936155159756,0.00662406722414488,0.0199999999995271,0.0300000000006548,2.67000000000007,NA,NA,NA
2400,388,TRUE,TRUE,TRUE,0.00045206127653961,0.000420936905117001,0.0004250353962289,4.44089209850063e-16,0,1.31183952589708e-12,0.00413991080210073,0.20281338091566,0.000773363601907403,1.08732395780464e-05,0.0387911744153082,1.90037167681621,0.00724645621659727,0.00154612630689144,0.0199999999995271,0.0500000000001819,2.78000000000065,NA,NA,NA
2400,389,TRUE,TRUE,TRUE,0.00048628281729172,0.000528501976634197,0.000528594566924323,2.22044604925031e-16,4.44089209850063e-16,3.73034936274053e-14,0.00175456380409008,0.0859557208235456,0.000331957683575009,3.75869520397032e-06,0.0344918855908853,1.68975039928249,0.00652575096795778,0.00108738885785797,0,0.0499999999992724,2.82999999999993,NA,NA,NA
2400,390,TRUE,TRUE,TRUE,0.000521755892496043,0.00042626745386762,0.000420706443300047,2.22044604925031e-16,2.22044604925031e-16,8.21565038222616e-15,0.00452018705215068,0.221443036394089,0.000839983477293867,1.50190148069385e-05,0.0689329421068094,3.37701069260992,0.01280976467189,0.00405623179559456,0.0199999999995271,0.0300000000006548,2.39000000000033,NA,NA,NA
2400,391,TRUE,TRUE,TRUE,0.000589188700877187,0.000532377395986398,0.000533469687686425,4.44089209850063e-16,4.44089209850063e-16,5.03597163969971e-13,0.00307925764395831,0.150852200285251,0.000573487823127506,8.40905112653445e-06,0.0513256851634136,2.51443478698201,0.00955901027400108,0.0026270522319578,0,0.0500000000001819,2.66999999999916,NA,NA,NA
2400,392,TRUE,TRUE,TRUE,0.000472556643602093,0.000400391996624811,0.00039726805469606,2.22044604925031e-16,2.22044604925031e-16,2.66453525910038e-14,0.00404654129965534,0.198239228145085,0.000755110911903069,1.44381001661031e-05,0.0557666091317937,2.73199474116255,0.0104064117864897,0.00273662791096285,0.0199999999995271,0.0300000000006548,2.82999999999993,NA,NA,NA
2400,393,TRUE,TRUE,TRUE,0.000571743644005163,0.000540354446547034,0.000539917567923752,2.22044604925031e-16,4.44089209850063e-16,1.69286806794844e-12,0.00712888110012355,0.34924242264547,0.00134254872253862,5.10092689509634e-05,0.0847415323855734,4.15147028732381,0.0159589751115704,0.00616453644358472,0.0100000000002183,0.0299999999997453,2.84000000000015,NA,NA,NA
2400,394,TRUE,TRUE,TRUE,0.000495726327698459,0.000479059654790727,0.00047846463208989,4.44089209850063e-16,4.44089209850063e-16,1.55431223447522e-15,0.00297518302222369,0.145753605916791,0.000544926000015417,1.08789264672282e-05,0.0339704261064395,1.66420420611395,0.00622192593824556,0.00155574226224076,0.0199999999995271,0.0500000000001819,2.86999999999989,NA,NA,NA
2400,395,TRUE,TRUE,TRUE,0.000718121949376364,0.000676372807067554,0.00067518872528025,2.22044604925031e-16,4.44089209850063e-16,1.08801856413265e-14,0.00167481547465185,0.0820488665242849,0.000318150859482987,3.42193037283778e-06,0.0326359767212062,1.5988298044861,0.00619958688050508,0.00111199876575085,0,0.0500000000001819,2.72999999999956,NA,NA,NA
2400,396,TRUE,TRUE,TRUE,0.000406974569407066,0.000375849055333918,0.000376967461118275,1.11022302462516e-16,3.33066907387547e-16,3.11373149486371e-12,0.00389764693113839,0.190944923576276,0.000722810666153779,2.29446923185606e-05,0.0510568369639801,2.50126396884445,0.00946838618008446,0.00325118009389769,0,0.0500000000001819,2.80000000000018,NA,NA,NA
2400,397,TRUE,TRUE,TRUE,0.000506907125195896,0.000511221487758981,0.000507060817146714,2.22044604925031e-16,2.22044604925031e-16,4.44089209850063e-16,0.00265070559730326,0.129857523434646,0.000497378118301209,4.109928806173e-06,0.0306627766615945,1.50216313835654,0.00575356017407211,0.00109920675074804,0,0.0500000000001819,2.69999999999982,NA,NA,NA
2400,398,TRUE,TRUE,TRUE,0.000838619971656193,0.000703176145708549,0.000698747819657869,2.22044604925031e-16,2.22044604925031e-16,1.33226762955019e-15,0.00568953630451891,0.278729216382231,0.00105314668966549,2.54096846887819e-05,0.0682389668882612,3.34301298901833,0.0126311949231233,0.00458217805110905,0.0200000000004366,0.0500000000001819,2.78999999999996,NA,NA,NA
2400,399,TRUE,TRUE,TRUE,0.000582037427260061,0.000535540205887675,0.000533555268140002,2.22044604925031e-16,4.44089209850063e-16,1.97175609173428e-13,0.00189271502710008,0.0927237208978646,0.000350707142158773,5.45903916204793e-06,0.0456480317357856,2.23628771030095,0.00845826789876477,0.00197371319325867,0.0199999999995271,0.0300000000006548,2.51999999999953,NA,NA,NA
2400,400,TRUE,TRUE,TRUE,0.000475858916501542,0.0003635980046802,0.000360817635431038,2.22044604925031e-16,2.22044604925031e-16,1.64313007644523e-14,0.00663084561256398,0.324843766279086,0.00123968977174041,3.99676794877735e-05,0.0768383442476602,3.76429472174173,0.0143655447596011,0.00524872708778901,0.00999999999930878,0.0300000000006548,2.77000000000044,NA,NA,NA
2400,401,TRUE,TRUE,TRUE,0.000646515357774964,0.000425812212748424,0.000429982004892551,4.44089209850063e-16,2.22044604925031e-16,4.88498130835069e-15,0.0062351272908261,0.30545760687652,0.00117292307507131,4.08085888565779e-05,0.0897934757565006,4.39896395668796,0.0168915300030229,0.00736449497461322,0.0100000000002183,0.0299999999997453,2.56999999999971,NA,NA,NA
2400,402,TRUE,TRUE,TRUE,0.000706460820669631,0.000621790298132745,0.000620796046370993,3.33066907387547e-16,4.44089209850063e-16,1.11022302462516e-15,0.00302060972056659,0.147979050549581,0.00057215065930289,1.05425559588923e-05,0.0406218305427141,1.99005514494909,0.00769440916807503,0.00160005305309241,0.00999999999930878,0.0300000000006548,2.6299999999992,NA,NA,NA
2400,403,TRUE,TRUE,TRUE,0.000644012104747404,0.000641088908358245,0.000640001534335179,2.22044604925031e-16,6.66133814775094e-16,1.33226762955019e-15,0.00150368141593543,0.0736650440949503,0.000277066921943523,3.14658350575314e-06,0.0257992798311072,1.2639014263498,0.00475375101095979,0.000997405013311692,0.0199999999995271,0.0300000000006548,2.74000000000069,NA,NA,NA
2400,404,TRUE,TRUE,TRUE,0.000475003949479177,0.000444899683632493,0.000441579687766491,2.22044604925031e-16,4.44089209850063e-16,1.06581410364015e-12,0.00235492334861898,0.115367211749656,0.000443453708466204,6.53093342961597e-06,0.0296636297704454,1.45321513712847,0.00558593409674536,0.00101216314780572,0,0.0499999999992724,2.63000000000011,NA,NA,NA
2400,405,TRUE,TRUE,TRUE,0.000316054839102941,0.000314702266348738,0.000315827920015928,4.44089209850063e-16,4.44089209850063e-16,4.2854608750531e-14,0.00277189985910686,0.135794805458088,0.000520920224813322,6.4334128673238e-06,0.0371038355059116,1.8177092897929,0.00697288477780858,0.0012095297160144,0,0.0300000000006548,2.73999999999978,NA,NA,NA
2400,406,TRUE,TRUE,TRUE,0.000642729916273909,0.000677216058890868,0.00067764125190144,2.22044604925031e-16,2.22044604925031e-16,1.11022302462516e-15,0.00192482019395249,0.0942965464357711,0.000367110397918143,3.57775329717924e-06,0.0359152888264429,1.75948263178934,0.00684992604184301,0.00132690673065028,0,0.0500000000001819,2.68000000000029,NA,NA,NA
2400,407,TRUE,TRUE,TRUE,0.000444985731016465,0.000449812494299186,0.000450377805127522,4.44089209850063e-16,2.22044604925031e-16,1.24344978758018e-14,0.00277609205270814,0.13600018016261,0.000524414892978205,8.03163938201124e-06,0.0349865748915377,1.71398512663874,0.0066091039414638,0.00149254337595295,0.00999999999930878,0.0300000000006548,2.71000000000004,NA,NA,NA
2400,408,TRUE,TRUE,TRUE,0.000363370563466885,0.000380314279466649,0.00037824707826772,2.22044604925031e-16,2.22044604925031e-16,1.33226762955019e-14,0.00311839521311447,0.152769541769361,0.00058301227660494,9.46446244753929e-06,0.047714340855882,2.33751577020287,0.00892062890941552,0.00243228673077311,0,0.0399999999999636,2.71000000000004,NA,NA,NA
2400,409,TRUE,TRUE,TRUE,0.000628164411514047,0.000525284769180446,0.000523206933346935,2.22044604925031e-16,3.33066907387547e-16,2.04281036531029e-14,0.00554966300824646,0.271876852292059,0.00105481288899914,1.35600472930264e-05,0.0576263498923449,2.82310305950667,0.0109529202984211,0.00307141036326541,0.0100000000002183,0.0500000000001819,2.80999999999949,NA,NA,NA
2400,410,TRUE,TRUE,TRUE,0.000342345117265402,0.000324052068384467,0.000327391002690289,4.44089209850063e-16,2.22044604925031e-16,9.78328529299688e-13,0.00364147992145314,0.178395354323007,0.000682465667803068,7.65165108163046e-06,0.0427643514952231,2.09501680688647,0.00801465402278152,0.00168729072038332,0.0199999999995271,0.0299999999997453,2.66000000000076,NA,NA,NA
2400,411,TRUE,TRUE,TRUE,0.000472576991227789,0.00043909416749084,0.000439152633339721,3.33066907387547e-16,0,1.11022302462516e-15,0.00390230512318084,0.191173127448834,0.000727326036151658,1.73874802982255e-05,0.0507916819919463,2.48827408115955,0.00946674121232368,0.00262755454794217,0.0100000000002183,0.0399999999999636,2.55999999999949,NA,NA,NA
2400,412,TRUE,TRUE,TRUE,0.000562060346702279,0.000551832147001289,0.00054610701226157,3.33066907387547e-16,3.33066907387547e-16,7.99360577730113e-15,0.00326040594104816,0.159726618198136,0.000615574839860242,1.08304597965514e-05,0.0420002241649964,2.05758236573506,0.00792977369442233,0.00183968164596138,0,0.0399999999999636,2.85999999999967,NA,NA,NA
2400,413,TRUE,TRUE,TRUE,0.000636851761173168,0.000566119397355061,0.000563898664939524,2.22044604925031e-16,2.22044604925031e-16,1.86517468137026e-14,0.00378160389647078,0.185259999113481,0.00071433829654916,1.18125260044621e-05,0.0460518161016589,2.25606902355101,0.00869910671970571,0.00228960970165915,0.0199999999995271,0.150000000000546,2.69000000000051,NA,NA,NA
2400,414,TRUE,TRUE,TRUE,0.000463047380619953,0.000434413092304924,0.000434501557094419,2.22044604925031e-16,2.22044604925031e-16,6.66133814775094e-16,0.0016183540925367,0.0792828349971965,0.000301056573779734,2.66146341942886e-06,0.0286961443802394,1.40581822633643,0.00533824022050819,0.000957172390297245,0,0.0500000000001819,2.64999999999964,NA,NA,NA
2400,415,TRUE,TRUE,TRUE,0.000438927321228404,0.000484722734240622,0.000493537500066091,3.33066907387547e-16,4.44089209850063e-16,1.06581410364015e-14,0.00490132587650891,0.240114949210927,0.000924507492790962,1.34751251366083e-05,0.049915540191767,2.44535207410429,0.00941526682303902,0.00252950230400373,0,0.0500000000001819,2.77000000000044,NA,NA,NA
2400,416,TRUE,TRUE,TRUE,0.000653605438660137,0.000523388191478551,0.000524276954448531,2.22044604925031e-16,4.44089209850063e-16,1.30562227695918e-13,0.00340418161923063,0.166770159177529,0.000633448709152075,1.60986905157756e-05,0.0633607990998943,3.10403254979473,0.0117901513168216,0.00401544110064478,0,0.0499999999992724,2.73000000000047,NA,NA,NA
2400,417,TRUE,TRUE,TRUE,0.000634998299965822,0.000542526692934051,0.000546550205470045,2.22044604925031e-16,2.22044604925031e-16,2.33146835171283e-14,0.00301974705983082,0.147936788977105,0.00057034770567561,6.94439710002825e-06,0.0462208584976608,2.26435037585306,0.00872985719538205,0.001786270989939,0,0.0299999999997453,2.72000000000025,NA,NA,NA
2400,418,TRUE,TRUE,TRUE,0.000737523955084779,0.00067312127436915,0.000667500201701367,1.11022302462516e-16,4.44089209850063e-16,5.55111512312578e-15,0.0048598074716729,0.238080971075276,0.000918926382308946,2.45136022236636e-05,0.0604883310932465,2.9633109314196,0.011437556649603,0.00336523656883969,0.0200000000004366,0.0299999999997453,2.69999999999982,NA,NA,NA
2400,419,TRUE,TRUE,TRUE,0.000632317288991386,0.000548848026297616,0.00055236647804655,2.22044604925031e-16,2.22044604925031e-16,4.44089209850063e-16,0.00472750061609807,0.231599285362668,0.000879923372922667,2.93637877923913e-05,0.0575305878204286,2.81841169524853,0.0107080914402836,0.00340147740586616,0,0.0500000000001819,2.84000000000015,NA,NA,NA
2400,420,TRUE,TRUE,TRUE,0.000402706202703553,0.000396753035233144,0.000400282416220213,4.44089209850063e-16,2.22044604925031e-16,2.22044604925031e-15,0.00353913005976884,0.173381255595588,0.000669291093157191,1.9767190721609e-05,0.0547129595606651,2.6803766648232,0.0103468637478145,0.00296415492377378,0.0100000000002183,0.0299999999997453,2.77000000000044,NA,NA,NA
2400,421,TRUE,TRUE,TRUE,0.000809082905170337,0.000746298261535702,0.000745938661661239,2.22044604925031e-16,3.33066907387547e-16,8.26472223991459e-12,0.0043796513434601,0.214558220855441,0.000826012669848624,1.79623578517862e-05,0.0634582879753229,3.10880850980269,0.0119683841849172,0.00395839282975885,0,0.0499999999992724,2.55000000000018,NA,NA,NA
2400,422,TRUE,TRUE,TRUE,0.000500371133601134,0.000383397226407091,0.000388520677020484,2.22044604925031e-16,2.22044604925031e-16,7.7715611723761e-15,0.0116112601794486,0.568833254206922,0.00216515219877464,0.000132324996570787,0.121607856040739,5.95754392027287,0.0226762222898858,0.0122147163514867,0,0.0399999999999636,2.9399999999996,NA,NA,NA
2400,423,TRUE,TRUE,TRUE,0.0004440528088662,0.000367917926182781,0.000365063185322508,3.33066907387547e-16,4.44089209850063e-16,8.88178419700125e-16,0.0028386688390297,0.13906580408723,0.000530331091811818,9.78432347409353e-06,0.0562246121939516,2.75443221722093,0.0105040995136673,0.00281928427529365,0,0.0500000000001819,2.69999999999982,NA,NA,NA
2400,424,TRUE,TRUE,TRUE,0.000439056560843526,0.000409589113794082,0.000407614992711292,4.44089209850063e-16,4.44089209850063e-16,6.21724893790088e-14,0.00314102230433633,0.1538780383265,0.000590922023402671,1.03108122431195e-05,0.0363875248213135,1.78261737630151,0.00684560239013289,0.00176180518422342,0,0.0299999999997453,2.6899999999996,NA,NA,NA
2400,425,TRUE,TRUE,TRUE,0.000596956977176223,0.00057489347610016,0.000569353785461781,3.33066907387547e-16,2.22044604925031e-16,8.85957973650875e-14,0.0046696663274494,0.228765995426146,0.000884528417837131,2.97391021888416e-05,0.0722217409097127,3.53812827128571,0.0136802455980199,0.00459950669781506,0,0.0399999999999636,2.85999999999967,NA,NA,NA
2400,426,TRUE,TRUE,TRUE,0.000517241101964807,0.00046321942577079,0.000460661005502527,4.44089209850063e-16,4.44089209850063e-16,4.15223411209809e-14,0.00299727976754278,0.146836120936952,0.000564534944596692,9.26729668293547e-06,0.0550746774477476,2.698097149907,0.0103732658920706,0.00282102527790684,0,0.0500000000001819,2.94999999999982,NA,NA,NA
2400,427,TRUE,TRUE,TRUE,0.000378400412823749,0.000368782499819689,0.00036961242172043,2.22044604925031e-16,2.22044604925031e-16,1.12316822509229e-11,0.00212062371819831,0.10388892092059,0.000395643839191483,6.83087347042033e-06,0.0313007444996352,1.53341705186667,0.00583976620515629,0.00133915972884679,0,0.0500000000001819,2.5,NA,NA,NA
2400,428,TRUE,TRUE,TRUE,0.000453192024412042,0.000408546402955023,0.000410258959401045,2.22044604925031e-16,4.44089209850063e-16,9.76996261670138e-15,0.00319201406544001,0.156376114242299,0.00059455926075614,8.67758368272575e-06,0.0589494947924034,2.88792365672485,0.0109802047632544,0.00272585694463601,0.0200000000004366,0.0399999999999636,2.79999999999927,NA,NA,NA
2400,429,TRUE,TRUE,TRUE,0.000551768968783925,0.000456084580340648,0.000455662609993941,3.33066907387547e-16,2.22044604925031e-16,2.46469511466785e-14,0.00701820514195914,0.343820430159541,0.00130876290526223,5.32352813920056e-05,0.0855694679145162,4.19203067904043,0.0159570920433773,0.00622360602172378,0.0199999999995271,0.0399999999999636,2.60000000000036,NA,NA,NA
2400,430,TRUE,TRUE,TRUE,0.000456951694757216,0.000405523614376355,0.000407496055160907,2.22044604925031e-16,4.44089209850063e-16,6.66133814775094e-16,0.00385122187603765,0.188670569650728,0.000718376863458808,1.21475449645914e-05,0.0456958061690686,2.23862816998684,0.00852373894976188,0.00232014823357218,0,0.0399999999999636,2.71000000000004,NA,NA,NA
2400,431,TRUE,TRUE,TRUE,0.000458534532861671,0.000448568984681561,0.000450769804857034,6.66133814775094e-16,4.44089209850063e-16,6.48325837460106e-12,0.00380154620490049,0.186236968712402,0.000708699487437536,1.20972352100068e-05,0.0531735949525234,2.60496350846227,0.00991283479324457,0.00273188754521669,0,0.0399999999999636,2.9399999999996,NA,NA,NA
2400,432,TRUE,TRUE,TRUE,0.000629606700860013,0.000566605013683158,0.000560883755507348,4.44089209850063e-16,4.44089209850063e-16,1.33892896769794e-13,0.00338123260435816,0.165645891646787,0.000633895606485811,1.40137711106547e-05,0.0590702504516816,2.89383945170055,0.0110741781523917,0.00334031273093061,0.0199999999995271,0.0300000000006548,2.63000000000011,NA,NA,NA
2400,433,TRUE,TRUE,TRUE,0.000440877523314364,0.000364680379890766,0.000365056623329332,4.44089209850063e-16,3.33066907387547e-16,1.13415943303607e-11,0.00454361443657027,0.222590739150809,0.000855027962528619,1.68215861897636e-05,0.0541586427196896,2.65322079649877,0.0101916997105252,0.00250323874851333,0,0.0500000000001819,2.84000000000015,NA,NA,NA
2400,434,TRUE,TRUE,TRUE,0.000674428824895688,0.000504628829289353,0.000506708266146743,4.44089209850063e-16,4.44089209850063e-16,1.4432899320127e-14,0.00551159480500403,0.270011898824688,0.00101681752161636,3.42203805772101e-05,0.0838193987315148,4.10629514878198,0.0154635883617882,0.00568094850831713,0,0.0500000000001819,2.76000000000022,NA,NA,NA
2400,435,TRUE,TRUE,TRUE,0.000878565117988588,0.000878858207868401,0.000880072563929517,3.33066907387547e-16,2.22044604925031e-16,4.44089209850063e-16,0.00303097592552224,0.14848688880379,0.000549251175080245,8.57335101756007e-06,0.0332172499998503,1.62730626316196,0.00601938584919921,0.00143366290683389,0.0100000000002183,0.0299999999997453,2.98999999999978,NA,NA,NA
2400,436,TRUE,TRUE,TRUE,0.000421104252934811,0.000338089491849853,0.000337549056636377,2.22044604925031e-16,2.22044604925031e-16,7.54951656745106e-15,0.00285028135076239,0.139634698654773,0.00053129820581436,6.57627448319431e-06,0.0443416199405714,2.17228686445639,0.0082653675964397,0.00171673192107136,0,0.0300000000006548,2.65999999999985,NA,NA,NA
2400,437,TRUE,TRUE,TRUE,0.00103187415012996,0.00102696342178562,0.0010258929460886,4.44089209850063e-16,4.44089209850063e-16,4.88498130835069e-15,0.00157758263787566,0.0772854497973854,0.000288155141932137,3.12162242011027e-06,0.0396476467134604,1.94233007900225,0.00724188577618767,0.00145361915284425,0,0.0500000000001819,2.6899999999996,NA,NA,NA
2400,438,TRUE,TRUE,TRUE,0.00057344159014441,0.00057050385200264,0.00057716794798461,2.22044604925031e-16,4.44089209850063e-16,4.9968917892329e-12,0.00417572490600582,0.20456790651891,0.000782391015464592,1.56308909851077e-05,0.0464929509271918,2.27768012815756,0.00871122210075501,0.00209557010929018,0.00999999999930878,0.0300000000006548,2.67999999999938,NA,NA,NA
2400,439,TRUE,TRUE,TRUE,0.000650079416266893,0.000588063702338732,0.000585484676703202,4.44089209850063e-16,4.44089209850063e-16,6.66133814775094e-16,0.00565196753679772,0.276888730158591,0.00104085246117057,3.05929650927794e-05,0.0753280102841235,3.69030377070452,0.013872221379342,0.00501941149348895,0.00999999999930878,0.0300000000006548,2.6899999999996,NA,NA,NA
2400,440,TRUE,TRUE,TRUE,0.000364318712123299,0.000345384471933051,0.000342833450394911,3.33066907387547e-16,4.44089209850063e-16,1.73194791841524e-14,0.00289161363407496,0.141659558735172,0.000540525675592122,1.4392261494578e-05,0.0431896235592256,2.1158507980598,0.00807338165023835,0.00250340198059362,0,0.0500000000001819,2.71000000000004,NA,NA,NA
2400,441,TRUE,TRUE,TRUE,0.000826823817249812,0.000549882643622345,0.000582246685941438,0,4.44089209850063e-16,1.46549439250521e-14,0.0119096664186722,0.583452114650138,0.00223275674449145,8.60912005151704e-05,0.111898371282562,5.48187825381561,0.0209780722982335,0.0101386055300736,0,0.0399999999999636,2.67000000000007,NA,NA,NA
2400,442,TRUE,TRUE,TRUE,0.000690921645240959,0.0005150728549735,0.000513665562660577,2.22044604925031e-16,4.44089209850063e-16,5.77315972805081e-15,0.00770994378221451,0.377708564239388,0.00141881049573125,4.47849203553119e-05,0.0878685493678375,4.30466220779511,0.0161698740755227,0.00646685568025873,0,0.0399999999999636,2.85999999999967,NA,NA,NA
2400,443,TRUE,TRUE,TRUE,0.000610432595385566,0.000598872707873033,0.000598394492622047,2.22044604925031e-16,4.44089209850063e-16,1.06670228205985e-12,0.00626313639838884,0.306829767310109,0.00117235581421615,3.72768933800671e-05,0.0733238986618734,3.59212275346264,0.0137250242449384,0.00507411124723589,0,0.0299999999997453,2.73000000000047,NA,NA,NA
2400,444,TRUE,TRUE,TRUE,0.000639200906175956,0.000545477099363429,0.000544259909550196,3.33066907387547e-16,3.33066907387547e-16,4.44089209850063e-16,0.00380750106993758,0.186528696328962,0.000706331554562656,1.39041042288568e-05,0.0559181349472744,2.73941795977828,0.0103734030431146,0.00289791286023444,0,0.0399999999999636,2.84999999999945,NA,NA,NA
2400,445,TRUE,TRUE,TRUE,0.000441918283778239,0.000428397130336174,0.000428835773909783,4.44089209850063e-16,2.22044604925031e-16,3.33066907387547e-15,0.00221565495932604,0.108544481928316,0.000416178883201605,4.83469962375693e-06,0.0417387334126141,2.04477198741919,0.00784002011901486,0.00161123136091845,0.00999999999930878,0.159999999999854,2.69999999999982,NA,NA,NA
2400,446,TRUE,TRUE,TRUE,0.000441555560085005,0.000351730656515757,0.000357937851552219,2.22044604925031e-16,4.44089209850063e-16,8.88178419700125e-16,0.0043297679088274,0.21211444162609,0.000816127387050559,1.648491952011e-05,0.0662228263405494,3.24424267718575,0.0124824848265487,0.00400927331683221,0.0200000000004366,0.0399999999999636,2.65999999999985,NA,NA,NA
2400,447,TRUE,TRUE,TRUE,0.000536175210994172,0.000517406978469854,0.000502386879154123,2.22044604925031e-16,0,1.12176934408126e-12,0.00627842002515963,0.30757850905026,0.00117225052348389,2.50454214842932e-05,0.0729568343531739,3.57414034828062,0.0136218486370002,0.00446799609378701,0.0200000000004366,0.0299999999997453,2.86999999999989,NA,NA,NA
2400,448,TRUE,TRUE,TRUE,0.00139758743246065,0.00128879660177712,0.00128301054379683,5.55111512312578e-16,1.11022302462516e-16,5.28466159721575e-14,0.0054008425729144,0.26458616969481,0.00103355798419803,3.84876522616651e-05,0.0649073111797081,3.17979585932662,0.0124212970100354,0.00375899716840422,0.0199999999995271,0.0500000000001819,2.71000000000004,NA,NA,NA
2400,449,TRUE,TRUE,TRUE,0.000451242173118797,0.000452240955033191,0.000454655575001305,4.44089209850063e-16,6.66133814775094e-16,1.13242748511766e-14,0.00286494238795078,0.140352939859004,0.000528207487558622,1.15153605477758e-05,0.0490165036513046,2.4013084584193,0.00903713957790359,0.00237216698823772,0,0.0399999999999636,2.96000000000004,NA,NA,NA
2400,450,TRUE,TRUE,TRUE,0.000385398514018797,0.000324852213656931,0.000324803825587127,4.44089209850063e-16,2.22044604925031e-16,2.8421709430404e-14,0.0037815470366411,0.18525721356209,0.000705677197695033,1.0566144098334e-05,0.0498092791287958,2.44014636642819,0.00929494521005327,0.00246364778303132,0.0100000000002183,0.0299999999997453,2.82999999999993,NA,NA,NA
2400,451,TRUE,TRUE,TRUE,0.000839807952968703,0.000698091095935771,0.000695759592591571,2.22044604925031e-16,2.22044604925031e-16,6.66133814775094e-15,0.00335263231764556,0.164244769467924,0.000618714763456528,1.51824218939112e-05,0.0620188436495326,3.03829042757607,0.0114453272959605,0.00331798286389784,0,0.0500000000001819,2.64999999999964,NA,NA,NA
2400,452,TRUE,TRUE,TRUE,0.000430236409659753,0.000395957612135794,0.000399033451263103,4.44089209850063e-16,2.22044604925031e-16,1.96287430753728e-13,0.00288565454060111,0.141367623968362,0.000534402375352661,9.46016148262174e-06,0.0419024902648056,2.05279440201426,0.00776003849928593,0.00204625944492065,0.0199999999995271,0.0299999999997453,2.69000000000051,NA,NA,NA
2400,453,TRUE,TRUE,TRUE,0.000505023079799659,0.000435230290617425,0.000437797349634075,2.22044604925031e-16,2.22044604925031e-16,2.1316282072803e-14,0.00618897760532598,0.303196743251216,0.00116119202463451,1.697728570349e-05,0.0597193268916362,2.92563757333957,0.0112046949472612,0.00335620086984534,0.0100000000002183,0.0399999999999636,2.5,NA,NA,NA
2400,454,TRUE,TRUE,TRUE,0.000654693797651534,0.000588827460418256,0.000592296211266851,4.44089209850063e-16,4.44089209850063e-16,9.61009050115536e-13,0.00310461745395026,0.152094572174336,0.000575730180660169,6.49838594313223e-06,0.0350862825094064,1.71886978238368,0.00650651233765753,0.00117207939963393,0.0100000000002183,0.0299999999997453,2.80000000000018,NA,NA,NA
2400,455,TRUE,TRUE,TRUE,0.000348798528023378,0.000328308896726646,0.000328297596117903,4.44089209850063e-16,4.44089209850063e-16,4.44089209850063e-15,0.00254269989970388,0.124566346466009,0.000479959424707968,8.06618307436224e-06,0.0554958458043769,2.71873010129796,0.0104753825762344,0.00288231513431114,0,0.0500000000001819,2.65000000000055,NA,NA,NA
2400,456,TRUE,TRUE,TRUE,0.000656215913378236,0.000669793607205858,0.000669585991057605,2.22044604925031e-16,2.22044604925031e-16,4.29434265925011e-13,0.00194520428605302,0.0952951589260951,0.000369199552978901,4.75059603388672e-06,0.0267086192415259,1.30844977752038,0.00506929290427559,0.000694323030291599,0,0.0500000000001819,2.61000000000058,NA,NA,NA
2400,457,TRUE,TRUE,TRUE,0.000522169844706031,0.000530911994468437,0.000531512250851235,2.22044604925031e-16,2.22044604925031e-16,6.66133814775094e-16,0.0031066106986334,0.15219222082246,0.000582092974766066,1.02403797548334e-05,0.0387373143552677,1.89773308352392,0.00725830196793734,0.00184045734298621,0,0.0500000000001819,2.69999999999982,NA,NA,NA
2400,458,TRUE,TRUE,TRUE,0.000616318747607271,0.000432064222754927,0.000429467057750809,4.44089209850063e-16,3.33066907387547e-16,1.17683640610267e-14,0.00794248002103667,0.389100466875793,0.00149670292209142,5.7676916952687e-05,0.0927373837165887,4.54318540372664,0.017475689309649,0.00671858830664718,0,0.0500000000001819,2.75,NA,NA,NA
2400,459,TRUE,TRUE,TRUE,0.000449093964916302,0.000471159574088232,0.000470671006576236,2.22044604925031e-16,4.44089209850063e-16,4.66293670342566e-15,0.00332076628398502,0.16268365901603,0.000617787878116637,1.19245185956629e-05,0.0491439077604422,2.40754995958972,0.00914262188341958,0.00231867722641255,0.0100000000002183,0.0399999999999636,2.81999999999971,NA,NA,NA
2400,460,TRUE,TRUE,TRUE,0.000767222207788573,0.000615805324785867,0.000614476907150777,4.44089209850063e-16,4.44089209850063e-16,1.13908882326541e-13,0.00612889290142135,0.300253205932965,0.0011241988874164,3.18562120753541e-05,0.0735032141714354,3.60090738349052,0.0134824074954701,0.00451623517221122,0.0199999999995271,0.0299999999997453,2.70000000000073,NA,NA,NA
2400,461,TRUE,TRUE,TRUE,0.00054227736141448,0.000434838190072654,0.000437550126682378,2.22044604925031e-16,4.44089209850063e-16,2.22044604925031e-15,0.0027853324316505,0.136452864431384,0.000518186794716882,8.43294638741554e-06,0.0618905328036265,3.03200450555738,0.0115141935850821,0.00326631896853513,0.00999999999930878,0.0300000000006548,2.82999999999993,NA,NA,NA
2400,462,TRUE,TRUE,TRUE,0.000672581147708597,0.000618094500807379,0.000619839117029079,4.44089209850063e-16,4.44089209850063e-16,4.88498130835069e-15,0.00550357309425789,0.269618916860844,0.00104637847742523,2.1047513634187e-05,0.0582080426281594,2.85160006730325,0.0110669272445393,0.00339149907708958,0.0200000000004366,0.0399999999999636,2.48999999999978,NA,NA,NA
2400,463,TRUE,TRUE,TRUE,0.00054890761889012,0.000556184027248257,0.000555991557579671,4.44089209850063e-16,2.22044604925031e-16,3.04201108747293e-14,0.00257777221494754,0.126284531994909,0.000474434116570181,7.08954958028585e-06,0.0290218271368335,1.42177335777,0.00534141257287015,0.00125014011175395,0.0200000000004366,0.0299999999997453,2.52999999999975,NA,NA,NA
2400,464,TRUE,TRUE,TRUE,0.000582319586038019,0.000564391098675488,0.000565014370161124,4.44089209850063e-16,2.22044604925031e-16,2.36634223327314e-09,0.00275177880617933,0.134809079202888,0.000509684037245947,7.7043847639402e-06,0.0432707478197517,2.11982505894079,0.00801460109871383,0.00196671824590311,0.0200000000004366,0.0299999999997453,2.82000000000062,NA,NA,NA
2400,465,TRUE,TRUE,TRUE,0.000434364239703756,0.000405198377762738,0.00040394939400374,2.22044604925031e-16,2.22044604925031e-16,3.35287353436797e-13,0.00244776971752674,0.11991573631554,0.000454178681349753,6.74357293917183e-06,0.0356462205519623,1.74630103222037,0.00661408355919653,0.00159282750045975,0,0.0300000000006548,2.73999999999978,NA,NA,NA
2400,466,TRUE,TRUE,TRUE,0.000638206409563173,0.000651797711514898,0.000653541423226292,3.33066907387547e-16,2.22044604925031e-16,7.95141730236537e-12,0.00256022363286808,0.125424830558829,0.000483863794387217,5.03956814412732e-06,0.0300089369428711,1.4701316646678,0.00567147256524544,0.000864795196157786,0.0100000000002183,0.0500000000001819,2.55999999999949,NA,NA,NA
2400,467,TRUE,TRUE,TRUE,0.000367191021305148,0.000353401106283143,0.000353838977604972,0,2.22044604925031e-16,4.44089209850063e-16,0.00275207857956645,0.134823765039626,0.000513595002716374,6.32185825821807e-06,0.0375864460108488,1.84135227942496,0.00701441121062823,0.00149924076729491,0.0199999999995271,0.0500000000001819,2.60999999999967,NA,NA,NA
2400,468,TRUE,TRUE,TRUE,0.000548522251831282,0.000489255490481463,0.000494165053232477,2.22044604925031e-16,4.44089209850063e-16,3.43503003819023e-12,0.00362961407967803,0.177814049168655,0.000686936293632746,1.81698564674093e-05,0.0578839280558794,2.83572176089752,0.0109550409841747,0.00351457583570536,0,0.0500000000001819,2.65999999999985,NA,NA,NA
2400,469,TRUE,TRUE,TRUE,0.000685270560156672,0.00059781079535088,0.00059804006029293,2.22044604925031e-16,3.33066907387547e-16,3.5527136788005e-15,0.00476251411600147,0.233314589540114,0.000904033216726981,2.61300095729666e-05,0.043691280056299,2.14042684693943,0.00829359609024689,0.00236666470214075,0.00999999999930878,0.0300000000006548,2.59999999999945,NA,NA,NA
2400,470,TRUE,TRUE,TRUE,0.000713348455894354,0.000600361194605089,0.000598815477265862,0,2.22044604925031e-16,9.32587340685131e-15,0.00335247295462328,0.164236962306155,0.000621380607535274,1.14053994231256e-05,0.0540694958054305,2.6488535074572,0.0100217769412191,0.00268942935831618,0,0.0500000000001819,2.76000000000022,NA,NA,NA
2400,471,TRUE,TRUE,TRUE,0.000468230506231093,0.000432003185118183,0.000438803008426944,2.22044604925031e-16,4.44089209850063e-16,1.48769885299771e-14,0.00788078887702181,0.386078230386094,0.00147811495465368,3.23198904723654e-05,0.0766343254764722,3.75429988399452,0.0143734776167964,0.00489507925850319,0.0200000000004366,0.0299999999997453,2.83999999999924,NA,NA,NA
2400,472,TRUE,TRUE,TRUE,0.000525335708700253,0.000480883298203655,0.000487648958448223,2.22044604925031e-16,3.33066907387547e-16,7.54951656745106e-15,0.00525076688944087,0.257233992748619,0.000986016388877245,3.03576404832029e-05,0.059066457328233,2.89365362736094,0.0110918073844939,0.00333184582067503,0,0.0500000000001819,2.86999999999989,NA,NA,NA
2400,473,TRUE,TRUE,TRUE,0.000553184619699585,0.000544419309978215,0.00054353950693634,2.22044604925031e-16,4.44089209850063e-16,6.21724893790088e-15,0.00271003339076021,0.132763979865341,0.000510238249533034,9.26876981921509e-06,0.0496072129196407,2.43024718429442,0.00933992089198197,0.002285649045767,0.0199999999995271,0.0300000000006548,2.60999999999967,NA,NA,NA
2400,474,TRUE,TRUE,TRUE,0.000551249621263258,0.000536859985695869,0.000536769260938524,3.33066907387547e-16,4.44089209850063e-16,4.44089209850063e-16,0.00193681845577832,0.0948843388212431,0.000355716318646012,5.61989539349383e-06,0.0367331595945513,1.79954995293742,0.00674641666296975,0.00148076302413358,0.0200000000004366,0.0299999999997453,2.82999999999993,NA,NA,NA
2400,475,TRUE,TRUE,TRUE,0.0005239920141589,0.000401092601708055,0.000412938412614361,5.55111512312578e-16,2.22044604925031e-16,8.21565038222616e-15,0.00540426173340702,0.264753673665923,0.00101370011222428,2.08884994705727e-05,0.0627475230652686,3.07398828266852,0.0117698169168721,0.00364156047633202,0.00999999999930878,0.0300000000006548,2.84999999999945,NA,NA,NA
2400,476,TRUE,TRUE,TRUE,0.000468023279285153,0.000488874234569699,0.00048995796415329,2.22044604925031e-16,4.44089209850063e-16,4.10782519111308e-14,0.00143483392164081,0.0702922194731303,0.000270385394318658,2.24846888841057e-06,0.0389782969672744,1.90953877224991,0.00734521399056007,0.00139874926091821,0.0200000000004366,0.0299999999997453,2.73000000000047,NA,NA,NA
2400,477,TRUE,TRUE,TRUE,0.000513571944733795,0.00049094848855159,0.000492739085752862,2.22044604925031e-16,4.44089209850063e-16,2.22044604925031e-15,0.00479641819737791,0.234975543531515,0.000895498111378544,1.74938498460619e-05,0.0472775026566178,2.31611515643579,0.00882677710689196,0.00237410778873581,0.0200000000004366,0.0399999999999636,2.9399999999996,NA,NA,NA
2400,478,TRUE,TRUE,TRUE,0.000566994600282145,0.00041912944838236,0.000419390715795257,4.44089209850063e-16,4.44089209850063e-16,2.40918396343659e-13,0.00869431476410646,0.425932696704143,0.00163351889091395,3.49381408781824e-05,0.081204547029528,3.97819410032366,0.0152570001431823,0.00571379705339936,0.0200000000004366,0.0299999999997453,2.64000000000033,NA,NA,NA
2400,479,TRUE,TRUE,TRUE,0.000672040879004417,0.000593220398780184,0.000601301271885172,6.66133814775094e-16,2.22044604925031e-16,2.1094237467878e-14,0.00804076064332128,0.393915214399803,0.0015025642048355,5.69351568984189e-05,0.0817043619039631,4.00267992848805,0.0152679646891107,0.00636436056092293,0,0.0399999999999636,2.71999999999935,NA,NA,NA
2400,480,TRUE,TRUE,TRUE,0.000423734406890245,0.00034730553999457,0.000349702734921304,2.22044604925031e-16,2.22044604925031e-16,2.19824158875781e-14,0.00412687890264813,0.202174950834898,0.000775193180520465,2.14632076129817e-05,0.0587344453091072,2.87738842665435,0.0110326817285712,0.00363182529788375,0,0.0499999999992724,2.61000000000058,NA,NA,NA
2400,481,TRUE,TRUE,TRUE,0.00069106185095966,0.000640416806053486,0.000643010550104032,4.44089209850063e-16,2.22044604925031e-16,8.88178419700125e-16,0.00191733119173275,0.0939296617533524,0.000353403375820575,2.42231974212359e-06,0.0321031715939419,1.57272779060338,0.00591727149944976,0.00102197081840316,0.0200000000004366,0.0399999999999636,2.84999999999945,NA,NA,NA
2400,482,TRUE,TRUE,TRUE,0.000663823479956929,0.000556347565431843,0.000560726613776171,3.33066907387547e-16,4.44089209850063e-16,6.66133814775094e-16,0.00321116075765788,0.157314106766217,0.000594400246405124,1.0898401605175e-05,0.056230624376813,2.75472675282594,0.010408540558234,0.00325384487593894,0.0200000000004366,0.0299999999997453,2.82000000000062,NA,NA,NA
2400,483,TRUE,TRUE,TRUE,0.000685580889075978,0.000598096446820483,0.000600730207821583,2.22044604925031e-16,3.33066907387547e-16,1.08890674255235e-12,0.00260983900319814,0.127855477372987,0.000480598785410308,9.25702489240621e-06,0.0506572626962041,2.4816889074365,0.00932847539414224,0.00223851144176024,0.00999999999930878,0.0300000000006548,2.71000000000004,NA,NA,NA
2400,484,TRUE,TRUE,TRUE,0.000437526456828241,0.000391352815699039,0.000396025534279237,2.22044604925031e-16,2.22044604925031e-16,9.12603326241879e-14,0.00307776498671365,0.150779075313046,0.000578741011284956,7.52409828308487e-06,0.0437722565447749,2.144393868498,0.00823090785953648,0.00230637442993498,0.0100000000002183,0.0299999999997453,2.85999999999967,NA,NA,NA
2400,485,TRUE,TRUE,TRUE,0.00110448170182721,0.00107208987876088,0.00106631898266948,4.44089209850063e-16,2.22044604925031e-16,4.9960036108132e-14,0.0033580478958515,0.164510077533258,0.000608275119915188,1.43896636224383e-05,0.0441391290970635,2.16236687957279,0.00799533981562233,0.00209495402865656,0,0.0500000000001819,2.67000000000007,NA,NA,NA
2400,486,TRUE,TRUE,TRUE,0.000379221990793249,0.000342144757943405,0.000339940683188799,1.11022302462516e-16,2.22044604925031e-16,9.32587340685131e-15,0.00242770536750952,0.118932787924285,0.000459389571579048,7.31215758875692e-06,0.0345511429585351,1.69265340556734,0.00653803998364544,0.00137656070885583,0,0.0299999999997453,2.93000000000029,NA,NA,NA
2400,487,TRUE,TRUE,TRUE,0.000668157888844148,0.000612858810673921,0.000616534485486346,2.22044604925031e-16,2.22044604925031e-16,2.22044604925031e-15,0.00364523763082035,0.178579443734034,0.000667665114130257,1.12569799703977e-05,0.0557314826631941,2.73027390267185,0.0102078301887265,0.00275722485404728,0.00999999999930878,0.0500000000001819,2.75,NA,NA,NA
2400,488,TRUE,TRUE,TRUE,0.000418987222036505,0.000435772121353723,0.000436997965777652,4.44089209850063e-16,4.44089209850063e-16,2.00728322852228e-13,0.00176728837690422,0.0865790950353364,0.000333224900253021,4.00172725179004e-06,0.0277860357942878,1.36123219341429,0.00523909913457222,0.000847423492000843,0.0200000000004366,0.0399999999999636,2.77000000000044,NA,NA,NA
2400,489,TRUE,TRUE,TRUE,0.000884491898726523,0.000761322217448596,0.000770456066526189,4.44089209850063e-16,2.22044604925031e-16,1.33226762955019e-15,0.0079425926219402,0.389105983170957,0.00147747318343789,2.78641137256841e-05,0.0820446653745078,4.0193513256987,0.0152618670886031,0.0058371895460354,0.0100000000002183,0.0399999999999636,2.67999999999938,NA,NA,NA
2400,490,TRUE,TRUE,TRUE,0.000407434048859639,0.000334427634591672,0.000334916510191576,2.22044604925031e-16,4.44089209850063e-16,2.66453525910038e-15,0.00239438438732348,0.117300399940581,0.000447745093174994,7.79388972205197e-06,0.0494899437626761,2.42450219235183,0.00925452053503179,0.00269502775655184,0.0199999999995271,0.0299999999997453,2.82999999999993,NA,NA,NA
2400,491,TRUE,TRUE,TRUE,0.000426391807498177,0.000397224677456109,0.000395989630977644,4.44089209850063e-16,2.22044604925031e-16,1.55431223447522e-15,0.00214610632762479,0.10513730872878,0.000407139917646086,3.87480407937346e-06,0.0337732985409396,1.65454696711971,0.00640716529726334,0.00118706958917869,0.130000000000109,0.0399999999999636,2.46999999999935,NA,NA,NA
2400,492,TRUE,TRUE,TRUE,0.000299563603968587,0.000298361194593,0.000298228231644467,4.44089209850063e-16,3.33066907387547e-16,1.17372778163372e-12,0.00241585991526821,0.11835248164901,0.000453976991098573,8.73355008579324e-06,0.0408839896462714,2.00289826565191,0.0076827263395605,0.00195422214070362,0.0199999999995271,0.0299999999997453,2.58000000000084,NA,NA,NA
2400,493,TRUE,TRUE,TRUE,0.000450847938082374,0.000428777924899446,0.000430399356949581,5.55111512312578e-16,2.22044604925031e-16,8.88178419700125e-16,0.0019786285494879,0.0969326067349714,0.000372402398432579,3.90367535274549e-06,0.0322290068867977,1.57889243578599,0.00606589825404567,0.00110140676366299,0,0.0500000000001819,2.67000000000007,NA,NA,NA
2400,494,TRUE,TRUE,TRUE,0.000527549376186763,0.000510357802866679,0.000509051516087245,4.44089209850063e-16,1.11022302462516e-16,5.28466159721575e-14,0.00388430036587538,0.190291078082014,0.000715803803626892,1.30294910114515e-05,0.0438081786927254,2.14615368715687,0.00807302679620465,0.00157609180477536,0,0.0499999999992724,2.77000000000044,NA,NA,NA
2400,495,TRUE,TRUE,TRUE,0.000673747129177883,0.00060865544316667,0.000586322830981228,1.11022302462516e-16,2.22044604925031e-16,1.07913677993565e-13,0.00762944484066646,0.373764937606851,0.00142363958535678,2.51214233060182e-05,0.0655103452543275,3.2093383749332,0.0122241031558862,0.00366342869782699,0.0100000000002183,0.0500000000001819,2.65999999999985,NA,NA,NA
2400,496,TRUE,TRUE,TRUE,0.000390072943505873,0.000340792027213124,0.000337112642528339,2.22044604925031e-16,3.33066907387547e-16,5.10702591327572e-15,0.0036793465507613,0.18025043272469,0.000686325616527457,1.07026621982698e-05,0.0417991427865823,2.04773143025725,0.00779698841833326,0.00195845237613312,0.0100000000002183,0.0399999999999636,2.67000000000007,NA,NA,NA
2400,497,TRUE,TRUE,TRUE,0.000441456739478331,0.000462695296713139,0.000466159263902021,4.44089209850063e-16,4.44089209850063e-16,2.04281036531029e-14,0.00507699988191347,0.248721182697169,0.000938233290548726,2.36443497207972e-05,0.0686438060049491,3.36284597429442,0.0126854255429958,0.00448977789254812,0,0.0500000000001819,2.60000000000036,NA,NA,NA
2400,498,TRUE,TRUE,TRUE,0.000432954334045236,0.000411289983766314,0.000413081371650134,2.22044604925031e-16,2.22044604925031e-16,4.44089209850063e-16,0.00300777580943797,0.147350319876194,0.00056706122003767,1.04807824996556e-05,0.0446468357673656,2.18723932519774,0.00841734582797731,0.00217163671738874,0.00999999999930878,0.0300000000006548,2.88000000000011,NA,NA,NA
2400,499,TRUE,TRUE,TRUE,0.000433398547251182,0.0004393692212702,0.000443696715465512,1.11022302462516e-16,4.44089209850063e-16,1.11022302462516e-15,0.00254882887426443,0.124866603672406,0.000472127109199969,5.53516136747589e-06,0.031264500222592,1.53164145216963,0.00579121582453588,0.00113008608761689,0.0100000000002183,0.0399999999999636,2.63999999999942,NA,NA,NA
2400,500,TRUE,TRUE,TRUE,0.000426208567657915,0.000362484910040324,0.000360943348544417,2.22044604925031e-16,4.44089209850063e-16,1.11022302462516e-15,0.0028379583902955,0.139030999349486,0.000529431820105642,1.00838923025037e-05,0.0463223753033961,2.26932366334043,0.00864161347550273,0.00208407696651136,0.00999999999930878,0.0300000000006548,2.6299999999992,NA,NA,NA
4800,1,TRUE,TRUE,TRUE,0.000259992429546144,0.000245536679993077,0.000246164056814316,4.44089209850063e-16,1.11022302462516e-16,1.99329441841201e-12,0.00131379656376089,0.0910224959697305,0.000246896945999983,2.62639475678839e-06,0.0226946394941527,1.57233074653327,0.00426491995506292,0.00075371023689641,0.0199999999995271,0.0399999999999636,2.65999999999985,NA,NA,NA
4800,2,TRUE,TRUE,TRUE,0.000210877055037129,0.000160291611415255,0.00015996319233081,6.66133814775094e-16,4.44089209850063e-16,9.54791801177635e-15,0.00127746037973103,0.088505051294015,0.00023778211307661,3.47075851792056e-06,0.0354049423518955,2.45292635970121,0.0065901550759342,0.00124274536499414,0.0100000000002183,0.0500000000001819,2.72000000000025,NA,NA,NA
4800,3,TRUE,TRUE,TRUE,0.000317109653071718,0.000297434334547131,0.000301152054502769,0,2.22044604925031e-16,1.77635683940025e-15,0.00221328733213685,0.153341044440384,0.000417968143301228,3.37845124320779e-06,0.0266376136792229,1.84550801139223,0.00503037891638362,0.000833295293968916,0,0.0299999999997453,2.57999999999993,NA,NA,NA
4800,4,TRUE,TRUE,TRUE,0.000289873940746001,0.000241216250061892,0.000241334226054114,2.22044604925031e-16,4.44089209850063e-16,4.57411886145564e-14,0.00233009735278915,0.161433880064502,0.000440765510658293,4.26880552595321e-06,0.0502332549253453,3.4802619904103,0.00950221510388607,0.00200101675261877,0.0100000000002183,0.0500000000001819,2.80999999999949,NA,NA,NA
4800,5,TRUE,TRUE,TRUE,0.000245915679637202,0.000242030860323824,0.000241465306754257,4.44089209850063e-16,2.22044604925031e-16,3.33066907387547e-15,0.00184272189063169,0.127667517551739,0.000343491156798109,3.77049205013691e-06,0.0341373123755723,2.36510237873364,0.00636333945858976,0.00112727074311181,0.0100000000002183,0.0500000000001819,2.69999999999982,NA,NA,NA
4800,6,TRUE,TRUE,TRUE,0.000416885923229639,0.000370502795349683,0.000371832375631872,2.22044604925031e-16,5.55111512312578e-16,2.35367281220533e-14,0.00160792565700377,0.111400357308964,0.000303772115893537,2.51536662077001e-06,0.0326490781454619,2.26199448672907,0.00616812071318117,0.00108304030563389,0,0.0500000000001819,2.60000000000036,NA,NA,NA
4800,7,TRUE,TRUE,TRUE,0.000442567388412294,0.000401747995246332,0.000398836926547033,4.44089209850063e-16,2.22044604925031e-16,3.26405569239796e-14,0.00286520983808566,0.198507560556422,0.000527562056488626,7.5081359618423e-06,0.03566779047424,2.4711370118042,0.00656739783693041,0.00154325340475481,0.0199999999995271,0.0500000000001819,2.67000000000007,NA,NA,NA
4800,8,TRUE,TRUE,TRUE,0.00041291260807108,0.00038506850427551,0.000383314893261317,4.44089209850063e-16,2.22044604925031e-16,5.32907051820075e-15,0.00226426168177369,0.156872650978536,0.000418797781739958,5.74788910157054e-06,0.0399597445834413,2.76849231503983,0.00739095331831577,0.00145558054429884,0.0200000000004366,0.0399999999999636,2.67000000000007,NA,NA,NA
4800,9,TRUE,TRUE,TRUE,0.000463097928425958,0.000451956061107972,0.000450594237465676,2.22044604925031e-16,3.33066907387547e-16,4.88498130835069e-15,0.00127350446095787,0.0882309772017859,0.000242031429155583,1.77458965566757e-06,0.0376970558945379,2.61172864420414,0.00716438190271461,0.00122081569805843,0.0199999999995271,0.0399999999999636,2.96000000000004,NA,NA,NA
4800,10,TRUE,TRUE,TRUE,0.000360901138623681,0.000317532061096458,0.000317221673452437,2.22044604925031e-16,2.22044604925031e-16,2.44249065417534e-15,0.00200863918152056,0.139162604658687,0.00037313397275535,3.66373951621313e-06,0.0420167079758628,2.91100291923916,0.00780521524889642,0.00171981500070828,0,0.0299999999997453,2.60999999999967,NA,NA,NA
4800,11,TRUE,TRUE,TRUE,0.000238000114574925,0.00023262266528088,0.000232511079235162,2.22044604925031e-16,4.44089209850063e-16,3.95239396766556e-14,0.00127047128267325,0.0880208324458911,0.000237202782760522,2.35555082639394e-06,0.0297152264885804,2.05873128146551,0.00554796830875179,0.00106754820846078,0.0199999999995271,0.0600000000004002,2.72999999999956,NA,NA,NA
4800,12,TRUE,TRUE,TRUE,0.000264702368724389,0.000238046426469535,0.000236883746951258,1.11022302462516e-16,4.44089209850063e-16,1.83408843668076e-13,0.00163090970560838,0.112992738906836,0.000301962668882801,5.23698663457139e-06,0.0268865453112092,1.86275450076069,0.00497803952683117,0.00106605907518542,0.0199999999995271,0.0500000000001819,2.84000000000015,NA,NA,NA
4800,13,TRUE,TRUE,TRUE,0.00017597742595136,0.000171969627009635,0.000171814972993512,4.44089209850063e-16,4.44089209850063e-16,1.85185200507476e-13,0.00122701189325105,0.0850098776240839,0.000229906162402997,1.58024342056251e-06,0.0249229226483572,1.72671073200255,0.00466982719032061,0.000611507761597352,0.0200000000004366,0.0399999999999636,2.73999999999978,NA,NA,NA
4800,14,TRUE,TRUE,TRUE,0.000204611444601606,0.000210011082786064,0.000210505059058054,2.22044604925031e-16,4.44089209850063e-16,4.21884749357559e-15,0.000995118962419044,0.0689438640994003,0.000187928540550351,1.0049259131506e-06,0.0250368022849948,1.73460054466671,0.0047282082757513,0.000603174847725541,0.0200000000004366,0.0399999999999636,2.5,NA,NA,NA
4800,15,TRUE,TRUE,TRUE,0.000248406829831046,0.00019695163626166,0.00019702641506816,4.44089209850063e-16,2.22044604925031e-16,7.54951656745106e-15,0.00108222271620889,0.0749785891831595,0.000200874906777876,1.85676050179495e-06,0.0315976371932768,2.18914852071534,0.00586494104266753,0.0010303915969061,0.0200000000004366,0.0399999999999636,2.47000000000025,NA,NA,NA
4800,16,TRUE,TRUE,TRUE,0.000401600628391907,0.000397485799611064,0.000395478509515137,4.44089209850063e-16,4.44089209850063e-16,7.8159700933611e-14,0.00263917241016753,0.182847228173767,0.000499450295634856,6.28901308985519e-06,0.0390297468678142,2.70406018326426,0.00738618611523224,0.00169152031237729,0,0.0300000000006548,2.48999999999978,NA,NA,NA
4800,17,TRUE,TRUE,TRUE,0.000248570218543763,0.000234140010386216,0.000232896596464158,2.22044604925031e-16,2.22044604925031e-16,1.03696784492513e-09,0.000898289853280854,0.0622353466322412,0.000166654519813287,5.1042452753336e-07,0.0195888838522059,1.35715768382344,0.0036342122981177,0.000379928076405633,0.0200000000004366,0.0399999999999636,2.82999999999993,NA,NA,NA
4800,18,TRUE,TRUE,TRUE,0.000276568593010676,0.000224517791563071,0.000223645112908237,3.33066907387547e-16,4.44089209850063e-16,1.55431223447522e-15,0.0016576149028533,0.114842929245011,0.000308943778593393,4.17651840578515e-06,0.0458272641123193,3.1750059925766,0.00854121672837683,0.00196900385855159,0.00999999999930878,0.0500000000001819,2.57999999999993,NA,NA,NA
4800,19,TRUE,TRUE,TRUE,0.000199932964496968,0.000196008354460146,0.000196536029081991,2.22044604925031e-16,3.33066907387547e-16,4.44089209850063e-15,0.00119535298689118,0.0828164842509898,0.000224779529588199,1.41669655562282e-06,0.0230464674237218,1.59670610051469,0.00433376095846534,0.000631319442629064,0.0100000000002183,0.0500000000001819,2.55999999999949,NA,NA,NA
4800,20,TRUE,TRUE,TRUE,0.000295206563369036,0.000283153477669363,0.000283942351984273,2.22044604925031e-16,2.22044604925031e-16,7.96263366353855e-09,0.000729394281528415,0.0505339181742965,0.000135787700751802,8.1688893871501e-07,0.0195649582919015,1.35550007238157,0.00364231084482216,0.000413709255365546,0.0100000000002183,0.0299999999997453,2.58000000000084,NA,NA,NA
4800,21,TRUE,TRUE,TRUE,0.000398702987387509,0.00035329141301758,0.000353062896485077,4.44089209850063e-16,4.44089209850063e-16,1.24122934153093e-13,0.00265132254822708,0.183689014431292,0.000500872933065561,5.948796669486e-06,0.051354705777448,3.55795838457164,0.00970164196984239,0.00218766461416919,0.0100000000002183,0.0499999999992724,2.53000000000065,NA,NA,NA
4800,22,TRUE,TRUE,TRUE,0.000275962188659766,0.000258378042109229,0.000257564492618193,2.22044604925031e-16,3.33066907387547e-16,1.87849735766576e-13,0.002053379363201,0.142262295371102,0.000388127782038411,4.33799010224334e-06,0.0429322441413836,2.97443312543311,0.00811501128098935,0.00167289778968538,0.0199999999995271,0.0500000000001819,2.86000000000058,NA,NA,NA
4800,23,TRUE,TRUE,TRUE,0.000278474039216263,0.000275546509896765,0.000275701754590656,2.22044604925031e-16,3.33066907387547e-16,9.54791801177635e-15,0.00146052479175527,0.101188125801363,0.000274554198038072,1.76970539200738e-06,0.0350917545883916,2.4312280749533,0.00659666209923473,0.00102354368187463,0.0100000000002183,0.0499999999992724,2.86000000000058,NA,NA,NA
4800,24,TRUE,TRUE,TRUE,0.000220871175480592,0.000200296143900297,0.000200448069493459,4.44089209850063e-16,4.44089209850063e-16,3.70814490224802e-14,0.000799432270695532,0.0553862924021927,0.000148651155414373,1.06278504574675e-06,0.0221146665364613,1.53214904134377,0.00411213163735364,0.000513017295773466,0.0200000000004366,0.0399999999999636,2.54999999999927,NA,NA,NA
4800,25,TRUE,TRUE,TRUE,0.000144040577685768,0.000126321382712757,0.000126491736185891,2.22044604925031e-16,4.44089209850063e-16,3.10862446895044e-15,0.000963399812709515,0.0667462969446088,0.000179322398417349,1.02721729433597e-06,0.0195097809912808,1.35167727685759,0.00363145256393003,0.000385937481308218,0.0199999999995271,0.0399999999999636,2.53000000000065,NA,NA,NA
4800,26,TRUE,TRUE,TRUE,0.00041708168788789,0.000372894418474864,0.000375415504705127,2.22044604925031e-16,4.44089209850063e-16,2.06501482580279e-14,0.00168939024290739,0.117044389381069,0.000316577949769512,2.22095791713173e-06,0.0374613559247234,2.5953988712817,0.0070199524970768,0.00125037379803672,0.00999999999930878,0.0500000000001819,2.80000000000018,NA,NA,NA
4800,27,TRUE,TRUE,TRUE,0.000330989220571377,0.000229469444024874,0.000235411193335618,6.66133814775094e-16,4.44089209850063e-16,4.80504525057768e-13,0.00541452105253595,0.375129022465743,0.00101000548422543,2.26162247827233e-05,0.0722747511141067,5.00734164136113,0.0134818748118241,0.00435208313506052,0.0100000000002183,0.0500000000001819,2.75,NA,NA,NA
4800,28,TRUE,TRUE,TRUE,0.000461242244406076,0.000362224768249474,0.000360158256026739,2.22044604925031e-16,2.22044604925031e-16,4.41868763800812e-14,0.00615127321903137,0.426172709864004,0.00113539595002039,1.50085516175125e-05,0.061605189652984,4.26813273955539,0.0113710252075668,0.00318700794777271,0,0.0299999999997453,2.97000000000025,NA,NA,NA
4800,29,TRUE,TRUE,TRUE,0.000269122052385119,0.000246230564987953,0.00024646548719555,4.44089209850063e-16,2.22044604925031e-16,3.77475828372553e-15,0.00124843289183939,0.0864939679402388,0.000232859326089296,2.59005381764155e-06,0.0347879443991829,2.41017948761064,0.00648869261758264,0.00129752698096652,0.0100000000002183,0.0500000000001819,2.63999999999942,NA,NA,NA
4800,30,TRUE,TRUE,TRUE,0.000287374705212431,0.000256073217067704,0.000257400080655784,2.22044604925031e-16,2.22044604925031e-16,9.32587340685131e-15,0.00139243391906574,0.0964706517601643,0.000259440045933199,1.97320632011611e-06,0.0286800957907166,1.98701532301854,0.00534371166015871,0.000840072904125577,0.0100000000002183,0.0399999999999636,2.84000000000015,NA,NA,NA
4800,31,TRUE,TRUE,TRUE,0.000368965162188818,0.000351578538866853,0.000350536916726821,2.22044604925031e-16,2.22044604925031e-16,2.58926213803079e-12,0.00141429576105759,0.0979852846032412,0.000268245164221739,2.16411720899146e-06,0.0247417535353008,1.71415896765951,0.00469269294510763,0.000738841219469322,0.0200000000004366,0.0399999999999636,2.55000000000018,NA,NA,NA
4800,32,TRUE,TRUE,TRUE,0.000239052377938005,0.000201195741173292,0.000200243103369202,3.33066907387547e-16,4.44089209850063e-16,1.00852659556949e-12,0.00227277238747718,0.157462289966004,0.000424900446136565,6.01065926630895e-06,0.0343588599566647,2.38045164540349,0.00642347425759422,0.00136741619293801,0,0.0500000000001819,2.63000000000011,NA,NA,NA
4800,33,TRUE,TRUE,TRUE,0.000327864587504114,0.000255355110041119,0.0002528671365941,6.66133814775094e-16,5.55111512312578e-16,8.43769498715119e-15,0.00302458386210732,0.209549316836911,0.00056154438172258,8.46711988700122e-06,0.053670517983099,3.71840256061067,0.00996447088643513,0.0027990878063342,0.0200000000004366,0.0299999999997453,2.67999999999938,NA,NA,NA
4800,34,TRUE,TRUE,TRUE,0.00027115256112817,0.000267497717019236,0.00026874854648231,4.44089209850063e-16,2.22044604925031e-16,1.88293824976427e-13,0.00167997321102917,0.116391958274286,0.00031613515950616,2.52301139269662e-06,0.0295477076569282,2.04712523635967,0.0055602489443519,0.000891681510246656,0,0.0299999999997453,2.5,NA,NA,NA
4800,35,TRUE,TRUE,TRUE,0.000274596470872217,0.000264275097586306,0.000262696303685369,2.22044604925031e-16,2.22044604925031e-16,6.66133814775094e-16,0.00179594764576167,0.124426902807717,0.000337936851107097,3.51479583216019e-06,0.0402711712614866,2.7900685882081,0.00757767791205835,0.00168972508644671,0.0100000000002183,0.0499999999992724,2.5600000000004,NA,NA,NA
4800,36,TRUE,TRUE,TRUE,0.000162496202052619,0.000139484769806919,0.00013961955730322,4.44089209850063e-16,6.66133814775094e-16,1.4210854715202e-14,0.00111209225562298,0.0770480115777152,0.000208705894571955,1.1284612497775e-06,0.0265521406678362,1.83958626745632,0.00498302927914627,0.000658466147321235,0,0.0499999999992724,2.75,NA,NA,NA
4800,37,TRUE,TRUE,TRUE,0.000515360357778361,0.000509976503392148,0.000505923040817651,4.44089209850063e-16,4.44089209850063e-16,1.84519066692701e-13,0.00208561674115259,0.144495766431701,0.000395393649801626,2.83365838527061e-06,0.0307879487086128,2.13305165696568,0.00583681515860684,0.0010419617855284,0.0199999999995271,0.0500000000001819,2.67000000000007,NA,NA,NA
4800,38,TRUE,TRUE,TRUE,0.000319325611167836,0.000296423363214174,0.000296085540107684,4.44089209850063e-16,2.22044604925031e-16,1.33226762955019e-15,0.00208567838245004,0.144500037066062,0.000388969049935557,5.08807909938014e-06,0.0389903663083471,2.70133181807116,0.00727151696407841,0.00144616473201253,0,0.0500000000001819,2.93000000000029,NA,NA,NA
4800,39,TRUE,TRUE,TRUE,0.000309857920138163,0.000292933113605841,0.00029323755444222,2.22044604925031e-16,4.44089209850063e-16,1.11022302462516e-15,0.000812769489843226,0.0563103220500121,0.000151064064462164,7.60649793818402e-07,0.0224928902230031,1.55835314701243,0.00418060404708785,0.000559707425914269,0,0.0300000000006548,2.82999999999993,NA,NA,NA
4800,40,TRUE,TRUE,TRUE,0.000170699484236776,0.000184464021935087,0.000183656583604402,4.44089209850063e-16,2.22044604925031e-16,1.99840144432528e-14,0.00122360205198273,0.084773636891185,0.000228455468709589,2.20060048405912e-06,0.0300873333645199,2.08451160206443,0.00561752559574006,0.000887038217470604,0.0100000000002183,0.0499999999992724,2.84000000000015,NA,NA,NA
4800,41,TRUE,TRUE,TRUE,0.000269874166797755,0.000242734315746447,0.000243068336571925,2.22044604925031e-16,4.44089209850063e-16,4.94937424377895e-13,0.00173620571386272,0.120287860352065,0.000328991230953465,2.96706877378483e-06,0.0338580866365701,2.34575705206433,0.00641572223346285,0.00111839995081908,0,0.0299999999997453,2.69999999999982,NA,NA,NA
4800,42,TRUE,TRUE,TRUE,0.000206036566828688,0.00021156344064972,0.000211539635090613,5.55111512312578e-16,4.44089209850063e-16,6.70427757754055e-09,0.000824991592334761,0.0571570941496383,0.000153295874105008,8.53956041879655e-07,0.0162302188599567,1.1244625473363,0.00301581932491145,0.000256647649656827,0.0100000000002183,0.0299999999997453,2.69000000000051,NA,NA,NA
4800,43,TRUE,TRUE,TRUE,0.000397714469624703,0.000287245332412548,0.000285289298257468,2.22044604925031e-16,2.22044604925031e-16,1.04805053524615e-13,0.00348963195907395,0.241768794113288,0.000652424005446824,9.37863030259223e-06,0.0555906005087267,3.85142978017516,0.010393257132687,0.00246201113322186,0.0100000000002183,0.0500000000001819,2.63999999999942,NA,NA,NA
4800,44,TRUE,TRUE,TRUE,0.00021619782604342,0.000188461318203682,0.000189811246288243,2.22044604925031e-16,2.22044604925031e-16,2.26485497023532e-14,0.00225330437354981,0.156113506396217,0.000419543077741951,5.49176066400037e-06,0.0404651747125596,2.80350954157218,0.00753421692140417,0.00148698519539181,0.0199999999995271,0.0500000000001819,2.81999999999971,NA,NA,NA
4800,45,TRUE,TRUE,TRUE,0.000278579993392486,0.0002587521332769,0.000259138886237286,5.55111512312578e-16,4.44089209850063e-16,5.16475751055623e-13,0.00219248369365635,0.151899726087163,0.000406387682789172,4.30521696159758e-06,0.0353565168524056,2.44957134268127,0.00655350504850667,0.0015696126078133,0.0200000000004366,0.0299999999997453,2.67000000000007,NA,NA,NA
4800,46,TRUE,TRUE,TRUE,0.000205433774284501,0.000184521267495927,0.0001849186975117,4.44089209850063e-16,2.22044604925031e-16,4.13002965160558e-14,0.00161846108875139,0.112130273431626,0.000301548601873402,1.75019347636862e-06,0.0225615240118864,1.5631082353909,0.00420362038309257,0.000474267358725911,0.00999999999930878,0.0500000000001819,2.64000000000033,NA,NA,NA
4800,47,TRUE,TRUE,TRUE,0.000277126423864075,0.000240150058093645,0.000241135184682553,2.22044604925031e-16,4.44089209850063e-16,9.02977870254063e-09,0.0010466902647876,0.0725168287359939,0.000197029972727124,2.10529085364897e-06,0.036482946196558,2.5276126568896,0.00686758455288739,0.0010984356091015,0,0.0300000000006548,2.73999999999978,NA,NA,NA
4800,48,TRUE,TRUE,TRUE,0.000384228407179766,0.000288080957564436,0.000289161539630583,2.22044604925031e-16,4.44089209850063e-16,9.10382880192628e-15,0.00220770187567321,0.152954072665244,0.000413634871121125,5.73709206008743e-06,0.0540794544040404,3.7467345069361,0.0101323228463059,0.00263386894570417,0,0.0500000000001819,2.51000000000022,NA,NA,NA
4800,49,TRUE,TRUE,TRUE,0.00019260738955607,0.000166999931855692,0.000166370520286665,3.33066907387547e-16,2.22044604925031e-16,2.46469511466785e-14,0.00204705158239677,0.141823893857019,0.000383322439244846,4.65821324624471e-06,0.0330705278523697,2.29119337893704,0.00619265069453823,0.00124205856149828,0.0200000000004366,0.0500000000001819,2.53999999999996,NA,NA,NA
4800,50,TRUE,TRUE,TRUE,0.000340063313037768,0.000235255942419235,0.000236172505386015,4.44089209850063e-16,4.44089209850063e-16,6.68354260824344e-14,0.00185182857179806,0.128298446930478,0.000343595292313152,3.7509932120372e-06,0.0506606450479692,3.50987244669181,0.00939976810441396,0.0019315625314178,0.0199999999995271,0.0500000000001819,2.72000000000025,NA,NA,NA
4800,51,TRUE,TRUE,TRUE,0.000290370328154361,0.00025809693679693,0.000259039396772843,4.44089209850063e-16,4.44089209850063e-16,6.66133814775094e-15,0.00142191663353366,0.0985132741363041,0.000268037150607887,2.64017121764937e-06,0.0365207913831778,2.5302346483315,0.00688431981836035,0.00132456144110549,0.0100000000002183,0.0500000000001819,2.47000000000025,NA,NA,NA
4800,52,TRUE,TRUE,TRUE,0.000229178730741715,0.000209889139896244,0.000209845075866533,4.44089209850063e-16,4.44089209850063e-16,1.82076576038526e-14,0.00212728876439237,0.14738288889192,0.00040005633363212,4.87681082361746e-06,0.0402265408577358,2.78697650313375,0.00756497318070741,0.00152179681766995,0.0199999999995271,0.0299999999997453,2.75,NA,NA,NA
4800,53,TRUE,TRUE,TRUE,0.000360074504662546,0.000353441691545755,0.000352735048179245,1.11022302462516e-16,4.44089209850063e-16,3.81028542051354e-13,0.00226324434567428,0.156802167866033,0.00042829298014702,3.96919954326336e-06,0.0430882249825182,2.98523979510721,0.00815395134965419,0.00161755421947163,0.0100000000002183,0.0500000000001819,2.69999999999982,NA,NA,NA
4800,54,TRUE,TRUE,TRUE,0.00039230961132745,0.000348369698366557,0.000350305582221147,4.44089209850063e-16,4.44089209850063e-16,2.99982261253717e-13,0.00114043827712678,0.0790118815551961,0.000212999294426715,1.27957723705663e-06,0.0285347297005358,1.9769440648629,0.00532942239380437,0.00066013224263628,0,0.0300000000006548,2.85999999999967,NA,NA,NA
4800,55,TRUE,TRUE,TRUE,0.0003110724781486,0.00021549865856908,0.000213000425241597,2.22044604925031e-16,4.44089209850063e-16,1.35447209004269e-14,0.00399831140833796,0.277011140148945,0.000743892122810238,1.63698130890566e-05,0.067814165564462,4.69830320922144,0.0126169321061769,0.0039283923013933,0.0199999999995271,0.0500000000001819,2.72000000000025,NA,NA,NA
4800,56,TRUE,TRUE,TRUE,0.000222728511783785,0.00022061973772522,0.000221735755599964,4.44089209850063e-16,4.44089209850063e-16,1.22124532708767e-14,0.00197631792715247,0.136923322469492,0.000372338222966095,4.22113586395767e-06,0.0464762054143551,3.21996596482683,0.00875611534785875,0.0017951618123746,0.0100000000002183,0.0500000000001819,2.63999999999942,NA,NA,NA
4800,57,TRUE,TRUE,TRUE,0.000388527988599669,0.000300400846087444,0.00030309221575217,1.11022302462516e-16,2.22044604925031e-16,1.55431223447522e-14,0.00338146026161419,0.234274439075637,0.000624082240381631,9.77376134159158e-06,0.0555722924198402,3.85016135856952,0.0102564212125211,0.00263929625994663,0.0199999999995271,0.0399999999999636,2.82000000000062,NA,NA,NA
4800,58,TRUE,TRUE,TRUE,0.000383208797962261,0.0003535163189287,0.000352699215576253,4.44089209850063e-16,4.44089209850063e-16,1.64313007644523e-14,0.000849887414347519,0.0588819272945298,0.000160762433345384,8.2318227612177e-07,0.0195788419063519,1.35646195740641,0.00370348144214626,0.000304775869153673,0.0199999999995271,0.0500000000001819,2.84000000000015,NA,NA,NA
4800,59,TRUE,TRUE,TRUE,0.000237598553452789,0.000175455363927165,0.000175215675124371,2.22044604925031e-16,4.44089209850063e-16,1.55431223447522e-15,0.00244015290513336,0.169058752397111,0.000454580473752296,6.12403416866414e-06,0.0443578476671723,3.07320183495772,0.00826350322750506,0.00209487857267021,0.00999999999930878,0.0300000000006548,2.69000000000051,NA,NA,NA
4800,60,TRUE,TRUE,TRUE,0.000273114212240138,0.000230541992759055,0.000230770362986126,2.22044604925031e-16,4.44089209850063e-16,8.88178419700125e-16,0.00155258681043666,0.107566369553504,0.000292607135991544,2.35625875077972e-06,0.0350132848369987,2.42579153110251,0.00659875308030535,0.00118312127343856,0.0100000000002183,0.0499999999992724,2.70000000000073,NA,NA,NA
4800,61,TRUE,TRUE,TRUE,0.000183909697599692,0.000161440192528809,0.000161869943882214,2.22044604925031e-16,4.44089209850063e-16,6.66133814775094e-16,0.00130420549071102,0.0903580069368714,0.000244404801168161,1.89716026000042e-06,0.0337811897579482,2.34042948003566,0.00633050928309934,0.00122174999097169,0.0199999999995271,0.0500000000001819,2.94999999999982,NA,NA,NA
4800,62,TRUE,TRUE,TRUE,0.000219059942647694,0.000174638471104731,0.000174563537726206,3.33066907387547e-16,1.11022302462516e-16,1.64757096854373e-12,0.00204478888143393,0.14166712933582,0.000380643527820626,5.22378100242804e-06,0.0521818450657933,3.61526427546565,0.00971380555439248,0.00238905112009036,0.0100000000002183,0.0500000000001819,2.51000000000022,NA,NA,NA
4800,63,TRUE,TRUE,TRUE,0.000336666547169756,0.000322256353053646,0.000321235292591442,4.44089209850063e-16,4.44089209850063e-16,2.72359912401043e-12,0.00121688360829984,0.0843081694589227,0.000224733267923254,1.9657884955393e-06,0.0334695326858632,2.3188372447001,0.00618113137941525,0.00110487742001197,0.0200000000004366,0.0399999999999636,2.76999999999953,NA,NA,NA
4800,64,TRUE,TRUE,TRUE,0.00015348179508979,0.000143422591712377,0.000145006341150353,4.44089209850063e-16,2.22044604925031e-16,7.49622586226906e-13,0.00214848706789413,0.148851550439893,0.000401121927449083,4.82047048322443e-06,0.0408012072411046,2.82679055806961,0.00761757384318024,0.00143944861282108,0.0100000000002183,0.0500000000001819,2.85999999999967,NA,NA,NA
4800,65,TRUE,TRUE,TRUE,0.000210187038422879,0.000195659863002402,0.000195909276341835,3.33066907387547e-16,4.44089209850063e-16,4.66293670342566e-15,0.000967957367176717,0.0670620535804271,0.000179517450441054,1.10038652323396e-06,0.0242303387895498,1.67872711472429,0.00449376056252365,0.000609877699805139,0,0.0299999999997453,2.75,NA,NA,NA
4800,66,TRUE,TRUE,TRUE,0.000292837695898735,0.000280572419835094,0.000279659745413213,4.44089209850063e-16,2.22044604925031e-16,4.19664303308309e-14,0.00324069248948579,0.22452176173985,0.00061222506653993,9.26621372343561e-06,0.0449498895946873,3.1142197029044,0.00849184217180588,0.00183911226753963,0.0100000000002183,0.0499999999992724,2.78000000000065,NA,NA,NA
4800,67,TRUE,TRUE,TRUE,0.000291574334120778,0.00026846518147491,0.000268857920308396,2.22044604925031e-16,4.44089209850063e-16,1.0946799022804e-13,0.00288214467136195,0.199680840222512,0.000542324757871849,7.14985809580071e-06,0.0424018440891756,2.93768593188265,0.00797863134958996,0.00159377470771815,0.0199999999995271,0.0500000000001819,2.61000000000058,NA,NA,NA
4800,68,TRUE,TRUE,TRUE,0.000209743819611022,0.000201945322696469,0.000201987626950224,4.44089209850063e-16,2.22044604925031e-16,4.44089209850063e-15,0.00100886278160414,0.0698960638241457,0.000186649410964508,1.50219759831316e-06,0.0289203453420228,2.00366030019286,0.00535054471371783,0.00086720514405414,0.0199999999995271,0.0299999999997453,2.5,NA,NA,NA
4800,69,TRUE,TRUE,TRUE,0.00031162331329344,0.000266106660908999,0.000266211248625278,4.44089209850063e-16,3.33066907387547e-16,2.16715534406831e-13,0.00250493285811208,0.173546839191953,0.000464784072755867,3.37380910764296e-06,0.0454035009727871,3.14564682105481,0.00842450688095959,0.00164657651991007,0.0100000000002183,0.0500000000001819,2.72000000000025,NA,NA,NA
4800,70,TRUE,TRUE,TRUE,0.000293008558505679,0.000263713403401121,0.000261377191228901,2.22044604925031e-16,2.22044604925031e-16,7.68274333040608e-14,0.00277407739346443,0.192193719584346,0.000518157053387399,8.27634598365989e-06,0.0479010390899568,3.31868133756592,0.00894721298242136,0.00216578296709713,0.0199999999995271,0.0500000000001819,2.89999999999964,NA,NA,NA
4800,71,TRUE,TRUE,TRUE,0.000189624542670191,0.000182793808927568,0.000183014573552057,2.22044604925031e-16,2.22044604925031e-16,1.38578037933712e-12,0.00145700814959315,0.10094448568549,0.000274335985101567,2.18224088044394e-06,0.0258747317143781,1.79265399846067,0.00487188078946903,0.000836450804701627,0.0200000000004366,0.0399999999999636,2.52999999999975,NA,NA,NA
4800,72,TRUE,TRUE,TRUE,0.00022498352548755,0.000201006826960973,0.000200465416982783,2.22044604925031e-16,4.44089209850063e-16,4.22106793962485e-13,0.00147508784157964,0.102197083489722,0.000278377156402465,1.92891778993953e-06,0.030301276082533,2.09933398836475,0.0057184276308511,0.00112042647085531,0.0100000000002183,0.0300000000006548,2.58999999999924,NA,NA,NA
4800,73,TRUE,TRUE,TRUE,0.000316577587068699,0.000250562403558641,0.00024782538954874,2.22044604925031e-16,4.44089209850063e-16,3.99680288865056e-15,0.00317921044513776,0.22026216075729,0.000587454445383639,7.31602256820452e-06,0.0495410814263319,3.43230680369255,0.00915420008056448,0.00232342885953329,0.0199999999995271,0.0500000000001819,2.71000000000004,NA,NA,NA
4800,74,TRUE,TRUE,TRUE,0.000298432663476395,0.000214967761686287,0.000213178385839407,2.22044604925031e-16,4.44089209850063e-16,7.41628980449605e-14,0.00247059383232106,0.171167761697855,0.000463173454693072,6.81052641482438e-06,0.0568288962544652,3.93722142603177,0.0106539714704324,0.00311112745892927,0.0100000000002183,0.0500000000001819,2.88999999999942,NA,NA,NA
4800,75,TRUE,TRUE,TRUE,0.000201789482559909,0.000190463860966939,0.000190653123288275,2.22044604925031e-16,3.33066907387547e-16,3.17523785042795e-14,0.00266049976725183,0.184324830816214,0.000499706397846141,4.19385134620143e-06,0.0473614092452387,3.28129468523263,0.00889562160544815,0.00194350995685966,0.0200000000004366,0.0399999999999636,2.85000000000036,NA,NA,NA
4800,76,TRUE,TRUE,TRUE,0.000235345526873694,0.000209977655142323,0.000208702568232972,2.22044604925031e-16,2.22044604925031e-16,7.105427357601e-15,0.00124107123842206,0.0859839376303776,0.000233543381770044,1.51580541896124e-06,0.03521227821232,2.43957819655955,0.00662620668253387,0.00112032638802972,0.0199999999995271,0.0500000000001819,2.77999999999975,NA,NA,NA
4800,77,TRUE,TRUE,TRUE,0.000255259729122592,0.000253990383910616,0.00025454430617104,4.44089209850063e-16,2.22044604925031e-16,2.88657986402541e-15,0.00113307225746719,0.0785015487431976,0.000213996597235704,1.62998908592726e-06,0.0185592589417182,1.28582317751532,0.00350517650976819,0.000408811823533028,0.0200000000004366,0.0500000000001819,2.85999999999967,NA,NA,NA
4800,78,TRUE,TRUE,TRUE,0.000411783876468927,0.000371927244165432,0.000374199494771005,2.22044604925031e-16,1.11022302462516e-16,5.99520433297585e-15,0.00306147147009609,0.21210496528516,0.000575016051722266,7.77056706269263e-06,0.0370600710268937,2.56759703802765,0.00696074940648143,0.00148509936978769,0.0100000000002183,0.0500000000001819,2.75,NA,NA,NA
4800,79,TRUE,TRUE,TRUE,0.000240711519253111,0.000212799341880415,0.000211894216225012,2.22044604925031e-16,3.33066907387547e-16,1.11688436277291e-13,0.00169576178221236,0.117485822573014,0.000314487144637128,2.36093687533412e-06,0.0373830714603784,2.58997516449414,0.00693286965460571,0.00114354017535589,0.0200000000004366,0.0399999999999636,2.9399999999996,NA,NA,NA
4800,80,TRUE,TRUE,TRUE,0.000340257366990653,0.000203631773961273,0.000203770163013621,4.44089209850063e-16,4.44089209850063e-16,6.66133814775094e-16,0.00650976950231156,0.451010060942639,0.00121048280858701,4.19172964072345e-05,0.0932647273901323,6.4615698557508,0.0173424495465194,0.00718726974666239,0.0100000000002183,0.0299999999997453,2.78000000000065,NA,NA,NA
4800,81,TRUE,TRUE,TRUE,0.000194880814705985,0.00016522455518503,0.000167215160685336,4.44089209850063e-16,5.55111512312578e-16,6.66133814775094e-16,0.00269739841945433,0.186881244430036,0.000506550206217138,7.13340611113722e-06,0.04382559701065,3.03632642777938,0.00823010239912012,0.00194965326307539,0,0.0500000000001819,2.77999999999975,NA,NA,NA
4800,82,TRUE,TRUE,TRUE,0.000259575641413128,0.000243163377416287,0.000242982106745328,2.22044604925031e-16,2.22044604925031e-16,2.88657986402541e-15,0.000989400508710299,0.0685476780048293,0.00018543774690736,1.43641495142788e-06,0.0257362650312417,1.78306074524675,0.00482360273639352,0.000746913056346443,0.0199999999995271,0.0500000000001819,2.51000000000022,NA,NA,NA
4800,83,TRUE,TRUE,TRUE,0.0001908589934694,0.000171193840138983,0.000172353523872035,4.44089209850063e-16,1.11022302462516e-16,2.22044604925031e-16,0.00161326379906221,0.111770194639493,0.000299731046975599,2.92356208575484e-06,0.032459772162824,2.24887898352484,0.00603075671852812,0.00127900765917133,0.0200000000004366,0.0399999999999636,2.67000000000007,NA,NA,NA
4800,84,TRUE,TRUE,TRUE,0.00021150881434053,0.000209805025136855,0.000210142565193146,2.22044604925031e-16,3.33066907387547e-16,7.92268783911254e-09,0.00238694118027629,0.165372135956678,0.000443299348281383,5.9241672190069e-06,0.0490768440567687,3.40014349525833,0.00911448223602829,0.00208827521142751,0.0200000000004366,0.0500000000001819,2.92999999999938,NA,NA,NA
4800,85,TRUE,TRUE,TRUE,0.000290088270826857,0.000285246963585438,0.000282882546041492,4.44089209850063e-16,2.22044604925031e-16,2.69761990523421e-12,0.00186891746832273,0.129482400411519,0.000349045936128934,2.81472280150297e-06,0.0291992311906841,2.02298207856859,0.00545335637230906,0.000927455961182488,0.0200000000004366,0.0399999999999636,2.65999999999985,NA,NA,NA
4800,86,TRUE,TRUE,TRUE,0.000192648474107279,0.000121627317954187,0.000124240732218238,4.44089209850063e-16,3.33066907387547e-16,1.4432899320127e-14,0.00294481575779748,0.204022820457387,0.000553205304064175,6.24506482438392e-06,0.0499442345832726,3.46023807373467,0.00938239188843403,0.00204144298198017,0,0.0399999999999636,2.85999999999967,NA,NA,NA
4800,87,TRUE,TRUE,TRUE,0.000306696770668732,0.000266741957152353,0.000266489358348481,3.33066907387547e-16,4.44089209850063e-16,8.43769498715119e-15,0.0012210278919512,0.0845952938527277,0.000227646569119265,2.12462062165741e-06,0.0372975386845286,2.58404927995476,0.00695369595903167,0.00128384896688161,0.0200000000004366,0.0500000000001819,2.86999999999989,NA,NA,NA
4800,88,TRUE,TRUE,TRUE,0.000397533379697385,0.000338598262201724,0.000342035594150099,3.33066907387547e-16,2.22044604925031e-16,2.22044604925031e-16,0.00235301104996538,0.163021387572441,0.000437110771413598,5.40574999519094e-06,0.0426644360955642,2.95587883975171,0.00792562558256266,0.00202357035509948,0.0200000000004366,0.0399999999999636,2.96999999999935,NA,NA,NA
4800,89,TRUE,TRUE,TRUE,0.000306549478717091,0.000230496883161476,0.000231213612498569,4.44089209850063e-16,2.22044604925031e-16,1.77635683940025e-15,0.0025327674008156,0.175475272878672,0.000472558836490098,8.37394158992311e-06,0.0516700651485184,3.57980712270511,0.00964050068714899,0.00254131918987355,0.0199999999995271,0.0500000000001819,2.76000000000022,NA,NA,NA
4800,90,TRUE,TRUE,TRUE,0.000256645084145925,0.000201453098493185,0.000200957996867668,2.22044604925031e-16,0,1.3988810110277e-14,0.00210464903245585,0.145814362252568,0.000389583266207726,4.51382063815231e-06,0.0403762280181552,2.79734713381723,0.00747388402811562,0.00143135195548538,0.0199999999995271,0.0500000000001819,2.61999999999989,NA,NA,NA
4800,91,TRUE,TRUE,TRUE,0.000311373566680404,0.000307647708697684,0.00030790409962256,2.22044604925031e-16,2.22044604925031e-16,1.77635683940025e-15,0.00160636607124039,0.111292306037727,0.000298155319796455,2.40250147953702e-06,0.0326486641886367,2.26196580695893,0.00605987208418403,0.000917724524910568,0,0.0399999999999636,2.84000000000015,NA,NA,NA
4800,92,TRUE,TRUE,TRUE,0.000230255348405877,0.000214746291209011,0.000215125927302192,5.55111512312578e-16,3.33066907387547e-16,2.66453525910038e-15,0.00135390100089211,0.0938010128785394,0.000251197794415121,2.72082922947448e-06,0.0337700015048682,2.33965433512437,0.00626556143309492,0.00115421670354721,0.00999999999930878,0.0500000000001819,2.90000000000055,NA,NA,NA
4800,93,TRUE,TRUE,TRUE,0.000249576294814194,0.000239893875242097,0.000237231291553491,5.55111512312578e-16,4.44089209850063e-16,3.10862446895044e-15,0.00285314589941438,0.1976717463677,0.000530491558564993,7.22055476387595e-06,0.0342621208166426,2.37374936117953,0.00637042987373815,0.00125874194010578,0.0200000000004366,0.0399999999999636,2.71000000000004,NA,NA,NA
4800,94,TRUE,TRUE,TRUE,0.000237555620137389,0.000194607268972133,0.000198069336888604,4.44089209850063e-16,3.33066907387547e-16,2.10063078043277e-11,0.00321416400723989,0.222683814575947,0.000605127519647832,8.57515987107149e-06,0.0594284651405869,4.1173248415733,0.0111885391118802,0.00309796264317441,0.0100000000002183,0.0500000000001819,2.57000000000062,NA,NA,NA
4800,95,TRUE,TRUE,TRUE,0.000258543437310489,0.000208636038937121,0.000209418010966247,2.22044604925031e-16,2.22044604925031e-16,5.79536418854332e-14,0.00202907403875021,0.140578373097374,0.000376720712938595,6.53987026666414e-06,0.0475134084677314,3.29182550027536,0.00882140561175942,0.00222182252402092,0.0200000000004366,0.0299999999997453,2.47000000000025,NA,NA,NA
4800,96,TRUE,TRUE,TRUE,0.000260249221360369,0.000239179379263337,0.000240946328280178,2.22044604925031e-16,4.44089209850063e-16,3.47011308576839e-12,0.00160668949309732,0.111314713361266,0.000300115101368543,1.7313811895292e-06,0.0233893951424697,1.62046482980249,0.00436892798782123,0.000637295234593438,0.0200000000004366,0.0399999999999636,2.5600000000004,NA,NA,NA
4800,97,TRUE,TRUE,TRUE,0.000412283040359933,0.000373215972927421,0.000372542560248785,4.44089209850063e-16,2.22044604925031e-16,1.11022302462516e-15,0.00119963029057398,0.0831128245429102,0.000223164195973352,1.29040306617867e-06,0.031325473917833,2.17029249587442,0.00582739887054084,0.00100564892539623,0,0.0299999999997453,2.5600000000004,NA,NA,NA
4800,98,TRUE,TRUE,TRUE,0.000221612393086794,0.000189942232629777,0.000189862553377883,4.44089209850063e-16,2.22044604925031e-16,3.33066907387547e-15,0.00104296928908633,0.0722590319772603,0.000195594359233459,1.44496455689591e-06,0.0314786801833085,2.18090693730808,0.00590338789875874,0.000884146025335042,0.00999999999930878,0.159999999999854,2.42000000000007,NA,NA,NA
4800,99,TRUE,TRUE,TRUE,0.000214217992023938,0.000186590811331592,0.000186440171627231,6.66133814775094e-16,4.44089209850063e-16,3.5527136788005e-15,0.00131036893502043,0.0907850228846122,0.000244593257627294,2.97965658901944e-06,0.0383004106932135,2.65353029085601,0.00714914858674538,0.00135446223749014,0.0199999999995271,0.0500000000001819,2.69999999999982,NA,NA,NA
4800,100,TRUE,TRUE,TRUE,0.000315819251082772,0.000287511154051367,0.000286248444722194,4.44089209850063e-16,4.44089209850063e-16,1.33226762955019e-15,0.001272604329327,0.0881686142530595,0.000235786622488159,1.90033134472856e-06,0.0349431935734668,2.42093546591835,0.00647423350822231,0.00114441426664769,0.0199999999995271,0.0399999999999636,2.57000000000062,NA,NA,NA
4800,101,TRUE,TRUE,TRUE,0.000252819387547072,0.000217763255977731,0.000216937785262175,7.7715611723761e-16,4.44089209850063e-16,6.92779167366098e-14,0.0013873737830029,0.0961200752500024,0.000259222269126619,2.04679278326125e-06,0.0328824845626689,2.27816535766567,0.00614389025314187,0.000950297822509327,0,0.0299999999997453,2.84000000000015,NA,NA,NA
4800,102,TRUE,TRUE,TRUE,0.000287436156266351,0.000302682117109264,0.000303873991789961,2.22044604925031e-16,4.44089209850063e-16,3.17523785042795e-14,0.0016511420272566,0.114394475268828,0.000309197160067098,2.09247116345068e-06,0.0366600860274546,2.53988526437589,0.00686506327159397,0.00128368550322477,0.0200000000004366,0.0399999999999636,2.79999999999927,NA,NA,NA
4800,103,TRUE,TRUE,TRUE,0.000383674467569721,0.000320866559767114,0.000320029833743381,4.44089209850063e-16,4.44089209850063e-16,1.52544643583497e-13,0.0017505057995479,0.121278599350438,0.000330847016162183,1.76511248994871e-06,0.0337884645152807,2.34093349000817,0.00638604720331093,0.000992951634774641,0.0199999999995271,0.0399999999999636,2.44000000000051,NA,NA,NA
4800,104,TRUE,TRUE,TRUE,0.000282087539434763,0.000248998927852967,0.000248876593611581,1.11022302462516e-16,4.44089209850063e-16,2.22044604925031e-15,0.0025105024481583,0.173932711709449,0.000470425207278331,5.78842589860074e-06,0.0511175277438862,3.5415262083889,0.00957855014326488,0.00227603742979809,0,0.0399999999999636,2.67000000000007,NA,NA,NA
4800,105,TRUE,TRUE,TRUE,0.000371287250731658,0.000310360252542469,0.00030844777779791,2.22044604925031e-16,2.22044604925031e-16,6.66133814775094e-16,0.00317689774753057,0.220101932366963,0.000598501622016826,1.09860849946131e-05,0.04923586549621,3.41116082376252,0.00927563544775386,0.00229409020809257,0.0100000000002183,0.0499999999992724,2.70000000000073,NA,NA,NA
4800,106,TRUE,TRUE,TRUE,0.000200955274235731,0.000164883621836814,0.000164256393550484,4.44089209850063e-16,2.22044604925031e-16,6.66133814775094e-16,0.00226150649020245,0.156681765707097,0.000420249337798917,4.96219177748003e-06,0.0463016949443029,3.20787552480351,0.00860411266720214,0.00185939407131741,0.0200000000004366,0.0399999999999636,2.57999999999993,NA,NA,NA
4800,107,TRUE,TRUE,TRUE,0.000223871073394815,0.000204899054499376,0.000204129517045985,3.33066907387547e-16,2.22044604925031e-16,2.04281036531029e-14,0.000878723241348266,0.0608797319922722,0.000163192992823454,8.07769641397726e-07,0.0220955480024178,1.53082447045059,0.00410349748011244,0.000493716689465629,0.0100000000002183,0.0499999999992724,2.97000000000025,NA,NA,NA
4800,108,TRUE,TRUE,TRUE,0.00030748377498082,0.000283593941886227,0.00028807793956624,2.22044604925031e-16,2.22044604925031e-16,1.19904086659517e-14,0.00239250840535321,0.165757844624294,0.000448626477969532,3.97922670813955e-06,0.0404425722342025,2.80194359593652,0.00758350888166682,0.00155898888247918,0.0200000000004366,0.0399999999999636,2.86000000000058,NA,NA,NA
4800,109,TRUE,TRUE,TRUE,0.000470315962823325,0.000476435624118519,0.000473107159215248,2.22044604925031e-16,2.22044604925031e-16,4.29078994557130e-12,0.00191643018624433,0.132774178069355,0.000353260340440487,2.42304641773217e-06,0.030955208406889,2.1446397487846,0.00570605051971859,0.00104897261033088,0.0200000000004366,0.0399999999999636,2.54999999999927,NA,NA,NA
4800,110,TRUE,TRUE,TRUE,0.000174253326659507,0.000170530781601483,0.000170367871421653,2.22044604925031e-16,2.22044604925031e-16,8.88178419700125e-16,0.00143262760778939,0.099255352200683,0.000269207423606288,2.5621175474555e-06,0.0302951009484053,2.09890616252264,0.00569280253282092,0.00110722958651976,0,0.0299999999997453,2.69000000000051,NA,NA,NA
4800,111,TRUE,TRUE,TRUE,0.000366816380821673,0.000325508049287889,0.000329424117689002,2.22044604925031e-16,0,8.88178419700125e-16,0.00235937337504041,0.16346218238381,0.000447078404223971,3.69324357762935e-06,0.0427183291349654,2.9596126590484,0.00809470964740696,0.00183277722063835,0.00999999999930878,0.0500000000001819,2.69999999999982,NA,NA,NA
4800,112,TRUE,TRUE,TRUE,0.000241186829857936,0.000219668808004835,0.000220306778493008,4.44089209850063e-16,2.22044604925031e-16,2.42028619368284e-14,0.00367415084132483,0.254552637273862,0.000692713568702631,8.48565611022423e-06,0.0393923992682433,2.72918547858546,0.0074269268343442,0.00159367709559888,0.0200000000004366,0.0299999999997453,2.92000000000007,NA,NA,NA
4800,113,TRUE,TRUE,TRUE,0.000343849789423,0.000333260619591818,0.000333376375257669,4.44089209850063e-16,2.22044604925031e-16,4.44089209850063e-16,0.0020295260538509,0.140609689622181,0.000383629131743918,4.57455561075903e-06,0.0389222354168407,2.69661157144499,0.00735723660711967,0.00148794028323707,0.0200000000004366,0.0299999999997453,2.81999999999971,NA,NA,NA
4800,114,TRUE,TRUE,TRUE,0.000192138115792593,0.000195612723609993,0.000195030586435995,2.22044604925031e-16,1.11022302462516e-16,4.77173855983892e-13,0.000683162798094213,0.0473309070456038,0.000127543112109391,5.60872763344378e-07,0.0164401943813597,1.13901007819293,0.0030693028966615,0.000300729142441725,0.00999999999930878,0.0299999999997453,2.75,NA,NA,NA
4800,115,TRUE,TRUE,TRUE,0.000338985159223119,0.000355948876052871,0.00035711095928724,2.22044604925031e-16,1.11022302462516e-16,4.5994319464171e-12,0.00124304917752543,0.08612097327123,0.000229669553364966,2.10195012328995e-06,0.0275516877389545,1.90883691992567,0.00509053377120089,0.000926630515742488,0.0200000000004366,0.0399999999999636,2.86000000000058,NA,NA,NA
4800,116,TRUE,TRUE,TRUE,0.000364153387451483,0.0003542348668542,0.000354724542716541,3.33066907387547e-16,2.22044604925031e-16,3.10862446895044e-15,0.00088383751341436,0.0612340591547604,0.000167377359994103,7.78928704647797e-07,0.0246497870981343,1.70778734598897,0.00466807102695149,0.000514146332847076,0.00999999999930878,0.0500000000001819,2.67000000000007,NA,NA,NA
4800,117,TRUE,TRUE,TRUE,0.000293496310675694,0.000247444776324895,0.000246468659610613,4.44089209850063e-16,4.44089209850063e-16,1.27720056752878e-12,0.00202735988894274,0.140459613315041,0.000380580353319037,4.55559249701309e-06,0.0305714474804794,2.11805201188455,0.00573893779148543,0.000944809248249356,0.0200000000004366,0.0399999999999636,2.85000000000036,NA,NA,NA
4800,118,TRUE,TRUE,TRUE,0.000304467889396659,0.000211303863221497,0.000208435614943021,2.22044604925031e-16,2.22044604925031e-16,4.88498130835069e-15,0.00439981842484178,0.304828362236145,0.000829023287945762,1.65317668070486e-05,0.0596532382122242,4.13289757678326,0.011239991950597,0.00345995314212999,0.0100000000002183,0.0499999999992724,2.5600000000004,NA,NA,NA
4800,119,TRUE,TRUE,TRUE,0.000165787828901628,0.000120817162150456,0.000120993444491897,6.66133814775094e-16,4.44089209850063e-16,1.34603439505554e-12,0.00296285235348996,0.205272432462786,0.000549312240340429,6.0924881779556e-06,0.0499237247149361,3.45881710837406,0.00925584868817301,0.00233621297242692,0.0199999999995271,0.0399999999999636,2.72000000000025,NA,NA,NA
4800,120,TRUE,TRUE,TRUE,0.000197695883308356,0.000200070327583017,0.000201182282917757,2.22044604925031e-16,5.55111512312578e-16,1.33226762955019e-15,0.00155374675108275,0.107646732598816,0.000289151150010055,2.33768672330825e-06,0.0421962278511288,2.92344042103632,0.00785268757649066,0.00150328722069659,0,0.0500000000001819,2.58999999999924,NA,NA,NA
4800,121,TRUE,TRUE,TRUE,0.000240629700204541,0.000223987956445699,0.000223615587774907,4.44089209850063e-16,4.44089209850063e-16,3.10862446895044e-15,0.00134510407498299,0.0931915439735389,0.0002488384958387,2.8488099310664e-06,0.0367062259324811,2.54308193076638,0.00679049466790857,0.00130564338330785,0.0199999999995271,0.0399999999999636,2.90999999999985,NA,NA,NA
4800,122,TRUE,TRUE,TRUE,0.000173716331460552,0.000136373005401858,0.000136716588066535,2.22044604925031e-16,2.22044604925031e-16,3.02913250038728e-12,0.0010418995314162,0.0721849169918026,0.000193910305061114,1.49582563579997e-06,0.0289660575629856,2.00682733576223,0.00539093923079291,0.00085344529459519,0,0.0299999999997453,2.86000000000058,NA,NA,NA
4800,123,TRUE,TRUE,TRUE,0.000221764034644294,0.000182541145564944,0.000182224814378649,5.55111512312578e-16,2.22044604925031e-16,4.88498130835069e-15,0.0022270009874385,0.154291154349982,0.000418296938628965,5.32980886802648e-06,0.0374807436570157,2.59674209277664,0.00703999702635948,0.00143902752392577,0.0199999999995271,0.0399999999999636,2.63000000000011,NA,NA,NA
4800,124,TRUE,TRUE,TRUE,0.000211048555085418,0.000196414633794947,0.000197166843642571,4.44089209850063e-16,4.44089209850063e-16,9.54791801177635e-15,0.00186012274458402,0.12887308407736,0.00034893107579817,2.71648125860224e-06,0.0396888671153832,2.74972537354773,0.00744503508712176,0.00145015985613028,0.0199999999995271,0.0500000000001819,2.78999999999996,NA,NA,NA
4800,125,TRUE,TRUE,TRUE,0.000336336580478816,0.000350928685753344,0.000351181640749385,2.22044604925031e-16,4.44089209850063e-16,1.68753899743024e-14,0.00318892106713357,0.220934932384085,0.00059273964208467,1.09078291004039e-05,0.0553646614092852,3.8357762601892,0.0102908880141636,0.00268333554956257,0.0200000000004366,0.0399999999999636,2.96000000000004,NA,NA,NA
4800,126,TRUE,TRUE,TRUE,0.000302366283656177,0.000275371607206927,0.000274462535102255,4.44089209850063e-16,2.22044604925031e-16,2.53130849614536e-14,0.00380350926924606,0.263514852055734,0.000708218630639906,8.06235972916625e-06,0.0444203625738264,3.07753299473993,0.00827113229588615,0.00187755355830532,0.0100000000002183,0.0499999999992724,2.83000000000084,NA,NA,NA
4800,127,TRUE,TRUE,TRUE,0.00024270087011735,0.000209965976952572,0.00020912454734839,8.88178419700125e-16,3.33066907387547e-16,5.77315972805081e-15,0.00244111489385362,0.169125400930703,0.00045421605084197,8.52489520042354e-06,0.0454265160529414,3.14724135258151,0.0084524709496585,0.00215072263881666,0.0100000000002183,0.0299999999997453,2.77000000000044,NA,NA,NA
4800,128,TRUE,TRUE,TRUE,0.000213513713760598,0.000205884130308431,0.000205705857794317,4.44089209850063e-16,4.44089209850063e-16,1.11022302462516e-14,0.00132067251887482,0.0914988761140461,0.00024791927837108,1.86533150525747e-06,0.0262345866942377,1.81758548279961,0.00492480892018579,0.000890311615144412,0,0.0300000000006548,2.65999999999985,NA,NA,NA
4800,129,TRUE,TRUE,TRUE,0.000394879305667527,0.000380050148249897,0.000381457793580767,2.22044604925031e-16,4.44089209850063e-16,7.7715611723761e-15,0.00209209543572027,0.144944623558019,0.000395147575892457,4.86178765868317e-06,0.0432559074320851,2.9968571759947,0.00817002258739323,0.00181940180820916,0.0100000000002183,0.0500000000001819,2.60999999999967,NA,NA,NA
4800,130,TRUE,TRUE,TRUE,0.000142586572676546,0.000127581492747204,0.000127895261073715,2.22044604925031e-16,2.22044604925031e-16,1.55431223447522e-15,0.0015460264045144,0.107111851298479,0.000289499813593781,1.70078619277092e-06,0.0349406431519742,2.42075876753412,0.00654277937932149,0.00105430536034135,0.0200000000004366,0.0399999999999636,2.9399999999996,NA,NA,NA
4800,131,TRUE,TRUE,TRUE,0.000274115548872702,0.000259627433076947,0.000260500994652094,4.44089209850063e-16,4.44089209850063e-16,2.22044604925031e-15,0.00128847114227687,0.0892678993003936,0.000240092580581686,1.58652252579827e-06,0.0233183040823128,1.61553949667626,0.00434511229488439,0.000637386010261309,0.0100000000002183,0.0500000000001819,2.59000000000015,NA,NA,NA
4800,132,TRUE,TRUE,TRUE,0.000412504642061314,0.000384323688759935,0.000383343460202569,5.55111512312578e-16,4.44089209850063e-16,1.99840144432528e-14,0.00139174148898286,0.0964226787967947,0.000255908041317379,2.63215056861554e-06,0.0387269595209226,2.68308246051605,0.00712096350912107,0.00135259722189573,0.00999999999930878,0.0500000000001819,2.64000000000033,NA,NA,NA
4800,133,TRUE,TRUE,TRUE,0.000390479534956072,0.000335852491422038,0.000336439692029192,4.44089209850063e-16,6.66133814775094e-16,3.574918139293e-14,0.0016297108182422,0.112909677553605,0.000307245845127034,2.75505983537983e-06,0.0322250862220993,2.23261946459855,0.0060753255975067,0.0011422105352672,0.00999999999930878,0.0300000000006548,2.44000000000051,NA,NA,NA
4800,134,TRUE,TRUE,TRUE,0.00028310537410281,0.000295278049748168,0.000294980768613864,3.33066907387547e-16,2.22044604925031e-16,1.68309810533174e-13,0.000957941527338963,0.0663681358412486,0.000179623846168933,1.01481775516277e-06,0.0172110652572687,1.19241757911892,0.00322725098551988,0.000379611166792415,0.0100000000002183,0.0499999999992724,2.70000000000073,NA,NA,NA
4800,135,TRUE,TRUE,TRUE,0.000276451527384007,0.000233047248528151,0.000230894990641079,0,2.22044604925031e-16,2.22044604925031e-14,0.00256211174651184,0.177508308785102,0.000477653703014249,5.29872441745738e-06,0.0466777171144661,3.23392710494331,0.00870211241111193,0.00195977906163591,0.0199999999995271,0.170000000000073,2.82999999999993,NA,NA,NA
4800,136,TRUE,TRUE,TRUE,0.000253896213522798,0.000224185695073101,0.000224231943670941,2.22044604925031e-16,4.44089209850063e-16,2.88657986402541e-15,0.00134063316733711,0.0928817904055944,0.000250544697222435,2.26575900086345e-06,0.0298016200204454,2.06471680093093,0.00556948615525565,0.00110383109113954,0.0199999999995271,0.0399999999999636,2.89000000000033,NA,NA,NA
4800,137,TRUE,TRUE,TRUE,0.000262980219355098,0.000200794497367286,0.000200888028477176,3.33066907387547e-16,4.44089209850063e-16,8.88178419700125e-16,0.00162079582792883,0.112292028906736,0.000303756727733303,2.70057717699501e-06,0.0378179196376369,2.62010232995776,0.0070875352224278,0.00155673554400693,0.0199999999995271,0.0399999999999636,2.89000000000033,NA,NA,NA
4800,138,TRUE,TRUE,TRUE,0.0002936660464962,0.00026530694927569,0.000265446463789388,4.44089209850063e-16,3.33066907387547e-16,3.77475828372553e-15,0.00127707613931935,0.088478430337401,0.000238365279661612,1.25817728147126e-06,0.0274052486082565,1.89869131934226,0.00511516858515945,0.000771817536676878,0.0100000000002183,0.0500000000001819,2.82999999999993,NA,NA,NA
4800,139,TRUE,TRUE,TRUE,0.000353770789565547,0.000293489698519542,0.000294064724753951,0,2.22044604925031e-16,2.22044604925031e-16,0.00157190453743728,0.108904740939577,0.000292312063623918,3.42670176678439e-06,0.045721904975967,3.16770649748844,0.008502465689253,0.00179875175169997,0,0.0399999999999636,2.75,NA,NA,NA
4800,140,TRUE,TRUE,TRUE,0.000242597100262543,0.000237697785471189,0.000237616658805285,4.44089209850063e-16,0,4.44089209850063e-16,0.0011080655760383,0.0767690350326562,0.00020756243058466,1.35464942019325e-06,0.0326415165837775,2.26147060636819,0.00611439671677355,0.000941510659554723,0.0100000000002183,0.0500000000001819,2.57999999999993,NA,NA,NA
4800,141,TRUE,TRUE,TRUE,0.000257100688619472,0.000211762630527166,0.00021170881031647,4.44089209850063e-16,2.22044604925031e-16,1.84297022087776e-13,0.0022546088564187,0.156203883620478,0.000424566116344165,5.33418560522136e-06,0.0407750691311749,2.82497965669313,0.00767836633631713,0.00159368287426176,0.0100000000002183,0.0500000000001819,2.65999999999985,NA,NA,NA
4800,142,TRUE,TRUE,TRUE,0.000323757008922756,0.000258226085195177,0.000257908964032463,4.44089209850063e-16,4.44089209850063e-16,4.44089209850063e-16,0.00385356920524621,0.26698310615877,0.000716919975224752,8.83753722291658e-06,0.0498907970932175,3.45653581582249,0.00928170927028346,0.00251372354438928,0.0199999999995271,0.0500000000001819,2.48000000000047,NA,NA,NA
4800,143,TRUE,TRUE,TRUE,0.000165890503723007,0.000128350645210099,0.000128907629568304,0,4.44089209850063e-16,4.44089209850063e-16,0.00113621929824508,0.078719582124029,0.000211728647038863,1.96975477351202e-06,0.027544921015061,1.9083681075423,0.00513285495882616,0.000895074022750464,0.00999999999930878,0.0300000000006548,2.69000000000051,NA,NA,NA
4800,144,TRUE,TRUE,TRUE,0.000225109561290525,0.000206624757275844,0.000206072873786134,2.22044604925031e-16,2.22044604925031e-16,1.68753899743024e-14,0.0011563837044742,0.0801166131677611,0.000218339259445553,8.85337811951104e-07,0.0262956640633601,1.82181704706011,0.00496494009385375,0.000699392008058908,0.0199999999995271,0.0500000000001819,2.60999999999967,NA,NA,NA
4800,145,TRUE,TRUE,TRUE,0.000289161554405396,0.000256171813942478,0.000253401665737775,2.22044604925031e-16,4.44089209850063e-16,1.33226762955019e-15,0.00300921564680747,0.208484575648071,0.000556157961259178,5.95159599470207e-06,0.0506944102083372,3.51221176562314,0.00936925203702729,0.00230789337606296,0.00999999999930878,0.0500000000001819,2.67000000000007,NA,NA,NA
4800,146,TRUE,TRUE,TRUE,0.000173630186400025,0.000184098730458239,0.000184641384021208,2.22044604925031e-16,2.22044604925031e-16,3.77475828372553e-15,0.00172051265842847,0.11920061357854,0.000323255610318999,2.71113559335845e-06,0.0266221260599556,1.84443499765386,0.00500185311938409,0.00092836698886245,0.0200000000004366,0.0500000000001819,2.42999999999938,NA,NA,NA
4800,147,TRUE,TRUE,TRUE,0.000440602512325152,0.000433111873511539,0.000432387829593522,4.44089209850063e-16,2.22044604925031e-16,2.66453525910038e-15,0.00157185890689939,0.108901579563177,0.00029717881571147,2.54916474062838e-06,0.0370393741328603,2.56616311514666,0.00700273878983847,0.00128563396079784,0.0199999999995271,0.0500000000001819,2.39000000000033,NA,NA,NA
4800,148,TRUE,TRUE,TRUE,0.000452935025763959,0.000360847524700929,0.000359747113727616,4.44089209850063e-16,2.22044604925031e-16,1.82076576038526e-14,0.00259366657054376,0.179694491122989,0.000480266538300515,6.14758583594721e-06,0.0541451893308811,3.75128875626089,0.010026008331563,0.00227116128040805,0.0100000000002183,0.0499999999992724,2.72000000000025,NA,NA,NA
4800,149,TRUE,TRUE,TRUE,0.000241776305210075,0.000218940694808732,0.000219238495989685,4.44089209850063e-16,2.22044604925031e-16,1.33226762955019e-15,0.00184998772518915,0.128170909336255,0.000344117830326403,3.184672081602e-06,0.0413743583758027,2.86649963349813,0.00769608048830302,0.00151247460706116,0.0200000000004366,0.0399999999999636,2.9399999999996,NA,NA,NA
4800,150,TRUE,TRUE,TRUE,0.000255928888496046,0.000278638951682117,0.000278114418890533,4.44089209850063e-16,4.44089209850063e-16,2.44249065417534e-15,0.00113207898850859,0.0784327330511223,0.000214069166253483,1.55416215008586e-06,0.0366523756062977,2.53935107072823,0.00693073854995423,0.00129496810117757,0.0199999999995271,0.0399999999999636,2.60000000000036,NA,NA,NA
4800,151,TRUE,TRUE,TRUE,0.00020109374698453,0.000192062317477056,0.000193968244001747,2.22044604925031e-16,4.44089209850063e-16,3.10862446895044e-15,0.00369064773959758,0.255695575912889,0.00069137390667893,9.20353384259442e-06,0.0552759455157698,3.82962984278889,0.0103549157473307,0.00243982755303307,0.00999999999930878,0.0500000000001819,2.76000000000022,NA,NA,NA
4800,152,TRUE,TRUE,TRUE,0.000318591963618899,0.000304897490520974,0.000305249922470049,2.22044604925031e-16,4.44089209850063e-16,7.54951656745106e-15,0.00114608250060389,0.0794029248284609,0.000216738201654065,1.73588457741403e-06,0.0192499743913413,1.33367734760811,0.00364040531922241,0.000567707507325821,0.0100000000002183,0.0500000000001819,2.69999999999982,NA,NA,NA
4800,153,TRUE,TRUE,TRUE,0.000215181393065079,0.000190577961278014,0.000190743162334586,4.44089209850063e-16,4.44089209850063e-16,8.12683254025615e-14,0.00102128573201126,0.0707567510755473,0.000192345291542102,1.1749532866645e-06,0.027764492244352,1.92358044854279,0.00522906488152075,0.000732283279901935,0.0200000000004366,0.0399999999999636,2.89999999999964,NA,NA,NA
4800,154,TRUE,TRUE,TRUE,0.000306480265199739,0.000247237590198495,0.000253699727488322,4.44089209850063e-16,4.44089209850063e-16,1.77635683940025e-15,0.00627073028788261,0.434448938366947,0.00117687905901917,2.11546523303241e-05,0.071943269982504,4.98437595489368,0.0135021798088466,0.00431115462370713,0,0.0299999999997453,2.67999999999938,NA,NA,NA
4800,155,TRUE,TRUE,TRUE,0.000367951635062992,0.000341352826013227,0.000341034109114113,4.44089209850063e-16,4.44089209850063e-16,2.78665979180914e-13,0.00220530186091024,0.152787794764909,0.000408975019734674,5.08962001788404e-06,0.0342854376404478,2.3753647981196,0.0063582622334643,0.00137782934742958,0.0200000000004366,0.0500000000001819,2.85999999999967,NA,NA,NA
4800,156,TRUE,TRUE,TRUE,0.000294388468715505,0.000276585645508073,0.00027629207382117,6.66133814775094e-16,4.44089209850063e-16,1.55431223447522e-15,0.00233625602454387,0.161860565359955,0.000437773484306318,5.23760156312392e-06,0.0527795962874434,3.65667769491303,0.00988997247060969,0.00235043592745399,0,0.0399999999999636,2.81999999999971,NA,NA,NA
4800,157,TRUE,TRUE,TRUE,0.000176664865864536,0.000132750679267374,0.000133059554532656,2.22044604925031e-16,4.44089209850063e-16,7.105427357601e-15,0.00223744643065426,0.155014835884273,0.000420758823223715,5.17668902233481e-06,0.048970584240045,3.39278159920359,0.00920907205424979,0.00206983923209592,0.0100000000002183,0.0500000000001819,2.82999999999993,NA,NA,NA
4800,158,TRUE,TRUE,TRUE,0.00024214419753539,0.000205804557168506,0.000206530043643878,2.22044604925031e-16,2.22044604925031e-16,8.61977156318972e-13,0.00211000499392759,0.146185434148266,0.000394283108285785,5.65008364716846e-06,0.0508488774398751,3.52291356934826,0.00950180379076622,0.00228400589920241,0.00999999999930878,0.0500000000001819,2.80000000000018,NA,NA,NA
4800,159,TRUE,TRUE,TRUE,0.000264642720579233,0.000270017394269401,0.000269619940931795,2.22044604925031e-16,4.44089209850063e-16,6.88338275267597e-15,0.00171006527326208,0.118476797501963,0.000319423706791286,2.22608178290784e-06,0.0314981523373356,2.18225600771238,0.00588355119186515,0.000932753427775879,0.0100000000002183,0.0500000000001819,2.82999999999993,NA,NA,NA
4800,160,TRUE,TRUE,TRUE,0.000282721795931019,0.000242302861240309,0.00024154566712215,2.22044604925031e-16,4.44089209850063e-16,4.44089209850063e-16,0.0026331809267217,0.182432126024132,0.000494632512404377,7.80378949727378e-06,0.0537297882195131,3.7225089230445,0.0100929259620077,0.00256000822544422,0.0199999999995271,0.0500000000001819,2.84000000000015,NA,NA,NA
4800,161,TRUE,TRUE,TRUE,0.000240334593148582,0.000198153416011933,0.000199103116142242,2.22044604925031e-16,4.44089209850063e-16,1.33226762955019e-15,0.00244314593045601,0.169266115274198,0.000461425153273105,4.16987083085019e-06,0.0424415332408064,2.940435676968,0.00801572707412095,0.00173751805106193,0,0.0499999999992724,2.84000000000015,NA,NA,NA
4800,162,TRUE,TRUE,TRUE,0.000322979407515747,0.000305078747120213,0.000304528656878619,3.33066907387547e-16,2.22044604925031e-16,2.78443934575989e-13,0.00211667837561398,0.146647779593831,0.000396990928732804,3.88268337303543e-06,0.0312807642198839,2.16719491713686,0.00586682406840456,0.000987027321656342,0.0200000000004366,0.0399999999999636,2.60999999999967,NA,NA,NA
4800,163,TRUE,TRUE,TRUE,0.000314947402963199,0.000301862057184677,0.000301649585036601,3.33066907387547e-16,2.22044604925031e-16,1.99840144432528e-15,0.000804976653678357,0.0557704185231077,0.000151386990638195,6.67071603288605e-07,0.0216995681551652,1.50339018188199,0.00408090384503432,0.000468236918678144,0.0100000000002183,0.0399999999999636,2.39000000000033,NA,NA,NA
4800,164,TRUE,TRUE,TRUE,0.000280712403072919,0.000262858051794994,0.00026328536441698,2.22044604925031e-16,2.22044604925031e-16,7.99360577730113e-15,0.00122590115456356,0.084932923390457,0.000229388616061495,1.33555038317468e-06,0.0225611520734979,1.56308246674345,0.00422160582166603,0.000562782101695802,0.0100000000002183,0.0499999999992724,2.55000000000018,NA,NA,NA
4800,165,TRUE,TRUE,TRUE,0.000322975011318485,0.000316762502346063,0.000319640331701562,4.44089209850063e-16,0,8.88178419700125e-16,0.0022273925695257,0.154318283952796,0.000415211913155011,3.17963742801908e-06,0.0470086751783124,3.25685655221356,0.00876296447366968,0.00182620045522341,0.0200000000004366,0.0399999999999636,2.8100000000004,NA,NA,NA
4800,166,TRUE,TRUE,TRUE,0.000343316027261221,0.000314272924202081,0.00031360453852527,2.22044604925031e-16,4.44089209850063e-16,3.24407167795471e-13,0.00179172105007703,0.124134075668963,0.000339492804991761,3.67346225971232e-06,0.0310663886769812,2.15234254384856,0.00588641598671801,0.00112099169603397,0.0200000000004366,0.0299999999997453,2.75,NA,NA,NA
4800,167,TRUE,TRUE,TRUE,0.000363251487887926,0.000328081089643569,0.00033068887458346,2.22044604925031e-16,2.22044604925031e-16,2.97539770599542e-14,0.00162450893738111,0.112549280675753,0.000306330487756088,2.23708685709312e-06,0.0269434305852198,1.86669562815224,0.0050806702524508,0.000686943941207829,0.0100000000002183,0.0500000000001819,2.80999999999949,NA,NA,NA
4800,168,TRUE,TRUE,TRUE,0.000309218954895502,0.000319806450146834,0.000319699205651094,2.22044604925031e-16,2.22044604925031e-16,3.5527136788005e-15,0.000850979469282377,0.058957587079803,0.000161647483476871,8.70424724297436e-07,0.0215151577991635,1.49061385764052,0.00408690366851672,0.000444125016660024,0.0100000000002183,0.0299999999997453,2.44000000000051,NA,NA,NA
4800,169,TRUE,TRUE,TRUE,0.000280421723536764,0.000289990563963531,0.000290478538660872,4.44089209850063e-16,4.44089209850063e-16,5.32907051820075e-15,0.00127641193858937,0.0884324131609711,0.000237427067319578,2.70153762471637e-06,0.0311457561303154,2.15784128231424,0.00579346315551072,0.000949439349206216,0.0199999999995271,0.0300000000006548,2.59000000000015,NA,NA,NA
4800,170,TRUE,TRUE,TRUE,0.000211149374870682,0.000191520011227749,0.000191633288601902,4.44089209850063e-16,1.11022302462516e-16,2.22044604925031e-15,0.00170551153661986,0.118161305372819,0.000319711504038828,2.65845535452058e-06,0.0373730504230057,2.58928088665918,0.00700587120327482,0.00121809491131586,0.0200000000004366,0.0399999999999636,2.47000000000025,NA,NA,NA
4800,171,TRUE,TRUE,TRUE,0.000307575900879525,0.000264407952652667,0.0002613401542143,1.11022302462516e-16,2.22044604925031e-16,3.61932706027801e-14,0.0015518106077858,0.107512592656374,0.000291983802774131,2.3771841419773e-06,0.0384258095817762,2.66221818070413,0.00723007946335057,0.00130334194087922,0,0.0299999999997453,2.61999999999989,NA,NA,NA
4800,172,TRUE,TRUE,TRUE,0.000205573827076025,0.000210828698877715,0.000211478176607888,2.22044604925031e-16,5.55111512312578e-16,2.05435668476639e-12,0.000929469723303108,0.0643955513943188,0.000172713326908202,1.58416554896235e-06,0.0240769278516058,1.66809849316606,0.00447395564021346,0.000698303334679906,0.0100000000002183,0.0500000000001819,2.55999999999949,NA,NA,NA
4800,173,TRUE,TRUE,TRUE,0.000396829467706364,0.0003719847438807,0.000374254334277503,5.55111512312578e-16,4.44089209850063e-16,3.10862446895044e-15,0.00266635175058804,0.184730268114748,0.00049335743511312,6.92143990832506e-06,0.0350794807887037,2.43037772116685,0.00649078752013796,0.0015390972473952,0.0200000000004366,0.0399999999999636,2.76999999999953,NA,NA,NA
4800,174,TRUE,TRUE,TRUE,0.000308524621598654,0.000219656841989625,0.000217810897451012,2.22044604925031e-16,2.22044604925031e-16,8.88178419700125e-16,0.00427003420756125,0.295836647902127,0.000793390051431773,9.18576554553852e-06,0.059557213962764,4.12624482163031,0.0110659771683744,0.00300678923496633,0.0200000000004366,0.0399999999999636,2.60999999999967,NA,NA,NA
4800,175,TRUE,TRUE,TRUE,0.000232621924975625,0.000236990099889021,0.000239793880647553,2.22044604925031e-16,2.22044604925031e-16,2.11164419283705e-13,0.00245555586350156,0.170125900656335,0.000458860505346614,7.43670273806174e-06,0.0559888089995217,3.87901847369765,0.010462418539581,0.00255886357445334,0.0199999999995271,0.0500000000001819,2.56999999999971,NA,NA,NA
4800,176,TRUE,TRUE,TRUE,0.000390495361290104,0.000304095903033178,0.000302488902981809,4.44089209850063e-16,4.44089209850063e-16,1.19015908239817e-13,0.00254639503125559,0.176419422811025,0.000471127489204715,4.28386026030125e-06,0.0430896287369155,2.9853370500647,0.00797233278749227,0.00171411329914406,0.0199999999995271,0.0500000000001819,2.89999999999964,NA,NA,NA
4800,177,TRUE,TRUE,TRUE,0.000361072492129585,0.000284698280417692,0.000284814051374073,3.33066907387547e-16,2.22044604925031e-16,3.59712259978551e-14,0.00394667845240867,0.273433904028365,0.000735349567297804,1.38196980792316e-05,0.0676266278356827,4.68531021423816,0.0126002693445748,0.0037369901619364,0.0200000000004366,0.0399999999999636,2.82999999999993,NA,NA,NA
4800,178,TRUE,TRUE,TRUE,0.000187656348115265,0.000161405136729811,0.000162644870982543,0,1.11022302462516e-16,2.22044604925031e-16,0.00361211541515991,0.250254696874388,0.000678165849987689,1.45470264882874e-05,0.061409261556751,4.25455844286316,0.0115294389226781,0.00311019232727361,0,0.0300000000006548,2.71000000000004,NA,NA,NA
4800,179,TRUE,TRUE,TRUE,0.000327754836885412,0.000289125781773754,0.000288635319157479,5.55111512312578e-16,2.22044604925031e-16,2.22044604925031e-15,0.00153013419431694,0.106010806678216,0.000284377173893958,2.83267463174752e-06,0.0391639386029068,2.71335725938971,0.0072786623681872,0.00163531950590823,0.0199999999995271,0.0500000000001819,2.67000000000007,NA,NA,NA
4800,180,TRUE,TRUE,TRUE,0.000240192094695653,0.000191928465787418,0.000191839732807922,3.33066907387547e-16,2.22044604925031e-16,1.60249591374395e-12,0.00260080363311793,0.1801889613228,0.000485217212272987,8.36614761823284e-06,0.0402744666605775,2.79029690015436,0.00751377927575382,0.00175011140611758,0.0200000000004366,0.0399999999999636,2.71000000000004,NA,NA,NA
4800,181,TRUE,TRUE,TRUE,0.00028620524169388,0.000266070695614355,0.000266502008116168,4.44089209850063e-16,2.22044604925031e-16,3.33066907387547e-15,0.00180511834778133,0.125062267681282,0.000337053802102729,3.1819851322723e-06,0.0338554992437115,2.34557779222872,0.00632153828373882,0.00109302516865029,0,0.0299999999997453,2.78999999999996,NA,NA,NA
4800,182,TRUE,TRUE,TRUE,0.000226353483532884,0.000209659853448237,0.000209024966381437,0,2.22044604925031e-16,4.10782519111308e-14,0.000904732041419487,0.0626816745189624,0.000170335873819381,1.0633542970595e-06,0.0249755081607602,1.73035396317151,0.00470219336984182,0.00067473298203069,0.0200000000004366,0.0500000000001819,2.67000000000007,NA,NA,NA
4800,183,TRUE,TRUE,TRUE,0.000300182110585408,0.000302586121965408,0.000304204425976834,2.22044604925031e-16,2.22044604925031e-16,1.28785870856518e-14,0.00117547599060261,0.0814393655520434,0.000219609904192445,9.89368661663548e-07,0.0245414625895277,1.70028240388451,0.004584992199854,0.000552123683391414,0.0100000000002183,0.0499999999992724,2.80000000000018,NA,NA,NA
4800,184,TRUE,TRUE,TRUE,0.0002799913207264,0.000254216034150509,0.000254727114204429,4.44089209850063e-16,4.44089209850063e-16,9.10382880192628e-15,0.00214821414756114,0.148832641964566,0.00040476478985885,3.84254515140015e-06,0.0304339658054995,2.10852700203756,0.00573434347214393,0.000979890548233442,0.0100000000002183,0.0500000000001819,2.69999999999982,NA,NA,NA
4800,185,TRUE,TRUE,TRUE,0.000343633301544625,0.000296076621122516,0.000297618896311947,4.44089209850063e-16,7.7715611723761e-16,1.50990331349021e-14,0.00301481773551145,0.208872699738623,0.000569743660769065,6.44764010360177e-06,0.0532492535408963,3.68921650391797,0.0100631040769911,0.00231010659909714,0.00999999999930878,0.0300000000006548,2.85999999999967,NA,NA,NA
4800,186,TRUE,TRUE,TRUE,0.00023115150643793,0.000219109240498216,0.000221184574519993,4.44089209850063e-16,4.44089209850063e-16,3.99680288865056e-15,0.00185582816991237,0.128575547216232,0.000349734619707121,1.84596306240792e-06,0.0334342493437277,2.31639274305051,0.00630075276849246,0.00108721230673581,0.0199999999995271,0.0399999999999636,2.78000000000065,NA,NA,NA
4800,187,TRUE,TRUE,TRUE,0.000213903958721343,0.00018362464591013,0.000182594917658795,4.44089209850063e-16,2.22044604925031e-16,1.35447209004269e-14,0.00302890048710389,0.209848381389362,0.000568231931370847,5.95870350750261e-06,0.0493368426871383,3.41815672876626,0.0092557578326576,0.00199881099961985,0.00999999999930878,0.0500000000001819,2.5600000000004,NA,NA,NA
4800,188,TRUE,TRUE,TRUE,0.000198911327297704,0.000193786440447635,0.000192916175963388,4.44089209850063e-16,2.22044604925031e-16,1.4432899320127e-14,0.00237018078968269,0.164210942034166,0.00044165163881083,4.45542649174513e-06,0.0374487804524553,2.59452761700579,0.00697808172705174,0.00145600311820715,0,0.0300000000006548,2.85999999999967,NA,NA,NA
4800,189,TRUE,TRUE,TRUE,0.000276729479432755,0.000223469210390271,0.000223793985590513,4.44089209850063e-16,4.44089209850063e-16,2.75335310107039e-14,0.00192641246476246,0.133465770612103,0.000357315124782734,3.66266285567463e-06,0.0391456661804461,2.71209130882653,0.00726082230665697,0.00145790161235837,0.0199999999995271,0.0300000000006548,2.53000000000065,NA,NA,NA
4800,190,TRUE,TRUE,TRUE,0.000163278223660442,0.000172855802098224,0.00017157393595627,4.44089209850063e-16,2.22044604925031e-16,6.98016222600017e-09,0.00198169552144519,0.137295893130991,0.000371846223986389,3.18994234049796e-06,0.0341817385950408,2.36818031750595,0.0064138765457705,0.00116021483226447,0,0.0299999999997453,2.67000000000007,NA,NA,NA
4800,191,TRUE,TRUE,TRUE,0.000217882830693914,0.000179032072032089,0.000181155061958669,2.22044604925031e-16,4.44089209850063e-16,1.64313007644523e-14,0.00219776093110926,0.152265343822845,0.000411648473131969,3.18523707676377e-06,0.0312397368906516,2.16435246038769,0.00585131431269486,0.00093825464826125,0.0100000000002183,0.0499999999992724,2.73000000000047,NA,NA,NA
4800,192,TRUE,TRUE,TRUE,0.000244793532380233,0.000219602123208822,0.000220939965470675,3.33066907387547e-16,2.22044604925031e-16,6.66133814775094e-16,0.0016589744305998,0.11493712009026,0.000307739768666071,3.14601419404426e-06,0.0315041027767748,2.18266826624983,0.00584401128898147,0.0012273927885289,0.0100000000002183,0.0500000000001819,2.58999999999924,NA,NA,NA
4800,193,TRUE,TRUE,TRUE,0.000342953229977757,0.000278746198887691,0.000277164232604636,2.22044604925031e-16,1.11022302462516e-16,1.55431223447522e-15,0.00577153422729282,0.399863620771758,0.00106731994086532,1.99142746062364e-05,0.0723863897526002,5.01507619311947,0.0133862910948097,0.00427552437350798,0.0199999999995271,0.0500000000001819,2.67000000000007,NA,NA,NA
4800,194,TRUE,TRUE,TRUE,0.000190296226606175,0.000204005823703358,0.000204685089428435,6.66133814775094e-16,4.44089209850063e-16,1.80477854883065e-12,0.00151325673767777,0.104841502182153,0.0002826021110491,2.13287225037107e-06,0.0295869062378522,2.04984099370946,0.00552538241135476,0.000875964676570362,0.0100000000002183,0.0500000000001819,2.65999999999985,NA,NA,NA
4800,195,TRUE,TRUE,TRUE,0.000169874172627553,0.000170343978179086,0.000173715902785237,2.22044604925031e-16,0,3.33066907387547e-15,0.00299965083814925,0.207821906265643,0.000557231789738899,9.82525667581058e-06,0.0498876288841515,3.45631631585964,0.00926740285082559,0.0023904042742906,0,0.0300000000006548,3.13000000000011,NA,NA,NA
4800,196,TRUE,TRUE,TRUE,0.000320058066036782,0.000295244514804842,0.000294465835397491,4.44089209850063e-16,6.66133814775094e-16,3.33066907387547e-15,0.00128677784772472,0.0891505844125337,0.000240703005149937,1.63977593814479e-06,0.0268556552483372,1.86061437442695,0.00502358424569983,0.000762240862972163,0.0100000000002183,0.0500000000001819,2.47999999999956,NA,NA,NA
4800,197,TRUE,TRUE,TRUE,0.000335339463195264,0.000299736254286205,0.000299015794537212,4.44089209850063e-16,2.22044604925031e-16,7.59392548843607e-14,0.00264609675940667,0.183326961161428,0.000493672103360683,5.22374892497623e-06,0.0349599825873248,2.42209864291879,0.00652234959888896,0.0012040797931725,0.0100000000002183,0.0500000000001819,2.84000000000015,NA,NA,NA
4800,198,TRUE,TRUE,TRUE,0.000220855151580658,0.000214099167451109,0.000212326571477281,2.22044604925031e-16,0,1.55431223447522e-15,0.00196690566817621,0.136271222039056,0.000370111743208802,3.84582764922925e-06,0.0466437773682341,3.23157569034851,0.00877693833055435,0.00221599638188508,0,0.0299999999997453,2.78000000000065,NA,NA,NA
4800,199,TRUE,TRUE,TRUE,0.000195891074462388,0.000199950510191762,0.000200474675255083,4.44089209850063e-16,4.44089209850063e-16,1.10578213252666e-13,0.00188971801763557,0.130923504740926,0.000356424772885532,2.88908510626129e-06,0.0326205851971814,2.2600204373659,0.00615265587870409,0.000805474132640427,0,0.0299999999997453,2.69000000000051,NA,NA,NA
4800,200,TRUE,TRUE,TRUE,0.000243483020282728,0.000231333270089745,0.00023065308339604,4.44089209850063e-16,4.44089209850063e-16,6.56363852158393e-13,0.00114427490460282,0.0792776909039247,0.000213103036330411,1.66554421454634e-06,0.0335110714759895,2.32171513649944,0.00624090509500211,0.00122399442382815,0.0200000000004366,0.0399999999999636,2.73999999999978,NA,NA,NA
4800,201,TRUE,TRUE,TRUE,0.000238293765701887,0.000235201103701477,0.00023484016694225,2.22044604925031e-16,2.22044604925031e-16,2.22044604925031e-16,0.00129800315377988,0.0899282964292558,0.000241061457224184,1.67148477459023e-06,0.0237440380506287,1.6450352112215,0.00440967527405689,0.00062025661742382,0.0199999999995271,0.0500000000001819,2.84000000000015,NA,NA,NA
4800,202,TRUE,TRUE,TRUE,0.000297772135810211,0.000289310628049355,0.000290707493263173,3.33066907387547e-16,2.22044604925031e-16,6.66133814775094e-14,0.00129506406234071,0.0897246702012264,0.000241056383826962,1.64414367631593e-06,0.0238753802823199,1.65413486796025,0.00444403717214374,0.000621230986347143,0,0.0299999999997453,2.55000000000018,NA,NA,NA
4800,203,TRUE,TRUE,TRUE,0.000538018692357276,0.00054027424153491,0.000541245519367288,0,1.11022302462516e-16,3.5527136788005e-15,0.000918112679179816,0.063608712296505,0.00016839124400142,6.84447005738775e-07,0.0157654167305786,1.09226011119434,0.0028915384741604,0.000319134556196587,0.0200000000004366,0.0399999999999636,2.5,NA,NA,NA
4800,204,TRUE,TRUE,TRUE,0.000316906668812884,0.000255668043296297,0.000254079981593702,2.22044604925031e-16,2.22044604925031e-16,1.77635683940025e-15,0.00285583386720708,0.197857974239143,0.000529211130564592,7.61114501557358e-06,0.0472667344119599,3.27473542037515,0.00875894156291121,0.0021306378026793,0,0.0299999999997453,2.64000000000033,NA,NA,NA
4800,205,TRUE,TRUE,TRUE,0.00018626780989258,0.000200663754406849,0.000201393192397615,6.66133814775094e-16,2.22044604925031e-16,3.06421554796543e-14,0.00159876994479143,0.110766030959714,0.000297978326113492,3.12770670163331e-06,0.0310053178454364,2.14811143252472,0.00577876306863225,0.00115253628449707,0.00999999999930878,0.0500000000001819,2.55000000000018,NA,NA,NA
4800,206,TRUE,TRUE,TRUE,0.000253277277410491,0.000205126782712336,0.000204877371674467,2.22044604925031e-16,2.22044604925031e-16,1.99840144432528e-15,0.00305687362033457,0.211786416909459,0.000574147524531625,8.26283628896363e-06,0.0606251152018205,4.20023118977078,0.0113867186350217,0.00299110501189404,0.0100000000002183,0.0500000000001819,2.42000000000007,NA,NA,NA
4800,207,TRUE,TRUE,TRUE,0.000288501099388058,0.000251628152449201,0.000251893524081804,4.44089209850063e-16,3.33066907387547e-16,3.15303338993544e-14,0.00155356024577479,0.107633811132045,0.000290210754311333,2.68951171733534e-06,0.0322252456818764,2.23263051229598,0.0060197941358504,0.00109941690280024,0.00999999999930878,0.0300000000006548,2.48999999999978,NA,NA,NA
4800,208,TRUE,TRUE,TRUE,0.000230416189932167,0.000228188757638294,0.00022749564041477,4.44089209850063e-16,4.44089209850063e-16,3.33066907387547e-15,0.00114326511109071,0.0792077303571996,0.000214143916550276,1.2581406707568e-06,0.0184202725202054,1.27619391577042,0.00345028398324598,0.000471877181663416,0,0.0300000000006548,2.56999999999971,NA,NA,NA
4800,209,TRUE,TRUE,TRUE,0.000353428424942614,0.000362884638036645,0.000362798121348092,4.44089209850063e-16,2.22044604925031e-16,1.33226762955019e-15,0.000816509204670352,0.0565694170934682,0.000150251824407686,6.94385050792334e-07,0.0230437922696127,1.59652076040129,0.0042404565802524,0.000554753787145756,0.0100000000002183,0.0500000000001819,2.69999999999982,NA,NA,NA
4800,210,TRUE,TRUE,TRUE,0.000441188219448752,0.000425747397599563,0.000425710160816381,4.44089209850063e-16,4.44089209850063e-16,7.24309501265452e-12,0.000353734322444605,0.0245074327542003,6.50545501120767e-05,1.85630696591943e-07,0.0151387725566479,1.04884492929374,0.00278414045636189,0.000235880884460471,0,0.0399999999999636,2.83999999999924,NA,NA,NA
4800,211,TRUE,TRUE,TRUE,0.000191881554854221,0.000196007316707252,0.000196235122789493,2.22044604925031e-16,2.22044604925031e-16,1.11022302462516e-15,0.00119556348676248,0.0828310681098727,0.000223015978594522,1.63283755938437e-06,0.0222055862849407,1.53844814629487,0.0041421477072802,0.000580550767317334,0,0.0299999999997453,2.52000000000044,NA,NA,NA
4800,212,TRUE,TRUE,TRUE,0.000311187557146687,0.000302446798183324,0.000302079789045707,2.22044604925031e-16,4.44089209850063e-16,5.77315972805081e-15,0.000697758975727737,0.0483421598959064,0.00013008947985899,7.26281211171909e-07,0.0184756230607997,1.28002871371185,0.00344457653381447,0.000427881452267798,0.00999999999930878,0.0500000000001819,2.64000000000033,NA,NA,NA
4800,213,TRUE,TRUE,TRUE,0.000170894829139818,0.000165652174687585,0.000166416633968851,2.22044604925031e-16,4.44089209850063e-16,8.88178419700125e-16,0.00170587657323672,0.118186595851499,0.000315923426968704,2.73256031135816e-06,0.0284720336114538,1.97260035239387,0.00527293860084591,0.000961030198723734,0,0.0300000000006548,2.63999999999942,NA,NA,NA
4800,214,TRUE,TRUE,TRUE,0.000371268743184286,0.000341727144061275,0.000342077027830259,5.55111512312578e-16,4.44089209850063e-16,1.79856129989275e-14,0.00174353929473276,0.120795945738798,0.000321915110859415,2.84390500482345e-06,0.0360935614485953,2.50063529020306,0.00666406709050774,0.00129495545665748,0.0200000000004366,0.0399999999999636,2.76999999999953,NA,NA,NA
4800,215,TRUE,TRUE,TRUE,0.000310537905109029,0.000307373739806786,0.000307461170706824,5.55111512312578e-16,4.44089209850063e-16,8.1690210151919e-13,0.00225888451937549,0.156500110239566,0.000424718235315436,3.2116844224106e-06,0.0337558559467883,2.33867430211253,0.00634681739872458,0.00102525304577838,0.0200000000004366,0.0399999999999636,2.65999999999985,NA,NA,NA
4800,216,TRUE,TRUE,TRUE,0.000242679185815045,0.000241301149021918,0.000242802491590179,2.22044604925031e-16,4.44089209850063e-16,1.11022302462516e-14,0.00179677186463714,0.124484006366472,0.000331968895222599,2.39447239636092e-06,0.0342948565637653,2.37601736026914,0.00633626665096398,0.00112949080897096,0.0100000000002183,0.0500000000001819,2.75999999999931,NA,NA,NA
4800,217,TRUE,TRUE,TRUE,0.000328098245465477,0.00029286267407866,0.000291508546826971,2.22044604925031e-16,2.22044604925031e-16,1.43218770176645e-13,0.00118861848817898,0.0823499044936679,0.000223863278546556,1.50125981335236e-06,0.0315397717476831,2.1851394850445,0.00594017069250164,0.00097588438198315,0.0199999999995271,0.0500000000001819,2.60999999999967,NA,NA,NA
4800,218,TRUE,TRUE,TRUE,0.000334249584120178,0.00032410977760973,0.000323989959255824,2.22044604925031e-16,2.22044604925031e-16,1.04805053524615e-13,0.00141858557710958,0.0982824917775283,0.000263536889418842,2.41413323820439e-06,0.0287004020916695,1.98842218481711,0.00533180007914627,0.000858144831667573,0.00999999999930878,0.0500000000001819,2.5,NA,NA,NA
4800,219,TRUE,TRUE,TRUE,0.00023096738508695,0.000232347844014573,0.00023561130409387,2.22044604925031e-16,3.33066907387547e-16,5.50670620214078e-14,0.00327833213303765,0.227129512740275,0.000614483302269558,1.00245431724488e-05,0.0616613946287956,4.27202673450515,0.0115576750177965,0.00300935969545435,0.0100000000002183,0.0299999999997453,2.91000000000076,NA,NA,NA
4800,220,TRUE,TRUE,TRUE,0.000284384492473528,0.000266006788210501,0.000265940473208575,3.33066907387547e-16,3.33066907387547e-16,1.55431223447522e-15,0.00194096942436512,0.134474306357524,0.000358825316679329,3.75156224663442e-06,0.0315643454596031,2.18684200174754,0.00583527288639413,0.00103864523575226,0.0199999999995271,0.0500000000001819,2.53999999999996,NA,NA,NA
4800,221,TRUE,TRUE,TRUE,0.000155553884276923,0.000127902428601517,0.000128440835500987,4.44089209850063e-16,4.44089209850063e-16,7.105427357601e-15,0.00230365292659116,0.159601756474425,0.000430846535361544,5.608436126181e-06,0.0418848896105461,2.90187027499518,0.00783362778498411,0.00151806754634265,0.0100000000002183,0.0399999999999636,2.85000000000036,NA,NA,NA
4800,222,TRUE,TRUE,TRUE,0.000393856320279028,0.000278543805275194,0.000279764001530283,3.33066907387547e-16,4.44089209850063e-16,1.03754782543319e-11,0.00257403335091448,0.178334261766426,0.000479166911988197,7.1926032454428e-06,0.0539239537016954,3.73596110225313,0.0100381661209853,0.00243244777061946,0.0200000000004366,0.0399999999999636,2.6899999999996,NA,NA,NA
4800,223,TRUE,TRUE,TRUE,0.000268819599520132,0.000287955269954787,0.000288111262565799,2.22044604925031e-16,4.44089209850063e-16,3.574918139293e-14,0.00139693811236965,0.096782711426144,0.000258079926809607,2.1950439155205e-06,0.0328499668808422,2.27591246658294,0.00606892816026366,0.00100132257413676,0.0100000000002183,0.0499999999992724,2.8100000000004,NA,NA,NA
4800,224,TRUE,TRUE,TRUE,0.000306057007110275,0.00028273919739351,0.000281851692489705,2.22044604925031e-16,6.66133814775094e-16,9.76996261670138e-14,0.00272711501072357,0.188940070266279,0.000504979085784832,6.75698144902981e-06,0.0483822292103061,3.35201916702773,0.00895892317661004,0.00187499150178283,0.0100000000002183,0.0500000000001819,2.82999999999993,NA,NA,NA
4800,225,TRUE,TRUE,TRUE,0.0002344050820997,0.000206860779392053,0.000207986043590584,2.22044604925031e-16,3.33066907387547e-16,7.99360577730113e-15,0.00156357763414637,0.108327836156794,0.000293231886751079,3.48225709601024e-06,0.0307429866547476,2.12993659449739,0.00576551095658037,0.000988008391932027,0.0100000000002183,0.0499999999992724,2.5,NA,NA,NA
4800,226,TRUE,TRUE,TRUE,0.00031678405633917,0.000276046011293357,0.000277041631523024,2.22044604925031e-16,2.22044604925031e-16,2.66453525910038e-15,0.0038976815981318,0.270039302387621,0.000729577533468338,1.93573379618783e-05,0.0769908769681242,5.33408442512303,0.01441133984492,0.00502781863349711,0.0199999999995271,0.0399999999999636,2.86000000000058,NA,NA,NA
4800,227,TRUE,TRUE,TRUE,0.000250254740401907,0.000237214538527699,0.000236448773269999,2.22044604925031e-16,6.66133814775094e-16,2.62634358705327e-12,0.00142380704054846,0.0986442453761686,0.000267987974357729,2.33002995031484e-06,0.0327867971029379,2.27153593598962,0.00617110822679285,0.000927641750418928,0.0199999999995271,0.0500000000001819,2.53999999999996,NA,NA,NA
4800,228,TRUE,TRUE,TRUE,0.000475432937454346,0.000367737071761475,0.000371932543741305,2.22044604925031e-16,4.44089209850063e-16,6.66133814775094e-16,0.00335040779667314,0.232123061196511,0.000633636254691144,8.29364373089447e-06,0.056496090719372,3.91416398219891,0.0106846609429635,0.00279367944066422,0.0200000000004366,0.0299999999997453,2.9399999999996,NA,NA,NA
4800,229,TRUE,TRUE,TRUE,0.000241902809946468,0.000209884700223344,0.000209731266099426,2.22044604925031e-16,4.44089209850063e-16,1.46549439250521e-14,0.00182146178929017,0.126194574523835,0.000343088773141978,3.31861766511565e-06,0.0410297800083625,2.8426265439143,0.0077283295033272,0.00143282111621446,0,0.0299999999997453,2.57999999999993,NA,NA,NA
4800,230,TRUE,TRUE,TRUE,0.000481006588643854,0.000443036011235301,0.000442651222695935,4.44089209850063e-16,4.44089209850063e-16,1.82076576038526e-14,0.00123427811551431,0.0855132962696462,0.00022609551154188,1.95040081507614e-06,0.0370354682352161,2.5658925066199,0.00678417046416241,0.00125962827239334,0,0.0500000000001819,2.78000000000065,NA,NA,NA
4800,231,TRUE,TRUE,TRUE,0.000358017434371414,0.000367301568658443,0.00036365978803418,2.22044604925031e-16,2.22044604925031e-16,6.21724893790088e-15,0.00276412978147873,0.191504528809417,0.000513568546811846,5.6486123725108e-06,0.0449498344858475,3.11421588485198,0.00835156921032123,0.00199269925872514,0.0199999999995271,0.0500000000001819,2.5,NA,NA,NA
4800,232,TRUE,TRUE,TRUE,0.000321706787647875,0.000305771083065092,0.000305944974082739,2.22044604925031e-16,2.22044604925031e-16,3.49276163547074e-13,0.00123255210103828,0.0853937144789631,0.000231591577309157,2.02721903619363e-06,0.0399908025451311,2.77064407374487,0.00751411078808287,0.00133298729983267,0,0.0299999999997453,2.80000000000018,NA,NA,NA
4800,233,TRUE,TRUE,TRUE,0.000255232339451807,0.000218435325626307,0.000219983068185139,3.33066907387547e-16,2.22044604925031e-16,7.61612994892857e-14,0.00215498917680752,0.149302029759666,0.00040294143268454,5.23957779563489e-06,0.0377501492500197,2.61540705977369,0.00705855017118574,0.00156756314726181,0.0100000000002183,0.0500000000001819,2.59000000000015,NA,NA,NA
4800,234,TRUE,TRUE,TRUE,0.00024778288183268,0.000213860118272837,0.000213484867354712,4.44089209850063e-16,0,1.25632837466583e-12,0.00201993259010163,0.139945034956809,0.000380590157813007,3.59206075373208e-06,0.0320341776915583,2.21939293361874,0.00603579188869201,0.00128349775275538,0,0.0299999999997453,2.81999999999971,NA,NA,NA
4800,235,TRUE,TRUE,TRUE,0.000288732966747211,0.000252371989639867,0.000253205679892671,2.22044604925031e-16,2.22044604925031e-16,7.7715611723761e-15,0.00209757998812151,0.145324604494647,0.000391808310757468,3.23213576791659e-06,0.0424488169192062,2.94094030501018,0.00792904172663367,0.00174154035106255,0.00999999999930878,0.0500000000001819,2.59000000000015,NA,NA,NA
4800,236,TRUE,TRUE,TRUE,0.000223231074892624,0.000220341048169237,0.000219789268827159,2.22044604925031e-16,2.22044604925031e-16,1.48769885299771e-14,0.000941430590174953,0.0652242245593029,0.000177631025456547,8.71357460852096e-07,0.0261293646576908,1.8102954862646,0.00493014130527788,0.000640833250244555,0,0.0399999999999636,2.5,NA,NA,NA
4800,237,TRUE,TRUE,TRUE,0.000278522524289062,0.000267951460958012,0.000267707364270831,1.11022302462516e-16,2.22044604925031e-16,3.5527136788005e-15,0.00214516996373119,0.148621734722124,0.000398644960027866,3.98832017012296e-06,0.035954646988574,2.49101101409654,0.00668158656605738,0.00133294190371203,0.0199999999995271,0.0500000000001819,2.82999999999993,NA,NA,NA
4800,238,TRUE,TRUE,TRUE,0.000222160997097911,0.000196429468764547,0.000197031412380796,4.44089209850063e-16,2.22044604925031e-16,2.33146835171283e-14,0.00250225939581628,0.173361616290816,0.000466999140622802,6.38272911146487e-06,0.046364951956703,3.21225809917998,0.00865313674313706,0.00205276162608214,0.0100000000002183,0.0500000000001819,2.80000000000018,NA,NA,NA
4800,239,TRUE,TRUE,TRUE,0.000336196900701469,0.000345399898065936,0.000346046983327493,4.44089209850063e-16,4.44089209850063e-16,1.84297022087776e-14,0.00107334801012318,0.0743637315094523,0.000203566401558055,1.81267782650707e-06,0.0247976018062586,1.71802824937206,0.00470300267887042,0.000710548907402853,0.0199999999995271,0.0299999999997453,2.42000000000007,NA,NA,NA
4800,240,TRUE,TRUE,TRUE,0.000363125995816868,0.000353495435696919,0.000352517443209632,4.44089209850063e-16,4.44089209850063e-16,9.25926002537381e-13,0.00138946921891949,0.0962652513088643,0.0002637323160451,1.91535986715508e-06,0.0281161329061746,1.94794282823415,0.00533666579195153,0.000716728509750908,0.0100000000002183,0.0500000000001819,2.60999999999967,NA,NA,NA
4800,241,TRUE,TRUE,TRUE,0.000222217254524205,0.00022113041360798,0.000221356032023638,4.44089209850063e-16,2.22044604925031e-16,3.5527136788005e-15,0.00105971923206222,0.0734195020675854,0.000198147067743371,1.45570686171936e-06,0.0296537678588876,2.05447330269785,0.0055446829414871,0.000859760250936148,0.0100000000002183,0.0499999999992724,2.66000000000076,NA,NA,NA
4800,242,TRUE,TRUE,TRUE,0.000324057597792172,0.000303254421278344,0.000304347340093626,4.44089209850063e-16,2.22044604925031e-16,6.76347866601645e-13,0.00102258950550643,0.0708470791529547,0.000190974183171657,1.24608624219036e-06,0.0247809081724085,1.71687168049241,0.00462797013952712,0.000726856905949091,0.0100000000002183,0.0499999999992724,2.78000000000065,NA,NA,NA
4800,243,TRUE,TRUE,TRUE,0.000330077755088594,0.000290410583145537,0.000289094172280614,2.22044604925031e-16,6.66133814775094e-16,1.50990331349021e-14,0.0012401812621768,0.0859222782674045,0.000230804247955622,2.18505574522965e-06,0.0347880231109639,2.41018494092279,0.00647423385344149,0.00110997656165068,0.0200000000004366,0.0399999999999636,2.64999999999964,NA,NA,NA
4800,244,TRUE,TRUE,TRUE,0.000391712416460569,0.00038994883641945,0.000388479453416572,3.33066907387547e-16,0,6.66133814775094e-16,0.00302551732740091,0.209613989209535,0.000568264942147981,5.46269260226495e-06,0.0431041947121057,2.98634621042835,0.00809600477001806,0.00168914965454192,0.0200000000004366,0.0299999999997453,2.60999999999967,NA,NA,NA
4800,245,TRUE,TRUE,TRUE,0.000267476122991042,0.000270026855597135,0.000268606269015099,2.22044604925031e-16,3.33066907387547e-16,1.02140518265514e-14,0.00111479489162321,0.0772352556923855,0.000207990795134528,1.32185986245759e-06,0.0236643590574908,1.63951488864507,0.00441513402483375,0.000524949196016422,0,0.0300000000006548,2.61999999999989,NA,NA,NA
4800,246,TRUE,TRUE,TRUE,0.000243373186907024,0.000224244952753386,0.000223569127792264,2.22044604925031e-16,2.22044604925031e-16,4.44089209850063e-16,0.00162377017773896,0.112498097906361,0.000304335018477836,3.48849582110233e-06,0.0276138781426309,1.9131455974821,0.00517552928979416,0.000918725038832946,0.0199999999995271,0.0500000000001819,2.89000000000033,NA,NA,NA
4800,247,TRUE,TRUE,TRUE,0.000257309602704395,0.000228649647470363,0.000228970141323211,4.44089209850063e-16,4.44089209850063e-16,1.23900889548167e-13,0.00103567421698778,0.0717536145564779,0.000193812883820445,1.13242116484003e-06,0.0313821545915825,2.17421944814407,0.00587275977535064,0.000854902294179283,0.0199999999995271,0.0500000000001819,2.59000000000015,NA,NA,NA
4800,248,TRUE,TRUE,TRUE,0.000222597722650268,0.000194114580046785,0.000192308287753198,2.22044604925031e-16,4.44089209850063e-16,8.88178419700125e-16,0.0046655005775497,0.323235361722321,0.000867386153439576,2.37992186669089e-05,0.0763706822095096,5.29111607182269,0.0141984490573256,0.0050423891332585,0.0100000000002183,0.0499999999992724,2.45000000000073,NA,NA,NA
4800,249,TRUE,TRUE,TRUE,0.000267372436500908,0.000228014195816277,0.000228558980104484,4.44089209850063e-16,4.44089209850063e-16,6.30606677987089e-14,0.00248860884886272,0.172415878655829,0.000467992688628258,7.18877303995669e-06,0.0496117256571193,3.43720117957197,0.00932968027031376,0.00215311647816208,0.0199999999995271,0.0500000000001819,2.64000000000033,NA,NA,NA
4800,250,TRUE,TRUE,TRUE,0.000217977680825976,0.000217942969010662,0.00021985511148897,2.22044604925031e-16,4.44089209850063e-16,5.22248910783674e-13,0.00263795003273714,0.182762539381148,0.000492730407979218,3.42997980951054e-06,0.0342510523153149,2.372982512913,0.00639759463659422,0.000960590763195768,0.0100000000002183,0.0500000000001819,2.59000000000015,NA,NA,NA
4800,251,TRUE,TRUE,TRUE,0.000299375984252311,0.000216821791193482,0.000219111512521818,4.44089209850063e-16,4.44089209850063e-16,1.33226762955019e-15,0.00195693103228551,0.135580158993069,0.000367329950464823,5.31341935783303e-06,0.0374298365951478,2.59321514807187,0.00702584802201455,0.00128219795856666,0.00999999999930878,0.0500000000001819,2.86999999999989,NA,NA,NA
4800,252,TRUE,TRUE,TRUE,0.000368602313670862,0.000365849512464624,0.000366698641786846,3.33066907387547e-16,4.44089209850063e-16,4.66293670342566e-15,0.00307273957248104,0.212885642318585,0.000581529049602035,6.00657676486094e-06,0.0361313061379311,2.50325031898888,0.00683800355469302,0.00118728818765845,0.0200000000004366,0.0299999999997453,2.42000000000007,NA,NA,NA
4800,253,TRUE,TRUE,TRUE,0.000309885846674715,0.000283683418207446,0.000283018050433872,2.22044604925031e-16,2.22044604925031e-16,1.75415237890775e-14,0.00167997281760418,0.116391931017003,0.000310741130303074,3.68015166429814e-06,0.0335883961910916,2.32707234990894,0.0062127768307418,0.00133076042754254,0.0200000000004366,0.0399999999999636,2.63000000000011,NA,NA,NA
4800,254,TRUE,TRUE,TRUE,0.000334590935246181,0.000319908922483457,0.000320107614113693,4.44089209850063e-16,4.44089209850063e-16,1.66533453693773e-14,0.00129985515358703,0.0900566067397194,0.000239985592070248,1.977329645797e-06,0.0312219825876513,2.16312240619372,0.00576435455614231,0.000971756536159774,0.00999999999930878,0.0500000000001819,2.72000000000025,NA,NA,NA
4800,255,TRUE,TRUE,TRUE,0.000396590971404478,0.00034581478215806,0.000342735735249013,2.22044604925031e-16,2.22044604925031e-16,1.3855583347322e-13,0.00269168054966408,0.186485098790524,0.000508876156712498,5.28222495432829e-06,0.0505446964069805,3.50183928920137,0.00955573678793133,0.00234463712872568,0.0199999999995271,0.0500000000001819,2.68000000000029,NA,NA,NA
4800,256,TRUE,TRUE,TRUE,0.000294702110188417,0.000239783076134933,0.000241687481244036,4.44089209850063e-16,3.33066907387547e-16,1.33226762955019e-15,0.00369917694422846,0.256286496543643,0.00068737465919783,1.08888387906347e-05,0.0625131832700801,4.33104038266574,0.0116160915504963,0.00310164260369561,0.0199999999995271,0.0300000000006548,2.80000000000018,NA,NA,NA
4800,257,TRUE,TRUE,TRUE,0.000234308534177879,0.000168398679636355,0.000169296148929103,4.44089209850063e-16,3.33066907387547e-16,4.21884749357559e-15,0.0034388497020596,0.238250496142413,0.000639841068571598,1.38938987213066e-05,0.0627089222167747,4.34460157469354,0.0116677805884111,0.00368490992586601,0.0200000000004366,0.0399999999999636,2.53000000000065,NA,NA,NA
4800,258,TRUE,TRUE,TRUE,0.000293600405072133,0.000296185326334686,0.000295906465524974,2.22044604925031e-16,4.44089209850063e-16,8.81517081552374e-14,0.00210287239998978,0.145691273544664,0.000389991530681672,5.5962283411759e-06,0.0472381275659949,3.27275347994892,0.00876062174580251,0.00194102178947375,0.0200000000004366,0.0399999999999636,2.51999999999953,NA,NA,NA
4800,259,TRUE,TRUE,TRUE,0.000247833474445076,0.000248922882103393,0.00024953055929464,2.22044604925031e-16,4.44089209850063e-16,2.22044604925031e-14,0.00101915880188545,0.0706093930338652,0.000191982883142495,1.07115033287641e-06,0.0234111693800328,1.6219733932327,0.00441005247366854,0.000465289134290003,0.0100000000002183,0.0499999999992724,2.53000000000065,NA,NA,NA
4800,260,TRUE,TRUE,TRUE,0.000396482938949518,0.000356703850205959,0.000357193848456104,3.33066907387547e-16,4.44089209850063e-16,2.22044604925031e-15,0.0015995619737362,0.11082090433465,0.000302763288152562,3.11188759383185e-06,0.0399787873045134,2.76981163345628,0.00756713981665494,0.00148820495344637,0.00999999999930878,0.0300000000006548,2.72000000000025,NA,NA,NA
4800,261,TRUE,TRUE,TRUE,0.00027137637363109,0.000223309233486156,0.000223744690085865,0,4.44089209850063e-16,8.88178419700125e-16,0.00176185015845819,0.122064559590915,0.000325251943801513,4.78891281829874e-06,0.0374693215895592,2.59595074873016,0.00691714310744396,0.00126303641647851,0.00999999999930878,0.0500000000001819,2.47000000000025,NA,NA,NA
4800,262,TRUE,TRUE,TRUE,0.000243345922882427,0.000268391010199794,0.00026994942976687,2.22044604925031e-16,4.44089209850063e-16,6.43929354282591e-15,0.00162875211877262,0.112843256905985,0.000305658696637116,2.74855363358029e-06,0.0380401401963801,2.63549822188694,0.00713877792593799,0.00127172230342154,0.0100000000002183,0.0500000000001819,2.5,NA,NA,NA
4800,263,TRUE,TRUE,TRUE,0.000360078370189561,0.000280315838504918,0.000279391565445275,4.44089209850063e-16,3.33066907387547e-16,1.55431223447522e-15,0.00434933688534969,0.301330898586362,0.000810288514228155,2.27598287345643e-05,0.0598421818128982,4.14598797342856,0.0111486955063601,0.0037277015376489,0,0.0500000000001819,2.60999999999967,NA,NA,NA
4800,264,TRUE,TRUE,TRUE,0.000248369824831172,0.000245796319789513,0.000244486900155846,2.22044604925031e-16,6.66133814775094e-16,7.7715611723761e-15,0.00195619847400772,0.135529405866803,0.000370661474185885,2.47884791093611e-06,0.0366341378541172,2.53808752219253,0.00694145493055036,0.00108548716877266,0.0199999999995271,0.0399999999999636,2.75,NA,NA,NA
4800,265,TRUE,TRUE,TRUE,0.000289509454214079,0.000285888892601822,0.000285948438082689,3.33066907387547e-16,2.22044604925031e-16,1.77635683940025e-15,0.000532290321565921,0.036878155253174,9.9068105519304e-05,4.89067165432289e-07,0.0220074241244112,1.52471906908789,0.00409594863372926,0.000508058814222778,0.0199999999995271,0.0500000000001819,2.64000000000033,NA,NA,NA
4800,266,TRUE,TRUE,TRUE,0.000223877032751806,0.000199345408254464,0.000200545087046098,2.22044604925031e-16,3.33066907387547e-16,1.24344978758018e-13,0.00155102250040074,0.107457990975064,0.000289799353737201,3.30339139509306e-06,0.02675614630219,1.85372019240557,0.00499922722260267,0.000907320909487197,0.0199999999995271,0.0500000000001819,2.77999999999975,NA,NA,NA
4800,267,TRUE,TRUE,TRUE,0.000225883579696256,0.000191303310391096,0.000191740088094579,3.33066907387547e-16,2.22044604925031e-16,1.33226762955019e-15,0.00146232351277219,0.101312744848961,0.000271414588703862,2.22696730389771e-06,0.0294467080011266,2.04012777494385,0.00546545690539927,0.0009698212999254,0.0200000000004366,0.0399999999999636,2.57999999999993,NA,NA,NA
4800,268,TRUE,TRUE,TRUE,0.000298572750279469,0.000272474185987859,0.000273208873883164,2.22044604925031e-16,2.22044604925031e-16,1.11022302462516e-15,0.00160187292053688,0.110981011425545,0.000297927491965753,3.68103263426178e-06,0.038892565626924,2.69455598810157,0.00723351046440025,0.00169059936205684,0.0200000000004366,0.0399999999999636,2.65999999999985,NA,NA,NA
4800,269,TRUE,TRUE,TRUE,0.000285906509529343,0.000271699919234899,0.000272363693153583,4.44089209850063e-16,2.22044604925031e-16,1.77635683940025e-15,0.00109439992648958,0.0758222510591841,0.00020511945567104,1.63658007323875e-06,0.0287656594337148,1.99294334609668,0.00539144444571401,0.000856607454288394,0.0100000000002183,0.0299999999997453,2.5600000000004,NA,NA,NA
4800,270,TRUE,TRUE,TRUE,0.000300055177339467,0.000311232547520354,0.000309591287116505,2.22044604925031e-16,2.22044604925031e-16,1.33226762955019e-15,0.00110436952993515,0.0765129654471454,0.000209494301133778,1.64499459387457e-06,0.0283705155669864,1.96556697595777,0.00538176866565651,0.000806041266447011,0,0.0399999999999636,2.89999999999964,NA,NA,NA
4800,271,TRUE,TRUE,TRUE,0.000213635228827407,0.000189578800602805,0.000190081705339109,4.44089209850063e-16,3.33066907387547e-16,7.7715611723761e-15,0.00166088370056953,0.115069398193977,0.000308111705101482,2.05604069236642e-06,0.0265483316406143,1.83932237030929,0.0049249997014146,0.000654534966145093,0,0.0399999999999636,2.52999999999975,NA,NA,NA
4800,272,TRUE,TRUE,TRUE,0.000336797088612816,0.000302597024090371,0.00030215232981129,4.44089209850063e-16,4.44089209850063e-16,2.88657986402541e-15,0.00188579059357714,0.130651404820443,0.000350293007891755,2.78138123377403e-06,0.038511000973697,2.66812041347111,0.00715356965611398,0.0013875229805187,0,0.0500000000001819,2.64000000000033,NA,NA,NA
4800,273,TRUE,TRUE,TRUE,0.000530653785355701,0.000511222735471894,0.00051354984238605,1.11022302462516e-16,6.66133814775094e-16,3.26405569239796e-14,0.00157062700655472,0.108816231003704,0.000290652764326001,2.04109614898584e-06,0.0267305098014357,1.85194404353218,0.00494662102027205,0.000841919833284521,0.0199999999995271,0.0500000000001819,2.84000000000015,NA,NA,NA
4800,274,TRUE,TRUE,TRUE,0.000268415471757033,0.000252091245630139,0.000251346871162618,1.11022302462516e-16,2.22044604925031e-16,7.105427357601e-15,0.00119966850980617,0.083115472448989,0.000222952329049489,1.73570356309938e-06,0.036898687398842,2.55641605229583,0.00685743455562575,0.00134704282820053,0.0200000000004366,0.0399999999999636,2.96000000000004,NA,NA,NA
4800,275,TRUE,TRUE,TRUE,0.000376600783676631,0.000257054677214678,0.000256140590499907,4.44089209850063e-16,4.44089209850063e-16,2.16049400592055e-13,0.00446910437405261,0.309628633607497,0.000839596465578285,2.08008728819209e-05,0.0741026010922813,5.13397880259361,0.0139214206605828,0.00487989733588989,0.0199999999995271,0.0500000000001819,2.8100000000004,NA,NA,NA
4800,276,TRUE,TRUE,TRUE,0.000243469594705701,0.00021730617541469,0.000218348925264908,4.44089209850063e-16,2.22044604925031e-16,7.105427357601e-15,0.00155274983351626,0.107577664123771,0.000290922473399027,3.1135010374328e-06,0.0259982756190508,1.80121337125501,0.00487102460676238,0.000633789288038145,0.00999999999930878,0.0500000000001819,2.57999999999993,NA,NA,NA
4800,277,TRUE,TRUE,TRUE,0.00023469254272091,0.000221977951238197,0.000220963591728647,2.22044604925031e-16,2.22044604925031e-16,2.72892819452863e-13,0.00172096379781469,0.119231869432069,0.000319198694841509,3.82927345299322e-06,0.0409178663995765,2.83487294165528,0.00758931104014451,0.00152776140619792,0.00999999999930878,0.0500000000001819,2.72000000000025,NA,NA,NA
4800,278,TRUE,TRUE,TRUE,0.000238967177667026,0.00022819845878648,0.000230764956264918,4.44089209850063e-16,2.22044604925031e-16,3.33066907387547e-15,0.00176649018387904,0.122386029982007,0.000331215400658673,3.78053410088341e-06,0.0457912892394395,3.17251358027165,0.0085858276205155,0.00186139265087348,0.0200000000004366,0.0399999999999636,2.67000000000007,NA,NA,NA
4800,279,TRUE,TRUE,TRUE,0.000199489484279462,0.000135219413396628,0.000136293522463119,4.44089209850063e-16,3.33066907387547e-16,8.21565038222616e-15,0.00199603356169112,0.138289261698467,0.000373119547466327,3.60897004370031e-06,0.0485605423861103,3.3643730662338,0.00907744636541775,0.00208033259793083,0.00999999999930878,0.0500000000001819,2.77999999999975,NA,NA,NA
4800,280,TRUE,TRUE,TRUE,0.000212267045754266,0.00022100195365101,0.000223505671869101,2.22044604925031e-16,1.11022302462516e-16,1.77635683940025e-15,0.00220640519658335,0.152864236102654,0.00041196464567507,5.4457654634632e-06,0.0374019486409113,2.5912830139256,0.00698343193864396,0.0016841262705789,0.0100000000002183,0.0500000000001819,2.67000000000007,NA,NA,NA
4800,281,TRUE,TRUE,TRUE,0.000378243398971114,0.000317504777174551,0.000317535219381997,2.22044604925031e-16,4.44089209850063e-16,1.33226762955019e-15,0.00264262543343083,0.183086460643037,0.000497256363937435,6.80669613473128e-06,0.0475216863722719,3.29239901032514,0.00894203948645588,0.00212582135041117,0.0200000000004366,0.0399999999999636,2.5,NA,NA,NA
4800,282,TRUE,TRUE,TRUE,0.00019499597421714,0.000181435940305732,0.000181333269681235,2.22044604925031e-16,2.22044604925031e-16,8.88178419700125e-16,0.000962286261183696,0.0666691478318262,0.000179411746758254,1.29189339048708e-06,0.0243797540454415,1.6890789073095,0.00454543978779126,0.000622766910495898,0.00999999999930878,0.0500000000001819,2.61999999999989,NA,NA,NA
4800,283,TRUE,TRUE,TRUE,0.000426864732547239,0.000388912524572906,0.000387714412533699,4.44089209850063e-16,6.66133814775094e-16,1.47126755223326e-12,0.00231078648703145,0.160095984039283,0.000434622270727639,4.98793353997939e-06,0.0408969469939836,2.83342360272124,0.00769206677817617,0.00182736948649875,0,0.0399999999999636,2.71999999999935,NA,NA,NA
4800,284,TRUE,TRUE,TRUE,0.000207217027525654,0.000167147667837776,0.000166154307705059,4.44089209850063e-16,4.44089209850063e-16,4.42534897615587e-13,0.00226563224165171,0.156967606152277,0.000425818817030076,5.05923879856596e-06,0.0368056807887471,2.54997236533087,0.0069175178413003,0.00130457552175045,0.0100000000002183,0.0500000000001819,2.52999999999975,NA,NA,NA
4800,285,TRUE,TRUE,TRUE,0.000190344488469851,0.000194820731284288,0.000194615717767657,4.44089209850063e-16,4.44089209850063e-16,4.61852778244065e-14,0.00293799326810337,0.203550144506015,0.0005531761667126,4.57223843497445e-06,0.0464295262649904,3.21673193849268,0.00874192178735982,0.00186605936711715,0.0100000000002183,0.0499999999992724,2.64000000000033,NA,NA,NA
4800,286,TRUE,TRUE,TRUE,0.0005259617256961,0.00046012097700094,0.000459878700200211,4.44089209850063e-16,2.22044604925031e-16,1.86517468137026e-14,0.00223486986494852,0.154836326175817,0.000410876419373246,7.10598233766291e-06,0.0425525198522683,2.94812505496848,0.00782319689679635,0.00189154498329103,0,0.0399999999999636,2.83999999999924,NA,NA,NA
4800,287,TRUE,TRUE,TRUE,0.000233414183768676,0.000184183629953349,0.000183962571494973,3.33066907387547e-16,2.22044604925031e-16,2.48689957516035e-14,0.00174330356609776,0.120779613979893,0.000325101101250025,3.03120518552191e-06,0.0361628590711689,2.50543637032871,0.00674385433324308,0.00118443447362182,0.0100000000002183,0.0500000000001819,2.40999999999985,NA,NA,NA
4800,288,TRUE,TRUE,TRUE,0.000157768580459532,0.000135195242632991,0.000136827731830397,4.44089209850063e-16,4.44089209850063e-16,1.64313007644523e-14,0.00310435757301424,0.215076201652875,0.000578250021984264,7.91734122884691e-06,0.0445905018278913,3.08932058803603,0.00830589197791141,0.00217918461558853,0.0200000000004366,0.0399999999999636,2.8799999999992,NA,NA,NA
4800,289,TRUE,TRUE,TRUE,0.000203615073839947,0.000205122671142232,0.00020484594153847,2.22044604925031e-16,4.44089209850063e-16,4.44089209850063e-15,0.00108491762147579,0.0751652976969139,0.000204553733535595,1.29282402383524e-06,0.0180978201784158,1.25385376221046,0.00341221915200811,0.000519591354184001,0.0199999999995271,0.0399999999999636,2.64000000000033,NA,NA,NA
4800,290,TRUE,TRUE,TRUE,0.000280394907212299,0.000211823925005648,0.000210154237247242,4.44089209850063e-16,4.44089209850063e-16,1.0813572259849e-13,0.00263905419734236,0.182839038148995,0.00049433318862361,4.20331542727581e-06,0.0438766407933394,3.03986284478052,0.00821873221524085,0.00166234987869629,0.0199999999995271,0.0399999999999636,2.64000000000033,NA,NA,NA
4800,291,TRUE,TRUE,TRUE,0.000148842842507037,0.000145442806965285,0.00014382951930291,4.44089209850063e-16,2.22044604925031e-16,4.66293670342566e-14,0.00235948962980937,0.163470236750468,0.000444255024104424,4.39154463904856e-06,0.0319583726320529,2.21414100503737,0.00601726213356483,0.000966172454933911,0.0199999999995271,0.0300000000006548,2.80000000000018,NA,NA,NA
4800,292,TRUE,TRUE,TRUE,0.000275329047181754,0.000259591730792839,0.00026083930969363,5.55111512312578e-16,3.33066907387547e-16,1.99840144432528e-15,0.00178743071684901,0.12383683266367,0.000336622845546364,3.81405539329194e-06,0.0304777266334493,2.11155884113317,0.00573980237019869,0.0011851920888617,0.0200000000004366,0.0399999999999636,2.51999999999953,NA,NA,NA
4800,293,TRUE,TRUE,TRUE,0.000334809489131157,0.00029763018715202,0.000296772816393842,4.44089209850063e-16,4.44089209850063e-16,1.77635683940025e-15,0.00125017158678016,0.0866144282592896,0.000234757009837727,1.95488941301392e-06,0.0293245084776582,2.03166154361153,0.00550655125902065,0.000822089466161913,0.0199999999995271,0.0299999999997453,2.53000000000065,NA,NA,NA
4800,294,TRUE,TRUE,TRUE,0.000261796382227546,0.000220818565969925,0.000220775561112002,2.22044604925031e-16,2.22044604925031e-16,2.08721928629529e-14,0.00216476664838121,0.149979432861074,0.000405808302406369,5.23626465209759e-06,0.0428590448555544,2.96936173014775,0.00803437924757245,0.00170720916804612,0.00999999999930878,0.0500000000001819,2.8100000000004,NA,NA,NA
4800,295,TRUE,TRUE,TRUE,0.000502671179255302,0.000475386998239431,0.000476175824134686,2.22044604925031e-16,4.44089209850063e-16,9.76996261670138e-15,0.00151488432714853,0.104954264888442,0.00028846163096382,2.26368926448117e-06,0.0338077911496935,2.34227247851786,0.00643762061535183,0.00099267976030859,0,0.0300000000006548,2.79999999999927,NA,NA,NA
4800,296,TRUE,TRUE,TRUE,0.000240987953135842,0.000220192815887956,0.000220970127318689,4.44089209850063e-16,2.22044604925031e-16,2.03614902716254e-13,0.00175256159545999,0.121421029069227,0.000329240454447166,1.87379303895341e-06,0.0396696256634548,2.74839228665368,0.00745243169485109,0.00134916433490417,0.0199999999995271,0.0500000000001819,2.60000000000036,NA,NA,NA
4800,297,TRUE,TRUE,TRUE,0.000255341055331671,0.00024261024146426,0.000242630630721245,4.44089209850063e-16,2.22044604925031e-16,2.44249065417534e-15,0.00116012920547264,0.0803761090889248,0.000217068264086169,1.39149416256146e-06,0.032771523700706,2.27047776364281,0.00613178060479297,0.00101826327003351,0,0.0299999999997453,2.64000000000033,NA,NA,NA
4800,298,TRUE,TRUE,TRUE,0.00036468678641187,0.000343853685739998,0.000344435815673237,2.22044604925031e-16,2.22044604925031e-16,3.33066907387547e-15,0.00214482091456646,0.148597551886618,0.000397821070223601,3.80985073178408e-06,0.0333117357049495,2.30790474917115,0.00617865587711664,0.00131280882370532,0.0200000000004366,0.0399999999999636,2.57999999999993,NA,NA,NA
4800,299,TRUE,TRUE,TRUE,0.000300435803902792,0.000275892285455032,0.000277467478179856,4.44089209850063e-16,2.22044604925031e-16,1.33226762955019e-15,0.00228963603741217,0.158630637905542,0.000426076961640009,3.83676663062715e-06,0.0320449086957148,2.22013639939535,0.0059632173454666,0.00102272490482846,0.0200000000004366,0.0500000000001819,2.5,NA,NA,NA
4800,300,TRUE,TRUE,TRUE,0.000286334661965903,0.000268444529428121,0.000268127923891178,4.44089209850063e-16,1.11022302462516e-16,4.44089209850063e-15,0.00133570727959642,0.0925405148920245,0.000252529373426833,3.54778461542082e-06,0.0345596930368154,2.39436576934995,0.0065338699292315,0.00117164316936424,0,0.0299999999997453,2.5600000000004,NA,NA,NA
4800,301,TRUE,TRUE,TRUE,0.000407123640022036,0.000371216255794678,0.000368728995283654,4.44089209850063e-16,2.22044604925031e-16,7.99360577730113e-15,0.00232506660214642,0.161085339435966,0.000433074806894818,7.46378509930423e-06,0.0415911390992301,2.88151864258124,0.00774690691324991,0.00163154112617292,0.0200000000004366,0.0500000000001819,2.86999999999989,NA,NA,NA
4800,302,TRUE,TRUE,TRUE,0.000235154230938726,0.00024230252897596,0.000242976476656153,4.44089209850063e-16,4.44089209850063e-16,1.84297022087776e-14,0.00142136731958945,0.098475216549877,0.000264661590369576,2.43335345828655e-06,0.025889064139593,1.79364697800738,0.00482059830272706,0.000667514047648865,0.0200000000004366,0.0399999999999636,2.89999999999964,NA,NA,NA
4800,303,TRUE,TRUE,TRUE,0.000328813328354544,0.000276544351870849,0.000274171573700658,3.33066907387547e-16,4.44089209850063e-16,9.54791801177635e-15,0.00297772618298837,0.20630292159856,0.000561509152800001,9.45461135515302e-06,0.0547297465106508,3.79178806567251,0.0103203759202981,0.00273366668396946,0,0.0399999999999636,2.48999999999978,NA,NA,NA
4800,304,TRUE,TRUE,TRUE,0.000481948339273219,0.000509638394198826,0.000510756825425038,4.44089209850063e-16,4.44089209850063e-16,1.77635683940025e-15,0.00235783656845911,0.163355709300602,0.000432425324950963,3.28717217357166e-06,0.0360415551527594,2.497032188335,0.00660999214583191,0.00107090521660425,0.00999999999930878,0.0300000000006548,2.59000000000015,NA,NA,NA
4800,305,TRUE,TRUE,TRUE,0.000331000170098636,0.000302642099587995,0.000305259097410426,4.44089209850063e-16,4.44089209850063e-16,1.29452004671293e-13,0.00186636710078779,0.129305705765579,0.000352800410315719,2.37994581198109e-06,0.0310129664921761,2.1486413463152,0.00586239829180927,0.00109564455782518,0,0.0499999999992724,2.44000000000051,NA,NA,NA
4800,306,TRUE,TRUE,TRUE,0.00037223145765648,0.000334016411404873,0.000332459295593121,2.22044604925031e-16,2.22044604925031e-16,5.77315972805081e-15,0.00272845256275298,0.189032738589187,0.000503506258554505,4.49894924159366e-06,0.0496040287031554,3.4366679189588,0.00915388423552271,0.00197014335660484,0.0200000000004366,0.0399999999999636,2.67000000000007,NA,NA,NA
4800,307,TRUE,TRUE,TRUE,0.000304880735386022,0.000297799121097392,0.000298239567237959,1.11022302462516e-16,2.22044604925031e-16,1.04360964314765e-14,0.00211800558114407,0.146739731090239,0.000392992271878803,5.49959319329218e-06,0.0326970933972578,2.26532108095501,0.00606688912079297,0.00115427875330809,0.0200000000004366,0.0399999999999636,2.80000000000018,NA,NA,NA
4800,308,TRUE,TRUE,TRUE,0.000211400641555343,0.000205897717913632,0.000206191955236519,4.44089209850063e-16,3.33066907387547e-16,1.06581410364015e-14,0.00101867721532853,0.0705760277384719,0.000188934757912699,9.33006266023995e-07,0.0193790151436245,1.34261755317618,0.00359423915608676,0.000456263232699428,0.00999999999930878,0.0500000000001819,2.5,NA,NA,NA
4800,309,TRUE,TRUE,TRUE,0.000443764262915441,0.000426139317491408,0.000425906581742839,1.11022302462516e-16,2.22044604925031e-16,1.22124532708767e-14,0.00154760333426779,0.107221104196593,0.000293114299025248,2.80936315633085e-06,0.0302765523751386,2.09762107967041,0.00573434434382287,0.000884412315325989,0.0100000000002183,0.0499999999992724,2.61000000000058,NA,NA,NA
4800,310,TRUE,TRUE,TRUE,0.000191983875970828,0.000194889810325263,0.00019499294909283,3.33066907387547e-16,6.66133814775094e-16,5.77315972805081e-15,0.000726455848010693,0.0503303375284022,0.000135103524011281,6.51669910922692e-07,0.0212217730454332,1.47028756565544,0.00394674546575257,0.000469094454480512,0.0200000000004366,0.0399999999999636,2.71000000000004,NA,NA,NA
4800,311,TRUE,TRUE,TRUE,0.000333059174162925,0.000255892381203815,0.000261747537152541,3.33066907387547e-16,2.22044604925031e-16,2.22044604925031e-15,0.00683199639930484,0.473334595228944,0.00127451043413354,3.99045708086021e-05,0.0844531108015682,5.8510831506224,0.0157547464343785,0.00566596614430637,0.0100000000002183,0.0499999999992724,2.73000000000047,NA,NA,NA
4800,312,TRUE,TRUE,TRUE,0.000583671735148421,0.00053233090779436,0.000531114305386811,3.33066907387547e-16,2.22044604925031e-16,4.44089209850063e-16,0.00245899123065465,0.170363909874407,0.000450447074022177,4.06523950147175e-06,0.0528528916486548,3.66175574649612,0.00968178743378824,0.00228008293207083,0.0100000000002183,0.0500000000001819,2.74000000000069,NA,NA,NA
4800,313,TRUE,TRUE,TRUE,0.000175240453306239,0.000181019353971123,0.000180779587696182,1.11022302462516e-16,3.33066907387547e-16,1.04360964314765e-14,0.00117249718866864,0.0812329881002305,0.000218150742357303,1.46779974130595e-06,0.0267600893826346,1.85399337703231,0.00497888900782627,0.000822324164865051,0.0199999999995271,0.0500000000001819,2.55999999999949,NA,NA,NA
4800,314,TRUE,TRUE,TRUE,0.000223842084389473,0.000247474607808336,0.000247825889108324,4.44089209850063e-16,3.33066907387547e-16,1.64313007644523e-14,0.000979421879469234,0.0678563382914126,0.000182120892753164,9.9303424150321e-07,0.0184634802459467,1.27918743482096,0.00343323502997961,0.0003666335804553,0.0199999999995271,0.0399999999999636,2.80000000000018,NA,NA,NA
4800,315,TRUE,TRUE,TRUE,0.000257926947395218,0.000238539255655102,0.000238610406173488,2.22044604925031e-16,2.22044604925031e-16,7.99360577730113e-15,0.00300480158522318,0.208178760490802,0.000560702812427852,1.03221078830984e-05,0.0635657468731249,4.40396412821259,0.0118615129934414,0.00364123424535379,0.0100000000002183,0.0299999999997453,2.45000000000073,NA,NA,NA
4800,316,TRUE,TRUE,TRUE,0.00025649588480319,0.000243105295540741,0.000243204713213799,2.22044604925031e-16,4.44089209850063e-16,2.91660029461127e-11,0.00221122864237289,0.153198414229656,0.000415615958483446,5.40413381600047e-06,0.0483958048479379,3.35295971479266,0.00909633152945636,0.00210707363399365,0.0200000000004366,0.0399999999999636,2.60000000000036,NA,NA,NA
4800,317,TRUE,TRUE,TRUE,0.000385791213547059,0.000289871141185812,0.000289578976554186,4.44089209850063e-16,2.22044604925031e-16,9.48130463029884e-14,0.00418253398276879,0.289774454501558,0.000792078115217292,1.18051341075898e-05,0.0643548959074518,4.45863797710052,0.0121873736986675,0.00336486002620973,0.0199999999995271,0.0500000000001819,2.68000000000029,NA,NA,NA
4800,318,TRUE,TRUE,TRUE,0.000490476666961261,0.000445981084610178,0.000446893737316806,2.22044604925031e-16,2.22044604925031e-16,8.92175222588776e-13,0.00214967073544429,0.148933557333339,0.000394677347759884,4.59594714641298e-06,0.0525472677926103,3.64058150462915,0.00964762460709102,0.00228075121778915,0.0200000000004366,0.0299999999997453,2.85999999999967,NA,NA,NA
4800,319,TRUE,TRUE,TRUE,0.000292004966335995,0.000298296652188873,0.000297814368108396,4.44089209850063e-16,2.22044604925031e-16,4.44089209850063e-16,0.00179529039203124,0.124381366933534,0.000330429956267802,3.03640269194716e-06,0.0354401196827451,2.45536351667345,0.00652288746649259,0.001308038223371,0.0199999999995271,0.0500000000001819,2.77999999999975,NA,NA,NA
4800,320,TRUE,TRUE,TRUE,0.000316657993662352,0.000326551357048733,0.000326296513934033,4.44089209850063e-16,4.44089209850063e-16,1.76747505520325e-13,0.00110068797469828,0.0762578998183002,0.000203812439949786,9.41386922193033e-07,0.0246642549554632,1.70878970854779,0.00456703634233355,0.000636985350574548,0.0200000000004366,0.0500000000001819,2.53999999999996,NA,NA,NA
4800,321,TRUE,TRUE,TRUE,0.000224259495334574,0.000234444051977543,0.000234152540231535,2.22044604925031e-16,4.44089209850063e-16,5.32907051820075e-15,0.000815367035868469,0.056490285317641,0.000150978163109579,1.08052537584058e-06,0.0265130118206909,1.83687534140443,0.00490930543804348,0.000733248684515075,0.0200000000004366,0.0299999999997453,2.88000000000011,NA,NA,NA
4800,322,TRUE,TRUE,TRUE,0.00025550603554108,0.000217612922840747,0.000219957852545672,2.22044604925031e-16,4.44089209850063e-16,3.9416025998662e-11,0.00334241934248879,0.231569604855662,0.000625534224651142,1.10947978484432e-05,0.0410089000438398,2.84117993753776,0.00767482109938321,0.00178941878342087,0.0100000000002183,0.0500000000001819,2.60999999999967,NA,NA,NA
4800,323,TRUE,TRUE,TRUE,0.000404657006262374,0.000349543582649701,0.000350795411241962,4.44089209850063e-16,2.22044604925031e-16,3.10862446895044e-15,0.00360838705523306,0.2499963885215,0.000677479131598056,9.90708382886396e-06,0.0602068424115302,4.17125240080252,0.0113039091119869,0.00299557838257059,0.0200000000004366,0.0399999999999636,2.96000000000004,NA,NA,NA
4800,324,TRUE,TRUE,TRUE,0.000387571874819771,0.000378681120876142,0.000380145481491306,4.44089209850063e-16,4.44089209850063e-16,3.33066907387547e-14,0.00128011240889819,0.0886887892644422,0.000240349009125848,1.75415662440059e-06,0.0235232621902685,1.62973941093236,0.00441663772613911,0.000774076313323491,0.0100000000002183,0.0500000000001819,2.80999999999949,NA,NA,NA
4800,325,TRUE,TRUE,TRUE,0.000261184449431856,0.000224464252205288,0.000228560830854694,3.33066907387547e-16,4.44089209850063e-16,1.48769885299771e-14,0.00429889033851746,0.297835859299169,0.000810354160011629,1.09663221081746e-05,0.0664302323690465,4.60242150487181,0.012522304807003,0.00374697282693504,0.0199999999995271,0.0299999999997453,2.72999999999956,NA,NA,NA
4800,326,TRUE,TRUE,TRUE,0.000245465718748634,0.000229132604305721,0.000229056773522657,4.44089209850063e-16,3.33066907387547e-16,2.88657986402541e-15,0.00132584708006644,0.0918573802296765,0.000248221185276413,2.52064792150009e-06,0.0260532515136062,1.80502221295747,0.00487761301302393,0.000879606613288786,0.0199999999995271,0.0500000000001819,2.52999999999975,NA,NA,NA
4800,327,TRUE,TRUE,TRUE,0.000285195469193596,0.00025232457491915,0.000252430658855996,2.22044604925031e-16,4.44089209850063e-16,4.44089209850063e-16,0.00133701566976043,0.0926311628216317,0.000250787821292211,2.27852147816066e-06,0.0355733210915748,2.46459198098276,0.0066725887320998,0.00118656615717683,0.00999999999930878,0.0500000000001819,2.60999999999967,NA,NA,NA
4800,328,TRUE,TRUE,TRUE,0.000223449289948486,0.000231803208343139,0.000233057327948483,4.44089209850063e-16,1.11022302462516e-16,5.77315972805081e-15,0.00222049397467522,0.153840335281522,0.000412190879257727,3.93585613167602e-06,0.0412427516896906,2.85738165481965,0.00765590281976251,0.00155913592673684,0.0199999999995271,0.0399999999999636,2.85000000000036,NA,NA,NA
4800,329,TRUE,TRUE,TRUE,0.000178056854656315,0.000176888886356663,0.000176248341274146,4.44089209850063e-16,6.66133814775094e-16,8.88178419700125e-16,0.00180366033421059,0.124961253537976,0.000339742625854495,2.54176748271107e-06,0.0323535009642366,2.24151629891146,0.00609419809522314,0.00115131472333019,0.0100000000002183,0.0500000000001819,2.80000000000018,NA,NA,NA
4800,330,TRUE,TRUE,TRUE,0.000381782576863695,0.000363879571995577,0.000364953494981731,2.22044604925031e-16,6.66133814775094e-16,3.11528580709819e-13,0.00234000494485666,0.162120298178166,0.000435036724668949,4.11658188426145e-06,0.0265705069417765,1.84085872024074,0.00493979567784722,0.000884368774023869,0.0199999999995271,0.0500000000001819,2.92000000000007,NA,NA,NA
4800,331,TRUE,TRUE,TRUE,0.000204085899332206,0.000201249032337901,0.000202245212028243,1.11022302462516e-16,2.22044604925031e-16,1.12354570092066e-13,0.00138122511018127,0.095694082700955,0.000259590839261714,1.65442856570053e-06,0.0204944253818788,1.41989544133373,0.00385177263709774,0.000478654081678798,0.00999999999930878,0.0500000000001819,2.55000000000018,NA,NA,NA
4800,332,TRUE,TRUE,TRUE,0.00023626415414805,0.000231811826733122,0.000232248770084521,1.11022302462516e-16,2.22044604925031e-16,7.74935671188359e-14,0.00145112691175102,0.100537021575331,0.000267829245028807,2.5335354081335e-06,0.0315051843968202,2.18274320308475,0.00581479792233466,0.00106602195572236,0.0100000000002183,0.0500000000001819,2.59000000000015,NA,NA,NA
4800,333,TRUE,TRUE,TRUE,0.000206092931488515,0.000173777274332326,0.00017441236399074,2.22044604925031e-16,4.44089209850063e-16,2.88657986402541e-15,0.00179426963841685,0.124310647048649,0.000335233711929813,5.3829032005126e-06,0.0403884093897233,2.79819108399571,0.00754599872213428,0.00185282748304871,0.0200000000004366,0.0399999999999636,2.72000000000025,NA,NA,NA
4800,334,TRUE,TRUE,TRUE,0.000228929815457484,0.000192790855350992,0.000194293629310722,4.44089209850063e-16,4.44089209850063e-16,1.77635683940025e-15,0.00228336921635437,0.15819645980658,0.000425150768139407,3.10639578415817e-06,0.0414965256893445,2.87496363326127,0.00772642446328024,0.00157218880447729,0,0.0500000000001819,2.67000000000007,NA,NA,NA
4800,335,TRUE,TRUE,TRUE,0.000265746726421295,0.000212782750388481,0.000211606626053601,2.22044604925031e-16,4.44089209850063e-16,2.30926389122033e-13,0.00236434626489812,0.16380671429957,0.000442601674832618,5.05744738177327e-06,0.0480072612164081,3.32604062236199,0.00898687917838667,0.00200372165693352,0.0200000000004366,0.0500000000001819,2.86999999999989,NA,NA,NA
4800,336,TRUE,TRUE,TRUE,0.000306853597928547,0.000264618787435946,0.000264301475236694,2.22044604925031e-16,2.22044604925031e-16,2.04281036531029e-14,0.00129588564835247,0.0897815913498324,0.000245048065184287,1.84646716760994e-06,0.0239952220985583,1.6624377525441,0.00453742408243699,0.000582451673441398,0.0200000000004366,0.0399999999999636,2.71000000000004,NA,NA,NA
4800,337,TRUE,TRUE,TRUE,0.000238002950544849,0.000201144037760885,0.000200833827791088,2.22044604925031e-16,4.44089209850063e-16,1.10578213252666e-13,0.000740555689190876,0.0513072031805113,0.000138772723150607,6.220311377092e-07,0.0247218675064674,1.71278122316751,0.00463263050343908,0.000574853224286187,0.0199999999995271,0.0500000000001819,2.69999999999982,NA,NA,NA
4800,338,TRUE,TRUE,TRUE,0.000311978193473014,0.000280594045290633,0.000281181616059683,4.44089209850063e-16,4.44089209850063e-16,2.22044604925031e-15,0.00184653718462086,0.127931848873141,0.000343600244432306,2.34138802213124e-06,0.0315592616712327,2.18648978655744,0.00587248938968165,0.00104813518004576,0,0.0499999999992724,2.86000000000058,NA,NA,NA
4800,339,TRUE,TRUE,TRUE,0.000494926522137198,0.000443927209277567,0.000445723694373428,1.11022302462516e-16,2.22044604925031e-16,3.12275982849997e-10,0.00328578047521556,0.227645549023646,0.000624479735463196,9.84855572383481e-06,0.0573776741199153,3.97524187183293,0.0109049265543364,0.00291295429227034,0.00999999999930878,0.0500000000001819,2.44999999999982,NA,NA,NA
4800,340,TRUE,TRUE,TRUE,0.000208612710133606,0.000192130497274215,0.000190887955886019,1.11022302462516e-16,2.22044604925031e-16,3.28626015289046e-14,0.00184939545871235,0.128129875911078,0.000344906476103147,3.34532942147803e-06,0.018672372973632,1.29365994752826,0.00348233923279074,0.000500413102564323,0,0.0399999999999636,2.88000000000011,NA,NA,NA
4800,341,TRUE,TRUE,TRUE,0.000288381729385443,0.000262366169741801,0.000264753876058156,2.22044604925031e-16,2.22044604925031e-16,1.77635683940025e-15,0.00208377355812734,0.144368066965805,0.000388118605102305,4.97464268534031e-06,0.0304902471429217,2.11242628747489,0.00567903942545957,0.000955226378643204,0.0100000000002183,0.0499999999992724,2.58000000000084,NA,NA,NA
4800,342,TRUE,TRUE,TRUE,0.000267430098834564,0.000254129976883418,0.000254349770904886,4.44089209850063e-16,2.22044604925031e-16,7.54951656745106e-15,0.00140128426986782,0.097083822050325,0.000262503778700493,3.3383664721498e-06,0.0352542768292175,2.44248794609211,0.00660421377876151,0.00141819772981222,0,0.0299999999997453,2.64000000000033,NA,NA,NA
4800,343,TRUE,TRUE,TRUE,0.000257630697641865,0.000187733222576949,0.000186629804774845,4.44089209850063e-16,4.44089209850063e-16,1.77635683940025e-15,0.00263458247235088,0.182529227953686,0.000491382757231662,7.37624061741826e-06,0.0537385804564135,3.72311806708544,0.0100229209415583,0.00281171908857303,0.0100000000002183,0.0499999999992724,2.80000000000018,NA,NA,NA
4800,344,TRUE,TRUE,TRUE,0.000246451648599624,0.000250192029375521,0.000250833418067506,4.44089209850063e-16,2.22044604925031e-16,8.4821039081362e-14,0.00111962846032639,0.077570135155417,0.000210305320716257,1.57452207361075e-06,0.0197510242733831,1.36839110172103,0.00370993203680936,0.000517057803193666,0,0.0299999999997453,2.52999999999975,NA,NA,NA
4800,345,TRUE,TRUE,TRUE,0.000263363684694418,0.000204695370982391,0.000203360045492776,3.33066907387547e-16,5.55111512312578e-16,9.76996261670138e-15,0.003343504351594,0.231644776491538,0.000627549733832604,1.17372104568858e-05,0.0538063336872963,3.72781214861608,0.0100990298899636,0.00272079006859727,0.0200000000004366,0.0399999999999636,2.38000000000011,NA,NA,NA
4800,346,TRUE,TRUE,TRUE,0.000222535626434586,0.000190098438171094,0.000191354411360672,2.22044604925031e-16,2.22044604925031e-16,2.4669155607171e-13,0.00196618667045083,0.136221408415421,0.000366918196276521,4.3740027564354e-06,0.0340586494960746,2.35965245457525,0.00635582492167365,0.00116907919381148,0.0100000000002183,0.0499999999992724,2.39000000000033,NA,NA,NA
4800,347,TRUE,TRUE,TRUE,0.00017677498434924,0.000181490218416439,0.000180765264394432,2.22044604925031e-16,4.44089209850063e-16,4.44089209850063e-15,0.00299978450776073,0.207831167167983,0.000559980096465567,9.07134089445094e-06,0.0375956539211561,2.60470330940874,0.0070181100859043,0.00163775695651935,0,0.0399999999999636,2.60000000000036,NA,NA,NA
4800,348,TRUE,TRUE,TRUE,0.000396208318600419,0.000374088700562225,0.000373255344451613,4.44089209850063e-16,4.44089209850063e-16,6.66133814775094e-16,0.000978191514912308,0.0677710961344355,0.00018367494113755,9.45606693392165e-07,0.0173933694365354,1.2050479831558,0.00326595156340698,0.00038434765943407,0.0200000000004366,0.0399999999999636,2.46999999999935,NA,NA,NA
4800,349,TRUE,TRUE,TRUE,0.000393152389957892,0.000411664687870768,0.000409424233853651,2.22044604925031e-16,2.22044604925031e-16,7.41628980449605e-14,0.00172268333297727,0.119351002322749,0.000325728119538289,3.00547412734886e-06,0.0412008493612998,2.85447857635052,0.00779033205286929,0.00153120519568972,0,0.0299999999997453,2.68000000000029,NA,NA,NA
4800,350,TRUE,TRUE,TRUE,0.000359985481885795,0.000353471941790095,0.00035317047042092,3.33066907387547e-16,2.22044604925031e-16,8.68194405256872e-14,0.00177024799400163,0.122646378704309,0.000335451743908973,3.73580073542712e-06,0.0410170568377105,2.8417450567942,0.00777249475375524,0.00169827775500053,0.00999999999930878,0.0500000000001819,2.5600000000004,NA,NA,NA
4800,351,TRUE,TRUE,TRUE,0.00024794340038329,0.000210345348735229,0.000211424624937175,4.44089209850063e-16,6.66133814775094e-16,1.86517468137026e-14,0.00296223841003483,0.205229897212495,0.000552554298452381,7.30222726375018e-06,0.0322204849503756,2.23230067914235,0.00601017372445081,0.0012289380376842,0.0200000000004366,0.0399999999999636,2.42999999999938,NA,NA,NA
4800,352,TRUE,TRUE,TRUE,0.000210270564505361,0.000191613000368028,0.000190029330448569,2.22044604925031e-16,2.22044604925031e-16,1.783018177548e-13,0.00213712648275956,0.148064466013621,0.000398473242925752,3.62398180797641e-06,0.0383809628204771,2.65911110593914,0.00715623845620038,0.00153923337007456,0.0200000000004366,0.0500000000001819,2.83999999999924,NA,NA,NA
4800,353,TRUE,TRUE,TRUE,0.00016630353676763,0.000144364357591182,0.000143753185297337,2.22044604925031e-16,0,3.25961480029946e-12,0.00119521154399751,0.0828066847998613,0.000222929402728799,2.07827843468067e-06,0.0299134563679113,2.07246505036869,0.00557942147994042,0.000898322338084512,0.0299999999997453,0.0299999999997453,2.82999999999993,NA,NA,NA
4800,354,TRUE,TRUE,TRUE,0.000229934206072674,0.000195546902637645,0.000195350021316203,2.22044604925031e-16,4.44089209850063e-16,4.75175454539567e-14,0.00121856500213033,0.0844246598406007,0.000226785506651769,1.83833604339156e-06,0.0327049899692053,2.26586817150776,0.00608668204588232,0.00103667825133869,0,0.0300000000006548,2.68000000000029,NA,NA,NA
4800,355,TRUE,TRUE,TRUE,0.000303191461686058,0.00026219478735176,0.000259454784606267,4.44089209850063e-16,2.22044604925031e-16,6.43929354282591e-14,0.00260322040402376,0.180356400122765,0.000488428080421796,4.5605643173019e-06,0.035665789536316,2.47099838275831,0.00669177803501559,0.00109483457717729,0.0199999999995271,0.0399999999999636,2.69000000000051,NA,NA,NA
4800,356,TRUE,TRUE,TRUE,0.000289496749576146,0.000283858206307098,0.000282136091945213,4.44089209850063e-16,2.22044604925031e-16,1.31272770431679e-12,0.00205034744495285,0.142052237913095,0.000380437727416985,6.26510178136641e-06,0.0457928146365585,3.17261926288412,0.00849676203671917,0.00189171195967219,0.0200000000004366,0.0399999999999636,2.82999999999993,NA,NA,NA
4800,357,TRUE,TRUE,TRUE,0.000179158712605385,0.000209012940340992,0.00020929070861878,3.33066907387547e-16,2.22044604925031e-16,7.82214981676077e-09,0.0015915339770196,0.110264708406804,0.000296771649566609,2.34272196664165e-06,0.0322030954235423,2.23109589738256,0.00600487698534246,0.000987653503873531,0.0200000000004366,0.0399999999999636,2.64000000000033,NA,NA,NA
4800,358,TRUE,TRUE,TRUE,0.000299385667735848,0.000291886377896077,0.000290979838204478,4.44089209850063e-16,2.22044604925031e-16,1.60982338570648e-13,0.00150633550780517,0.104361985310545,0.000283212003376024,2.14036953494201e-06,0.0255541350413887,1.77044240940646,0.00480453241798588,0.000625490346237711,0.0199999999995271,0.0500000000001819,2.36000000000058,NA,NA,NA
4800,359,TRUE,TRUE,TRUE,0.000213706379683605,0.000153188563655735,0.000147532179401426,5.55111512312578e-16,2.22044604925031e-16,4.55813164990104e-12,0.0059433205846121,0.411765328728725,0.00111255761918389,2.69027273560596e-05,0.0689093253964183,4.77417810807572,0.0128994547595334,0.0039409320216599,0.0199999999995271,0.0500000000001819,2.86999999999989,NA,NA,NA
4800,360,TRUE,TRUE,TRUE,0.000504217015436271,0.000447613332600176,0.000450135800073273,2.22044604925031e-16,4.44089209850063e-16,2.22044604925031e-15,0.00320782798976815,0.222244842408799,0.00059197465429771,7.14225031472893e-06,0.0495431904036638,3.43245291792818,0.00914273243626577,0.00227856728207598,0.0200000000004366,0.0399999999999636,2.60000000000036,NA,NA,NA
4800,361,TRUE,TRUE,TRUE,0.00036822411241368,0.000391750062662908,0.000391813254293759,1.11022302462516e-16,4.44089209850063e-16,4.70734562441066e-14,0.00109692913398598,0.0759974796946497,0.000207808398024432,1.08725028269419e-06,0.0282802458931562,1.95931290949951,0.00535756815341267,0.000721475525008231,0.0199999999995271,0.0500000000001819,2.47999999999956,NA,NA,NA
4800,362,TRUE,TRUE,TRUE,0.000194068899591042,0.00018629469882906,0.000187178241589026,2.22044604925031e-16,2.22044604925031e-16,3.28626015289046e-14,0.00255858217518994,0.177263772910763,0.000480092320413095,7.05941941347987e-06,0.0404005264141039,2.79903057607025,0.00758075416147921,0.00151456057556487,0.0199999999995271,0.0500000000001819,2.69999999999982,NA,NA,NA
4800,363,TRUE,TRUE,TRUE,0.000295359795273141,0.000270808106915727,0.000275721109235284,4.44089209850063e-16,2.22044604925031e-16,1.99840144432528e-15,0.00327894600760515,0.22717204321789,0.000609073906383089,9.614683602166e-06,0.0618109576174522,4.28238876231655,0.0114815679569051,0.00321106710584829,0.0200000000004366,0.0399999999999636,2.97000000000025,NA,NA,NA
4800,364,TRUE,TRUE,TRUE,0.000279992447661449,0.000225381326802868,0.000225443318365998,4.44089209850063e-16,2.22044604925031e-16,4.92470753066243e-09,0.00213464001300598,0.147892198335834,0.000402200581504014,2.49072752112056e-06,0.0394843787740461,2.73555800567768,0.00743949331338686,0.00139057935963294,0.0200000000004366,0.0399999999999636,2.59999999999945,NA,NA,NA
4800,365,TRUE,TRUE,TRUE,0.000281695339955187,0.000246153673511631,0.000247592086090874,2.22044604925031e-16,4.44089209850063e-16,5.15143483426073e-14,0.00214259358706721,0.148443238110867,0.000400100205172328,7.38121904575451e-06,0.0402429268529827,2.78811175818576,0.00751481913686333,0.00151914539817355,0,0.0299999999997453,2.48999999999978,NA,NA,NA
4800,366,TRUE,TRUE,TRUE,0.000225724313169492,0.000187679861496255,0.000187950114434508,2.22044604925031e-16,4.44089209850063e-16,8.39328606616618e-14,0.00172370792693861,0.119421988274675,0.000323370206548409,3.54919164280432e-06,0.0368775358544573,2.55495063031452,0.00691828133982756,0.00126402033184903,0.0200000000004366,0.0299999999997453,2.50999999999931,NA,NA,NA
4800,367,TRUE,TRUE,TRUE,0.000205820191445952,0.00022460608911632,0.00022575307012167,2.22044604925031e-16,4.44089209850063e-16,1.46327394645596e-13,0.00134870143138208,0.0934407761357851,0.000253116698085178,1.63228208904798e-06,0.0341808385369131,2.36811795964967,0.00641486750657645,0.00106417580771279,0.0199999999995271,0.0500000000001819,2.85000000000036,NA,NA,NA
4800,368,TRUE,TRUE,TRUE,0.000230633157549108,0.00023075623496321,0.000231922444147991,2.22044604925031e-16,2.22044604925031e-16,1.99840144432528e-15,0.00201945754179401,0.139912122644615,0.000374954022214459,2.23948898181447e-06,0.0331464376454997,2.29645256367677,0.00615432107882791,0.00100611363034275,0.0200000000004366,0.0399999999999636,2.60999999999967,NA,NA,NA
4800,369,TRUE,TRUE,TRUE,0.000182268916650243,0.000196170081181218,0.000194601023450892,4.44089209850063e-16,4.44089209850063e-16,1.02140518265514e-14,0.00190170817546194,0.131754207242768,0.000354828364472717,5.292341029417e-06,0.0380543583043503,2.63648328130261,0.00710033531559668,0.00168762153244728,0.0199999999995271,0.0500000000001819,2.52999999999975,NA,NA,NA
4800,370,TRUE,TRUE,TRUE,0.000284260476278346,0.000234961149708612,0.000234399787978896,2.22044604925031e-16,4.44089209850063e-16,3.33066907387547e-15,0.00313770598955877,0.217386647725159,0.000582203333591195,7.36896825159761e-06,0.0567764613839026,3.93358863163567,0.010534908368476,0.00276438187110983,0.0200000000004366,0.0399999999999636,2.60999999999967,NA,NA,NA
4800,371,TRUE,TRUE,TRUE,0.000180323529866944,0.000134897014147333,0.000133636534921867,2.22044604925031e-16,4.44089209850063e-16,1.46549439250521e-14,0.00179922477270341,0.124653948822355,0.000339178444207749,3.30570354023507e-06,0.0448589738369973,3.10792087444329,0.00845652927061879,0.001809544220162,0.0199999999995271,0.0500000000001819,2.56999999999971,NA,NA,NA
4800,372,TRUE,TRUE,TRUE,0.000171193462284591,0.00018067567696732,0.000179900533710334,6.66133814775094e-16,2.22044604925031e-16,1.08801856413265e-13,0.00165118583413361,0.114397510298296,0.000311465068806946,3.82242819085832e-06,0.0360447093505948,2.49725071757133,0.00679915467170909,0.00145277052321546,0.0199999999995271,0.0500000000001819,2.86999999999989,NA,NA,NA
4800,373,TRUE,TRUE,TRUE,0.000378583189934553,0.000308576370322984,0.000306155655933793,4.44089209850063e-16,2.22044604925031e-16,6.34159391665889e-13,0.00258316944224864,0.17896722874136,0.000482942116783499,3.23246445788072e-06,0.0424183875819715,2.93883209868494,0.00793042281870119,0.00149940287849049,0.0100000000002183,0.0399999999999636,3,NA,NA,NA
4800,374,TRUE,TRUE,TRUE,0.00031660442265383,0.000248577276529623,0.000250097845107229,2.22044604925031e-16,4.44089209850063e-16,2.01616501271928e-13,0.0023172903011871,0.160546581501706,0.000437239807208118,4.68272769538203e-06,0.042727360889786,2.96023839737763,0.00806204687793809,0.00187782300660544,0.0100000000002183,0.0399999999999636,2.67000000000007,NA,NA,NA
4800,375,TRUE,TRUE,TRUE,0.000281565215969733,0.000226141591353873,0.000227728794053821,4.44089209850063e-16,4.44089209850063e-16,4.35207425653061e-14,0.00260657398762407,0.180588743210092,0.000482824983007727,6.73440692366967e-06,0.0499144380136687,3.45817370683686,0.0092458291229083,0.00225668849351024,0.0200000000004366,0.0399999999999636,2.5600000000004,NA,NA,NA
4800,376,TRUE,TRUE,TRUE,0.000282736023608874,0.000261538322517586,0.000260849645816898,4.44089209850063e-16,4.44089209850063e-16,4.70734562441066e-14,0.00091873223321507,0.0636516362591888,0.00017266178990117,9.44520955670214e-07,0.0266668806538344,1.84753568687267,0.00501163579366228,0.00074471803891285,0.00999999999930878,0.0500000000001819,2.48000000000047,NA,NA,NA
4800,377,TRUE,TRUE,TRUE,0.000309515250895596,0.000284676750337645,0.000284758911765759,4.44089209850063e-16,4.44089209850063e-16,4.40789627020877e-11,0.00212360979964042,0.147128002737135,0.000401031881499087,4.10595119149093e-06,0.0304308316886805,2.10830986405487,0.00574669305526843,0.00108113647991814,0.0200000000004366,0.0299999999997453,2.35999999999967,NA,NA,NA
4800,378,TRUE,TRUE,TRUE,0.000216105305490892,0.000207097433335821,0.00020859967807567,2.22044604925031e-16,2.22044604925031e-16,4.2632564145606e-14,0.00262658513402476,0.181975156101439,0.000492788724799265,5.52881693494101e-06,0.0409986717299146,2.840471299162,0.00769199631054406,0.00165067977965094,0.0100000000002183,0.0500000000001819,2.55000000000018,NA,NA,NA
4800,379,TRUE,TRUE,TRUE,0.000306496262528126,0.000284185195270094,0.000283725360792221,2.22044604925031e-16,2.22044604925031e-16,1.55431223447522e-14,0.00125902288612876,0.0872276642666809,0.000237354120259429,1.91622562439875e-06,0.0237305082060979,1.64409783609567,0.00447373432256375,0.00065361020917365,0.0100000000002183,0.0499999999992724,2.66000000000076,NA,NA,NA
4800,380,TRUE,TRUE,TRUE,0.00021084863725061,0.00019582255158537,0.000196003444353612,4.44089209850063e-16,3.33066907387547e-16,8.88178419700125e-16,0.00119166238951028,0.0825607921640298,0.000223592612246856,1.59129272603309e-06,0.0295590570733354,2.0479115469938,0.00554619063650823,0.000937250251102029,0,0.0299999999997453,2.5,NA,NA,NA
4800,381,TRUE,TRUE,TRUE,0.000222522469390008,0.000222823286271184,0.000225819361896581,4.44089209850063e-16,0,1.02140518265514e-14,0.00327499426849537,0.226898258701234,0.000615186969559465,9.64918460510944e-06,0.0491886653302958,3.40789070034296,0.00923977982261382,0.00213018086085626,0.0100000000002183,0.0500000000001819,2.60999999999967,NA,NA,NA
4800,382,TRUE,TRUE,TRUE,0.000303518464710694,0.000256849053215132,0.00025763207675122,2.22044604925031e-16,4.44089209850063e-16,1.93711713336597e-12,0.000942774080094268,0.0653173042712913,0.00017652028469028,1.17772877672451e-06,0.0305838125800685,2.11890869111371,0.00572635949326061,0.000888406933501784,0,0.0299999999997453,2.78999999999996,NA,NA,NA
4800,383,TRUE,TRUE,TRUE,0.000253766158174321,0.000218537362407638,0.000219216424306508,4.44089209850063e-16,2.22044604925031e-16,2.70894418008538e-14,0.00247626190460278,0.171560457264772,0.000462423786542273,6.07686999742896e-06,0.0500010478846327,3.46417421471472,0.00933732972708407,0.00207168681010117,0.0100000000002183,0.0500000000001819,2.51999999999953,NA,NA,NA
4800,384,TRUE,TRUE,TRUE,0.000334690811299267,0.000298786927128316,0.000299111838581936,2.22044604925031e-16,2.22044604925031e-16,8.88178419700125e-16,0.00197953992044824,0.137146548713088,0.000367001926835922,4.89602725295413e-06,0.0332066359547564,2.30062322488326,0.00615643021554982,0.00132099491148807,0,0.0299999999997453,2.6899999999996,NA,NA,NA
4800,385,TRUE,TRUE,TRUE,0.000314223658530299,0.000305236683446178,0.000306042543308757,4.44089209850063e-16,2.22044604925031e-16,1.68753899743024e-14,0.00170244776092143,0.117949040765912,0.000314383881100132,3.54493044341098e-06,0.0316482291642179,2.19265363528034,0.0058443456198668,0.00134274350722308,0.0199999999995271,0.0500000000001819,2.78999999999996,NA,NA,NA
4800,386,TRUE,TRUE,TRUE,0.000434647837415906,0.0004165769768811,0.000415796969352945,4.44089209850063e-16,4.44089209850063e-16,6.66133814775094e-16,0.00192194524663294,0.13315627266135,0.000354004585222622,4.63978851428237e-06,0.0469636048475943,3.25373398810486,0.00865026279169903,0.00228582650370868,0.0300000000006548,0.0399999999999636,2.78000000000065,NA,NA,NA
4800,387,TRUE,TRUE,TRUE,0.000190108237987096,0.000178988946679822,0.000176986500796564,2.22044604925031e-16,4.44089209850063e-16,1.11022302462516e-15,0.00231019390463296,0.160054928726408,0.000432221802540301,4.45640479185272e-06,0.0340907021459836,2.36187312730164,0.00637814198273656,0.00116854939054534,0.0199999999995271,0.0500000000001819,2.61999999999989,NA,NA,NA
4800,388,TRUE,TRUE,TRUE,0.000267595276935172,0.000255364848184253,0.000257066475001307,4.44089209850063e-16,4.44089209850063e-16,8.88178419700125e-16,0.00259321097081981,0.179662926248197,0.000483417176301033,7.18977104341434e-06,0.0509065526216584,3.52690942315564,0.00948981868444057,0.00242383739948693,0.0100000000002183,0.0500000000001819,2.71999999999935,NA,NA,NA
4800,389,TRUE,TRUE,TRUE,0.00034727679539967,0.000300024058324391,0.000300178403655346,4.44089209850063e-16,2.22044604925031e-16,1.70974345792274e-13,0.00125904344846028,0.0872290888667971,0.000232836905714322,1.87972119292112e-06,0.0292896467729665,2.02924625386095,0.00541658092294036,0.000910087036405827,0,0.0299999999997453,2.5,NA,NA,NA
4800,390,TRUE,TRUE,TRUE,0.000191838357915706,0.000144154530446791,0.000144378971380815,2.22044604925031e-16,2.22044604925031e-16,1.33226762955019e-15,0.00199848578520275,0.138459156727014,0.000373190433838571,4.33258276189008e-06,0.0479146165314787,3.31962201030803,0.00894741241743546,0.00206163239384693,0.0199999999995271,0.0500000000001819,2.76999999999953,NA,NA,NA
4800,391,TRUE,TRUE,TRUE,0.00030320897817299,0.000299642558602894,0.00029879701694368,4.44089209850063e-16,3.33066907387547e-16,1.33226762955019e-14,0.00120379981319134,0.0834016975435728,0.000223599764857573,1.85587193612946e-06,0.0366381137376227,2.53836297948199,0.00680534547919499,0.00130097602134427,0.0100000000002183,0.0500000000001819,2.64999999999964,NA,NA,NA
4800,392,TRUE,TRUE,TRUE,0.000350595324112868,0.00028282524097663,0.000279168498707198,4.44089209850063e-16,4.44089209850063e-16,3.99680288865056e-15,0.00449885053597638,0.311689508158782,0.000838793961772759,1.24608257614511e-05,0.0583361982411179,4.04165037096105,0.010876567346732,0.00298650039345816,0.0199999999995271,0.0399999999999636,2.61000000000058,NA,NA,NA
4800,393,TRUE,TRUE,TRUE,0.000256809972553962,0.000243109063416769,0.000245445520894346,2.22044604925031e-16,2.22044604925031e-16,3.33066907387547e-16,0.00271220510695917,0.187907081832043,0.000505101798393271,6.59287972837319e-06,0.0558857853197033,3.87188078378452,0.0104077713728851,0.00259335128385985,0.0200000000004366,0.0399999999999636,2.85000000000036,NA,NA,NA
4800,394,TRUE,TRUE,TRUE,0.000295106511545231,0.000305988885032305,0.000306375604816227,2.22044604925031e-16,2.22044604925031e-16,3.17523785042795e-14,0.00144561281952697,0.100154994059744,0.000267200943543703,2.05943845443812e-06,0.031528717818786,2.18437364638558,0.00582763450635382,0.000919924731906718,0.0100000000002183,0.0499999999992724,2.75,NA,NA,NA
4800,395,TRUE,TRUE,TRUE,0.000280397235940388,0.000259465603509741,0.000259419631065766,4.44089209850063e-16,2.22044604925031e-16,3.33066907387547e-15,0.00114858094493491,0.0795760221293096,0.000216900367764578,1.37060781923992e-06,0.0346514740044439,2.40072454131396,0.00654365501037848,0.00110883107447535,0.0200000000004366,0.0399999999999636,2.48999999999978,NA,NA,NA
4800,396,TRUE,TRUE,TRUE,0.000204127869317805,0.000171786565730187,0.000172120887904353,2.22044604925031e-16,4.44089209850063e-16,3.77475828372553e-15,0.00250403890383076,0.173484904222558,0.000465759764296205,6.39965834636769e-06,0.0468058807501926,3.24280654209374,0.00870605322965835,0.00217158897276093,0,0.0300000000006548,2.71000000000004,NA,NA,NA
4800,397,TRUE,TRUE,TRUE,0.000222911979107268,0.00021855006167229,0.000218934540398981,3.33066907387547e-16,4.44089209850063e-16,5.99520433297585e-15,0.00105671374318407,0.0732112756900437,0.000196048201365395,1.56777840132349e-06,0.0230290575223337,1.59549990716433,0.00427249606197969,0.000577035330024955,0.0100000000002183,0.0499999999992724,2.61000000000058,NA,NA,NA
4800,398,TRUE,TRUE,TRUE,0.000233574998082925,0.000248092029880681,0.000248698634399973,2.22044604925031e-16,4.44089209850063e-16,5.28466159721575e-14,0.00245812461017811,0.170303868646557,0.000460442438365079,5.49278863815061e-06,0.0348806058500545,2.41659926124314,0.00653364404015572,0.00127949015443463,0.00999999999930878,0.0300000000006548,2.72000000000025,NA,NA,NA
4800,399,TRUE,TRUE,TRUE,0.000277399006269347,0.000267740909128331,0.000267511055165608,2.22044604925031e-16,4.44089209850063e-16,6.40154595998865e-13,0.00432211966773082,0.2994452344361,0.000817047383116462,9.27001329387167e-06,0.0558312755293651,3.8681042347295,0.010554265285133,0.00274515897249117,0,0.0300000000006548,2.63000000000011,NA,NA,NA
4800,400,TRUE,TRUE,TRUE,0.000329572230045042,0.000327362192386068,0.000326955749882494,4.44089209850063e-16,4.44089209850063e-16,1.55431223447522e-15,0.00184326598674424,0.127705213636184,0.000348819165004981,2.77031347906131e-06,0.0388364584185657,2.69066876667967,0.00734940106025751,0.00132827614846676,0.0100000000002183,0.0499999999992724,2.66000000000076,NA,NA,NA
4800,401,TRUE,TRUE,TRUE,0.00025588594933661,0.000224067834212261,0.000223224521858602,0,2.22044604925031e-16,1.55431223447522e-14,0.0013731569763021,0.0951351059889153,0.000255972962458292,2.21160766500361e-06,0.0331609536094863,2.29745825916259,0.00618160026847124,0.000950352474731631,0,0.0499999999992724,2.59000000000015,NA,NA,NA
4800,402,TRUE,TRUE,TRUE,0.000384527521139857,0.000380099541001004,0.000380787719903941,6.66133814775094e-16,2.22044604925031e-16,7.105427357601e-15,0.00125675322494516,0.0870704175272422,0.000235018697886961,1.83922171714812e-06,0.0336280428278265,2.32981914947591,0.00628860040381245,0.00115063919174929,0.0200000000004366,0.0399999999999636,2.5,NA,NA,NA
4800,403,TRUE,TRUE,TRUE,0.000196330591837487,0.000146258098149112,0.000145223362577054,2.22044604925031e-16,2.22044604925031e-16,4.10782519111308e-14,0.00229915742291907,0.159290298843798,0.000431346099836686,7.51775795393428e-06,0.0530105830580636,3.67268092781665,0.00994534259560763,0.00238176019858471,0,0.0299999999997453,2.61000000000058,NA,NA,NA
4800,404,TRUE,TRUE,TRUE,0.000253282590151424,0.000253695709255063,0.000253715816818003,4.44089209850063e-16,2.22044604925031e-16,2.66453525910038e-15,0.00130599183466105,0.0904817684761211,0.000244033821823737,2.65119487963261e-06,0.0405929675933358,2.81236329206618,0.00758508342706434,0.00156945325388236,0.0100000000002183,0.0499999999992724,2.86000000000058,NA,NA,NA
4800,405,TRUE,TRUE,TRUE,0.000243634097543954,0.000240911073183324,0.000240445062635164,2.22044604925031e-16,4.44089209850063e-16,3.83471032705529e-13,0.00215273238615512,0.149145674716786,0.000404687069579899,3.06901438662521e-06,0.031644254969658,2.19237829500446,0.00594872864600796,0.00107933380251168,0,0.0300000000006548,2.98999999999978,NA,NA,NA
4800,406,TRUE,TRUE,TRUE,0.000284157834815029,0.000255445195251887,0.000257289997064428,1.11022302462516e-16,3.33066907387547e-16,4.68292071786891e-13,0.00257704718785465,0.17854306651467,0.000481264970270573,6.89387033148137e-06,0.0445419883722278,3.08595947723363,0.00831824066349284,0.00189874313217686,0.0199999999995271,0.0500000000001819,2.64000000000033,NA,NA,NA
4800,407,TRUE,TRUE,TRUE,0.000323692689739031,0.000312814820408157,0.000311884578176383,2.22044604925031e-16,6.66133814775094e-16,8.88178419700125e-15,0.00158279348331432,0.109659149239573,0.00029586456266939,2.71805253859725e-06,0.0278988043829667,1.93288586646894,0.00521499971081578,0.00094189880849882,0.0100000000002183,0.0500000000001819,2.6899999999996,NA,NA,NA
4800,408,TRUE,TRUE,TRUE,0.000265658623671523,0.000263875852985672,0.000263593556700032,3.33066907387547e-16,2.22044604925031e-16,6.66133814775094e-16,0.0013741251800354,0.095202185111242,0.000257375103461161,1.97954812364287e-06,0.0326286839350502,2.26058153438453,0.00611138710329775,0.00107917852996664,0.0100000000002183,0.0500000000001819,2.5,NA,NA,NA
4800,409,TRUE,TRUE,TRUE,0.000238432747420314,0.000234208004744341,0.000234201260457707,4.44089209850063e-16,1.11022302462516e-16,4.70734562441066e-14,0.0010393378907761,0.0720074413222268,0.000193833736009154,9.41160486434001e-07,0.0198233245981407,1.37340021515638,0.00369699700268846,0.000448514541510292,0.0199999999995271,0.0500000000001819,2.59000000000015,NA,NA,NA
4800,410,TRUE,TRUE,TRUE,0.000384405560966348,0.000340665515353348,0.000341903854140672,2.22044604925031e-16,2.22044604925031e-16,9.69668789707612e-13,0.00258566339198718,0.179140014647707,0.000491973421338026,6.78508229867703e-06,0.0432412826762818,2.99584394319072,0.00822750627449056,0.0017345682390264,0.00999999999930878,0.0500000000001819,2.75,NA,NA,NA
4800,411,TRUE,TRUE,TRUE,0.000302756092493158,0.000226505904479471,0.000225005869488158,2.22044604925031e-16,4.44089209850063e-16,4.9293902293357e-14,0.00200811078671645,0.1391259963928,0.000376249825285768,5.2942068080597e-06,0.0484878236716282,3.35933496590804,0.00908492464938552,0.00244977639773936,0.0200000000004366,0.0399999999999636,2.80000000000018,NA,NA,NA
4800,412,TRUE,TRUE,TRUE,0.000370893768535132,0.00035318748166447,0.000352918994243478,2.22044604925031e-16,2.22044604925031e-16,1.46549439250521e-14,0.00121286153221811,0.084029511853904,0.000229950546459756,1.78783464832577e-06,0.027642479765155,1.91512717601772,0.0052408318333548,0.00075304929376685,0.00999999999930878,0.0300000000006548,2.5,NA,NA,NA
4800,413,TRUE,TRUE,TRUE,0.000260767334570498,0.000263092144825858,0.000262736283192478,2.22044604925031e-16,2.22044604925031e-16,1.19904086659517e-14,0.00117214001284785,0.0812082422334764,0.000216872017305536,1.17760846407577e-06,0.0277308605245095,1.92125037464226,0.00513082703230735,0.00100092125301288,0.0200000000004366,0.0399999999999636,2.47000000000025,NA,NA,NA
4800,414,TRUE,TRUE,TRUE,0.000228296272745703,0.000157745684698308,0.000159140153516438,4.44089209850063e-16,3.33066907387547e-16,1.24344978758018e-14,0.00279892932832562,0.193915512138184,0.000527697913781406,9.06820141111098e-06,0.0569249069155343,3.94387323975337,0.0107323733820383,0.00274658318801357,0.0199999999995271,0.0500000000001819,2.73000000000047,NA,NA,NA
4800,415,TRUE,TRUE,TRUE,0.000277194947855373,0.000261817808561848,0.000261819323937392,2.22044604925031e-16,2.22044604925031e-16,3.84137166520304e-14,0.00204815642037439,0.141900439277474,0.000386328508287062,4.57771313477906e-06,0.0353292232688781,2.44768038774566,0.00666388855296087,0.00135320244400106,0,0.0300000000006548,2.54999999999927,NA,NA,NA
4800,416,TRUE,TRUE,TRUE,0.000223774661627533,0.000203304753477794,0.000203846268478807,4.44089209850063e-16,3.33066907387547e-16,1.77635683940025e-15,0.00132886393542615,0.0920663941001606,0.000248336386867686,1.98017057329025e-06,0.0247728201751863,1.7163113276076,0.00462951284237827,0.000672367695720766,0.0100000000002183,0.0500000000001819,2.76999999999953,NA,NA,NA
4800,417,TRUE,TRUE,TRUE,0.000287760296942495,0.000300965737316007,0.000301360985709809,2.22044604925031e-16,2.22044604925031e-16,2.8421709430404e-14,0.00136545879537882,0.0946017603695167,0.000254956033902601,2.03767161366386e-06,0.0283635253776003,1.96508268143092,0.00529598693292133,0.000907974962139235,0.0200000000004366,0.0299999999997453,2.83999999999924,NA,NA,NA
4800,418,TRUE,TRUE,TRUE,0.000265848198164691,0.000237515897811387,0.000241538751478815,4.44089209850063e-16,4.44089209850063e-16,4.44089209850063e-16,0.0029688564040287,0.205688405286158,0.000552983189030868,8.26191961778022e-06,0.05804181592861,4.02125496607652,0.0108109467422511,0.00295238878282689,0.0199999999995271,0.0399999999999636,2.69000000000051,NA,NA,NA
4800,419,TRUE,TRUE,TRUE,0.000191710748492403,0.000178587457019899,0.00017891396710162,4.44089209850063e-16,2.22044604925031e-16,1.77635683940025e-15,0.001996648295329,0.138331851694225,0.000373571168669882,4.26720247759249e-06,0.0448160393508798,3.1049462859892,0.0083850421902696,0.00165795628646492,0.0200000000004366,0.0399999999999636,2.89999999999964,NA,NA,NA
4800,420,TRUE,TRUE,TRUE,0.000335312884288344,0.00032867770775094,0.000328131419592761,2.22044604925031e-16,2.22044604925031e-16,1.19904086659517e-14,0.00211839383652964,0.146766630212404,0.000391244040266481,3.49212004380206e-06,0.0272132048972137,1.88538614075026,0.00502597961200051,0.000911734799601049,0.0100000000002183,0.0500000000001819,2.84000000000015,NA,NA,NA
4800,421,TRUE,TRUE,TRUE,0.000329824620210418,0.000266753148548709,0.000268620221929352,4.44089209850063e-16,2.22044604925031e-16,2.89368529138301e-12,0.00380824224122995,0.26384276197361,0.000715271879577878,1.17511106338952e-05,0.059542652171787,4.12523595115746,0.0111834232268299,0.00325398073192673,0.0199999999995271,0.0500000000001819,2.64000000000033,NA,NA,NA
4800,422,TRUE,TRUE,TRUE,0.000171299723001481,0.000160617623556294,0.000160984912114786,4.44089209850063e-16,2.22044604925031e-16,4.44089209850063e-16,0.0025640137128042,0.177640080875208,0.000480272262577257,3.26664875771598e-06,0.0312030572632912,2.16181122126005,0.00584472806690989,0.000783841193413792,0.0199999999995271,0.0500000000001819,2.82000000000062,NA,NA,NA
4800,423,TRUE,TRUE,TRUE,0.000217263642920752,0.000188224173420191,0.000188690773827245,4.44089209850063e-16,4.44089209850063e-16,4.44089209850063e-16,0.00111812999163418,0.0774663181990785,0.00020733184786343,1.42269182390464e-06,0.0352005303246646,2.43876427902752,0.00652714000392647,0.001272109790591,0.00999999999930878,0.0500000000001819,2.5,NA,NA,NA
4800,424,TRUE,TRUE,TRUE,0.000189846154193015,0.000194531258343529,0.000193914814130231,4.44089209850063e-16,4.44089209850063e-16,4.44089209850063e-16,0.00201400402125476,0.139534291658451,0.000378868487586853,4.61685786490307e-06,0.0312438774546614,2.16463932707717,0.00587750593974566,0.00128442670938966,0.0200000000004366,0.0399999999999636,2.96000000000004,NA,NA,NA
4800,425,TRUE,TRUE,TRUE,0.000430438526257812,0.000395905025341698,0.000399206291690109,2.22044604925031e-16,4.44089209850063e-16,5.55111512312578e-15,0.00470435841878705,0.325927511934142,0.000888294500950613,2.05454486099654e-05,0.0672792797746051,4.66124523465029,0.0127039245166844,0.00400096373048342,0.0100000000002183,0.0500000000001819,2.85999999999967,NA,NA,NA
4800,426,TRUE,TRUE,TRUE,0.000196683749330394,0.000211863709623083,0.000213939170026548,4.44089209850063e-16,4.44089209850063e-16,3.53272966435725e-12,0.00190281120603092,0.131830627442279,0.000354319598482014,3.92519326197771e-06,0.0419410263172001,2.90575954011896,0.00780977511459562,0.00158725267616333,0.0100000000002183,0.0500000000001819,2.83999999999924,NA,NA,NA
4800,427,TRUE,TRUE,TRUE,0.000260881620255525,0.000248540614979498,0.000248663273753079,4.44089209850063e-16,2.22044604925031e-16,1.33226762955019e-15,0.00105120907655533,0.0728299011988558,0.000198157204866768,1.509766565988e-06,0.0317726358855122,2.20127278576373,0.00598927164799006,0.00100834387548332,0.0100000000002183,0.0500000000001819,2.69999999999982,NA,NA,NA
4800,428,TRUE,TRUE,TRUE,0.000281042750506551,0.000275552879661059,0.000275050514661624,4.44089209850063e-16,0,1.40465417075575e-12,0.00141270783437382,0.0978752698154423,0.000266878529628202,1.65264951235145e-06,0.0259523374460851,1.79803068127167,0.00490272757713989,0.000750143203053,0.0199999999995271,0.0399999999999636,2.69000000000051,NA,NA,NA
4800,429,TRUE,TRUE,TRUE,0.000173689664955668,0.000173096743188368,0.000172823365248598,1.11022302462516e-16,2.22044604925031e-16,1.55431223447522e-15,0.000888519703884772,0.0615584508261792,0.00016579057320986,9.86012846482254e-07,0.0250268364553719,1.73391009173684,0.00466980478139584,0.000589607859691199,0.00999999999930878,0.0500000000001819,2.5600000000004,NA,NA,NA
4800,430,TRUE,TRUE,TRUE,0.000197296096276804,0.000172481767440779,0.000171228206743736,4.44089209850063e-16,4.44089209850063e-16,6.66133814775094e-15,0.00223362296779003,0.154749938606604,0.000418782713990778,3.08048947061934e-06,0.0313555143562266,2.17237375849759,0.00587885582752109,0.000839225899760265,0.0200000000004366,0.0399999999999636,2.5600000000004,NA,NA,NA
4800,431,TRUE,TRUE,TRUE,0.000235006606901083,0.000220879506501783,0.000220497828692201,3.33066907387547e-16,2.22044604925031e-16,2.22044604925031e-15,0.000907379394332806,0.0628650885090198,0.00016962097272794,8.40499200904787e-07,0.0242747155290001,1.68180162542038,0.00453779409852106,0.000591839885281331,0.0200000000004366,0.0399999999999636,2.80000000000018,NA,NA,NA
4800,432,TRUE,TRUE,TRUE,0.000248124888906676,0.000193143928759283,0.000195279304625113,4.44089209850063e-16,2.22044604925031e-16,2.72004641033163e-13,0.00317459310436714,0.219942262004868,0.000590282765948054,8.78028339101888e-06,0.049234097418382,3.41103832773733,0.00915457138840853,0.00212591178838295,0.0200000000004366,0.0399999999999636,2.5,NA,NA,NA
4800,433,TRUE,TRUE,TRUE,0.000278305478426748,0.000252046602963792,0.000249857563154693,2.22044604925031e-16,2.22044604925031e-16,1.33226762955019e-15,0.00258949593863328,0.179405541268244,0.000482553839305073,5.73495400857382e-06,0.0356653563396791,2.47096837001492,0.00664625666143322,0.00134519844219838,0.00999999999930878,0.0500000000001819,2.69999999999982,NA,NA,NA
4800,434,TRUE,TRUE,TRUE,0.000318812306962139,0.00031304707004564,0.000313474492010627,4.44089209850063e-16,2.22044604925031e-16,1.26121335597418e-13,0.00164946922613395,0.114278580207413,0.000304437700536711,3.38729073234845e-06,0.0300714855031443,2.08341363002068,0.00555020594094845,0.000959574237452188,0.0199999999995271,0.0399999999999636,2.67000000000007,NA,NA,NA
4800,435,TRUE,TRUE,TRUE,0.000298599380841134,0.000290193792190145,0.000289873977906206,4.44089209850063e-16,2.22044604925031e-16,1.24344978758018e-14,0.00152113145494192,0.105387078598023,0.000285286065990263,3.10756292876135e-06,0.0326683479435711,2.26332953750414,0.00612690273213655,0.00112709768835018,0.0200000000004366,0.0399999999999636,2.90999999999985,NA,NA,NA
4800,436,TRUE,TRUE,TRUE,0.00024951288219111,0.000207065851956069,0.000206366591371741,2.22044604925031e-16,4.44089209850063e-16,2.66453525910038e-15,0.00165126614671704,0.114403074517296,0.000307169878126856,2.35054347896835e-06,0.0367606261781567,2.54685089034456,0.00683824172466743,0.00124762038889514,0.0100000000002183,0.0500000000001819,2.75,NA,NA,NA
4800,437,TRUE,TRUE,TRUE,0.000350661821573333,0.000318219154707694,0.000319205240439355,4.44089209850063e-16,4.44089209850063e-16,1.37667655053519e-14,0.00241681650555745,0.167441959207863,0.000451680046513268,3.41339267251328e-06,0.0425856010647486,2.95041698860016,0.00795884430013212,0.00157295033856997,0,0.0299999999997453,2.5,NA,NA,NA
4800,438,TRUE,TRUE,TRUE,0.000230803580299645,0.000185118756671073,0.000187540294869423,2.22044604925031e-16,4.44089209850063e-16,4.66293670342566e-15,0.00316973791942768,0.219605884925056,0.000594429006610351,8.01911704328973e-06,0.0515500483114524,3.57149211232263,0.00966731155300847,0.00248659767036585,0,0.0399999999999636,2.59000000000015,NA,NA,NA
4800,439,TRUE,TRUE,TRUE,0.000333032347580288,0.000287317234591188,0.000290061975227417,4.44089209850063e-16,2.22044604925031e-16,5.75095526755831e-14,0.00199501084612247,0.138218405885404,0.000376441754087663,3.23577648231321e-06,0.0421276676119803,2.91869042833295,0.00794913627777958,0.00168296629454545,0,0.0300000000006548,2.65000000000055,NA,NA,NA
4800,440,TRUE,TRUE,TRUE,0.000373249752223715,0.000330881811882003,0.000330774948871245,1.11022302462516e-16,2.22044604925031e-16,1.48769885299771e-14,0.00228766795526177,0.158494285174423,0.00042354100989616,4.97033569502037e-06,0.0445812982701998,3.08868294685475,0.00825382374588615,0.00196445155930292,0.00999999999930878,0.0500000000001819,2.82999999999993,NA,NA,NA
4800,441,TRUE,TRUE,TRUE,0.00039897097814648,0.00032915213086566,0.000326681770135144,2.22044604925031e-16,5.55111512312578e-16,4.44089209850063e-15,0.00254977618812171,0.176653676230244,0.000474355086470874,6.55041578667692e-06,0.0383035443353927,2.65374739595469,0.0071259121369161,0.00149127743856781,0,0.0299999999997453,2.84000000000015,NA,NA,NA
4800,442,TRUE,TRUE,TRUE,0.000269731136266546,0.000269160731246157,0.000267300507833779,2.22044604925031e-16,4.44089209850063e-16,1.33226762955019e-15,0.00220473036545388,0.152748200398241,0.000409397143854016,6.34724049319857e-06,0.0398850687997062,2.76331862497885,0.00740627221581314,0.00152968563121192,0.0199999999995271,0.0300000000006548,2.78000000000065,NA,NA,NA
4800,443,TRUE,TRUE,TRUE,0.000208980451517159,0.00020695846164211,0.000206112231325076,4.44089209850063e-16,4.44089209850063e-16,3.33066907387547e-15,0.00149187218825923,0.103359937138558,0.000278859027849483,2.3135457993817e-06,0.0331017191820476,2.29335437764735,0.00618733515102463,0.000948280916816202,0.0200000000004366,0.0299999999997453,2.55000000000018,NA,NA,NA
4800,444,TRUE,TRUE,TRUE,0.000371087166671039,0.000337776360077189,0.000338455619968645,4.44089209850063e-16,2.22044604925031e-16,4.83032214226853e-09,0.00145886757668171,0.101073310573104,0.000269402696024787,2.54972127677888e-06,0.0375108594752099,2.5988285778656,0.00692696639116087,0.00117453803062872,0.0200000000004366,0.0399999999999636,2.73999999999978,NA,NA,NA
4800,445,TRUE,TRUE,TRUE,0.000198609741205432,0.000197571002783964,0.000195981553111398,2.22044604925031e-16,4.44089209850063e-16,7.18980430747251e-13,0.00147711320664686,0.102337404897734,0.000275145146191338,2.60178098443475e-06,0.0342491399951741,2.37285002348723,0.00637966310807802,0.00105450354819325,0.00999999999930878,0.0500000000001819,2.64000000000033,NA,NA,NA
4800,446,TRUE,TRUE,TRUE,0.000222411364430901,0.000234133358400413,0.000234103269767207,4.44089209850063e-16,2.22044604925031e-16,4.44089209850063e-15,0.000893783382712123,0.0619231291927271,0.000166204522264962,1.20306369311152e-06,0.0258610653410456,1.79170716434198,0.00480902430433287,0.000748043204616522,0.0200000000004366,0.0399999999999636,2.46999999999935,NA,NA,NA
4800,447,TRUE,TRUE,TRUE,0.000262021796233593,0.000247574153836357,0.000247408347657289,4.44089209850063e-16,2.22044604925031e-16,8.88178419700125e-16,0.00153251144737578,0.106175507601431,0.000287749639820007,2.69040647182806e-06,0.0259423317891287,1.79733746902321,0.00487102177357012,0.00070780854398933,0.0100000000002183,0.0500000000001819,2.67000000000007,NA,NA,NA
4800,448,TRUE,TRUE,TRUE,0.000253141090703848,0.000247421570404023,0.000246944276609196,4.44089209850063e-16,3.33066907387547e-16,5.22563170513024e-09,0.00195779642223374,0.135640114967416,0.000363258750252787,4.05638716927115e-06,0.0347118244689575,2.40490574414588,0.0064405950651401,0.00129740173139936,0.0199999999995271,0.0500000000001819,2.78000000000065,NA,NA,NA
4800,449,TRUE,TRUE,TRUE,0.000371935359712889,0.000333913278159424,0.000335964490199831,2.22044604925031e-16,3.33066907387547e-16,2.74225087082414e-12,0.00268644174924131,0.186122144050406,0.000497297526058633,5.10081240179261e-06,0.0532894347182092,3.69200033754253,0.00986461145413358,0.00220867939751912,0.0199999999995271,0.0299999999997453,2.59000000000015,NA,NA,NA
4800,450,TRUE,TRUE,TRUE,0.000312718996192311,0.000292260197534758,0.000289908908166421,2.22044604925031e-16,2.22044604925031e-16,1.33226762955019e-15,0.00159957563499228,0.110821850814235,0.000303140279999949,1.98981555854516e-06,0.0357354399626378,2.47582390584463,0.00677232825958096,0.00106938153167846,0.00999999999930878,0.0500000000001819,2.55000000000018,NA,NA,NA
4800,451,TRUE,TRUE,TRUE,0.000368450169691578,0.000318236950132981,0.000324388492374557,2.22044604925031e-16,0,8.88178419700125e-16,0.00563150077032914,0.390161818282933,0.00104579468399021,2.44874221024816e-05,0.0671544799793463,4.65259885120379,0.0124708849439477,0.0037706409205569,0.0199999999995271,0.0500000000001819,2.69999999999982,NA,NA,NA
4800,452,TRUE,TRUE,TRUE,0.000230049165639454,0.000188068301499631,0.000187384404159865,2.22044604925031e-16,4.44089209850063e-16,5.32907051820075e-15,0.00145404174273071,0.100738966989424,0.000273261629148182,1.93482058463701e-06,0.0293601741131445,2.03413253132139,0.00551772949459128,0.000899894738598306,0.0199999999995271,0.0399999999999636,2.69000000000051,NA,NA,NA
4800,453,TRUE,TRUE,TRUE,0.000378295753397871,0.000278296201274855,0.00027614040716364,4.44089209850063e-16,4.44089209850063e-16,5.32907051820075e-15,0.00338664633332124,0.23463374066317,0.000637879679261994,1.12506958664937e-05,0.0510497803348741,3.5368325302093,0.00961529911937098,0.00218439887529343,0.00999999999930878,0.0500000000001819,2.57999999999993,NA,NA,NA
4800,454,TRUE,TRUE,TRUE,0.000261090637266606,0.000236620728094542,0.000238903860584614,2.22044604925031e-16,2.22044604925031e-16,8.43769498715119e-15,0.00257943590090263,0.178708561409222,0.000484143327366381,4.80913057288035e-06,0.0483427349922055,3.34928292733351,0.00907361666359978,0.00206705834484922,0.0200000000004366,0.0399999999999636,2.65999999999985,NA,NA,NA
4800,455,TRUE,TRUE,TRUE,0.000221945707294623,0.000194508170583071,0.00019522750004125,3.33066907387547e-16,2.22044604925031e-16,2.25686136445802e-12,0.000994171995802246,0.0688782563276657,0.000184712185603299,1.24377399401965e-06,0.0269080873620449,1.86424697782255,0.0049993880817746,0.000880052541813114,0.0200000000004366,0.0399999999999636,2.57999999999993,NA,NA,NA
4800,456,TRUE,TRUE,TRUE,0.000266976332873106,0.000253811315809269,0.000254295905907998,0,4.44089209850063e-16,1.37533806565671e-09,0.00162147185051995,0.112338865125731,0.000304850218113089,3.60646193087177e-06,0.0350856044390875,2.43080198011055,0.00659638597022552,0.00133089500096517,0.0100000000002183,0.0299999999997453,2.75,NA,NA,NA
4800,457,TRUE,TRUE,TRUE,0.000293944631348209,0.00026952838384098,0.000269616319253057,4.44089209850063e-16,2.22044604925031e-16,3.10862446895044e-14,0.00117339422256603,0.0812951364316856,0.000218881578723995,1.20650540580414e-06,0.0247605872683187,1.71546380695885,0.00461876863478242,0.00069719802860746,0.0100000000002183,0.0500000000001819,2.55000000000018,NA,NA,NA
4800,458,TRUE,TRUE,TRUE,0.000257566602863204,0.000199116969512269,0.000198945413854342,2.22044604925031e-16,2.22044604925031e-16,1.13464793116691e-12,0.00144538014921212,0.100138874187475,0.00027037990898617,2.31774761871861e-06,0.0434133056750301,3.00776204614682,0.00812110616269491,0.0017142073343912,0.0100000000002183,0.0499999999992724,2.47000000000025,NA,NA,NA
4800,459,TRUE,TRUE,TRUE,0.000446553676703178,0.000371107064158181,0.00036994803807341,4.44089209850063e-16,2.22044604925031e-16,2.53130849614536e-14,0.00230552601296568,0.15973152770513,0.000431032947076088,6.0962633199324e-06,0.0520314125777154,3.60484200696726,0.00972760792017938,0.00256745257885882,0.0100000000002183,0.0500000000001819,2.85999999999967,NA,NA,NA
4800,460,TRUE,TRUE,TRUE,0.000365495403718069,0.00033993561447522,0.000340233720296672,4.44089209850063e-16,5.55111512312578e-16,2.37587727269783e-14,0.00126790132180516,0.0878427803340109,0.000238045405967874,1.63712022782647e-06,0.0258440262813138,1.79052666365523,0.00485215341460552,0.000806774648683728,0.0100000000002183,0.0500000000001819,2.57999999999993,NA,NA,NA
4800,461,TRUE,TRUE,TRUE,0.000272899022801507,0.000249725390997489,0.000250674120249309,4.44089209850063e-16,2.22044604925031e-16,4.13158396384006e-12,0.00085138662708535,0.0589857957998609,0.000160927016683601,1.17390533205253e-06,0.0220267056533717,1.52605493260018,0.0041634339974306,0.000607941126233413,0.0200000000004366,0.0399999999999636,2.98999999999978,NA,NA,NA
4800,462,TRUE,TRUE,TRUE,0.000205284060717096,0.000189214230126633,0.000189376742783394,6.66133814775094e-16,4.44089209850063e-16,3.10862446895044e-14,0.00138309225292765,0.0958234421450241,0.000259552604744998,2.17767044219386e-06,0.0316399562686355,2.19208047226136,0.00593758879507782,0.000909663979619779,0,0.0500000000001819,2.69999999999982,NA,NA,NA
4800,463,TRUE,TRUE,TRUE,0.000436071810458205,0.00040423116705388,0.000402895452109816,8.88178419700125e-16,2.22044604925031e-16,1.15463194561016e-14,0.0016203422333314,0.112260602951184,0.000299753887009608,3.07231583818179e-06,0.0403161008602453,2.79318140212065,0.0074582441248128,0.00152204388906441,0.0100000000002183,0.0500000000001819,2.6899999999996,NA,NA,NA
4800,464,TRUE,TRUE,TRUE,0.000356166571770288,0.000332765563962104,0.000332758588332062,2.22044604925031e-16,4.44089209850063e-16,1.93178806284777e-14,0.00117493960508239,0.0814022036731046,0.00021760864987457,1.67952793361792e-06,0.0239461300580159,1.65903655620543,0.00443502373152217,0.000654429759329389,0.0200000000004366,0.0500000000001819,2.58999999999924,NA,NA,NA
4800,465,TRUE,TRUE,TRUE,0.000358606097256991,0.000321561479567552,0.000321349814812116,4.44089209850063e-16,2.22044604925031e-16,1.49880108324396e-13,0.00140087690340354,0.0970555988737875,0.000258300391305577,1.73280943016607e-06,0.0327253796737417,2.2672808116761,0.00603406220404797,0.001038962049563,0.0100000000002183,0.0500000000001819,2.6899999999996,NA,NA,NA
4800,466,TRUE,TRUE,TRUE,0.000358259624680126,0.000309209705252835,0.000308476994783825,2.22044604925031e-16,2.22044604925031e-16,1.11022302462516e-15,0.00154285339736394,0.106892018914584,0.000291415506736435,1.96252335626923e-06,0.0409710738183673,2.83855925976269,0.00773865245960176,0.00151164856012542,0.00999999999930878,0.0500000000001819,2.94999999999982,NA,NA,NA
4800,467,TRUE,TRUE,TRUE,0.000202439726619674,0.000166378015465972,0.000165427193104538,4.44089209850063e-16,2.22044604925031e-16,2.66453525910038e-15,0.00159404980564715,0.110439010127046,0.000297843840227951,2.79312952500277e-06,0.0294005766252595,2.03693169947085,0.0054934172169284,0.00103885019761663,0.0200000000004366,0.0399999999999636,2.52999999999975,NA,NA,NA
4800,468,TRUE,TRUE,TRUE,0.000251345452358588,0.000183374689650555,0.000177817170337944,4.44089209850063e-16,2.22044604925031e-16,8.37108160567368e-14,0.00494095099464842,0.342319126417561,0.000921880576116489,1.62915929067253e-05,0.0627995127337122,4.35087786981433,0.011717106897335,0.00358952753508746,0,0.0300000000006548,2.47999999999956,NA,NA,NA
4800,469,TRUE,TRUE,TRUE,0.000253850039725461,0.000233699353655075,0.000234137415771969,4.44089209850063e-16,2.22044604925031e-16,1.77635683940025e-15,0.000907453359448449,0.062870212962551,0.000168008428809998,1.09600763309459e-06,0.027602185676479,1.91233551966446,0.00511034512015658,0.000720717654647984,0.0200000000004366,0.0500000000001819,2.56999999999971,NA,NA,NA
4800,470,TRUE,TRUE,TRUE,0.000162107064824193,0.000148333844081993,0.000148015377136969,4.44089209850063e-16,4.44089209850063e-16,1.11022302462516e-15,0.00191796043161403,0.132880196578489,0.000357212824201558,3.70792204051895e-06,0.0286996237877223,1.98836826233789,0.00534519560349177,0.000961978683090337,0.0100000000002183,0.0500000000001819,2.97999999999956,NA,NA,NA
4800,471,TRUE,TRUE,TRUE,0.000342224445307332,0.000262662130875766,0.000261253645130975,4.44089209850063e-16,4.44089209850063e-16,2.79776202205539e-14,0.00306328504725944,0.212230613596776,0.000569801911527799,4.19428286591028e-06,0.0459031613145192,3.1802643049911,0.00853845093050746,0.00184959744981228,0.0200000000004366,0.0500000000001819,2.81999999999971,NA,NA,NA
4800,472,TRUE,TRUE,TRUE,0.000808299574989275,0.000800379298652125,0.000801080622258984,2.22044604925031e-16,4.44089209850063e-16,1.55431223447522e-15,0.00263457231714124,0.182528524380124,0.000478955986584464,6.4934261132521e-06,0.0542046583115854,3.75540888810306,0.00985421634858365,0.00244673066876189,0.0100000000002183,0.0500000000001819,2.69999999999982,NA,NA,NA
4800,473,TRUE,TRUE,TRUE,0.000272033706088659,0.000275143329349408,0.000275141521166511,3.33066907387547e-16,2.22044604925031e-16,1.35447209004269e-14,0.000816923925863777,0.0565981498205877,0.000151259580794534,8.45193135035061e-07,0.0217116905355585,1.50423004503199,0.00402008204775832,0.000459092264264882,0.00999999999930878,0.0500000000001819,2.59000000000015,NA,NA,NA
4800,474,TRUE,TRUE,TRUE,0.000299030801219473,0.000307840079092873,0.000308224128677996,4.44089209850063e-16,4.44089209850063e-16,2.88657986402541e-14,0.00151822926736275,0.105186009144414,0.000288425870568075,1.94730433378254e-06,0.032768357599511,2.27025840971755,0.00622517446534427,0.00110869501531852,0.0199999999995271,0.0399999999999636,2.74000000000069,NA,NA,NA
4800,475,TRUE,TRUE,TRUE,0.000210254166231182,0.000207344217609465,0.000206541146452244,2.22044604925031e-16,4.44089209850063e-16,6.21724893790088e-15,0.00148850513797479,0.103126661051987,0.000279921222546402,2.38909508354368e-06,0.0387150788664594,2.68225934462975,0.00728057426931314,0.00147448289920504,0.0199999999995271,0.0500000000001819,2.80999999999949,NA,NA,NA
4800,476,TRUE,TRUE,TRUE,0.000298081418296819,0.000269082092887002,0.000268167753185782,2.22044604925031e-16,4.44089209850063e-16,1.66533453693773e-14,0.0019836798387709,0.13743337066805,0.000368700272989087,3.67857648697623e-06,0.0393378784589163,2.7254081661125,0.00731160656227703,0.00151626637799751,0.0199999999995271,0.0399999999999636,2.55000000000018,NA,NA,NA
4800,477,TRUE,TRUE,TRUE,0.000236628459740501,0.000216032482581888,0.000216540405212653,4.44089209850063e-16,4.44089209850063e-16,4.2854608750531e-14,0.00181023143910012,0.125416513039197,0.000340281026776736,3.20708571521777e-06,0.0442795292351912,3.06777577482331,0.00832351231333797,0.00158539939831925,0.0200000000004366,0.0399999999999636,2.56999999999971,NA,NA,NA
4800,478,TRUE,TRUE,TRUE,0.000379315426932722,0.000305584443031881,0.000308178760711084,2.22044604925031e-16,1.11022302462516e-16,6.88338275267597e-15,0.00182958188273139,0.126757151099931,0.000344731831479481,2.23036817814659e-06,0.0400855812169197,2.77721053274534,0.00755296932007116,0.00147295837365746,0.0200000000004366,0.0299999999997453,2.69999999999982,NA,NA,NA
4800,479,TRUE,TRUE,TRUE,0.000158324641703312,0.000160514421166528,0.000160143728575939,2.22044604925031e-16,4.44089209850063e-16,2.66453525910038e-14,0.000721932445421413,0.0500169470040933,0.000134407475530351,7.00680619303284e-07,0.0161302473198633,1.1175363158662,0.00300308683408391,0.000293890977125955,0,0.0300000000006548,2.96999999999935,NA,NA,NA
4800,480,TRUE,TRUE,TRUE,0.000183766667714073,0.000181127200060428,0.000180956874162869,6.66133814775094e-16,3.33066907387547e-16,3.26405569239796e-14,0.000869311798940253,0.0602276881353447,0.00016344107431224,8.69090222010982e-07,0.0189993213350826,1.31631159446762,0.00357210093546975,0.000323128286702001,0.0100000000002183,0.0500000000001819,2.77999999999975,NA,NA,NA
4800,481,TRUE,TRUE,TRUE,0.000324121425977477,0.000264150978624301,0.000263123950168415,3.33066907387547e-16,4.44089209850063e-16,4.21884749357559e-15,0.00253181345467375,0.175409181551256,0.000468609199411717,4.70272777519654e-06,0.0472830426437509,3.2758652878169,0.0087515408049261,0.00193286699809647,0,0.0500000000001819,2.52999999999975,NA,NA,NA
4800,482,TRUE,TRUE,TRUE,0.000343430500934503,0.000280319369523582,0.000279806599953455,2.22044604925031e-16,2.22044604925031e-16,3.5527136788005e-15,0.00262475278127022,0.18184820697871,0.00048830003082623,6.78978450352474e-06,0.0447998968814444,3.10382790290033,0.00833441960108511,0.00211346898794318,0,0.0500000000001819,2.61000000000058,NA,NA,NA
4800,483,TRUE,TRUE,TRUE,0.000200486047732173,0.000224745086799997,0.000224729767886877,5.55111512312578e-16,3.33066907387547e-16,3.24851257005321e-13,0.00123926013374896,0.085858460617912,0.000231870693631278,1.71388843739351e-06,0.0355983303466028,2.46632467299748,0.00666059475714099,0.00112224843928033,0.0199999999995271,0.0500000000001819,2.85000000000036,NA,NA,NA
4800,484,TRUE,TRUE,TRUE,0.000260729593323185,0.000237658989651957,0.000235860870510246,2.22044604925031e-16,2.22044604925031e-16,5.10702591327572e-15,0.00254708692401192,0.176467358547319,0.00047421312837716,4.22010722900268e-06,0.0390878181342093,2.7080834786185,0.0072773160366529,0.00116463305032255,0.00999999999930878,0.0500000000001819,2.73000000000047,NA,NA,NA
4800,485,TRUE,TRUE,TRUE,0.000152933091635553,0.000154458460498198,0.000154880438730408,2.22044604925031e-16,4.44089209850063e-16,8.88178419700125e-16,0.000973589100621949,0.0674522315189001,0.000181153176779561,1.29744533339249e-06,0.0299328252785417,2.07380696786065,0.00556952248718828,0.000743024014898452,0.0199999999995271,0.0500000000001819,2.8100000000004,NA,NA,NA
4800,486,TRUE,TRUE,TRUE,0.000206433910786807,0.000201742835517021,0.00020038821029292,2.22044604925031e-16,4.44089209850063e-16,8.88178419700125e-16,0.0015431231779363,0.106910709860913,0.000289461974172566,1.60713822339176e-06,0.0231258076046789,1.60220294949467,0.00433798287738611,0.000596825509685317,0.00999999999930878,0.0300000000006548,2.48000000000047,NA,NA,NA
4800,487,TRUE,TRUE,TRUE,0.000252204872302662,0.000181927014054945,0.000181001206440987,4.44089209850063e-16,4.44089209850063e-16,9.23203868907763e-09,0.0019109060373408,0.132391453806575,0.000356026129690972,4.13092194051501e-06,0.0406651689958117,2.81736555196482,0.0075764388451854,0.00144417358499638,0.0200000000004366,0.0399999999999636,2.82999999999993,NA,NA,NA
4800,488,TRUE,TRUE,TRUE,0.000306523184318264,0.000286953564220841,0.000286282946210996,2.22044604925031e-16,4.44089209850063e-16,3.81916720471054e-14,0.00172860913004712,0.119761553586762,0.000326214322597264,3.00035248912423e-06,0.0375032067217753,2.59829837955494,0.00707741441562073,0.00132607149480535,0.0100000000002183,0.0299999999997453,2.60999999999967,NA,NA,NA
4800,489,TRUE,TRUE,TRUE,0.000288438368501525,0.000262214891899217,0.000262315315208874,1.11022302462516e-16,2.22044604925031e-16,6.21724893790088e-15,0.00121950140155186,0.0844895354955712,0.000230149106664532,2.45149308142345e-06,0.0266132069364555,1.84381706265142,0.00502254921077521,0.000778500069969823,0.0200000000004366,0.0299999999997453,2.92000000000007,NA,NA,NA
4800,490,TRUE,TRUE,TRUE,0.00018857837555629,0.00018211329264097,0.000184164758678701,2.22044604925031e-16,2.22044604925031e-16,9.50461931381597e-12,0.00251042847948861,0.173927587009687,0.000470786496653433,4.41213096991078e-06,0.0464885229837224,3.22081935106562,0.00871810093333453,0.00194270273770769,0.0200000000004366,0.0399999999999636,2.56999999999971,NA,NA,NA
4800,491,TRUE,TRUE,TRUE,0.000280933258176926,0.000241104156543265,0.000241597563566773,2.22044604925031e-16,4.44089209850063e-16,3.02424751907893e-13,0.0023731644450986,0.164417655745071,0.000449848038246484,5.24858523931471e-06,0.0363443670382697,2.51801161116859,0.00688930016933425,0.00136013449861494,0.0200000000004366,0.0500000000001819,2.71000000000004,NA,NA,NA
4800,492,TRUE,TRUE,TRUE,0.00015814326973977,0.00012692249727511,0.000128471793924991,2.22044604925031e-16,2.22044604925031e-16,2.22044604925031e-15,0.00224333768439525,0.15542299391626,0.000418925737783196,5.99024296477069e-06,0.0500835309989942,3.46988881250835,0.00935270704918296,0.00221955333850588,0.00999999999930878,0.0500000000001819,2.65000000000055,NA,NA,NA
4800,493,TRUE,TRUE,TRUE,0.000181839565560338,0.000166835585316229,0.000166951149961301,2.22044604925031e-16,4.44089209850063e-16,2.88657986402541e-15,0.000931083195322462,0.0645073360148832,0.000174293301241543,1.64589374307411e-06,0.0311639523409915,2.1591019527701,0.00583370869599293,0.000883469177303198,0.0200000000004366,0.0399999999999636,2.78999999999996,NA,NA,NA
4800,494,TRUE,TRUE,TRUE,0.000266129687978182,0.000259813404417204,0.00026099086125403,4.44089209850063e-16,2.22044604925031e-16,2.42250663973209e-12,0.00112448759822251,0.0779067861040992,0.00020973705588222,1.36598611533145e-06,0.0317796001572121,2.20175528466061,0.00592746401527579,0.000920212760860295,0.0200000000004366,0.0399999999999636,2.60999999999967,NA,NA,NA
4800,495,TRUE,TRUE,TRUE,0.000313969038620092,0.00026266282272614,0.000261320720190455,2.22044604925031e-16,2.22044604925031e-16,2.07389660999979e-13,0.00205494322245908,0.142370642718738,0.000387110698856354,5.11601012931351e-06,0.0490406239988965,3.39763409603882,0.00923828455262468,0.00243614739210329,0.0199999999995271,0.0399999999999636,2.75,NA,NA,NA
4800,496,TRUE,TRUE,TRUE,0.000221799431155559,0.000221917851217698,0.000221586550809201,4.44089209850063e-16,2.22044604925031e-16,2.22044604925031e-15,0.00211563139083057,0.146575242360246,0.000393905250776434,3.4257828147588e-06,0.0441826134648647,3.0610612532929,0.00822627396826596,0.00170899221000198,0.0199999999995271,0.0500000000001819,2.53999999999996,NA,NA,NA
4800,497,TRUE,TRUE,TRUE,0.000578402411385239,0.000566964665688854,0.000565857773568312,2.22044604925031e-16,2.22044604925031e-16,1.77635683940025e-15,0.00283163659375471,0.196181537958177,0.000519431212524168,5.78612443646875e-06,0.0384337004389268,2.66276487532414,0.00705022094459898,0.00149026848079359,0,0.0399999999999636,2.61000000000058,NA,NA,NA
4800,498,TRUE,TRUE,TRUE,0.00025614343971744,0.000176917408179418,0.000177693597708439,2.22044604925031e-16,2.22044604925031e-16,1.08801856413265e-14,0.00177760457018604,0.123156057253154,0.000334128118744223,2.89367950045971e-06,0.0424941854051227,2.94408352591698,0.00798743571271079,0.00155683194456557,0.0199999999995271,0.0500000000001819,2.73000000000047,NA,NA,NA
4800,499,TRUE,TRUE,TRUE,0.000275831453066777,0.000270478028140368,0.000270457460062816,4.44089209850063e-16,2.22044604925031e-16,3.11684011933266e-12,0.00116450403261111,0.0806792060040512,0.000214684789662974,1.61557357003517e-06,0.0348255867581064,2.41278742673753,0.00642035025957749,0.00106824862295696,0.00999999999930878,0.0300000000006548,2.8100000000004,NA,NA,NA
4800,500,TRUE,TRUE,TRUE,0.000379357965759016,0.000357098580654473,0.000357858795273349,4.44089209850063e-16,2.22044604925031e-16,4.66293670342566e-15,0.00128636618212171,0.0891220633829284,0.000236960651120544,2.43250711307041e-06,0.0369590384308691,2.56059729444624,0.00680819966591698,0.00142361128217061,0.0200000000004366,0.0399999999999636,2.82999999999993,NA,NA,NA
