"J","q","p","d","n","replication","svd_success","os_success","rml_success","svd_mse","os_mse","rml_mse","svd_constraint","os_constraint","rml_constraint","os_rml_distance","scaled_os_rml_distance","relative_os_rml_distance","likelihood_gap","svd_rml_distance","scaled_svd_rml_distance","relative_svd_rml_distance","likelihood_gap_svd","os_rml_mse","svd_time","os_time","rml_time","svd_error","os_error","rml_error"
6,3,18,61,2000,1,TRUE,TRUE,TRUE,0.00070504561714315,0.000535013335974181,0.000534824178884718,4.44089209850063e-16,2.22044604925031e-16,9.9475983006414e-14,0.00419788613569655,0.187735175224428,0.000788852855301007,2.00383486479438e-05,0.0801337607473919,3.58369072647745,0.0150584708418012,0.00497917491854238,2.88889311611037e-07,0.0399999999999991,0.16,2.89,NA,NA,NA
6,3,18,61,2000,2,TRUE,TRUE,TRUE,0.000817895473597472,0.000665934819842189,0.000667184398967592,2.22044604925031e-16,4.44089209850063e-16,4.44089209850063e-15,0.00420702489542853,0.188143872984243,0.000778710046938158,1.42593534064872e-05,0.067778381954002,3.03114138908187,0.012545613183831,0.00381629998152633,2.90148499520581e-07,0.0199999999999996,0.0400000000000027,2.97,NA,NA,NA
6,3,18,61,2000,3,TRUE,TRUE,TRUE,0.000371191241284809,0.000359023551345183,0.000357901292130207,4.44089209850063e-16,2.22044604925031e-16,9.10382880192628e-15,0.00179939876530476,0.0804715591570125,0.000336017980708048,5.11435502659197e-06,0.033579499994106,1.5017208927455,0.00627060326969515,0.00139484319908334,5.30792773209882e-08,0,0.0499999999999972,2.45,NA,NA,NA
6,3,18,61,2000,4,TRUE,TRUE,TRUE,0.000606499067536309,0.000587336919246683,0.000586752201259706,4.44089209850063e-16,3.33066907387547e-16,3.19744231092045e-14,0.00448758017660799,0.200690686587519,0.000834163764674329,2.31381606425884e-05,0.055172281098427,2.46737942019619,0.0102555755876258,0.00320262749738376,3.30137308876803e-07,0.019999999999996,0.0300000000000011,2.88,NA,NA,NA
6,3,18,61,2000,5,TRUE,TRUE,TRUE,0.000985056004814922,0.00102429370474746,0.00101977911453185,2.22044604925031e-16,4.44089209850063e-16,2.56905607898261e-13,0.00425396417237584,0.19024306126562,0.000781911430365071,9.86436906202925e-06,0.0456103140147434,2.03975525224155,0.00838352755819053,0.00214562806474916,2.96659199669791e-07,0.0200000000000031,0.0300000000000011,2.72,NA,NA,NA
6,3,18,61,2000,6,TRUE,TRUE,TRUE,0.00072704829872618,0.000610903257095218,0.00060981437789313,2.22044604925031e-16,4.44089209850063e-16,2.22044604925031e-15,0.00606556691777832,0.271260399004524,0.00111320869089095,2.05598997737866e-05,0.0594733372571501,2.65972849911517,0.0109150944682345,0.00347394330392348,6.03132820230275e-07,0.00999999999999801,0.0499999999999972,2.66,NA,NA,NA
6,3,18,61,2000,7,TRUE,TRUE,TRUE,0.000551776437346402,0.000530312670160732,0.000524254533508185,4.44089209850063e-16,4.44089209850063e-16,9.76996261670138e-15,0.00620827977113462,0.277642711831877,0.00115008773633799,2.92755326825045e-05,0.0745737365884718,3.33503888695972,0.0138148316546673,0.0049560266687898,6.31848159289824e-07,0,0.0500000000000043,2.87,NA,NA,NA
6,3,18,61,2000,8,TRUE,TRUE,TRUE,0.00058640032045984,0.000563728133567678,0.000563925349791454,4.44089209850063e-16,2.22044604925031e-16,1.02140518265514e-14,0.0017338387217591,0.0775396248774939,0.000323783186945779,2.69490507065484e-06,0.035695309469203,1.5963427690206,0.00666586858045738,0.000987140737457537,4.92819133290367e-08,0.0200000000000031,0.0300000000000011,2.65,NA,NA,NA
6,3,18,61,2000,9,TRUE,TRUE,TRUE,0.000506234389409193,0.000515681474422305,0.000515839241842362,4.44089209850063e-16,4.44089209850063e-16,8.88178419700125e-16,0.00227575271332909,0.101774755339669,0.000426534948881371,6.82159275200434e-06,0.0426063011369144,1.90541171223934,0.00798552337036371,0.00184583340961098,8.49024657741756e-08,0.00999999999999801,0.0399999999999991,3,NA,NA,NA
6,3,18,61,2000,10,TRUE,TRUE,TRUE,0.000888474090303647,0.000854801268486836,0.000846731346149031,4.44089209850063e-16,4.44089209850063e-16,2.88657986402541e-15,0.00382699283522157,0.171148322579201,0.000714969307293824,1.53378516394298e-05,0.0466162189145689,2.08474068693975,0.00870896998794014,0.00243750597801551,2.40096297718643e-07,0,0.0500000000000043,3.31,NA,NA,NA
6,3,18,61,2000,11,TRUE,TRUE,TRUE,0.000484798206295128,0.000464650728148189,0.000468606410369006,4.44089209850063e-16,2.22044604925031e-16,1.02140518265514e-14,0.00361519554222572,0.161676459687418,0.000684594789273486,1.35198367559042e-05,0.0520279557412143,2.32676091535411,0.00985232112093675,0.00260002364912992,2.14256373910307e-07,0.00999999999999801,0.0300000000000011,2.97,NA,NA,NA
6,3,18,61,2000,12,TRUE,TRUE,TRUE,0.000801977456036643,0.000831062211227048,0.000829204901323694,2.22044604925031e-16,4.44089209850063e-16,3.33066907387547e-16,0.00563482803800741,0.251997170690127,0.00106298463735235,3.47636685162911e-05,0.0627664832341097,2.8070024644014,0.0118406111008999,0.00403860042201742,5.20512901933024e-07,0,0.0399999999999991,2.89,NA,NA,NA
6,3,18,61,2000,13,TRUE,TRUE,TRUE,0.000697999091660524,0.000573679437387694,0.000570592562469618,2.22044604925031e-16,4.44089209850063e-16,2.66453525910038e-14,0.00409330098527239,0.183057985108719,0.000768822902720303,2.13855071393709e-05,0.0703242226066477,3.14499484426584,0.0132086238345343,0.00478501115354391,2.74673982885769e-07,0,0.0500000000000043,2.53999999999999,NA,NA,NA
6,3,18,61,2000,14,TRUE,TRUE,TRUE,0.000580182261088169,0.00053543692655783,0.000539350934626532,3.33066907387547e-16,4.44089209850063e-16,7.54951656745106e-15,0.00487633914662134,0.218076516263773,0.000908229538165506,2.60351162566508e-05,0.0509707965950376,2.27948332107638,0.00949342973478658,0.00291754802283606,3.89814483161832e-07,0.019999999999996,0.0300000000000011,2.92,NA,NA,NA
6,3,18,61,2000,15,TRUE,TRUE,TRUE,0.000917254283196972,0.000971147456101119,0.000989248993995895,2.22044604925031e-16,3.33066907387547e-16,1.54787294093239e-12,0.00491494250900818,0.219802911112913,0.000925617435956351,1.58767469287113e-05,0.0581955861582051,2.60258573280385,0.0109598126824488,0.00342821104270996,3.96010817489436e-07,0.00999999999999091,0.0400000000000063,2.94,NA,NA,NA
6,3,18,61,2000,16,TRUE,TRUE,TRUE,0.000523045498884489,0.000498722893068085,0.000501438982201286,4.44089209850063e-16,2.22044604925031e-16,3.19744231092045e-14,0.00402558344655924,0.180029564712087,0.000746526094011397,1.02467917741933e-05,0.0372497329075004,1.66585869849764,0.00690779311360993,0.00171529128289194,2.65661017790357e-07,0,0.0500000000000114,3,NA,NA,NA
6,3,18,61,2000,17,TRUE,TRUE,TRUE,0.000716647614318863,0.000555440475490219,0.000569752498212563,3.33066907387547e-16,3.33066907387547e-16,1.33226762955019e-15,0.0062880938823942,0.28121210739868,0.00118125246448621,2.88733898443638e-05,0.0721197678082672,3.22529406681573,0.013548088666458,0.00432091912083266,6.48198765144318e-07,0,0.039999999999992,2.77000000000001,NA,NA,NA
6,3,18,61,2000,18,TRUE,TRUE,TRUE,0.000591413665874285,0.000504784519065898,0.000496863628702434,2.22044604925031e-16,4.44089209850063e-16,6.66133814775094e-16,0.00348624339237127,0.155909544229033,0.000651791212294451,1.15792850721164e-05,0.0587056159361872,2.62539495788619,0.0109756549595104,0.003014384276117,1.99244147391022e-07,0.0200000000000102,0.0300000000000011,2.69,NA,NA,NA
6,3,18,61,2000,19,TRUE,TRUE,TRUE,0.000457920107677169,0.00044120459896888,0.000438486794422148,4.44089209850063e-16,2.22044604925031e-16,2.55351295663786e-14,0.00304467577851665,0.136162040204207,0.000568646117359044,1.18189125899448e-05,0.0598891766702098,2.67832540302167,0.0111853446024182,0.00352355527829928,1.51968042562065e-07,0,0.0300000000000011,2.69999999999999,NA,NA,NA
6,3,18,61,2000,20,TRUE,TRUE,TRUE,0.000951783975911681,0.000945154591937367,0.000949028203996946,4.44089209850063e-16,2.22044604925031e-16,8.88178419700125e-16,0.00287664586428143,0.128647513994538,0.000548907380889328,1.16928433477881e-05,0.0504688395774399,2.25703512081375,0.00963021513803758,0.00218036941873123,1.35657236532581e-07,0.019999999999996,0.0400000000000063,2.70999999999999,NA,NA,NA
6,3,18,61,2000,21,TRUE,TRUE,TRUE,0.000534027911904455,0.000476660533326456,0.000478654898894041,2.22044604925031e-16,2.22044604925031e-16,5.32907051820075e-15,0.00715685757947747,0.320064401059924,0.00134963559906635,6.753726314912e-05,0.0978082181481464,4.37411649074768,0.0184446108683952,0.00848399686006474,8.39682137916788e-07,0,0.0499999999999972,2.98,NA,NA,NA
6,3,18,61,2000,22,TRUE,TRUE,TRUE,0.00056543073690314,0.000535410719516746,0.000535759235990495,2.22044604925031e-16,2.22044604925031e-16,5.77315972805081e-15,0.00393927734564293,0.176169838541651,0.000738854091617042,1.6622271481026e-05,0.0553286935495636,2.47437439766157,0.0103774951662482,0.00296555071367521,2.54391901735994e-07,0,0.0400000000000063,2.89,NA,NA,NA
6,3,18,61,2000,23,TRUE,TRUE,TRUE,0.000583790789217269,0.000560601818479698,0.000559332379333713,4.44089209850063e-16,3.33066907387547e-16,5.32907051820075e-14,0.00195175022086507,0.0872849233790905,0.000359893277206534,4.6250703213957e-06,0.0323664862748214,1.44747327006629,0.0059682231325394,0.00128306260925726,6.2448015158145e-08,0.019999999999996,0.0300000000000011,2.64,NA,NA,NA
6,3,18,61,2000,24,TRUE,TRUE,TRUE,0.000517530236089377,0.0005333987873485,0.00053775808706095,2.22044604925031e-16,4.44089209850063e-16,3.46389583683049e-14,0.00344615799455702,0.154116870740677,0.000645625083907962,1.9167595336711e-05,0.0398120122075544,1.78044731234286,0.00745863473544869,0.00194991139945344,1.94688605302447e-07,0,0.0500000000000114,2.84999999999999,NA,NA,NA
6,3,18,61,2000,25,TRUE,TRUE,TRUE,0.000796982612901581,0.000804452120623057,0.000795903713994234,1.11022302462516e-16,4.44089209850063e-16,1.33226762955019e-15,0.00677308902641034,0.302901749614228,0.00126149518790198,4.23139407637052e-05,0.0807323357958627,3.61045981643777,0.0150364852311033,0.00602952237865395,7.52044835404594e-07,0,0.0499999999999972,2.81,NA,NA,NA
6,3,18,61,2000,26,TRUE,TRUE,TRUE,0.000556298469756825,0.00052526896939162,0.000523639260433314,2.22044604925031e-16,2.22044604925031e-16,8.88178419700125e-15,0.00600178369894324,0.268407926741744,0.00112301516813311,3.4816678923022e-05,0.0712897187021719,3.18817314229789,0.0133392736976806,0.00436195943384732,5.90514878178701e-07,0,0.0300000000000011,2.75,NA,NA,NA
6,3,18,61,2000,27,TRUE,TRUE,TRUE,0.000574838477586229,0.000500407996360522,0.000502693640811609,4.44089209850063e-16,3.33066907387547e-16,2.96362934193439e-12,0.00359989754513744,0.160992312459239,0.000680634662969358,1.67893815188336e-05,0.0754079941870296,3.37234802098214,0.0142574320699798,0.0048266594123767,2.12446923532567e-07,0,0.0400000000000063,2.90000000000001,NA,NA,NA
6,3,18,61,2000,28,TRUE,TRUE,TRUE,0.000495132270304665,0.000369195519119227,0.000370794433720309,5.55111512312578e-16,5.55111512312578e-16,5.55111512312578e-15,0.00606855234272516,0.271393911266981,0.00114595568611233,4.32427067771357e-05,0.0844167578884868,3.77523218157596,0.0159408468844216,0.00651550333957829,6.03726680924509e-07,0,0.039999999999992,2.69000000000001,NA,NA,NA
6,3,18,61,2000,29,TRUE,TRUE,TRUE,0.000496168564546277,0.000415846945362609,0.000412464097838184,4.44089209850063e-16,4.44089209850063e-16,1.79856129989275e-14,0.00373100609001643,0.166855664834849,0.000702009431996425,1.22257648840218e-05,0.0568193324269543,2.54103779485656,0.0106908716633284,0.00339307579193004,2.28203384323602e-07,0.0100000000000051,0.0499999999999972,3.02,NA,NA,NA
6,3,18,61,2000,30,TRUE,TRUE,TRUE,0.000696080316754599,0.000638703352157336,0.000630367471424288,2.22044604925031e-16,2.22044604925031e-16,7.23865412055602e-14,0.0049985868323287,0.223543598970446,0.000938368425977327,2.779578218437e-05,0.0737320178047598,3.29739607859335,0.013841471562344,0.00512866162191017,4.09604431480817e-07,0,0.0300000000000011,2.98,NA,NA,NA
6,3,18,61,2000,31,TRUE,TRUE,TRUE,0.000723810384008176,0.000716067499207456,0.000728225189819184,2.22044604925031e-16,4.44089209850063e-16,2.66897615119888e-12,0.00527235665980084,0.235786957858768,0.00099232635433569,2.9305664678958e-05,0.0732589490083535,3.27623979885738,0.0137882906037449,0.00469807503948871,4.55700733576169e-07,0.00999999999999091,0.0300000000000011,2.75,NA,NA,NA
6,3,18,61,2000,32,TRUE,TRUE,TRUE,0.000598061194442864,0.000548505427468459,0.000548564802534713,4.44089209850063e-16,4.44089209850063e-16,1.69952940609619e-12,0.00155920663794086,0.0697298406680932,0.000290794429542162,2.55459718800921e-06,0.0349316910759686,1.56219271629777,0.00651481396512924,0.00123011381132088,3.98545137671939e-08,0,0.0499999999999972,2.92,NA,NA,NA
6,3,18,61,2000,33,TRUE,TRUE,TRUE,0.000756585337990271,0.000653347853894804,0.000658107191528933,4.44089209850063e-16,4.44089209850063e-16,1.99840144432528e-15,0.00241695101511053,0.108089335361485,0.000454122142202088,6.46134679271881e-06,0.0353866860957622,1.58254071217142,0.00664882225364649,0.00144770305540831,9.57647903187513e-08,0.0200000000000102,0.0300000000000011,2.61,NA,NA,NA
6,3,18,61,2000,34,TRUE,TRUE,TRUE,0.00042983177643198,0.000367887138742492,0.000368610182003382,4.44089209850063e-16,5.55111512312578e-16,2.68984834406183e-12,0.00217723472807851,0.0973688970991362,0.000410590449473714,1.07649308347391e-05,0.0358916994041493,1.60512559391333,0.00676858071418458,0.00189246198534221,7.77106731336243e-08,0.0100000000000051,0.0499999999999972,2.97,NA,NA,NA
6,3,18,61,2000,35,TRUE,TRUE,TRUE,0.00042092401492045,0.000438249519055923,0.000436021331704765,2.22044604925031e-16,7.7715611723761e-16,6.21724893790088e-15,0.00254808690491052,0.113953910639139,0.000474268848237473,1.01487281867207e-05,0.0355769152283381,1.59104801760623,0.0066218395364261,0.00149887437071783,1.0643847336027e-07,0.0200000000000102,0.0300000000000011,2.85999999999999,NA,NA,NA
6,3,18,61,2000,36,TRUE,TRUE,TRUE,0.00100555248417727,0.000866145621286453,0.000872615320794484,3.33066907387547e-16,2.22044604925031e-16,3.50830475781549e-14,0.00440459609147829,0.196979525479507,0.000814185769270797,1.82118304294931e-05,0.0680212897174768,3.04200455450971,0.0125736764382471,0.00428963921682524,3.18040438181406e-07,0.0200000000000102,0.039999999999992,2.86000000000001,NA,NA,NA
6,3,18,61,2000,37,TRUE,TRUE,TRUE,0.000353097488313273,0.000267950635266459,0.000273447623560975,2.22044604925031e-16,4.44089209850063e-16,2.35367281220533e-14,0.00621222628214517,0.277819205169748,0.00116828417438905,2.65167399540189e-05,0.0549354357490087,2.45678737416711,0.0103312721211068,0.00257908508692495,6.32651727550413e-07,0,0.0400000000000205,2.79999999999998,NA,NA,NA
6,3,18,61,2000,38,TRUE,TRUE,TRUE,0.000562975751082928,0.000485123327972174,0.000484704821850129,2.22044604925031e-16,2.22044604925031e-16,1.86695103820966e-12,0.00480816744991482,0.215027785304227,0.000901301106228174,2.78014361896339e-05,0.0706385962651659,3.15905406168147,0.0132413535134529,0.00484359675699508,3.7899138076099e-07,0,0.039999999999992,2.77000000000001,NA,NA,NA
6,3,18,61,2000,39,TRUE,TRUE,TRUE,0.000433517948718743,0.000366128479210508,0.000366384524079177,4.44089209850063e-16,1.11022302462516e-16,1.70752301187349e-13,0.00293563417382774,0.131285551395005,0.000548341139410243,1.01317266612e-05,0.0580075710185954,2.59417744014452,0.0108351162656221,0.00327728326071508,1.412778361073e-07,0,0.0500000000000114,2.85999999999999,NA,NA,NA
6,3,18,61,2000,40,TRUE,TRUE,TRUE,0.00100268910952886,0.000802765622907182,0.000809541416841305,2.22044604925031e-16,2.22044604925031e-16,1.33226762955019e-14,0.00421673938630881,0.188578318223745,0.000801191481457103,2.20700652988626e-05,0.0766406813908849,3.42747546863844,0.0145619293577438,0.00465955698942366,2.91490017246689e-07,0.00999999999999091,0.0300000000000011,2.66,NA,NA,NA
6,3,18,61,2000,41,TRUE,TRUE,TRUE,0.000779542292757054,0.000702952132144121,0.000700042880156719,4.44089209850063e-16,4.44089209850063e-16,7.061018436616e-14,0.00783886660698698,0.35056477199552,0.00148362091646424,7.49225642344697e-05,0.0975808338094467,4.36394755398065,0.0184686094743181,0.00908371552350573,1.00734147019894e-06,0.00999999999999091,0.0300000000000011,2.62,NA,NA,NA
6,3,18,61,2000,42,TRUE,TRUE,TRUE,0.000659053522422553,0.000674470551930644,0.000682417846794813,2.22044604925031e-16,4.44089209850063e-16,1.33226762955019e-15,0.00789124199085595,0.352907070369094,0.00147786120920177,5.83980970105813e-05,0.0542953989408428,2.42816405794389,0.0101683694437183,0.00361679458480779,1.02084754357784e-06,0,0.0500000000000114,2.72999999999999,NA,NA,NA
6,3,18,61,2000,43,TRUE,TRUE,TRUE,0.000584440505102365,0.000538099314169265,0.000544181425462511,2.22044604925031e-16,4.44089209850063e-16,3.19744231092045e-14,0.0030386954744246,0.135894592874688,0.000559658157639838,8.31498752162929e-06,0.0484386259422999,2.16624120687335,0.00892128624985237,0.00222391294687085,1.51371642398173e-07,0.00999999999999091,0.0300000000000011,2.64000000000001,NA,NA,NA
6,3,18,61,2000,44,TRUE,TRUE,TRUE,0.000519812937226222,0.000492849660484072,0.000504054009416065,2.22044604925031e-16,4.44089209850063e-16,8.88178419700125e-16,0.00560695166912533,0.250750501574403,0.00105319480938762,3.8828959969095e-05,0.061107689422764,2.7328189499449,0.0114783049884511,0.00389571367657737,5.15375524916513e-07,0.0100000000000193,0.039999999999992,2.91999999999999,NA,NA,NA
6,3,18,61,2000,45,TRUE,TRUE,TRUE,0.000714692941801362,0.000703174943659749,0.000710715350802697,4.44089209850063e-16,2.22044604925031e-16,8.88178419700125e-16,0.00462685623426445,0.20691930123868,0.000874069679307033,1.83162016895722e-05,0.0609643177854138,2.72640717540169,0.0115169045671332,0.00292294133462079,3.50947518238554e-07,0.0199999999999818,0.0300000000000011,2.78,NA,NA,NA
6,3,18,61,2000,46,TRUE,TRUE,TRUE,0.000541946994450617,0.000490323605687228,0.00049593733535382,2.22044604925031e-16,2.22044604925031e-16,3.99680288865056e-15,0.00438197429895358,0.195967848162344,0.000829212070267456,2.29851683428706e-05,0.0577604236264853,2.58312467276012,0.0109301509290642,0.00317651097831018,3.14781946830979e-07,0,0.039999999999992,2.84999999999999,NA,NA,NA
6,3,18,61,2000,47,TRUE,TRUE,TRUE,0.000709319940792571,0.000703356222816651,0.000707464713340071,4.44089209850063e-16,5.55111512312578e-16,3.10862446895044e-15,0.00747904055382702,0.334472861696698,0.00137649374247949,2.47766185594855e-05,0.0588227041473836,2.63063130187817,0.0108261325221942,0.00353720497879095,9.16984386980151e-07,0.0199999999999818,0.0300000000000011,2.86000000000001,NA,NA,NA
6,3,18,61,2000,48,TRUE,TRUE,TRUE,0.000590691736460683,0.000413535939034227,0.000416864562711638,4.44089209850063e-16,4.44089209850063e-16,6.66133814775094e-15,0.00902640338660677,0.403673031295741,0.00169877572602654,6.21568183127863e-05,0.0811295969271856,3.6282258743269,0.015268649540604,0.00557915932296993,1.33567144422535e-06,0.0200000000000102,0.0300000000000011,2.73999999999998,NA,NA,NA
6,3,18,61,2000,49,TRUE,TRUE,TRUE,0.000747119125073915,0.000852782862438208,0.000872406222531062,4.44089209850063e-16,4.44089209850063e-16,2.24449347996369e-11,0.00929056197380964,0.415486562452259,0.00175519062126002,3.8433080590039e-05,0.0627011623980497,2.80408122780586,0.011845622739873,0.0032516323183529,1.4149924883475e-06,0,0.0300000000000011,2.76000000000002,NA,NA,NA
6,3,18,61,2000,50,TRUE,TRUE,TRUE,0.00053831460257111,0.000433743720086109,0.000435134100033309,2.22044604925031e-16,2.22044604925031e-16,5.32907051820075e-14,0.00363494044864054,0.162559478746476,0.000685974222617774,1.52008113722957e-05,0.053995564550248,2.41475505635665,0.0101898685660771,0.00273048732577053,2.1660314860923e-07,0.0200000000000102,0.0300000000000011,2.78999999999999,NA,NA,NA
6,3,18,61,2000,51,TRUE,TRUE,TRUE,0.000812681130184941,0.00077206621219657,0.000760978882514571,3.33066907387547e-16,2.22044604925031e-16,5.52669021658403e-13,0.00474341005352384,0.212131746496704,0.000872314878257171,2.03777582186149e-05,0.0568398000848279,2.54195313634347,0.0104528604383094,0.00340055216639357,3.68851457965099e-07,0,0.039999999999992,2.84,NA,NA,NA
6,3,18,61,2000,52,TRUE,TRUE,TRUE,0.000667221758551866,0.000648640766121172,0.000650904090176636,2.22044604925031e-16,2.22044604925031e-16,1.61204383175573e-13,0.00460011347897821,0.205723328864166,0.000844099648797069,2.20083479689492e-05,0.0512614430338294,2.29248142496751,0.00940623883724225,0.00265827659535489,3.46902360975032e-07,0,0.039999999999992,2.72,NA,NA,NA
6,3,18,61,2000,53,TRUE,TRUE,TRUE,0.00099180648300118,0.00103005127666948,0.00103424185541105,2.22044604925031e-16,4.44089209850063e-16,6.66133814775094e-15,0.00499279067092806,0.223284386752438,0.000933732750172626,2.94404616383304e-05,0.0620613569506191,2.77546825834927,0.0116064792866982,0.00388773151150801,4.08655060388627e-07,0.00999999999999091,0.0300000000000011,2.91,NA,NA,NA
6,3,18,61,2000,54,TRUE,TRUE,TRUE,0.000842400072654586,0.000789655496288327,0.000789181699747377,2.22044604925031e-16,4.44089209850063e-16,4.21884749357559e-14,0.00848984336804323,0.379677337785409,0.0015598026104817,6.25102922739984e-05,0.0629819286555179,2.8166374765556,0.0115714003746917,0.00442741220541265,1.18159738383455e-06,0.0200000000000102,0.0300000000000011,2.77000000000001,NA,NA,NA
6,3,18,61,2000,55,TRUE,TRUE,TRUE,0.000432710525667715,0.000455968905655046,0.000453181459924289,4.44089209850063e-16,4.44089209850063e-16,1.04360964314765e-14,0.00341853783171725,0.15288165950749,0.000638117616195623,1.44599803206802e-05,0.0467191668479193,2.08934465848204,0.00872078205572004,0.00239603588589432,1.91580342735771e-07,0.0200000000000102,0.0300000000000011,2.84,NA,NA,NA
6,3,18,61,2000,56,TRUE,TRUE,TRUE,0.000782942750458092,0.000756967249463622,0.000763464989043994,3.33066907387547e-16,2.22044604925031e-16,2.33590924381133e-12,0.00458296430502121,0.20495639448965,0.000855078940539429,2.62878561443358e-05,0.0407551083804741,1.82262385538223,0.00760399439667555,0.00191497565240439,3.4432068559178e-07,0,0.0500000000000114,2.84,NA,NA,NA
6,3,18,61,2000,57,TRUE,TRUE,TRUE,0.000392994197851153,0.000401039389969729,0.000402119224572267,4.44089209850063e-16,4.44089209850063e-16,7.90478793533111e-14,0.00443809238839406,0.19847752541747,0.000840157153902809,1.17336879377206e-05,0.0508833208799154,2.27557128816851,0.00963251377176994,0.00241275875728419,3.22896131933136e-07,0,0.0300000000000011,2.63,NA,NA,NA
6,3,18,61,2000,58,TRUE,TRUE,TRUE,0.00109168605295564,0.000962908364369751,0.00097044900440355,6.66133814775094e-16,4.44089209850063e-16,6.66133814775094e-16,0.00330286743903318,0.147708722286977,0.000634006840128901,1.6682967984849e-05,0.0587521482443052,2.62747594596823,0.0112778561497643,0.00327328342386224,1.78834972456158e-07,0.0200000000000102,0.0300000000000011,2.63999999999999,NA,NA,NA
6,3,18,61,2000,59,TRUE,TRUE,TRUE,0.00118166916565816,0.00109778966643728,0.0010929907929415,2.22044604925031e-16,4.44089209850063e-16,2.22044604925031e-15,0.00510312574065202,0.228218721076537,0.000979874760769149,3.3021060129812e-05,0.0549985536845514,2.45961009405657,0.0105605265033923,0.002971744703963,4.26916267621397e-07,0,0.0300000000000011,2.81999999999999,NA,NA,NA
6,3,18,61,2000,60,TRUE,TRUE,TRUE,0.000756993649042912,0.000609876121642329,0.000615788960187352,1.11022302462516e-16,4.44089209850063e-16,4.18776124888609e-13,0.00452971642415254,0.202575076864047,0.000845938223052458,1.83019765351844e-05,0.0673255439790714,3.01088985918711,0.0125732486775596,0.00417615207102884,3.3636608005307e-07,0.0199999999999818,0.0300000000000011,2.56,NA,NA,NA
6,3,18,61,2000,61,TRUE,TRUE,TRUE,0.000785078364081694,0.000650871783061381,0.00063863042138805,2.22044604925031e-16,2.22044604925031e-16,3.10862446895044e-15,0.0104531350724553,0.467478411999943,0.00197961786006712,0.000110592183940383,0.0972192704559615,4.34777794924934,0.0184114146429099,0.00864826564433585,1.79127922693433e-06,0,0.039999999999992,2.68000000000001,NA,NA,NA
6,3,18,61,2000,62,TRUE,TRUE,TRUE,0.000805545030748647,0.000642381865141593,0.000641433392193425,4.44089209850063e-16,4.44089209850063e-16,1.22124532708767e-14,0.00651196050707414,0.291223727212236,0.00120340484968168,5.05632730209982e-05,0.0614363377421652,2.74751654960235,0.0113533837782474,0.00469776157580171,6.95174256486776e-07,0,0.0500000000000114,2.94999999999999,NA,NA,NA
6,3,18,61,2000,63,TRUE,TRUE,TRUE,0.00057299832757413,0.000432974063463606,0.000437611828102731,4.44089209850063e-16,3.33066907387547e-16,1.99840144432528e-15,0.00604210818504167,0.270211292583221,0.00113440321155017,2.68156739657854e-05,0.0543837790850462,2.43211653814989,0.0102105311194268,0.00327130684804544,5.98476579012254e-07,0.00999999999999091,0.0300000000000011,2.64000000000001,NA,NA,NA
6,3,18,61,2000,64,TRUE,TRUE,TRUE,0.000597911691159311,0.00055134392226447,0.000557348138336904,2.22044604925031e-16,3.33066907387547e-16,1.33226762955019e-15,0.0037063893283656,0.165754769786105,0.00069321767524263,1.72387890984282e-05,0.0621489884663114,2.77938725887045,0.0116239211497772,0.00356265614424345,2.25201997597088e-07,0.0200000000000102,0.0300000000000011,2.75999999999999,NA,NA,NA
6,3,18,61,2000,65,TRUE,TRUE,TRUE,0.000628018482276139,0.000490752452063353,0.000472156168598904,2.22044604925031e-16,6.66133814775094e-16,1.36557432028894e-13,0.0110366521075414,0.493574087129579,0.00206302726077843,5.49815110488794e-05,0.0824670536375769,3.68803875675486,0.0154151619633046,0.00582004092598609,1.9968473728344e-06,0.00999999999999091,0.0300000000000011,2.74000000000001,NA,NA,NA
6,3,18,61,2000,66,TRUE,TRUE,TRUE,0.000883583739841602,0.0008574271290668,0.000859119924463689,4.44089209850063e-16,4.44089209850063e-16,5.55111512312578e-15,0.00170194116129022,0.0761131226069975,0.000327082066837035,3.30650001600929e-06,0.0335741647877398,1.50148229506332,0.00645234245511529,0.00130050684289174,4.74853068277691e-08,0.0200000000000102,0.0300000000000011,2.72,NA,NA,NA
6,3,18,61,2000,67,TRUE,TRUE,TRUE,0.000396376859511338,0.000338605102558366,0.000342393464071292,2.22044604925031e-16,2.22044604925031e-16,1.46549439250521e-14,0.00258990518664694,0.115824081052437,0.000484518270612323,5.87509163807454e-06,0.0292701844391181,1.30900244239649,0.00547585263663882,0.0010133991872614,1.09960801242963e-07,0,0.0300000000000011,2.84999999999999,NA,NA,NA
6,3,18,61,2000,68,TRUE,TRUE,TRUE,0.000631646727303094,0.000577909452418967,0.00058161716060108,4.44089209850063e-16,2.22044604925031e-16,2.96784818942797e-12,0.00320214508749035,0.143204281788909,0.000604347577625781,1.07515462524077e-05,0.0492509845943731,2.20257099023626,0.00929524191504446,0.00249009238609688,1.68093986251452e-07,0.0200000000000102,0.0300000000000011,2.82999999999998,NA,NA,NA
6,3,18,61,2000,69,TRUE,TRUE,TRUE,0.000907163899014173,0.000854098626836691,0.000855119298484808,2.22044604925031e-16,4.44089209850063e-16,8.88178419700125e-16,0.00674156051391286,0.301491751670752,0.00127822451805141,5.06398851314316e-05,0.0963615126408655,4.30941785359361,0.0182704950582109,0.00769330277805835,7.4505964201228e-07,0,0.0499999999999829,2.77000000000001,NA,NA,NA
6,3,18,61,2000,70,TRUE,TRUE,TRUE,0.000497518848559623,0.000484544046435114,0.000488057748434938,4.44089209850063e-16,4.44089209850063e-16,6.66133814775094e-16,0.00448616686203974,0.200627481238556,0.000829521873231193,2.03478108957711e-05,0.0783087647544161,3.50207442449828,0.014479807645846,0.00495969748967795,3.29929395312517e-07,0,0.0300000000000011,2.63999999999999,NA,NA,NA
6,3,18,61,2000,71,TRUE,TRUE,TRUE,0.000552864050866972,0.000385240900147856,0.000371666228048574,2.22044604925031e-16,2.22044604925031e-16,1.99840144432528e-14,0.00819036060024406,0.366284061247634,0.00152719927116465,6.32628037351424e-05,0.0897582914397288,4.01411282406942,0.0167366009823369,0.0065445298700233,1.09970502888574e-06,0.0199999999999818,0.0300000000000011,2.86000000000001,NA,NA,NA
6,3,18,61,2000,72,TRUE,TRUE,TRUE,0.000694007863486616,0.000583807232644338,0.00057452878929781,4.44089209850063e-16,2.22044604925031e-16,5.62188073871539e-11,0.00861692607190548,0.385360649077418,0.00157799355710911,7.07506855732731e-05,0.095457590080804,4.26899320777975,0.0174808813337494,0.00856267267361943,1.2172363103063e-06,0.0100000000000193,0.0300000000000011,2.81,NA,NA,NA
6,3,18,61,2000,73,TRUE,TRUE,TRUE,0.000662331514822064,0.000472284512875933,0.000473259931609665,4.44089209850063e-16,4.44089209850063e-16,6.95887791835048e-13,0.0149294200805871,0.667663963296863,0.00275051302684997,0.000190499849086478,0.113533371771755,5.077366739928,0.0209167547268944,0.00958202410298981,3.65389481873176e-06,0.00999999999999091,0.0300000000000011,2.81,NA,NA,NA
6,3,18,61,2000,74,TRUE,TRUE,TRUE,0.000730830935817684,0.000701270542812963,0.000691731838909839,4.44089209850063e-16,2.22044604925031e-16,1.06137321154165e-13,0.00453106654312374,0.202635456019993,0.000866409863262993,1.29371598625028e-05,0.0499594796687263,2.23425585319581,0.00955302367257451,0.00223877856167576,3.36566623249431e-07,0.0100000000000193,0.0300000000000011,2.61000000000001,NA,NA,NA
6,3,18,61,2000,75,TRUE,TRUE,TRUE,0.000825443960232736,0.00082239257424353,0.000812512040902202,3.33066907387547e-16,4.44089209850063e-16,4.88942220044919e-13,0.00600464645951396,0.268535953286533,0.0011397804508927,2.08797246337156e-05,0.0598936935078199,2.67852740214046,0.0113688060491571,0.00332980987626641,5.91078345963174e-07,0.0200000000000102,0.0300000000000011,2.85999999999999,NA,NA,NA
6,3,18,61,2000,76,TRUE,TRUE,TRUE,0.000619389830280189,0.000572202602508464,0.000569678137908582,4.44089209850063e-16,2.22044604925031e-16,9.56550749720009e-09,0.0022157992173012,0.0990935534875262,0.000420841937667425,6.69128098707006e-06,0.033768665225602,1.51018061907759,0.006413609317587,0.00151168947218139,8.04879700228296e-08,0,0.039999999999992,2.5,NA,NA,NA
6,3,18,61,2000,77,TRUE,TRUE,TRUE,0.00085720233439729,0.000791244934079222,0.000787781728062493,4.44089209850063e-16,2.22044604925031e-16,1.11022302462516e-15,0.00669081945734972,0.299222542636245,0.00124941213972941,5.84994571255493e-05,0.0561731781999891,2.5121408993477,0.0104895149566702,0.0038666700320249,7.33886311653273e-07,0.00999999999999091,0.039999999999992,2.89000000000001,NA,NA,NA
6,3,18,61,2000,78,TRUE,TRUE,TRUE,0.000826285586215826,0.000684226161955019,0.000685270808547584,2.22044604925031e-16,2.22044604925031e-16,5.83977310952832e-14,0.00585623902854367,0.261898971206219,0.00108509366646344,3.50825248709441e-05,0.0602374998095043,2.69390288737364,0.0111613151731514,0.00336149144451525,5.62221894417017e-07,0,0.0300000000000011,2.84,NA,NA,NA
6,3,18,61,2000,79,TRUE,TRUE,TRUE,0.000458973895164784,0.00047376243480152,0.000479937339916869,2.22044604925031e-16,2.22044604925031e-16,1.73194791841524e-14,0.00593722165683035,0.265520624443132,0.00110330821965834,3.8562573198675e-05,0.0650354204741237,2.90847242250845,0.0120854699597562,0.00429266779768511,5.77878704956318e-07,0.0100000000000193,0.039999999999992,2.86000000000001,NA,NA,NA
6,3,18,61,2000,80,TRUE,TRUE,TRUE,0.000577337441099062,0.000470430563880729,0.000472026568192703,4.44089209850063e-16,6.66133814775094e-16,9.10382880192628e-14,0.00280823444536841,0.125588062332004,0.00052442464635631,9.44362501442697e-06,0.0577647336453242,2.58331742266228,0.0107872937972746,0.0033244047138794,1.29281650822191e-07,0.0199999999999818,0.0400000000000205,2.86000000000001,NA,NA,NA
6,3,18,61,2000,81,TRUE,TRUE,TRUE,0.000915144798695878,0.000826888538723997,0.000826458643165468,2.22044604925031e-16,3.33066907387547e-16,1.33226762955019e-15,0.00179134349910449,0.0801113167009995,0.000327895167969602,3.56799324308099e-06,0.0360021559658271,1.61006536152278,0.00658998845480169,0.00141263221653176,5.2605107078425e-08,0.00999999999999091,0.0300000000000296,2.76999999999998,NA,NA,NA
6,3,18,61,2000,82,TRUE,TRUE,TRUE,0.000674360327443085,0.000617326913183615,0.000625160333303016,2.22044604925031e-16,5.55111512312578e-16,4.44089209850063e-16,0.00494283482326243,0.221050293327359,0.0009129723562879,2.06356581742284e-05,0.0594993567174143,2.66089212475294,0.0109899015124398,0.00358375584231396,4.00518296558291e-07,0,0.0400000000000205,2.69,NA,NA,NA
6,3,18,61,2000,83,TRUE,TRUE,TRUE,0.00105627029363635,0.000675526529562323,0.000684534395267767,4.44089209850063e-16,3.33066907387547e-16,8.49764703048095e-12,0.005939678102002,0.265630480010868,0.00110175184410063,4.08084253002983e-05,0.0824492869183402,3.68724420491586,0.0152935314586232,0.00644670290276039,5.78356982875445e-07,0,0.0400000000000205,2.84999999999997,NA,NA,NA
6,3,18,61,2000,84,TRUE,TRUE,TRUE,0.000943724142550782,0.000789628789823031,0.000807043050645342,0,1.11022302462516e-16,1.27897692436818e-13,0.0111049048666608,0.496626443310434,0.00206227265384751,6.53957173959441e-05,0.105280383306266,4.70828187540089,0.0195514376832643,0.00923461012736837,2.02162150979649e-06,0.0100000000000477,0.0499999999999545,2.72000000000003,NA,NA,NA
6,3,18,61,2000,85,TRUE,TRUE,TRUE,0.00188854887677909,0.00182902752943014,0.00183301730156158,4.44089209850063e-16,2.22044604925031e-16,9.85658354935026e-09,0.00498903406676772,0.223116386307097,0.00089443253482515,1.46341473516998e-05,0.0516374779615721,2.30929821817445,0.00925755159957642,0.002425210098977,4.08040342940472e-07,0,0.0500000000000114,2.88,NA,NA,NA
6,3,18,61,2000,86,TRUE,TRUE,TRUE,0.000784361535176709,0.000750203336379361,0.000756635292763297,2.22044604925031e-16,4.44089209850063e-16,4.13002965160558e-14,0.00432188836592687,0.193280723547559,0.000805512806760439,1.17791339988571e-05,0.0545370730762726,2.43897205384838,0.0101646102552087,0.00282712534924912,3.06208508975967e-07,0.0199999999999818,0.0300000000000296,2.94,NA,NA,NA
6,3,18,61,2000,87,TRUE,TRUE,TRUE,0.000640471960611115,0.000357812981641711,0.000365492769227045,0,4.44089209850063e-16,4.44089209850063e-15,0.0114362106980408,0.51144289051659,0.00212247308239158,0.000136929177259049,0.118338320528318,5.29225058088954,0.0219626855930357,0.0127323517177445,2.1440477890161e-06,0.0199999999999818,0.0300000000000296,2.69999999999999,NA,NA,NA
6,3,18,61,2000,88,TRUE,TRUE,TRUE,0.000451950452368659,0.000365511026519659,0.000364144268109165,6.66133814775094e-16,2.22044604925031e-16,9.32587340685131e-15,0.00639689707139259,0.286077933934063,0.00120604906852568,3.81089600267615e-05,0.0821302606632099,3.67297691705429,0.0154845581013971,0.0060466568533144,6.70824461344116e-07,0.0100000000000477,0.0299999999999727,2.82999999999998,NA,NA,NA
6,3,18,61,2000,89,TRUE,TRUE,TRUE,0.000766294992897175,0.000690189209926939,0.000689279389222839,5.55111512312578e-16,3.33066907387547e-16,5.99520433297585e-15,0.00233425716464911,0.104391153942427,0.000426267877903722,4.73010630130943e-06,0.0483891685059716,2.16402940308089,0.00883653630154618,0.00222632230667941,8.93238772248478e-08,0.00999999999999091,0.0299999999999727,2.77000000000004,NA,NA,NA
6,3,18,61,2000,90,TRUE,TRUE,TRUE,0.000459598540765546,0.000454992000431766,0.000458161966655503,2.22044604925031e-16,5.55111512312578e-16,5.99520433297585e-15,0.0037542450428448,0.167894942399851,0.000710518796796814,1.7458604062881e-05,0.0475632815183804,2.12709461416116,0.00900170478231218,0.00229682995648517,2.31055013798766e-07,0,0.0400000000000205,2.95999999999998,NA,NA,NA
6,3,18,61,2000,91,TRUE,TRUE,TRUE,0.000261138715303775,0.000226249092551382,0.000228147886595901,4.44089209850063e-16,2.22044604925031e-16,8.88178419700125e-16,0.00287953257326309,0.128776611544823,0.000539861899728246,7.83711482199578e-06,0.0424676520678756,1.89921113737159,0.00796194060634674,0.00175399130473863,1.35929636729232e-07,0,0.0300000000000296,2.71999999999997,NA,NA,NA
6,3,18,61,2000,92,TRUE,TRUE,TRUE,0.000391345268211403,0.000334601142471558,0.000331660477447643,4.44089209850063e-16,2.22044604925031e-16,1.75415237890775e-14,0.00424037915239727,0.189635520702665,0.000792595974652976,1.36004374482468e-05,0.0514595001097648,2.30133880667184,0.00961861927407967,0.00315919555536581,2.94767464853859e-07,0,0.0299999999999727,2.53000000000003,NA,NA,NA
6,3,18,61,2000,93,TRUE,TRUE,TRUE,0.000624143111183516,0.000523707164102167,0.000507050662933486,4.44089209850063e-16,4.44089209850063e-16,6.21724893790088e-15,0.00684675448367643,0.30619616901504,0.00126653343019659,3.0808939392557e-05,0.0671991447247141,3.00523711268614,0.0124307017985503,0.00426712812913621,7.68492573110546e-07,0.00999999999999091,0.0500000000000114,2.57999999999998,NA,NA,NA
6,3,18,61,2000,94,TRUE,TRUE,TRUE,0.000592081594675384,0.000519951844509547,0.0005196672921616,2.22044604925031e-16,4.44089209850063e-16,5.50670620214078e-14,0.00576515402136866,0.257825525850732,0.00107595126889628,2.62505666128732e-05,0.0657420756252211,2.94007500159853,0.0122694501181843,0.00382149694127065,5.44868867050873e-07,0.0199999999999818,0.0299999999999727,2.70000000000005,NA,NA,NA
6,3,18,61,2000,95,TRUE,TRUE,TRUE,0.00099944627530255,0.000978699630056946,0.000981431780293625,4.44089209850063e-16,2.22044604925031e-16,3.10862446895044e-15,0.00210784854849649,0.0942658528142483,0.000386484185809074,8.36621627442469e-06,0.0282441804565862,1.26311814939395,0.00517870655147141,0.00107580345643754,7.28364836622748e-08,0,0.0400000000000205,2.84999999999997,NA,NA,NA
6,3,18,61,2000,96,TRUE,TRUE,TRUE,0.000681864744798315,0.000479162808922915,0.000501186061124374,4.44089209850063e-16,2.22044604925031e-16,3.77475828372553e-14,0.0135635749622811,0.606581512671496,0.00252660291010257,0.000136159089478838,0.127586706654425,5.70585098209238,0.0237666651469045,0.0137187036097899,3.01591091405607e-06,0.0200000000000387,0.0299999999999727,2.82999999999998,NA,NA,NA
6,3,18,61,2000,97,TRUE,TRUE,TRUE,0.000956673735357572,0.000888936607160887,0.000866306599467689,4.44089209850063e-16,4.44089209850063e-16,1.45169432030912e-10,0.00885913174260299,0.396192415961729,0.00162287617952672,3.64351468569168e-05,0.0755621217277457,3.37924081414707,0.0138419848569072,0.00437856867940312,1.28662647922616e-06,0.0199999999999818,0.0299999999999727,2.85000000000002,NA,NA,NA
6,3,18,61,2000,98,TRUE,TRUE,TRUE,0.00090223555169245,0.000714072804459504,0.000708235361896047,2.22044604925031e-16,2.22044604925031e-16,3.5527136788005e-14,0.00880252878236507,0.393661054625335,0.00162900534299321,6.69951762404253e-05,0.0879767803162991,3.93444122457621,0.0162810765790061,0.00636608886837919,1.27023791744861e-06,0.0199999999999818,0.0300000000000296,2.81999999999999,NA,NA,NA
6,3,18,61,2000,99,TRUE,TRUE,TRUE,0.000698866199814951,0.000623358767508699,0.000625193022798524,2.22044604925031e-16,2.22044604925031e-16,1.86073378927176e-13,0.00678547941231961,0.30345586451744,0.00128148971990301,2.74222982348249e-05,0.0683912076143414,3.05854778577937,0.0129162029922909,0.00442887488064514,7.54798866475628e-07,0,0.0500000000000114,2.75999999999999,NA,NA,NA
6,3,18,61,2000,100,TRUE,TRUE,TRUE,0.000718096103770764,0.000671457815433475,0.000670467155599821,5.55111512312578e-16,3.33066907387547e-16,4.72955008490317e-14,0.00273506379033571,0.122315771159778,0.000506259250066347,9.89769034021037e-06,0.0492162528923612,2.2010177413028,0.00910990938068914,0.00229274734977025,1.2263235962632e-07,0,0.0499999999999545,2.62,NA,NA,NA
6,3,18,61,2000,101,TRUE,TRUE,TRUE,0.000455724004636898,0.000376196243365826,0.0003719564933395,4.44089209850063e-16,4.44089209850063e-16,1.11022302462516e-15,0.00506104215755314,0.226336686025621,0.00094660655470983,2.99926366871262e-05,0.071917964676066,3.21626915638225,0.0134513830638921,0.0045456262016863,4.19904060992298e-07,0.00999999999999091,0.0500000000000114,2.54999999999995,NA,NA,NA
6,3,18,61,2000,102,TRUE,TRUE,TRUE,0.000547695832473968,0.000528070094296957,0.000525154800102479,4.44089209850063e-16,4.44089209850063e-16,2.06501482580279e-14,0.00423864545543366,0.189557987417404,0.000787606406872989,2.08194058330946e-05,0.0499719059271062,2.23481157236468,0.00928555919235674,0.00283326602862743,2.94526480276531e-07,0.0199999999999818,0.0400000000000205,2.59999999999997,NA,NA,NA
6,3,18,61,2000,103,TRUE,TRUE,TRUE,0.000669162921782561,0.000577519820369055,0.000589140506243313,4.44089209850063e-16,4.44089209850063e-16,1.68531855138099e-12,0.00593422537934412,0.265386626840359,0.00112313481279136,1.48973242346528e-05,0.0515600317222989,2.30583471706212,0.009758454199854,0.00266548895428897,5.77295587751671e-07,0,0.0500000000000114,2.56,NA,NA,NA
6,3,18,61,2000,104,TRUE,TRUE,TRUE,0.000560255013738407,0.000551613294869429,0.000561035018797817,4.44089209850063e-16,4.44089209850063e-16,2.22510898595374e-12,0.00688536280150246,0.307922785478158,0.0012885282859366,5.42042432165601e-05,0.0560414268245134,2.50624879871384,0.0104876047536485,0.00387762029924232,7.77183949316619e-07,0.0100000000000477,0.0399999999999636,2.75,NA,NA,NA
6,3,18,61,2000,105,TRUE,TRUE,TRUE,0.000557372600063493,0.00051503761773316,0.000507363603406306,2.22044604925031e-16,2.22044604925031e-16,1.66711089377714e-12,0.00386713844040043,0.172943688622757,0.000718696170589018,9.43588780444315e-06,0.0608127823029953,2.71963030260788,0.0113018746128729,0.00302088746455809,2.45159995364306e-07,0,0.0500000000000114,2.88999999999999,NA,NA,NA
6,3,18,61,2000,106,TRUE,TRUE,TRUE,0.000735503517194059,0.00068601280116873,0.000687343202120122,2.22044604925031e-16,2.22044604925031e-16,1.39643852037352e-12,0.00185700344527705,0.083047718761816,0.000344611533351265,5.21716949464235e-06,0.0431779180141537,1.93097519613121,0.00801269839946515,0.00182282152801605,5.65321605864072e-08,0,0.0499999999999545,2.60000000000002,NA,NA,NA
6,3,18,61,2000,107,TRUE,TRUE,TRUE,0.000490407125089733,0.000427050715405393,0.000427206707002666,4.44089209850063e-16,2.22044604925031e-16,8.88178419700125e-16,0.00627278442559222,0.280527447676524,0.0011828358653652,3.02672604135523e-05,0.0641938967824718,2.87083833892424,0.0121048067811912,0.00377204792422958,6.45046302458235e-07,0,0.0500000000000114,2.75,NA,NA,NA
6,3,18,61,2000,108,TRUE,TRUE,TRUE,0.00044823729688061,0.000350497212893057,0.000355907744758629,4.44089209850063e-16,3.33066907387547e-16,3.24185123190546e-14,0.00672633108062668,0.300810670709017,0.00125707290552371,2.63357502561234e-05,0.0640674439902702,2.86518319813809,0.0119734587847292,0.00338334261777717,7.41697209937778e-07,0,0.0500000000000114,2.77999999999997,NA,NA,NA
6,3,18,61,2000,109,TRUE,TRUE,TRUE,0.000456135751036318,0.000411486693061876,0.000412533344880245,2.22044604925031e-16,2.22044604925031e-16,5.6843418860808e-14,0.00243675293586974,0.108974904179538,0.000457322131546662,8.46474961235799e-06,0.0427499828875649,1.91183735547096,0.00802318241210877,0.00195547800807105,9.73404077126195e-08,0,0.0399999999999636,2.74000000000001,NA,NA,NA
6,3,18,61,2000,110,TRUE,TRUE,TRUE,0.000514359579401437,0.000486641913519604,0.000491706203600434,4.44089209850063e-16,2.22044604925031e-16,4.35207425653061e-14,0.00442524011772465,0.19790275439983,0.000830022062881135,1.26995822888887e-05,0.0628987786675246,2.81291889604597,0.0117976364295383,0.0033583882698025,3.21028690156061e-07,0.0200000000000387,0.0499999999999545,2.59000000000003,NA,NA,NA
6,3,18,61,2000,111,TRUE,TRUE,TRUE,0.000780055009554321,0.000706616719903291,0.000708882346554225,2.22044604925031e-16,4.44089209850063e-16,4.44089209850063e-16,0.00826527998519937,0.369634557999485,0.00152075716383163,5.81226390892198e-05,0.0702228055247886,3.1404593344835,0.0129205344232028,0.00454997520171929,1.11991562678258e-06,0,0.0400000000000205,2.82999999999998,NA,NA,NA
6,3,18,61,2000,112,TRUE,TRUE,TRUE,0.000739989725824656,0.000746460942134623,0.000739283934809838,2.22044604925031e-16,5.55111512312578e-16,7.15604242529366e-10,0.00386226920341674,0.172725929724876,0.000723750734040455,1.40326322402018e-05,0.0598590340357832,2.67697738342969,0.0112169860619827,0.00341879225243247,2.44543006551826e-07,0,0.0400000000000205,2.72000000000003,NA,NA,NA
6,3,18,61,2000,113,TRUE,TRUE,TRUE,0.000680616408623575,0.000482153451268158,0.000484333708401,2.22044604925031e-16,2.22044604925031e-16,4.86344298167296e-12,0.00557359299377434,0.24925865625992,0.0010443801246286,3.72394316450197e-05,0.0862445251695062,3.85697241932415,0.0161605032957507,0.00602831539443827,5.0926129279099e-07,0.00999999999999091,0.0500000000000114,2.69999999999999,NA,NA,NA
6,3,18,61,2000,114,TRUE,TRUE,TRUE,0.000713688371470223,0.000490506516080696,0.000488688929880213,4.44089209850063e-16,4.44089209850063e-16,1.25677246387568e-13,0.00844210157805707,0.377542260029877,0.00157142620683173,6.22849877345288e-05,0.0929415438278838,4.15647219865849,0.0173002867027987,0.00732239651551225,1.16834555826613e-06,0,0.0500000000000114,2.81,NA,NA,NA
6,3,18,61,2000,115,TRUE,TRUE,TRUE,0.00105303128865477,0.000956586721006363,0.000955923522494264,4.44089209850063e-16,4.44089209850063e-16,2.1316282072803e-14,0.00353865156687897,0.15825330904455,0.000647999149312019,1.15055873770586e-05,0.058730050198614,2.62648769132152,0.0107546679429983,0.00297237630023872,2.05279588717622e-07,0,0.0500000000000114,2.81,NA,NA,NA
6,3,18,61,2000,116,TRUE,TRUE,TRUE,0.000829814950717833,0.000792251011084487,0.000787210558594759,2.22044604925031e-16,4.44089209850063e-16,3.99680288865056e-15,0.00374025995310605,0.167269510173306,0.000690689282691925,1.65991222793593e-05,0.0507306174010321,2.26874218098483,0.00936809050241003,0.00251170978335225,2.29336795357522e-07,0.0100000000000477,0.0499999999999545,2.72000000000003,NA,NA,NA
6,3,18,61,2000,117,TRUE,TRUE,TRUE,0.000612763782960459,0.000583963259309122,0.000579500632462728,6.66133814775094e-16,4.44089209850063e-16,1.31006316905768e-14,0.00312256158009787,0.13964519914056,0.000581043996057579,7.64135851483161e-06,0.0385943605153865,1.72599227321076,0.00718161063726537,0.00180713964808987,1.59842472483661e-07,0,0.0400000000000205,2.63999999999999,NA,NA,NA
6,3,18,61,2000,118,TRUE,TRUE,TRUE,0.000643593817796512,0.000663165981373283,0.000664707794699805,3.33066907387547e-16,5.55111512312578e-16,1.99840144432528e-15,0.00119419622166579,0.0534060786023624,0.000219282853879456,2.19840419646289e-06,0.0238230603184202,1.06539964608131,0.00437448097723724,0.000738149046163983,2.33787641941124e-08,0.0100000000000477,0.0399999999999636,2.75999999999999,NA,NA,NA
6,3,18,61,2000,119,TRUE,TRUE,TRUE,0.000539950653030788,0.000503562532251464,0.000508746780105079,3.33066907387547e-16,3.33066907387547e-16,8.88178419700125e-16,0.00590558448688737,0.264105767190967,0.00110132754096817,2.65959915566327e-05,0.0726051727824874,3.24700203719519,0.0135400783071772,0.00477101405941838,5.71736526750242e-07,0,0.0399999999999636,2.85000000000002,NA,NA,NA
6,3,18,61,2000,120,TRUE,TRUE,TRUE,0.000449832288767712,0.000430583016767773,0.000438387619128803,4.44089209850063e-16,2.22044604925031e-16,1.77635683940025e-15,0.00560243104536724,0.250548333133927,0.00104282485129202,4.15484288112111e-05,0.0721078838541352,3.22476260023012,0.0134220113818896,0.00485005289140972,5.14544813411389e-07,0.00999999999999091,0.0300000000000296,2.63999999999999,NA,NA,NA
6,3,18,61,2000,121,TRUE,TRUE,TRUE,0.000693498419371186,0.000658789936165183,0.000660317340545715,3.33066907387547e-16,2.22044604925031e-16,7.86926079854311e-13,0.00389589377285448,0.174229666184415,0.000720298783583602,1.58293313603508e-05,0.0475967037555522,2.12858930204668,0.00879999553801845,0.00236161265470969,2.48819480153546e-07,0.0100000000000477,0.0299999999999727,2.88,NA,NA,NA
6,3,18,61,2000,122,TRUE,TRUE,TRUE,0.00071680552042866,0.000575245041610332,0.00056440626812169,2.22044604925031e-16,4.44089209850063e-16,4.44089209850063e-16,0.00923990041085332,0.413220908479925,0.00174825123527439,4.9614025432021e-05,0.0957528135782865,4.28219600395827,0.0181170756367252,0.00679428170088059,1.39960261643422e-06,0,0.0500000000000114,2.84000000000003,NA,NA,NA
6,3,18,61,2000,123,TRUE,TRUE,TRUE,0.000813813541214143,0.000827977613617239,0.000827719072805947,4.44089209850063e-16,4.44089209850063e-16,2.97539770599542e-14,0.00257768430787439,0.115277546738833,0.000476771242692436,1.16081041525717e-05,0.0426797405222963,1.90869602139814,0.00789409039130384,0.00231125825995093,1.08925514607572e-07,0,0.0500000000000114,2.85999999999996,NA,NA,NA
6,3,18,61,2000,124,TRUE,TRUE,TRUE,0.000639573554639475,0.000556230835059507,0.000551693232852024,2.22044604925031e-16,4.44089209850063e-16,1.22124532708767e-14,0.00702412014089159,0.31412820234318,0.00132121075664214,4.03341160506443e-05,0.0859838854657836,3.84531625742096,0.0161732476234182,0.00604024529163638,8.08823995961949e-07,0.0100000000000477,0.159999999999968,2.78000000000003,NA,NA,NA
6,3,18,61,2000,125,TRUE,TRUE,TRUE,0.00085879714541494,0.00081551986534674,0.000828121002959518,4.44089209850063e-16,2.22044604925031e-16,4.66293670342566e-15,0.00643971760949015,0.287992926614449,0.00123413475621917,4.31582891913251e-05,0.0855757530626104,3.82706402147465,0.0164000997479388,0.00664972645309803,6.79835457212747e-07,0.00999999999999091,0.0300000000000296,2.84999999999997,NA,NA,NA
6,3,18,61,2000,126,TRUE,TRUE,TRUE,0.00084262794800649,0.000762187517712034,0.000770899024239013,1.11022302462516e-16,2.22044604925031e-16,5.77315972805081e-15,0.00696129873344971,0.311318743593535,0.00131223517247552,4.196776890808e-05,0.0690070069563246,3.08608716956285,0.0130081217805284,0.00501291693827,7.94420984529977e-07,0,0.0500000000000114,2.82999999999998,NA,NA,NA
6,3,18,61,2000,127,TRUE,TRUE,TRUE,0.000532046678640288,0.000470072029847411,0.000469836469239104,4.44089209850063e-16,3.33066907387547e-16,4.27791135848565e-12,0.00657034881122606,0.293834931555728,0.00122216886387383,3.6456681208108e-05,0.0668876405268479,2.99130622145203,0.0124419561241901,0.00513345874247761,7.07696450839011e-07,0.0199999999999818,0.0299999999999727,2.86000000000001,NA,NA,NA
6,3,18,61,2000,128,TRUE,TRUE,TRUE,0.0007290904650599,0.00070873441968275,0.000708221937989434,4.44089209850063e-16,2.22044604925031e-16,7.99360577730113e-15,0.00272307540914583,0.121779634454163,0.000508261294469768,9.52191427927573e-06,0.0393493766395166,1.75975762076403,0.00734455059166085,0.00156601143944712,1.21559666949094e-07,0.0200000000000387,0.0299999999999727,2.94999999999999,NA,NA,NA
6,3,18,61,2000,129,TRUE,TRUE,TRUE,0.000475781594737522,0.000423079409203621,0.000422813829618096,2.22044604925031e-16,2.22044604925031e-16,6.66133814775094e-16,0.00209081406743981,0.0935040476621647,0.000393376602426475,5.81207551064722e-06,0.039381162382056,1.7611791223847,0.007409376136649,0.0018120406914548,7.16639912230194e-08,0,0.0499999999999545,2.73000000000002,NA,NA,NA
6,3,18,61,2000,130,TRUE,TRUE,TRUE,0.000740464178531813,0.000694752676452944,0.000691586947857599,4.44089209850063e-16,4.44089209850063e-16,2.39808173319034e-14,0.0026457531147393,0.118321676324778,0.000487345039881402,6.94697007830314e-06,0.0406508237212571,1.81796010364184,0.00748784049323511,0.00173521887136374,1.14754254822176e-07,0,0.0400000000000205,2.76999999999998,NA,NA,NA
6,3,18,61,2000,131,TRUE,TRUE,TRUE,0.000865951843879398,0.000801643733074203,0.000801375240547086,6.66133814775094e-16,2.22044604925031e-16,1.16195941757269e-12,0.00422577941376595,0.188982600541997,0.00079158799997614,1.46629206625448e-05,0.0604565811629151,2.70370050335023,0.0113249413853096,0.00375877205769015,2.92741174652592e-07,0.0199999999999818,0.0299999999999727,2.80000000000001,NA,NA,NA
6,3,18,61,2000,132,TRUE,TRUE,TRUE,0.000969431806578351,0.000880952796568607,0.000883229508434476,6.66133814775094e-16,4.44089209850063e-16,1.62092561595273e-14,0.0037311887112171,0.166863831903225,0.00068938396454697,1.77345888303648e-05,0.061947324841734,2.77036858740757,0.0114455460974375,0.00351707196121609,2.2822572456908e-07,0,0.0299999999999727,2.78000000000003,NA,NA,NA
6,3,18,61,2000,133,TRUE,TRUE,TRUE,0.000555057468357677,0.000459363764592807,0.00045309737668755,2.22044604925031e-16,2.22044604925031e-16,6.66133814775094e-15,0.00657458415371014,0.294024341829776,0.00122724274089812,4.39067091768663e-05,0.082857962842005,3.7055207478375,0.0154666563003948,0.00605903200118263,7.0860912777404e-07,0,0.0400000000000205,2.82999999999998,NA,NA,NA
6,3,18,61,2000,134,TRUE,TRUE,TRUE,0.000696323594364476,0.000633253558477453,0.000636246902992675,2.22044604925031e-16,3.33066907387547e-16,1.33226762955019e-15,0.00252612872451197,0.112971910958472,0.000467040298909861,8.22096463792832e-06,0.0369756862938951,1.65360296135714,0.00683620569748849,0.00147839210792355,1.04611907095155e-07,0.00999999999999091,0.0500000000000114,2.80000000000001,NA,NA,NA
6,3,18,61,2000,135,TRUE,TRUE,TRUE,0.00073712616026053,0.000634990692105014,0.000627679382589903,4.44089209850063e-16,4.44089209850063e-16,1.55431223447522e-14,0.00604926900125021,0.270531534019555,0.00111865539607368,3.21812628705231e-05,0.0562650891091372,2.51625128016228,0.0104047688290097,0.00305237542525916,5.99895990975192e-07,0.0199999999999818,0.0300000000000296,2.77999999999997,NA,NA,NA
6,3,18,61,2000,136,TRUE,TRUE,TRUE,0.000530501391732367,0.000485813210414072,0.000488453036900616,2.22044604925031e-16,4.44089209850063e-16,6.66133814775094e-16,0.00296048251475147,0.132396802983676,0.000546141649256578,1.16208136624607e-05,0.0383330453251496,1.7143059026323,0.00707157447834541,0.00199238215909503,1.43679618363101e-07,0.00999999999999091,0.0299999999999727,2.54000000000002,NA,NA,NA
6,3,18,61,2000,137,TRUE,TRUE,TRUE,0.000579962148675924,0.00047462352487394,0.000473298098204536,2.22044604925031e-16,4.44089209850063e-16,6.61692922676593e-14,0.00635018700493752,0.283988996257522,0.00120108017580089,3.86502895537433e-05,0.0828521028731362,3.70525868206277,0.0156707224853323,0.00533313408226022,6.61063524552087e-07,0.00999999999999091,0.0500000000000114,2.89999999999998,NA,NA,NA
6,3,18,61,2000,138,TRUE,TRUE,TRUE,0.000575141995947092,0.000517658571827401,0.00051870087902611,2.22044604925031e-16,4.44089209850063e-16,8.88178419700125e-15,0.00289203879826253,0.129335906929636,0.000545238440644431,1.64272275711141e-05,0.0357518767337246,1.59887253399603,0.00674033056960337,0.00187765417436836,1.37112924764849e-07,0.0199999999999818,0.0299999999999727,2.84000000000003,NA,NA,NA
6,3,18,61,2000,139,TRUE,TRUE,TRUE,0.000504628866350618,0.000485689537674733,0.000489473682665265,4.44089209850063e-16,2.22044604925031e-16,5.10702591327572e-15,0.00166748834912634,0.074572346006708,0.000312057400958774,2.73703998487917e-06,0.0349270437802667,1.56198488291575,0.00653632303395335,0.00146371675519319,4.55822523683948e-08,0.00999999999999091,0.0300000000000296,2.61000000000001,NA,NA,NA
6,3,18,61,2000,140,TRUE,TRUE,TRUE,0.000691752737326683,0.000622506508780321,0.000621033435009088,4.44089209850063e-16,7.7715611723761e-16,1.99840144432528e-15,0.00228074363837657,0.101997956293204,0.000429131848267691,6.43185293114357e-06,0.0460000127905997,2.05718311131281,0.00865510273799047,0.0021376506329851,8.52752712130363e-08,0,0.0400000000000205,2.67999999999995,NA,NA,NA
6,3,18,61,2000,141,TRUE,TRUE,TRUE,0.000646944123929016,0.000632816228374172,0.000634206376499504,4.44089209850063e-16,2.22044604925031e-16,3.77475828372553e-15,0.00213461612058184,0.0954629350297576,0.000403340862945849,6.63845001014352e-06,0.0409837254363366,1.83284792093672,0.00774397374068457,0.00156122730203379,7.46981308565223e-08,0,0.0499999999999545,2.72000000000003,NA,NA,NA
6,3,18,61,2000,142,TRUE,TRUE,TRUE,0.00092897679963392,0.000890724351395631,0.000891964354717128,2.22044604925031e-16,4.44089209850063e-16,3.79696274421804e-14,0.00199251817837218,0.0891081218648849,0.000374296821917198,6.18294605203573e-06,0.0426786035955187,1.90864517648693,0.00801722456691319,0.00193195869660912,6.50840769039933e-08,0,0.0500000000000114,2.96999999999997,NA,NA,NA
6,3,18,61,2000,143,TRUE,TRUE,TRUE,0.000703031678459477,0.000615744677596019,0.000619899858311267,4.44089209850063e-16,2.22044604925031e-16,7.7715611723761e-15,0.00463395905913463,0.20723694922352,0.000856231984641413,2.16432818369583e-05,0.056098352363537,2.5087945862121,0.0103654786255955,0.00299160384033925,3.52025845274359e-07,0.0100000000000477,0.0499999999999545,2.56,NA,NA,NA
6,3,18,61,2000,144,TRUE,TRUE,TRUE,0.000355862461749954,0.000339180196016065,0.000344088922130459,2.22044604925031e-16,4.44089209850063e-16,3.50830475781549e-14,0.00747756574403546,0.334406906197742,0.0013959460099352,3.21337740700756e-05,0.0544822486876629,2.43652023265326,0.010170994180627,0.00307757824585764,9.16622777973322e-07,0,0.0499999999999545,2.82000000000005,NA,NA,NA
6,3,18,61,2000,145,TRUE,TRUE,TRUE,0.000850253577336212,0.000694739437510216,0.000700360632857799,4.44089209850063e-16,2.22044604925031e-16,7.61612994892857e-14,0.0099974375960069,0.44709900130967,0.00188672441057425,8.46893497161716e-05,0.0966567944088977,4.32262325571034,0.0182411474648227,0.00749233208340172,1.63850423747627e-06,0,0.0500000000000114,2.64999999999998,NA,NA,NA
6,3,18,61,2000,146,TRUE,TRUE,TRUE,0.000645579997311614,0.000619965343650281,0.000624439402695962,2.22044604925031e-16,1.11022302462516e-16,5.19584375524573e-14,0.00291742390881388,0.130471163585819,0.000542356409962482,1.18167406064629e-05,0.0388750811228766,1.73854648043142,0.00722697492507207,0.00196756126509001,1.39530528913423e-07,0.0100000000000477,0.0399999999999636,2.85000000000002,NA,NA,NA
6,3,18,61,2000,147,TRUE,TRUE,TRUE,0.00068012077196416,0.000585101346323212,0.000581296221722177,4.44089209850063e-16,1.11022302462516e-16,2.28705943072782e-14,0.00341303423892112,0.152635531355238,0.00064670288258372,1.76349017628752e-05,0.0704466310792071,3.15046911757913,0.0133482514964855,0.0045566303639113,1.90963978951604e-07,0,0.0500000000000114,2.75,NA,NA,NA
6,3,18,61,2000,148,TRUE,TRUE,TRUE,0.000811542704068348,0.000820751037803567,0.000836329761081166,4.44089209850063e-16,8.88178419700125e-16,2.16471285341413e-12,0.00922142729068692,0.412394765430953,0.00171386445329062,5.31499759937049e-05,0.0743126739749488,3.3233638119553,0.013811511639122,0.00456050170690503,1.39401182422009e-06,0.0199999999999818,0.0300000000000296,2.78000000000003,NA,NA,NA
6,3,18,61,2000,149,TRUE,TRUE,TRUE,0.00110725350768635,0.000859653428527484,0.000851414643919328,2.22044604925031e-16,3.33066907387547e-16,1.12132525487141e-13,0.0235218018361991,1.05192695718041,0.00433609670588497,0.000338776914514227,0.134702637710903,6.02408509340212,0.0248315867857275,0.0140431119678013,9.07008461674458e-06,0.0199999999999818,0.0300000000000296,2.83999999999997,NA,NA,NA
6,3,18,61,2000,150,TRUE,TRUE,TRUE,0.000611813045744797,0.000630362076065284,0.000627959342918908,2.22044604925031e-16,2.22044604925031e-16,8.88178419700125e-16,0.00508268568314964,0.227304613915751,0.000958302776567634,3.48246622436932e-05,0.0725934918822171,3.24647965145433,0.0136869657437404,0.00530667971487375,4.23503176290072e-07,0,0.0500000000000114,2.81999999999999,NA,NA,NA
6,3,18,61,2000,151,TRUE,TRUE,TRUE,0.000730316019684991,0.000597024006585846,0.000605446797276825,3.33066907387547e-16,4.44089209850063e-16,3.38462591287225e-12,0.00696429204558859,0.311452608581943,0.00131343831259453,5.75033877225906e-05,0.083825396057763,3.74878567652002,0.0158091426996399,0.00598367915288378,7.9510432288932e-07,0.0199999999999818,0.0299999999999727,2.95000000000005,NA,NA,NA
6,3,18,61,2000,152,TRUE,TRUE,TRUE,0.000622130596455468,0.000643404744949487,0.000642568255235647,4.44089209850063e-16,2.22044604925031e-16,4.88498130835069e-15,0.00127317514839491,0.056938123581488,0.000238792981804382,3.19446889562869e-06,0.033146442606455,1.48235397760658,0.00621684917128788,0.00131976300721703,2.65733599752525e-08,0.00999999999999091,0.0500000000000114,2.69999999999999,NA,NA,NA
6,3,18,61,2000,153,TRUE,TRUE,TRUE,0.000724375305363034,0.000625151568985433,0.000634651836384683,5.55111512312578e-16,3.33066907387547e-16,1.15463194561016e-14,0.00336015451764027,0.150270678326933,0.000638902158952385,1.15899659860474e-05,0.04030344719256,1.80242495300274,0.00766332598378047,0.0018348946116582,1.85092432498661e-07,0,0.0400000000000205,2.68000000000001,NA,NA,NA
6,3,18,61,2000,154,TRUE,TRUE,TRUE,0.000685733953327003,0.00063902460603666,0.00063537680116886,2.22044604925031e-16,4.44089209850063e-16,5.50670620214078e-14,0.00299600321713468,0.133985337086424,0.000569852875212277,1.07202688681696e-05,0.0399919804408582,1.78849573641202,0.00760664905475356,0.00190172260629495,1.47148119296416e-07,0.0199999999999818,0.0300000000000296,2.46999999999997,NA,NA,NA
6,3,18,61,2000,155,TRUE,TRUE,TRUE,0.000355543329181835,0.000329277516616164,0.000331796059055503,5.55111512312578e-16,4.44089209850063e-16,3.99680288865056e-15,0.00357404415283527,0.159836113606506,0.000664177643085629,1.6460351538683e-05,0.0411971822753144,1.84239400098105,0.00765582243959718,0.00221412115813635,2.09406419777311e-07,0.0199999999999818,0.0299999999999727,2.61000000000001,NA,NA,NA
6,3,18,61,2000,156,TRUE,TRUE,TRUE,0.0006396834659467,0.000519079940372003,0.000522766556440987,2.22044604925031e-16,4.44089209850063e-16,1.66533453693773e-14,0.00665548678706649,0.297642417584647,0.00122789444654687,4.55736414188834e-05,0.0504508716013799,2.25623156849598,0.00930786087400355,0.00383713920918893,7.26155809390437e-07,0.00999999999999091,0.0400000000000205,2.79000000000002,NA,NA,NA
6,3,18,61,2000,157,TRUE,TRUE,TRUE,0.000886695012871499,0.000793557173748954,0.000791249218442046,2.22044604925031e-16,4.44089209850063e-16,1.33226762955019e-15,0.00390788845425165,0.174766084643865,0.000729459059258997,1.56040757595122e-05,0.0570655206324354,2.55204766611085,0.0106520340802902,0.00324822026097493,2.50353970014317e-07,0,0.0400000000000205,2.59999999999997,NA,NA,NA
6,3,18,61,2000,158,TRUE,TRUE,TRUE,0.00033349046494257,0.000341162814596363,0.000342977328568368,2.22044604925031e-16,2.22044604925031e-16,2.42250663973209e-13,0.00281039716124666,0.1256847819264,0.000524663526156814,8.71944891756016e-06,0.0392433017920705,1.75501380937218,0.00732619907968112,0.00169396158227642,1.29480855802349e-07,0,0.0400000000000205,2.56,NA,NA,NA
6,3,18,61,2000,159,TRUE,TRUE,TRUE,0.000867772168517175,0.000707717355089664,0.000713679040044189,2.22044604925031e-16,4.44089209850063e-16,2.70894418008538e-14,0.00527553776623005,0.235929221263156,0.000988740431501838,2.23692115319807e-05,0.0652440768649642,2.91780381998562,0.0122280342916591,0.00371770470035315,4.56250798736387e-07,0.0100000000000477,0.0399999999999636,2.52000000000004,NA,NA,NA
6,3,18,61,2000,160,TRUE,TRUE,TRUE,0.000552578849488972,0.000517623426075832,0.000514718329206879,2.22044604925031e-16,2.22044604925031e-16,4.44089209850063e-16,0.00249368635656849,0.111521044157018,0.000466067768776164,9.50270368349493e-06,0.0417761642187951,1.8682868606484,0.00780792804764486,0.00163870318705506,1.01942158113702e-07,0.0199999999999818,0.0300000000000296,2.69999999999999,NA,NA,NA
6,3,18,61,2000,161,TRUE,TRUE,TRUE,0.000857717504706328,0.000837900063626505,0.000838584012309446,2.22044604925031e-16,2.22044604925031e-16,1.11022302462516e-15,0.00238660166389468,0.106732071113652,0.000449543550471694,3.76336979712733e-06,0.0260129545114359,1.16333469166361,0.00489983565596208,0.000865441848535653,9.3374877083686e-08,0,0.0500000000000114,2.50999999999999,NA,NA,NA
6,3,18,61,2000,162,TRUE,TRUE,TRUE,0.000896070030231481,0.000649143179885754,0.000639463254426241,3.33066907387547e-16,2.22044604925031e-16,6.66133814775094e-16,0.0131156768527406,0.58655090027297,0.00243150175275429,0.000131857013620618,0.119154244462635,5.32873980852159,0.0220898820176765,0.0108097014307447,2.82001605418878e-06,0.0100000000000477,0.0299999999999727,2.81999999999999,NA,NA,NA
6,3,18,61,2000,163,TRUE,TRUE,TRUE,0.000374166878074381,0.000375126794105115,0.000375021306728329,4.44089209850063e-16,2.22044604925031e-16,9.82769421398189e-13,0.00561033015446988,0.250901592032231,0.00104570187282984,3.08022102544214e-05,0.0485463002326727,2.1710565475274,0.00904847944319644,0.00288098881194188,5.15996794133673e-07,0.0200000000000387,0.0299999999999727,2.59000000000003,NA,NA,NA
6,3,18,61,2000,164,TRUE,TRUE,TRUE,0.0012271430998774,0.00117537922004091,0.00117881695520165,2.22044604925031e-16,4.44089209850063e-16,1.77635683940025e-15,0.00474256847408993,0.212094109920251,0.000912239467070932,2.35829957055955e-05,0.0534958156733454,2.39240560714798,0.0102899925740644,0.00300230581883554,3.68720585761175e-07,0,0.0500000000000114,2.81,NA,NA,NA
6,3,18,61,2000,165,TRUE,TRUE,TRUE,0.000584481492894671,0.000475662299322189,0.000468155246355017,2.22044604925031e-16,2.22044604925031e-16,9.32587340685131e-15,0.00649327854236166,0.290388244351228,0.00121638759650149,3.47391706441158e-05,0.0715633696842863,3.20041118626023,0.0134059850782493,0.00408624854120276,6.91191249650727e-07,0.00999999999999091,0.0400000000000205,2.70999999999998,NA,NA,NA
6,3,18,61,2000,166,TRUE,TRUE,TRUE,0.000594712507283324,0.000567114255186632,0.000568990412277166,3.33066907387547e-16,2.22044604925031e-16,1.11022302462516e-15,0.00284421395562909,0.127197114946804,0.000539077426775419,7.3741755102219e-06,0.0416317543570067,1.8618286552968,0.00789066482375711,0.00156958373657545,1.32615623367136e-07,0.0199999999999818,0.0299999999999727,2.72000000000003,NA,NA,NA
6,3,18,61,2000,167,TRUE,TRUE,TRUE,0.00083661906256722,0.000673858767732489,0.000663625200662247,4.44089209850063e-16,2.22044604925031e-16,1.57074353523967e-12,0.00589385894626799,0.26358138507301,0.00108958556061594,3.22528225957797e-05,0.0687869101343202,3.07624414045018,0.0127164943587936,0.00475682791760335,5.69468414401692e-07,0,0.0500000000000114,2.81,NA,NA,NA
6,3,18,61,2000,168,TRUE,TRUE,TRUE,0.00106219293327914,0.000939562554693244,0.000937037839469734,3.33066907387547e-16,6.66133814775094e-16,5.42899059041702e-12,0.00456744375175726,0.204262294246718,0.000869519875165329,2.28119532472704e-05,0.0489884777318036,2.19083132645095,0.00932610391217384,0.00237241372257557,3.41992498778138e-07,0.00999999999999091,0.0300000000000296,2.84999999999997,NA,NA,NA
6,3,18,61,2000,169,TRUE,TRUE,TRUE,0.000405624646259235,0.000370755399244219,0.000370462922319299,6.66133814775094e-16,4.44089209850063e-16,4.4914538754881e-10,0.0031092077881513,0.139047999409561,0.000583861789654939,8.90120845653541e-06,0.0580850370305119,2.59764182551634,0.0109074838298192,0.00283922515430035,1.58478247047552e-07,0,0.0499999999999545,2.64000000000004,NA,NA,NA
6,3,18,61,2000,170,TRUE,TRUE,TRUE,0.000636080884982201,0.000372203171905993,0.000366902679159667,4.44089209850063e-16,6.66133814775094e-16,3.37507799486048e-14,0.00685331781910406,0.306489690298546,0.00127582756575595,3.63436879808887e-05,0.0875880304683912,3.91705580285291,0.0163055656619839,0.0056664952427532,7.69966641469659e-07,0,0.0400000000000205,2.98999999999995,NA,NA,NA
6,3,18,61,2000,171,TRUE,TRUE,TRUE,0.000542063852205375,0.000484299996022775,0.000500187145773905,4.44089209850063e-16,0,1.64313007644523e-14,0.00713389785712036,0.319037611061224,0.0013398515300322,2.44623310337033e-05,0.0494536738755773,2.21163553045793,0.00928813138833647,0.00199088202260356,8.34303256325023e-07,0.0199999999999818,0.0299999999999727,2.89000000000004,NA,NA,NA
6,3,18,61,2000,172,TRUE,TRUE,TRUE,0.000721823159866146,0.00062259554235917,0.000628378071543347,4.44089209850063e-16,2.22044604925031e-16,2.53352894219461e-13,0.00543137272081439,0.242898372297579,0.00100366502231865,1.97805298149945e-05,0.0718087450377423,3.21138470566685,0.0132695599060587,0.00474215334546813,4.83603436596832e-07,0.0199999999999818,0.0399999999999636,2.86000000000001,NA,NA,NA
6,3,18,61,2000,173,TRUE,TRUE,TRUE,0.000693045086722724,0.000643265650498715,0.00064529146518994,2.22044604925031e-16,4.44089209850063e-16,3.99680288865056e-15,0.00265410296225249,0.118695092857603,0.000497612908625675,8.68212932658707e-06,0.0410966508156616,1.83789809742783,0.00770513587377912,0.00193044365388673,1.15479713676024e-07,0.00999999999999091,0.0300000000000864,2.56999999999994,NA,NA,NA
6,3,18,61,2000,174,TRUE,TRUE,TRUE,0.000882965705032669,0.000850921750519568,0.000856855878908508,4.44089209850063e-16,4.44089209850063e-16,1.97397653778353e-13,0.00409059006692648,0.182936749154661,0.000779226711759692,1.75074364605621e-05,0.0597871605700876,2.67376310432822,0.0113890054427972,0.00353261195725452,2.74310280256354e-07,0.00999999999999091,0.0300000000000864,3.00999999999999,NA,NA,NA
6,3,18,61,2000,175,TRUE,TRUE,TRUE,0.000762337451060115,0.000759234311085983,0.000763193623248241,2.22044604925031e-16,4.44089209850063e-16,1.11022302462516e-15,0.00278703861018395,0.124640155765757,0.000510708202087994,8.01665888516823e-06,0.0394592671917766,1.76467207566279,0.00723067535899401,0.00168626057615384,1.27337446141903e-07,0.0199999999999818,0.0399999999999636,2.97000000000003,NA,NA,NA
6,3,18,61,2000,176,TRUE,TRUE,TRUE,0.000887362117775221,0.000821823018283759,0.000822002680619652,2.22044604925031e-16,4.44089209850063e-16,4.44089209850063e-16,0.00311489012307116,0.139302121152596,0.000585604247736647,6.68524342373189e-06,0.046652209631237,2.08635024072033,0.00877068886764348,0.00182887529379983,1.59058040636169e-07,0,0.0300000000000864,2.63,NA,NA,NA
6,3,18,61,2000,177,TRUE,TRUE,TRUE,0.00076794278976561,0.000751848768794604,0.000755986176976424,2.22044604925031e-16,4.44089209850063e-16,1.3988810110277e-14,0.00231644133093095,0.103594405637034,0.000439858848564225,6.63132815148515e-06,0.0351323306963732,1.57116559290186,0.00667112364174309,0.00155845480520966,8.79655809777897e-08,0.0199999999999818,0.0299999999999727,2.58000000000004,NA,NA,NA
6,3,18,61,2000,178,TRUE,TRUE,TRUE,0.000765841508943135,0.000658143236091151,0.000668320961274838,4.44089209850063e-16,2.22044604925031e-16,4.44089209850063e-16,0.00460541782429779,0.205960546398381,0.00085660687204536,1.64593065932195e-05,0.0568263993689115,2.54135383810875,0.0105696998774321,0.00283209003653084,3.47702841579668e-07,0.00999999999999091,0.0299999999999727,2.76999999999998,NA,NA,NA
6,3,18,61,2000,179,TRUE,TRUE,TRUE,0.00111222512677673,0.00107620818970175,0.00107622977879048,2.22044604925031e-16,4.44089209850063e-16,1.33226762955019e-15,0.00445896234503713,0.199410858252298,0.00085897340937615,2.15452940146577e-05,0.0453558230841288,2.02837407183133,0.00873733460274629,0.00234756924018242,3.25940085155066e-07,0,0.0499999999999545,2.88,NA,NA,NA
6,3,18,61,2000,180,TRUE,TRUE,TRUE,0.000496750233075886,0.000452395941663427,0.000450768737233022,4.44089209850063e-16,4.44089209850063e-16,1.26343380202343e-13,0.00383791520868913,0.171636785970184,0.000711533719437948,1.20963310550337e-05,0.0466694428082341,2.087120931825,0.00865232305035249,0.00276878702931427,2.41468740148973e-07,0,0.0299999999999727,2.73000000000002,NA,NA,NA
6,3,18,61,2000,181,TRUE,TRUE,TRUE,0.000786692782760037,0.000573114956129673,0.00057358092514304,4.44089209850063e-16,2.22044604925031e-16,8.21565038222616e-15,0.0113970053689768,0.509689574899246,0.00211205457318553,0.000136344908575836,0.119240373935789,5.33259163565839,0.0220972236939506,0.0121432926740894,2.12937264558175e-06,0.0199999999999818,0.0400000000000773,2.82999999999993,NA,NA,NA
6,3,18,61,2000,182,TRUE,TRUE,TRUE,0.000715784404320412,0.000575090810413535,0.000574459895390954,5.55111512312578e-16,2.22044604925031e-16,1.26565424807268e-14,0.00765348538544505,0.342274271733126,0.00144500645224573,5.87514240244502e-05,0.0910316878733139,4.07106084382546,0.0171871206007547,0.0076137718863194,9.60259648282311e-07,0.0200000000000955,0.0299999999999727,2.72000000000003,NA,NA,NA
6,3,18,61,2000,183,TRUE,TRUE,TRUE,0.000503183060524846,0.00041182402751002,0.000419988590381158,4.44089209850063e-16,4.44089209850063e-16,2.22044604925031e-15,0.00916963812888276,0.410078683705117,0.00172521673983738,9.55505927677791e-05,0.0852456808661337,3.81230274409856,0.016038503762308,0.00732771816043964,1.37839776089607e-06,0,0.0499999999999545,2.81000000000006,NA,NA,NA
6,3,18,61,2000,184,TRUE,TRUE,TRUE,0.000617044629423294,0.000554491557570962,0.000552502828360552,3.33066907387547e-16,4.44089209850063e-16,6.75015598972095e-14,0.00209096848923716,0.0935109536148865,0.000394610801710476,6.05185256219443e-06,0.0465090940977462,2.0799499194899,0.00877726804741819,0.00194763595211356,7.16745774259464e-08,0,0.0299999999999727,2.73000000000002,NA,NA,NA
6,3,18,61,2000,185,TRUE,TRUE,TRUE,0.000631766794887771,0.000647157208257247,0.000645826505982602,2.22044604925031e-16,2.22044604925031e-16,5.75317571360756e-13,0.00512689261885157,0.229281608181881,0.000951479377596069,2.88076808772075e-05,0.0639979731888232,2.86207636944835,0.0118771264046391,0.00413560162042259,4.30902097134995e-07,0,0.0399999999999636,2.75,NA,NA,NA
6,3,18,61,2000,186,TRUE,TRUE,TRUE,0.000910401663962909,0.000924174359468084,0.000919319736318393,2.22044604925031e-16,2.22044604925031e-16,4.88498130835069e-15,0.00452911729583435,0.202548283031113,0.000851220092743029,1.49085765848156e-05,0.0471522491076228,2.10871268593297,0.00886197888832532,0.00193264870040366,3.36277106220096e-07,0,0.0399999999999636,2.82000000000005,NA,NA,NA
6,3,18,61,2000,187,TRUE,TRUE,TRUE,0.000466937527022721,0.000421333294030882,0.000422501866671236,2.22044604925031e-16,2.22044604925031e-16,1.68753899743024e-14,0.00311973629169566,0.139518848402092,0.000584855527677533,1.17959564178705e-05,0.0487980611497295,2.18231563801974,0.00914815007900987,0.00235358171462607,1.59553352946279e-07,0.00999999999999091,0.0499999999999545,2.75,NA,NA,NA
6,3,18,61,2000,188,TRUE,TRUE,TRUE,0.000750846647984858,0.000804775196972793,0.000816353753271495,4.44089209850063e-16,4.44089209850063e-16,5.44009282066327e-14,0.0044071658307905,0.197094447715238,0.000838416121829478,2.0335650845027e-05,0.0518616110591904,2.31932175502009,0.00986611633995992,0.00298682635074954,3.18411650165366e-07,0,0.0400000000000773,2.56999999999994,NA,NA,NA
6,3,18,61,2000,189,TRUE,TRUE,TRUE,0.000801226745863658,0.000760666335868118,0.000766530422030673,6.66133814775094e-16,4.44089209850063e-16,5.32907051820075e-15,0.0048620792209625,0.217438793001228,0.000898424407064879,3.12823829560216e-05,0.0682967322274358,3.05432271803294,0.0126200023420754,0.00464829227928476,3.8753794017894e-07,0,0.0500000000000682,2.75,NA,NA,NA
6,3,18,61,2000,190,TRUE,TRUE,TRUE,0.000931693306599179,0.00090588099813428,0.000908871664352701,4.44089209850063e-16,6.66133814775094e-16,4.21884749357559e-15,0.00269877459416144,0.120692868969888,0.000516928221948453,7.86025342236485e-06,0.0437165592557561,1.95506396476537,0.00837354971944366,0.00193435765207184,1.19399742788381e-07,0.0199999999999818,0.0299999999999727,2.88999999999999,NA,NA,NA
6,3,18,61,2000,191,TRUE,TRUE,TRUE,0.000393479047659381,0.000384695965815097,0.000389088939439877,4.44089209850063e-16,3.33066907387547e-16,1.87849735766576e-13,0.00379457789274239,0.169698682281798,0.000712141330956783,1.13746375696167e-05,0.0585459132667699,2.61825283738608,0.0109875105411911,0.00292332575865828,2.36046252198184e-07,0.0100000000001046,0.0299999999999727,2.83000000000004,NA,NA,NA
6,3,18,61,2000,192,TRUE,TRUE,TRUE,0.000310136079016689,0.000291308176336856,0.000292644248641807,4.44089209850063e-16,4.44089209850063e-16,6.62581101096293e-13,0.00332158210607065,0.148545667640418,0.000625093036587379,1.67982978602765e-05,0.0580654501673846,2.59676587436797,0.0109274157334865,0.00329994567827896,1.80867339137192e-07,0.0199999999999818,0.0299999999999727,2.59000000000003,NA,NA,NA
6,3,18,61,2000,193,TRUE,TRUE,TRUE,0.000366736747207465,0.000346755004008587,0.000344280108817906,2.22044604925031e-16,2.22044604925031e-16,2.24265050974282e-14,0.00459928418627276,0.205686241766914,0.000857511279605278,1.7271100755778e-05,0.0620840968309568,2.77648521671397,0.0115752389199058,0.00397071339545363,3.46777295509815e-07,0,0.0299999999999727,2.84000000000003,NA,NA,NA
6,3,18,61,2000,194,TRUE,TRUE,TRUE,0.000853596767971199,0.000714697391355766,0.000718325137583021,4.44089209850063e-16,2.22044604925031e-16,1.01474384450739e-12,0.00581689467562484,0.260139438253075,0.00106601452302297,3.09398223734547e-05,0.0713400103107582,3.19042225140782,0.0130738978965108,0.00476232782383335,5.54692847005125e-07,0.00999999999999091,0.0300000000000864,2.77999999999997,NA,NA,NA
6,3,18,61,2000,195,TRUE,TRUE,TRUE,0.000759425268316446,0.000673087271159509,0.000676876210262184,2.22044604925031e-16,2.22044604925031e-16,1.82076576038526e-14,0.00308211924021879,0.137836562717784,0.00057555223060538,1.08231328148634e-05,0.0701243921463412,3.13605815440142,0.0130949671878392,0.00425640252531778,1.55728836244703e-07,0.0199999999999818,0.0299999999999727,2.75,NA,NA,NA
6,3,18,61,2000,196,TRUE,TRUE,TRUE,0.000560717844569167,0.000475333544051686,0.000473170619229991,4.44089209850063e-16,4.44089209850063e-16,1.33226762955019e-15,0.00409497951618474,0.183133051293166,0.000772714999418272,1.01125381206657e-05,0.042507451327671,1.90099101437872,0.00802107680834898,0.00179896214212505,2.74899298983158e-07,0.0200000000000955,0.0299999999999727,2.52999999999997,NA,NA,NA
6,3,18,61,2000,197,TRUE,TRUE,TRUE,0.000490668565803571,0.000468915968895138,0.000472263350704408,2.22044604925031e-16,2.22044604925031e-16,4.46309655899313e-14,0.00480290044684023,0.214792237765977,0.000892561181187277,2.14600151871025e-05,0.0642669110579709,2.87410363659112,0.0119432311121289,0.00392638458479411,3.78161519709148e-07,0,0.0400000000000773,2.70999999999992,NA,NA,NA
6,3,18,61,2000,198,TRUE,TRUE,TRUE,0.00119145226117274,0.000791110665287982,0.000803989702629449,4.44089209850063e-16,3.33066907387547e-16,4.44089209850063e-16,0.0151410290696785,0.677127404982032,0.00275159150346586,0.000163792965082621,0.124439398626171,5.56509908814625,0.0226144729252173,0.013030038138325,3.75820920145657e-06,0.00999999999999091,0.0500000000000682,2.83999999999992,NA,NA,NA
6,3,18,61,2000,199,TRUE,TRUE,TRUE,0.000515794205156109,0.000429452204239296,0.000433801109223522,3.33066907387547e-16,4.44089209850063e-16,1.02140518265514e-14,0.00512953645142206,0.229399843968856,0.00096082093324145,3.49154293282083e-05,0.0626916012451733,2.80365364005036,0.0117428550094598,0.00436220313883595,4.31346626335535e-07,0,0.0499999999999545,2.84000000000003,NA,NA,NA
6,3,18,61,2000,200,TRUE,TRUE,TRUE,0.000692937317807368,0.000644208690510333,0.000654123762558436,5.55111512312578e-16,4.44089209850063e-16,8.88178419700125e-16,0.00386067872263078,0.17265480126179,0.000730611687315706,1.14180403443243e-05,0.0483323129588526,2.16148674571577,0.00914661779954466,0.00269849230978636,2.4434164261269e-07,0.0199999999999818,0.0299999999999727,2.81000000000006,NA,NA,NA
6,3,18,61,2000,201,TRUE,TRUE,TRUE,0.000422477068271648,0.000399795575649488,0.00039873371536103,0,2.22044604925031e-16,7.54951656745106e-15,0.00337875066674022,0.151102323397078,0.000632322031566739,1.23127155831071e-05,0.0414475931242771,1.85359271459273,0.00775678020455409,0.00177070815986724,1.87146820786844e-07,0.0199999999999818,0.0299999999999727,2.75999999999999,NA,NA,NA
6,3,18,61,2000,202,TRUE,TRUE,TRUE,0.000867023750753776,0.000749659189090411,0.000742179171765107,4.44089209850063e-16,2.22044604925031e-16,8.68727312308692e-12,0.00478655091191352,0.214061064336045,0.000877055499255051,2.5287490622361e-05,0.0599370216793808,2.68046509687948,0.0109824580246353,0.00363154970079194,3.75591305448199e-07,0.0100000000001046,0.0299999999999727,2.85000000000002,NA,NA,NA
6,3,18,61,2000,203,TRUE,TRUE,TRUE,0.000945118952216622,0.000866280815579892,0.000864272576821723,4.44089209850063e-16,2.22044604925031e-16,1.33226762955019e-15,0.00406230623281665,0.181671857639982,0.000769136704307596,1.82434388023012e-05,0.0635315111257424,2.84121555180888,0.012028737935164,0.0036950507994149,2.70530031625918e-07,0.0199999999999818,0.0299999999999727,2.62,NA,NA,NA
6,3,18,61,2000,204,TRUE,TRUE,TRUE,0.000646439361631443,0.000586329066201209,0.000588026794195507,2.22044604925031e-16,4.44089209850063e-16,2.44249065417534e-15,0.00601520878695533,0.269008314929723,0.00110216710201859,3.66344712112721e-05,0.0554672266732491,2.48056978729549,0.0101632635947799,0.00377995597265723,5.93159618863354e-07,0,0.0300000000000864,2.92999999999995,NA,NA,NA
6,3,18,61,2000,205,TRUE,TRUE,TRUE,0.000491380332997003,0.000500912495661853,0.000499084942764112,2.22044604925031e-16,4.44089209850063e-16,9.76996261670138e-15,0.00480719939472787,0.214984492560147,0.000906745312888906,1.43603382340984e-05,0.0492569389448092,2.202837276883,0.00929096025524632,0.00219515383484037,3.78838787224131e-07,0.0199999999999818,0.0300000000000864,2.68999999999994,NA,NA,NA
6,3,18,61,2000,206,TRUE,TRUE,TRUE,0.000853380886465238,0.000848403585623604,0.000846147180537075,1.11022302462516e-16,2.22044604925031e-16,6.66133814775094e-15,0.00300094941631458,0.134206537838354,0.000573043484436153,1.12540400252215e-05,0.0411285803002011,1.83932602738617,0.00785366952105558,0.0019882754006737,1.47634383594735e-07,0.00999999999999091,0.0299999999999727,2.66999999999996,NA,NA,NA
6,3,18,61,2000,207,TRUE,TRUE,TRUE,0.00100266689503546,0.000969287760865307,0.000968033424000366,4.44089209850063e-16,4.44089209850063e-16,3.10862446895044e-15,0.00354524673371088,0.158548253871733,0.000670161678902245,1.25940041186823e-05,0.0560096609868081,2.50482818726442,0.0105875644943831,0.00263744010843681,2.06045482014552e-07,0,0.0399999999999636,2.6400000000001,NA,NA,NA
6,3,18,61,2000,208,TRUE,TRUE,TRUE,0.000839843750842004,0.000832168043793592,0.000826135577839959,4.44089209850063e-16,4.44089209850063e-16,8.88178419700125e-16,0.00463624043034476,0.207338975245675,0.000887750988246105,2.42284970255469e-05,0.0396060504706105,1.77123642345145,0.00758379790135151,0.00183389765478026,3.52372546360055e-07,0,0.0499999999999545,2.64999999999998,NA,NA,NA
6,3,18,61,2000,209,TRUE,TRUE,TRUE,0.000506980196273048,0.00045760121505387,0.000458901607150481,1.11022302462516e-16,2.22044604925031e-16,6.66133814775094e-16,0.00475993364612449,0.212870704022456,0.000891475483688311,2.05873979055582e-05,0.0525015654098502,2.34794138363153,0.00983288043442521,0.00268456944358775,3.71425710090294e-07,0.0100000000001046,0.0299999999999727,2.93999999999994,NA,NA,NA
6,3,18,61,2000,210,TRUE,TRUE,TRUE,0.000725468394149782,0.000682379991773409,0.000679454754201398,3.33066907387547e-16,2.22044604925031e-16,1.90958360235527e-14,0.00288861056014514,0.129182591460166,0.000531366946918169,9.08615210093444e-06,0.0507897509948115,2.27138671569372,0.0093428983793132,0.00243153413876129,1.36788048658722e-07,0.0100000000001046,0.0499999999999545,2.79999999999995,NA,NA,NA
6,3,18,61,2000,211,TRUE,TRUE,TRUE,0.000573250253068907,0.000531365416305181,0.000530784928737927,2.22044604925031e-16,2.22044604925031e-16,2.13828954542805e-12,0.00245501186002692,0.109791468091768,0.000459499027922922,6.89539088227775e-06,0.0310353228307247,1.38794183106303,0.00580881131541078,0.00109908580105156,9.88046431618501e-08,0,0.0500000000000682,2.72000000000003,NA,NA,NA
6,3,18,61,2000,212,TRUE,TRUE,TRUE,0.000518899625583547,0.000337038431424276,0.000335850627346612,2.22044604925031e-16,4.44089209850063e-16,3.10862446895044e-15,0.0101636712793511,0.454533197631827,0.00191026971198884,6.38164878878911e-05,0.0952566905499012,4.26000870762482,0.0179035671088122,0.00751721328536803,1.69344612909355e-06,0.0199999999999818,0.0299999999999727,2.84000000000003,NA,NA,NA
6,3,18,61,2000,213,TRUE,TRUE,TRUE,0.000788286709456323,0.000689494288735466,0.000681975326668467,3.33066907387547e-16,2.22044604925031e-16,1.42081901799429e-11,0.00617932303175724,0.276347727078786,0.00117775130989104,3.83246810109483e-05,0.0581318762627946,2.5997365396643,0.0110796754050679,0.00376291364140613,6.25967756242713e-07,0.0199999999999818,0.0299999999999727,2.86000000000001,NA,NA,NA
6,3,18,61,2000,214,TRUE,TRUE,TRUE,0.000796584702205361,0.000700208476157713,0.000701656392932082,4.44089209850063e-16,4.44089209850063e-16,1.11022302462516e-15,0.00361236698087583,0.161549962578281,0.000683975284056767,1.34182855120457e-05,0.0660272215387189,2.95282711452027,0.0125017717874486,0.00357756960706013,2.13921232861015e-07,0,0.0300000000000864,2.54999999999995,NA,NA,NA
6,3,18,61,2000,215,TRUE,TRUE,TRUE,0.000966565553227258,0.00091438959565425,0.000914530277249152,2.22044604925031e-16,4.44089209850063e-16,5.19584375524573e-13,0.00520405279818575,0.232732316304827,0.000997695478607366,2.0911513875177e-05,0.0673020595220431,3.00983960234051,0.0129028207610644,0.00402479499952335,4.43969926660737e-07,0.0199999999999818,0.0300000000000864,2.83999999999992,NA,NA,NA
6,3,18,61,2000,216,TRUE,TRUE,TRUE,0.000636219547993138,0.000557825535485393,0.000555236820501124,2.22044604925031e-16,4.44089209850063e-16,4.79616346638068e-14,0.00384807738621416,0.172091252365091,0.000722801787223292,1.7640840052735e-05,0.0693549625671143,3.10164821754042,0.0130272564361378,0.00397913040222519,2.42749173283488e-07,0,0.0499999999999545,2.76999999999998,NA,NA,NA
6,3,18,61,2000,217,TRUE,TRUE,TRUE,0.00111396015551155,0.000961402526208121,0.000967026615042595,6.66133814775094e-16,4.44089209850063e-16,1.77635683940025e-15,0.00588102175445702,0.263007288402419,0.00111332702584074,3.96706636109911e-05,0.0667182143522725,2.98372925258167,0.0126303207598113,0.00443159536273896,5.66990440596667e-07,0.0199999999999818,0.0300000000000864,2.87,NA,NA,NA
6,3,18,61,2000,218,TRUE,TRUE,TRUE,0.000462730629465747,0.000482510052319767,0.000484049944755788,4.44089209850063e-16,4.44089209850063e-16,1.11022302462516e-15,0.00279716878712641,0.125093191051106,0.000520223895006143,6.54867372773538e-06,0.0371034333817894,1.65931598480632,0.00690058201736367,0.0014717207089987,1.28264806945479e-07,0.00999999999999091,0.0399999999999636,2.95000000000005,NA,NA,NA
6,3,18,61,2000,219,TRUE,TRUE,TRUE,0.000525959245953839,0.000481565555259237,0.000481699371728215,2.22044604925031e-16,2.22044604925031e-16,4.44089209850063e-16,0.00425637931096779,0.190351069546954,0.000803433436597568,2.87879390370449e-05,0.0479738017673839,2.1454536378194,0.00905552668233788,0.00280498093924209,2.96996144898928e-07,0.0199999999999818,0.0299999999999727,2.69000000000005,NA,NA,NA
6,3,18,61,2000,220,TRUE,TRUE,TRUE,0.000322880503478867,0.000354962483309049,0.000354232261814427,1.11022302462516e-16,4.44089209850063e-16,5.7065463465733e-14,0.0021196370501791,0.0947930506365521,0.000397290464192897,5.33586162987376e-06,0.0393421960403776,1.75943649460815,0.00737403572273323,0.00145440325863433,7.36534626965896e-08,0.0199999999999818,0.0299999999999727,2.63,NA,NA,NA
6,3,18,61,2000,221,TRUE,TRUE,TRUE,0.000629013313618401,0.000552636867339982,0.00054709080117258,2.22044604925031e-16,2.22044604925031e-16,2.1316282072803e-14,0.00808024013967304,0.361359324536626,0.00149049300349722,4.70869982720501e-05,0.0827567114695032,3.70099264880291,0.0152654249509376,0.0059636480842542,1.07033247073415e-06,0.0199999999999818,0.0400000000000773,2.81999999999994,NA,NA,NA
6,3,18,61,2000,222,TRUE,TRUE,TRUE,0.00105961701485088,0.00109208082245223,0.00109843251518186,4.44089209850063e-16,6.66133814775094e-16,1.57651669496772e-14,0.00463942649001479,0.207481460165726,0.00088494790641693,2.06341035067226e-05,0.0765090602233349,3.42158919108004,0.0145937289473793,0.00526948571605246,3.52857018954933e-07,0.00999999999999091,0.0300000000000864,2.63999999999999,NA,NA,NA
6,3,18,61,2000,223,TRUE,TRUE,TRUE,0.000639141692952601,0.000625322959631003,0.000622179062384001,1.11022302462516e-16,4.44089209850063e-16,4.39648317751562e-14,0.00293347818346246,0.131189132574693,0.000545637844168779,1.11331580683327e-05,0.0475861146311253,2.12811574200587,0.0088511941715035,0.00252703291302581,1.41070397587708e-07,0.00999999999999091,0.0299999999999727,2.72000000000003,NA,NA,NA
6,3,18,61,2000,224,TRUE,TRUE,TRUE,0.000474622395356748,0.00038931626093115,0.000391953008487795,4.44089209850063e-16,2.22044604925031e-16,1.55431223447522e-14,0.00525843412646134,0.235164323239446,0.000996395922982959,2.81853201400395e-05,0.0667412483904677,2.98475936608568,0.0126464849024945,0.0042352367506453,4.53297204300545e-07,0.00999999999999091,0.0300000000000864,2.70999999999992,NA,NA,NA
6,3,18,61,2000,225,TRUE,TRUE,TRUE,0.000404503452840192,0.000343063611376296,0.000344417786108001,2.22044604925031e-16,2.22044604925031e-16,1.11022302462516e-15,0.00348641225081319,0.155917095808127,0.000652580276928967,1.54516971804242e-05,0.0448443056299063,2.00549831584494,0.00839387521651397,0.00292675924435315,1.99263448895414e-07,0,0.0499999999999545,2.77999999999997,NA,NA,NA
6,3,18,61,2000,226,TRUE,TRUE,TRUE,0.000918506541197403,0.000886720237713183,0.00089042622950473,4.44089209850063e-16,4.44089209850063e-16,8.88178419700125e-16,0.00532319003168143,0.238060295359779,0.000967945293379466,3.18534287622185e-05,0.0785232906967078,3.51166831629631,0.014278327318429,0.00603768371011881,4.64530362514632e-07,0,0.0500000000000682,2.86000000000001,NA,NA,NA
6,3,18,61,2000,227,TRUE,TRUE,TRUE,0.000540938973270774,0.000501931547196139,0.000501702245166257,2.22044604925031e-16,4.44089209850063e-16,1.79629644492252e-11,0.00349987134067764,0.156519004605171,0.000658856312718699,1.33573649030438e-05,0.0432501181336539,1.93420408363493,0.00814190311140696,0.00187133381565374,2.00804908217979e-07,0.0199999999999818,0.0299999999999727,2.87,NA,NA,NA
6,3,18,61,2000,228,TRUE,TRUE,TRUE,0.000514025142782207,0.000464294192814874,0.000468534808854371,2.22044604925031e-16,4.44089209850063e-16,1.18571819029967e-13,0.00292363772714043,0.13074905398938,0.000547120788838952,8.50515895578496e-06,0.0414853954902389,1.85528328779275,0.0077634523919335,0.00189858512126406,1.4012553376326e-07,0.0199999999999818,0.0300000000000864,2.79999999999995,NA,NA,NA
6,3,18,61,2000,229,TRUE,TRUE,TRUE,0.000724424900829636,0.000432524150238946,0.000416976270230193,2.22044604925031e-16,3.33066907387547e-16,8.88178419700125e-16,0.00822840458764431,0.367985440086876,0.00153674087941912,5.63616221285201e-05,0.0926950382535592,4.14544813423803,0.0173117708404205,0.00782001485533002,1.10994495176993e-06,0.00999999999999091,0.0300000000000864,2.63999999999999,NA,NA,NA
6,3,18,61,2000,230,TRUE,TRUE,TRUE,0.000765061535043808,0.000709732728544577,0.000717151092337071,1.11022302462516e-16,2.22044604925031e-16,8.43769498715119e-14,0.00723006992296149,0.323338556596371,0.00134246060583545,5.58997687249985e-05,0.0911374287202548,4.07578971826063,0.0169221610686669,0.00676763645130762,8.56949362146105e-07,0,0.0299999999999727,2.75999999999999,NA,NA,NA
6,3,18,61,2000,231,TRUE,TRUE,TRUE,0.00075484504593783,0.000632754782902438,0.000641634292636356,4.44089209850063e-16,3.33066907387547e-16,3.15303338993544e-14,0.00701324421945345,0.313641816350107,0.00128865621373456,5.29968660885061e-05,0.0923878149990055,4.13170869260902,0.0169758999040113,0.00807444586072137,8.06321221011429e-07,0.0199999999999818,0.0300000000000864,2.78999999999996,NA,NA,NA
6,3,18,61,2000,232,TRUE,TRUE,TRUE,0.00042244395295603,0.000439911611827079,0.000444826254347982,2.22044604925031e-16,2.22044604925031e-16,6.66133814775094e-15,0.0046120564138302,0.206257433147765,0.000857332600733735,1.28524509932504e-05,0.0609228114428013,2.72455095533012,0.0113249075231695,0.0033072396332301,3.48705973186104e-07,0.00999999999999091,0.0299999999999727,2.8900000000001,NA,NA,NA
6,3,18,61,2000,233,TRUE,TRUE,TRUE,0.000562573460040458,0.000494616652798331,0.000493236901193477,2.22044604925031e-16,4.44089209850063e-16,7.54951656745106e-15,0.00388468281107014,0.173728296731556,0.000722465107332734,2.31139714159667e-05,0.0592870754910227,2.65139861970177,0.0110260851248924,0.00347456361053844,2.47389517092194e-07,0.00999999999999091,0.0399999999999636,2.63999999999999,NA,NA,NA
6,3,18,61,2000,234,TRUE,TRUE,TRUE,0.000543088419680128,0.000507474155431913,0.000508204865717532,2.22044604925031e-16,2.22044604925031e-16,5.02264896340421e-13,0.00334535878585066,0.149608993085765,0.000631576969560137,1.77544245794081e-05,0.0611576299187238,2.73505235682083,0.0115460711517453,0.00363360716139383,1.83465990263414e-07,0,0.0500000000000682,2.63999999999999,NA,NA,NA
6,3,18,61,2000,235,TRUE,TRUE,TRUE,0.000799261712476517,0.000701285387071389,0.000704061812197376,3.33066907387547e-16,2.22044604925031e-16,5.55111512312578e-15,0.00550224457590677,0.246067858011141,0.00104463723801173,3.9787997309304e-05,0.0514887888036095,2.30264863688002,0.00977548441955764,0.0030688178794378,4.96306481526156e-07,0,0.0399999999999636,2.81000000000006,NA,NA,NA
6,3,18,61,2000,236,TRUE,TRUE,TRUE,0.000630918085222416,0.000634540917054126,0.000633364434405303,4.44089209850063e-16,3.33066907387547e-16,7.105427357601e-15,0.00427001022305892,0.190960662467576,0.000799350068719503,1.15829960307678e-05,0.0458528491562693,2.05060175350924,0.00858369797948447,0.00192882936529415,2.98901431229962e-07,0,0.0499999999999545,2.62,NA,NA,NA
6,3,18,61,2000,237,TRUE,TRUE,TRUE,0.000507668661534143,0.000377662535232817,0.000380527553265172,4.44089209850063e-16,2.22044604925031e-16,3.33066907387547e-14,0.00582333870607381,0.260427624055734,0.00108747346349616,3.58092016696787e-05,0.0713179617268445,3.18943620875905,0.013318200222097,0.00480471522652337,5.55922519437006e-07,0.0199999999999818,0.0300000000000864,2.92999999999995,NA,NA,NA
6,3,18,61,2000,238,TRUE,TRUE,TRUE,0.000575291545867713,0.000528845224793377,0.000524456213735865,2.22044604925031e-16,2.22044604925031e-16,1.96953564568503e-13,0.0032040985012064,0.143291641106054,0.000598836012482629,1.96788903146228e-05,0.0498350076124225,2.22868929361192,0.00931400742812001,0.00256750475064749,1.68299134515296e-07,0,0.0300000000000864,2.75,NA,NA,NA
6,3,18,61,2000,239,TRUE,TRUE,TRUE,0.000681559051693836,0.000670177677017148,0.000679743920226686,5.55111512312578e-16,2.22044604925031e-16,6.66133814775094e-16,0.00436951825030909,0.195410796732341,0.000821209439288793,1.50627335031572e-05,0.0476012005177652,2.12879040336643,0.00894619336671776,0.00248675821991995,3.12994913766955e-07,0.0199999999999818,0.0299999999999727,2.75,NA,NA,NA
6,3,18,61,2000,240,TRUE,TRUE,TRUE,0.000589424962720014,0.000561128631877244,0.000551102616049335,4.44089209850063e-16,4.44089209850063e-16,8.82405259972074e-12,0.00498865025637909,0.223099221784708,0.000924866988663323,2.31520121580786e-05,0.0612520979433889,2.73927709531785,0.0113557857261638,0.00352623059013979,4.07977563614281e-07,0,0.0400000000000773,2.75,NA,NA,NA
6,3,18,61,2000,241,TRUE,TRUE,TRUE,0.000457780356491688,0.000442313038963458,0.000443083930021898,4.44089209850063e-16,4.44089209850063e-16,6.3948846218409e-14,0.00190511954753325,0.08519953627096,0.000352091511829454,5.60655006864863e-06,0.0434310615911528,1.94229612105596,0.00802663966982377,0.00171280315750266,5.94996801703821e-08,0.0199999999999818,0.0299999999999727,2.96000000000004,NA,NA,NA
6,3,18,61,2000,242,TRUE,TRUE,TRUE,0.000260547392211163,0.000285299517912097,0.00028197991896593,4.44089209850063e-16,2.22044604925031e-16,7.59547980067055e-12,0.00267334681778513,0.119555704240006,0.000496613512225203,1.48391787817559e-05,0.0462704928870254,2.06927934895619,0.00859542496773938,0.00254693277667783,1.17160380461671e-07,0,0.0499999999999545,2.81000000000006,NA,NA,NA
6,3,18,61,2000,243,TRUE,TRUE,TRUE,0.000928820568340649,0.000737474137322224,0.000740989725348775,4.44089209850063e-16,2.22044604925031e-16,5.04041253179821e-14,0.011175065565625,0.499764125155091,0.00205630935165395,0.000131855489961197,0.117712320547482,5.26425501066829,0.0216600917574247,0.0119030139780598,2.04724738354126e-06,0.0199999999999818,0.0299999999999727,2.86000000000001,NA,NA,NA
6,3,18,61,2000,244,TRUE,TRUE,TRUE,0.000401496283240779,0.000368000475970809,0.000368168558223672,4.44089209850063e-16,3.33066907387547e-16,5.58220136781529e-13,0.00278689795799174,0.124633865608498,0.000523753771521391,3.69081433504448e-06,0.0330056808959819,1.47605892254163,0.00620290018202139,0.00123088050374776,1.27324593905878e-07,0,0.0500000000000682,2.58999999999992,NA,NA,NA
6,3,18,61,2000,245,TRUE,TRUE,TRUE,0.000879886896905053,0.000893056583306148,0.000896700378228472,6.66133814775094e-16,2.22044604925031e-16,1.15463194561016e-14,0.0041702894765368,0.186501015107766,0.000765122392779799,1.75768259396136e-05,0.0704884458297808,3.15233913007403,0.0129325047194083,0.00469422193807745,2.85103513411699e-07,0.00999999999999091,0.0499999999999545,2.70000000000005,NA,NA,NA
6,3,18,61,2000,246,TRUE,TRUE,TRUE,0.000318022337408017,0.000312886807332951,0.000316145998450163,4.44089209850063e-16,2.22044604925031e-16,6.66133814775094e-16,0.00295803059556704,0.132287149824242,0.000556622485250137,6.06421338034124e-06,0.0363893277128037,1.62738020842692,0.00684750119165001,0.0013623725804166,1.43441721382143e-07,0,0.0299999999999727,2.57000000000005,NA,NA,NA
6,3,18,61,2000,247,TRUE,TRUE,TRUE,0.000810959765254733,0.000808653482000837,0.000816456311911285,4.44089209850063e-16,1.11022302462516e-16,5.01820807130571e-14,0.00642640868106946,0.287397733241322,0.00117200998102654,2.4180746628133e-05,0.0666925642239849,2.98258214397201,0.0121629909969803,0.00441195224350821,6.77028336657786e-07,0.0199999999999818,0.0399999999999636,2.69000000000005,NA,NA,NA
6,3,18,61,2000,248,TRUE,TRUE,TRUE,0.000556744189547788,0.000453779145175042,0.000455562293272712,3.33066907387547e-16,2.22044604925031e-16,1.53210777398272e-14,0.00360668035081276,0.161295648750602,0.000670495921551391,1.95301760115285e-05,0.0630548255078799,2.81989752290014,0.011722137596042,0.00373452960847231,2.13248248408833e-07,0.00999999999999091,0.0299999999999727,2.8900000000001,NA,NA,NA
6,3,18,61,2000,249,TRUE,TRUE,TRUE,0.000605296725559232,0.000548891684163089,0.000555838623086809,2.22044604925031e-16,4.44089209850063e-16,1.59872115546023e-14,0.00369060645121382,0.165048938062267,0.00068996468660515,1.59662534962024e-05,0.0553026854640895,2.47321128071987,0.0103389241169576,0.00288244314698716,2.2328813078264e-07,0.00999999999999091,0.0399999999999636,2.5,NA,NA,NA
6,3,18,61,2000,250,TRUE,TRUE,TRUE,0.000586043023254088,0.000601663640178854,0.000601313286013477,6.66133814775094e-16,0,6.21724893790088e-15,0.00367085407336234,0.164165584870404,0.000692041011063825,2.45470790360969e-05,0.0443387953416215,1.98289120848634,0.00835888982355061,0.00197748261008002,2.20904420129851e-07,0,0.0500000000000682,2.77999999999997,NA,NA,NA
6,3,18,61,2000,251,TRUE,TRUE,TRUE,0.000630111877984175,0.000343028688264493,0.000353427992817237,2.22044604925031e-16,4.44089209850063e-16,6.88338275267597e-15,0.0165166804633395,0.738648405573397,0.00309845630938468,0.000145067885512162,0.0963068620698891,4.30697380575937,0.0180667419872791,0.00757899386012184,4.47214317259116e-06,0.00999999999999091,0.0299999999999727,2.92000000000007,NA,NA,NA
6,3,18,61,2000,252,TRUE,TRUE,TRUE,0.000751308682114962,0.000675657437052426,0.000667696241451971,2.22044604925031e-16,2.22044604925031e-16,6.66133814775094e-15,0.00479979384120702,0.214653306138474,0.00089004869656057,2.17984748864808e-05,0.0651513748225844,2.91365805861734,0.0120813306067721,0.00353419795657217,3.7767247406703e-07,0.0199999999999818,0.0299999999999727,2.68000000000006,NA,NA,NA
6,3,18,61,2000,253,TRUE,TRUE,TRUE,0.000678965916015237,0.000622638527218251,0.000620528644742647,2.22044604925031e-16,2.22044604925031e-16,1.28785870856518e-14,0.0029857562323795,0.133527077996884,0.000565655207511223,1.04590848550856e-05,0.0627181821386866,2.80484237374633,0.0118820371025776,0.00352065438830351,1.46143283265459e-07,0.0199999999999818,0.0299999999999727,2.81000000000006,NA,NA,NA
6,3,18,61,2000,254,TRUE,TRUE,TRUE,0.000701679449535143,0.000668998029743732,0.000668240683268698,1.11022302462516e-16,3.33066907387547e-16,1.49213974509621e-13,0.00244898245639742,0.109521824964181,0.000462697992160085,5.41963721190086e-06,0.0480050522902153,2.14685120368707,0.00906982459192351,0.00197361705021848,9.83199192088905e-08,0,0.0499999999999545,2.86000000000001,NA,NA,NA
6,3,18,61,2000,255,TRUE,TRUE,TRUE,0.000591742281801394,0.000583328852772406,0.000584817921703271,2.22044604925031e-16,3.33066907387547e-16,6.61692922676593e-14,0.0026540935084354,0.118694670070049,0.000490071385757073,8.94753747360255e-06,0.0447062411182738,1.99932388317913,0.00825488983986018,0.00198161324653867,1.15478891008507e-07,0,0.0400000000000773,2.76999999999998,NA,NA,NA
6,3,18,61,2000,256,TRUE,TRUE,TRUE,0.000452018205282311,0.000467975210413202,0.000469939694356613,3.33066907387547e-16,2.22044604925031e-16,6.69460153979173e-09,0.00302033613801373,0.135073538389958,0.000559643327664834,8.21936625428066e-06,0.0491120950463582,2.19635966082175,0.00910006537166778,0.00258681419166606,1.49548039124454e-07,0.0199999999999818,0.0299999999999727,2.81000000000006,NA,NA,NA
6,3,18,61,2000,257,TRUE,TRUE,TRUE,0.000590520361134706,0.00060685539869133,0.000608337403289204,3.33066907387547e-16,2.22044604925031e-16,2.44249065417534e-15,0.00322304001915815,0.144138731540797,0.000598898570684049,1.62667661349758e-05,0.0513572129768043,2.29676438702138,0.00954309014573087,0.00256042173236182,1.70294868280245e-07,0,0.0499999999999545,2.70000000000005,NA,NA,NA
6,3,18,61,2000,258,TRUE,TRUE,TRUE,0.000565249254888136,0.000590398407406043,0.000590038656873225,4.44089209850063e-16,4.44089209850063e-16,1.77635683940025e-15,0.00119176160520526,0.0532971992442644,0.000223492283581234,2.63295423508225e-06,0.0226213552028049,1.0116577595328,0.00424220608374638,0.000674223567578736,2.32835364531378e-08,0,0.0299999999999727,2.74000000000001,NA,NA,NA
6,3,18,61,2000,259,TRUE,TRUE,TRUE,0.000487887139309748,0.000379686111055008,0.000379193505977773,3.33066907387547e-16,4.44089209850063e-16,1.17683640610267e-14,0.00411131973537959,0.183863808110904,0.000764720468885331,2.10150351804828e-05,0.0666188039111654,2.97928348250189,0.0123913405530409,0.00375144489574453,2.77097540434782e-07,0.0199999999999818,0.0300000000000864,2.75,NA,NA,NA
6,3,18,61,2000,260,TRUE,TRUE,TRUE,0.000772340729511479,0.000650634700337565,0.000644213797838771,0,2.22044604925031e-16,1.33226762955019e-15,0.00340994473085978,0.152497364354394,0.000646558557434014,1.36398083903089e-05,0.0728410694340861,3.25755165616797,0.0138113724686027,0.00430249705368269,1.90618410942924e-07,0,0.0499999999999545,2.76999999999998,NA,NA,NA
6,3,18,61,2000,261,TRUE,TRUE,TRUE,0.000735643182016015,0.000709669967340582,0.000719326631888405,4.44089209850063e-16,4.44089209850063e-16,3.566036355096e-13,0.00305681985179333,0.136705139671614,0.000573786632514112,5.66159152626255e-06,0.0418417736326131,1.87122100283363,0.00785399583720646,0.00168781981759381,1.53182747644554e-07,0,0.0499999999999545,2.55999999999995,NA,NA,NA
6,3,18,61,2000,262,TRUE,TRUE,TRUE,0.000785961579426785,0.000727703665648196,0.000731619311602072,2.22044604925031e-16,2.22044604925031e-16,2.22044604925031e-15,0.00304358419046078,0.13611322290228,0.000560882827232629,1.0546103474951e-05,0.0550955116994647,2.46394618830276,0.0101532024205796,0.00281893261399802,1.51859093842997e-07,0.0100000000001046,0.0299999999999727,2.61000000000001,NA,NA,NA
6,3,18,61,2000,263,TRUE,TRUE,TRUE,0.000412938210074525,0.00036061037074216,0.000356653601936315,2.22044604925031e-16,4.44089209850063e-16,6.26165785888588e-14,0.00236830920792119,0.105914007613009,0.000442414772041237,9.99470092466481e-06,0.0407747458534858,1.82350206987344,0.00761697409758565,0.00204842873154476,9.19489918741686e-08,0.0199999999999818,0.0299999999999727,2.84000000000003,NA,NA,NA
6,3,18,61,2000,264,TRUE,TRUE,TRUE,0.000567200210515873,0.000374264238124186,0.000370015668077624,4.44089209850063e-16,3.33066907387547e-16,4.44089209850063e-16,0.00425290225046363,0.19019557067397,0.000795174261538198,1.75333653160692e-05,0.0687293510138848,3.07367001832981,0.012850474269073,0.00436947115298736,2.96511107409814e-07,0.00999999999999091,0.0299999999999727,2.88,NA,NA,NA
6,3,18,61,2000,265,TRUE,TRUE,TRUE,0.000639418086318978,0.000667424395855828,0.000669812351332948,1.11022302462516e-16,6.66133814775094e-16,1.06581410364015e-14,0.00228138178441447,0.10202649505161,0.000428968400377363,6.11605519651448e-06,0.0421480705817339,1.88491901882432,0.00792510510075759,0.0016771498926218,8.53229974796418e-08,0,0.0299999999999727,2.83000000000004,NA,NA,NA
6,3,18,61,2000,266,TRUE,TRUE,TRUE,0.000707883132688168,0.000638788375731906,0.000634574651975562,2.22044604925031e-16,5.55111512312578e-16,6.66133814775094e-16,0.00395115912609135,0.176701207917179,0.000745487336739148,1.06016094534311e-05,0.0440132766345256,1.96833356934605,0.00830423157669537,0.00185975765728585,2.55928826880245e-07,0.0199999999999818,0.0299999999999727,2.81000000000006,NA,NA,NA
6,3,18,61,2000,267,TRUE,TRUE,TRUE,0.000572875661888611,0.000483401175555208,0.000477011812365861,2.22044604925031e-16,4.44089209850063e-16,1.46549439250521e-14,0.00328595213672054,0.146952246970356,0.000617608439168785,1.00632796744549e-05,0.0366618325483643,1.63956699515714,0.00689074467160697,0.00119661054355191,1.77007892538005e-07,0.00999999999999091,0.0399999999999636,2.84000000000003,NA,NA,NA
6,3,18,61,2000,268,TRUE,TRUE,TRUE,0.000580375057439405,0.000579967923091476,0.000581823249231553,3.33066907387547e-16,4.44089209850063e-16,7.03881397612349e-14,0.00295519909825279,0.132160521414786,0.000549586078414994,9.26576290183334e-06,0.0364895848659793,1.63186384462155,0.00678606320005354,0.00153959706038975,1.4316724115269e-07,0,0.0399999999999636,2.72000000000003,NA,NA,NA
6,3,18,61,2000,269,TRUE,TRUE,TRUE,0.000629171563172818,0.000536732554247527,0.000532350707512904,1.11022302462516e-16,2.22044604925031e-16,4.44089209850063e-16,0.0032972903877968,0.147459308973406,0.000618179400461414,1.28357779907162e-05,0.0488415040667122,2.18425846433002,0.00915685552395894,0.00255388329201978,1.78231539368151e-07,0,0.0400000000000773,2.96999999999991,NA,NA,NA
6,3,18,61,2000,270,TRUE,TRUE,TRUE,0.000605694814821443,0.000578934839861698,0.000582567883752812,3.33066907387547e-16,4.44089209850063e-16,2.95319324550292e-14,0.00364410091000388,0.16296914703275,0.000687571007550652,1.38481216147568e-05,0.043413850197576,1.94152640413545,0.0081913496522709,0.0019104677075461,2.17696253152313e-07,0,0.0299999999999727,2.79999999999995,NA,NA,NA
6,3,18,61,2000,271,TRUE,TRUE,TRUE,0.0011756827150901,0.000967148176809079,0.000954779740979653,4.44089209850063e-16,2.22044604925031e-16,7.54951656745106e-15,0.0077107153496045,0.344833673537334,0.00141063234668114,6.83421949432272e-05,0.0986946648669321,4.41375959318041,0.0180556382117374,0.00812334037886231,9.74674282010269e-07,0.00999999999999091,0.0300000000000864,2.84999999999991,NA,NA,NA
6,3,18,61,2000,272,TRUE,TRUE,TRUE,0.000800817079868342,0.000739858227331474,0.000740534019595888,3.33066907387547e-16,3.33066907387547e-16,1.59872115546023e-14,0.00278924175276229,0.124738683297143,0.000525767231857473,8.70564212362979e-06,0.0471583484046703,2.10898545478923,0.00888926686800779,0.00191973109721744,1.27538845169712e-07,0,0.0299999999999727,2.86000000000001,NA,NA,NA
6,3,18,61,2000,273,TRUE,TRUE,TRUE,0.00038167141434217,0.000309972237710943,0.000319524147867229,4.44089209850063e-16,4.44089209850063e-16,8.4865448002347e-13,0.00511871393177688,0.228915846176566,0.000954058510887052,2.96489511626419e-05,0.0701655257937637,3.13789770703741,0.0130778976802807,0.00464794525573353,4.29528398612569e-07,0.00999999999999091,0.0299999999999727,2.67000000000007,NA,NA,NA
6,3,18,61,2000,274,TRUE,TRUE,TRUE,0.000712148608479699,0.00063796254457142,0.000639528223249522,2.22044604925031e-16,4.44089209850063e-16,1.99840144432528e-15,0.00294856687577296,0.13186391940865,0.000548483624133371,9.86410597647591e-06,0.0497501605883655,2.22489481934233,0.00925437662782219,0.00248645029557792,1.42525354441074e-07,0.0199999999999818,0.0299999999999727,2.68000000000006,NA,NA,NA
6,3,18,61,2000,275,TRUE,TRUE,TRUE,0.00097295071077691,0.000846605602163833,0.00086248743538673,4.44089209850063e-16,3.33066907387547e-16,2.66453525910038e-15,0.008133128277714,0.363724553973886,0.00151214204272861,8.44163277733401e-05,0.0972469885355405,4.34901753945222,0.018080528779594,0.00870644752652083,1.08438976363526e-06,0.0199999999999818,0.0499999999999545,2.82000000000005,NA,NA,NA
6,3,18,61,2000,276,TRUE,TRUE,TRUE,0.00107655274025633,0.000832552693758677,0.000850790311706703,4.44089209850063e-16,2.22044604925031e-16,4.88498130835069e-15,0.0132467478671864,0.592412574236585,0.00246310494488254,0.000126422134112403,0.122385651425855,5.47325272117613,0.0227564309543789,0.0109742920921896,2.87666113207883e-06,0.0199999999999818,0.0299999999999727,2.78000000000009,NA,NA,NA
6,3,18,61,2000,277,TRUE,TRUE,TRUE,0.000752694103921814,0.00070626269249459,0.000711706200426121,4.44089209850063e-16,4.44089209850063e-16,3.37507799486048e-14,0.00335536186049682,0.150056344183621,0.000619604297201213,1.39361287594397e-05,0.0413602157155292,1.84968507807957,0.00763761658383889,0.00224103231522221,1.84564806801257e-07,0,0.0499999999999545,2.49000000000001,NA,NA,NA
6,3,18,61,2000,278,TRUE,TRUE,TRUE,0.00054720034025274,0.000564696658684355,0.000569935392353612,2.22044604925031e-16,2.22044604925031e-16,1.38176137198798e-11,0.0065019608635198,0.29077652955747,0.00123607703616691,4.43362316140394e-05,0.0666992927638104,2.9828830534208,0.0126800923359124,0.00522144009881842,6.93040902799068e-07,0.0199999999999818,0.0299999999999727,2.69000000000005,NA,NA,NA
6,3,18,61,2000,279,TRUE,TRUE,TRUE,0.000667652433540964,0.000649945435253843,0.000650843156809934,3.33066907387547e-16,3.33066907387547e-16,2.77777800761214e-13,0.00528350922682651,0.236285715818628,0.000982517967043377,2.07048731404313e-05,0.0603955114058054,2.7009693807849,0.0112311103354728,0.00295953444889818,4.57630651638702e-07,0,0.0299999999999727,2.94000000000005,NA,NA,NA
6,3,18,61,2000,280,TRUE,TRUE,TRUE,0.0011949219137121,0.00111042641138282,0.0011014365337854,4.44089209850063e-16,3.33066907387547e-16,1.22124532708767e-14,0.00342316910850459,0.153088776501872,0.000629057869644748,1.61504075961716e-05,0.0546808992449334,2.44540415564976,0.010048422645501,0.00306527873567575,1.92099782711805e-07,0.0199999999999818,0.0299999999999727,2.72000000000003,NA,NA,NA
6,3,18,61,2000,281,TRUE,TRUE,TRUE,0.000737908993797062,0.000757552769098955,0.000757937187465568,1.11022302462516e-16,4.44089209850063e-16,1.68753899743024e-14,0.0022997744937231,0.1028490420177,0.000437638206321261,6.41848789229016e-06,0.0355175375555438,1.58839256735195,0.00675885025735384,0.00135889407723511,8.67043069176943e-08,0,0.0500000000000682,2.63999999999999,NA,NA,NA
6,3,18,61,2000,282,TRUE,TRUE,TRUE,0.000619806154868598,0.000564415011883469,0.000559396008211374,3.33066907387547e-16,4.44089209850063e-16,4.68514116391816e-14,0.00645035595326509,0.288468687811424,0.00122582157551844,3.48655559996303e-05,0.0749286716556927,3.35091206571781,0.0142393974853422,0.00516243153759888,6.82083474161022e-07,0.00999999999999091,0.0299999999999727,2.86000000000001,NA,NA,NA
6,3,18,61,2000,283,TRUE,TRUE,TRUE,0.00108630794362257,0.000853995680338755,0.000857380174950103,4.44089209850063e-16,4.44089209850063e-16,2.44249065417534e-15,0.00384658902170389,0.172024690680686,0.000734134266363693,2.933545589201e-05,0.0597574145957361,2.67243282391408,0.0114049006734281,0.00381243436686418,2.42561427899883e-07,0,0.0300000000000864,2.70999999999992,NA,NA,NA
6,3,18,61,2000,284,TRUE,TRUE,TRUE,0.000724356718981985,0.000668824226725928,0.000668982866298876,2.22044604925031e-16,2.22044604925031e-16,9.63673585374636e-14,0.00369373287503392,0.165188755986032,0.000697140812006199,1.3459248528136e-05,0.0642748365280892,2.87445807438988,0.0121309832748385,0.00368871847541286,2.23666599214859e-07,0.0199999999999818,0.0300000000000864,2.61000000000001,NA,NA,NA
6,3,18,61,2000,285,TRUE,TRUE,TRUE,0.000510240624316182,0.000540145164077028,0.000537745455396084,8.88178419700125e-16,2.22044604925031e-16,1.46549439250521e-14,0.00221720402125513,0.0991563782302471,0.000409092198249232,5.4743174757732e-06,0.033134897338453,1.48183765752515,0.0061136584008525,0.00119161361610054,8.05900601945886e-08,0.0199999999999818,0.0499999999999545,2.67000000000007,NA,NA,NA
6,3,18,61,2000,286,TRUE,TRUE,TRUE,0.00069420605097051,0.000565127477994133,0.000570623900772639,4.44089209850063e-16,2.22044604925031e-16,3.03312930327593e-13,0.00611413450148299,0.273432407377855,0.0011333642361522,4.49740313257507e-05,0.0891708019118434,3.987839493661,0.0165294037563915,0.00726123224162123,6.12830175446306e-07,0.0199999999999818,0.0299999999999727,2.56000000000006,NA,NA,NA
6,3,18,61,2000,287,TRUE,TRUE,TRUE,0.000776263828734648,0.000739948250101619,0.000738626300605429,2.22044604925031e-16,2.22044604925031e-16,7.32747196252603e-15,0.004657006076785,0.208267643186417,0.000870103332339274,1.82530516248391e-05,0.0378085436476813,1.69084947452966,0.00706405344470869,0.00195408875590175,3.55536157364137e-07,0.00999999999999091,0.0399999999999636,2.57000000000005,NA,NA,NA
6,3,18,61,2000,288,TRUE,TRUE,TRUE,0.000521892961613534,0.000422504152319328,0.000422298882442736,2.22044604925031e-16,3.33066907387547e-16,9.99200722162641e-15,0.00514684139467935,0.230173744558257,0.000973839122311889,2.77154952641467e-05,0.0754277173260974,3.37323006657585,0.0142717555110152,0.00491660298508734,4.34261907245654e-07,0,0.0499999999999545,2.82000000000005,NA,NA,NA
6,3,18,61,2000,289,TRUE,TRUE,TRUE,0.000579992147761279,0.000582241055531825,0.00058250039208328,4.44089209850063e-16,4.44089209850063e-16,2.27595720048157e-13,0.00292726391010918,0.130911221821719,0.000543969917783613,9.58755264690581e-06,0.0528650926705776,2.36419881696475,0.0098238563370819,0.00274692482188854,1.40473344252913e-07,0.0199999999999818,0.0299999999999727,2.65000000000009,NA,NA,NA
6,3,18,61,2000,290,TRUE,TRUE,TRUE,0.000731832751848736,0.000747658662657321,0.000732391945920836,2.22044604925031e-16,4.44089209850063e-16,2.8279600883252e-12,0.00486826004867449,0.217715208019652,0.000918551026689532,1.56320280559896e-05,0.0444942873538694,1.98984502267322,0.00839525270262498,0.00247072074665056,3.88523867238036e-07,0,0.0499999999999545,2.63999999999999,NA,NA,NA
6,3,18,61,2000,291,TRUE,TRUE,TRUE,0.000499667268966084,0.000450427532328761,0.000449810508065356,2.22044604925031e-16,2.22044604925031e-16,8.88178419700125e-15,0.0031668719259018,0.141626818047042,0.000597770109558497,1.00654544468171e-05,0.0437122300370647,1.95487035621969,0.00825100135076084,0.00177285784144132,1.64411111394508e-07,0.00999999999999091,0.0300000000000864,2.56999999999994,NA,NA,NA
6,3,18,61,2000,292,TRUE,TRUE,TRUE,0.00060424498082098,0.000532203914033624,0.000527422402715198,2.22044604925031e-16,2.22044604925031e-16,4.04121180963557e-14,0.00880904548027521,0.393952490215653,0.00164577371007386,6.79352204144834e-05,0.100236325170257,4.48270473790936,0.0187269221312352,0.00760312431312471,1.27211938153372e-06,0,0.0500000000000682,2.88999999999999,NA,NA,NA
6,3,18,61,2000,293,TRUE,TRUE,TRUE,0.000448783067794403,0.000442014155455295,0.000442249661918019,4.44089209850063e-16,2.22044604925031e-16,1.18549614569474e-12,0.00361443065451853,0.16164225286925,0.000676918139376232,1.23577526167651e-05,0.0616407820830152,2.75665957847746,0.0115442147064483,0.00313613112501088,2.14165720595463e-07,0.0199999999999818,0.0299999999999727,2.75,NA,NA,NA
6,3,18,61,2000,294,TRUE,TRUE,TRUE,0.000998752878053322,0.000926011371433566,0.000920814624329453,2.22044604925031e-16,2.22044604925031e-16,1.79856129989275e-14,0.00669954924081057,0.299612950421191,0.00121476803405682,4.75817132041811e-05,0.0556776639481887,2.48998082833078,0.0100955219439561,0.00346457930421451,7.35802623443369e-07,0,0.0400000000000773,2.79999999999995,NA,NA,NA
6,3,18,61,2000,295,TRUE,TRUE,TRUE,0.00043483707234353,0.000454602977802325,0.000455802851848065,4.44089209850063e-16,2.22044604925031e-16,1.46260781264118e-12,0.00370594423532051,0.165734864620003,0.000702408091843092,9.17857551030465e-06,0.0508323889967684,2.27329354510973,0.00963454361205679,0.0024228730343907,2.25147912709923e-07,0.00999999999999091,0.0300000000000864,2.54999999999995,NA,NA,NA
6,3,18,61,2000,296,TRUE,TRUE,TRUE,0.000783206906098997,0.000730599901692259,0.000728068989455611,2.22044604925031e-16,4.44089209850063e-16,4.2632564145606e-14,0.00451296552002594,0.201825953657814,0.000834447393258645,9.90317727200818e-06,0.050783594068478,2.27111136957744,0.00938988731527093,0.00253833384786972,3.33882914507262e-07,0,0.0399999999999636,2.60000000000002,NA,NA,NA
6,3,18,61,2000,297,TRUE,TRUE,TRUE,0.000877998652038529,0.000771834794920463,0.000777559683605781,4.44089209850063e-16,2.22044604925031e-16,4.44089209850063e-16,0.00633151855387551,0.283154117745336,0.00119030663582272,5.04870328938978e-05,0.0743282489667545,3.32406034676383,0.0139734894909305,0.00500693271233033,6.57182413083111e-07,0,0.0500000000000682,2.88999999999999,NA,NA,NA
6,3,18,61,2000,298,TRUE,TRUE,TRUE,0.000836851338116116,0.00077573930508508,0.000778969850050994,4.44089209850063e-16,4.44089209850063e-16,1.26565424807268e-14,0.00275796541799331,0.123339963084533,0.000519651798138768,8.04626114003781e-06,0.0387008070925303,1.73075270886008,0.0072919492985114,0.00171383827035498,1.24694643390934e-07,0,0.0299999999999727,2.66000000000008,NA,NA,NA
6,3,18,61,2000,299,TRUE,TRUE,TRUE,0.000589452597158702,0.000568195449417325,0.00056882123297733,6.66133814775094e-16,2.22044604925031e-16,1.31317179352664e-12,0.00212831300457544,0.0951810511125503,0.000393572222836457,5.88952833524559e-06,0.0290102136277536,1.29737619426896,0.00536463115993272,0.00091573354432839,7.42576433679501e-08,0,0.0499999999999545,2.79999999999995,NA,NA,NA
6,3,18,61,2000,300,TRUE,TRUE,TRUE,0.000935936956567089,0.000881152934179312,0.000885224799265887,3.33066907387547e-16,3.33066907387547e-16,5.99520433297585e-15,0.00533711086407038,0.23868285391028,0.00101195125303747,1.68868174341696e-05,0.0549667792110435,2.45818909640231,0.0104220621446165,0.00291733140926809,4.66963153694723e-07,0.0100000000001046,0.0499999999999545,2.47000000000003,NA,NA,NA
6,3,18,61,2000,301,TRUE,TRUE,TRUE,0.000948845389253449,0.000905457577233713,0.000903154262626492,2.22044604925031e-16,3.33066907387547e-16,1.50990331349021e-14,0.00464935562464747,0.207925504565655,0.00087432717236343,2.51267747017891e-05,0.068196629617325,3.04984599321428,0.0128246086451072,0.00443495510146263,3.54368979089198e-07,0,0.0399999999999636,2.69000000000005,NA,NA,NA
6,3,18,61,2000,302,TRUE,TRUE,TRUE,0.000551969217259643,0.000477352378736066,0.000476842545120115,5.55111512312578e-16,2.22044604925031e-16,3.84581255730154e-13,0.0058310885926979,0.260774209521922,0.00109413919517163,2.38257607136916e-05,0.067696593119218,3.02748368119432,0.0127025159597262,0.00419293976326429,5.57403183211336e-07,0,0.0499999999999545,2.65999999999997,NA,NA,NA
6,3,18,61,2000,303,TRUE,TRUE,TRUE,0.000598082386473558,0.000611441135663337,0.000612573374478403,3.33066907387547e-16,2.22044604925031e-16,3.19744231092045e-14,0.00297271079706013,0.132943668393481,0.000556902947375216,5.38645307202046e-06,0.0295461060632197,1.32134203255556,0.00553512086219093,0.000852313750783651,1.44869007917343e-07,0,0.0499999999999545,2.83000000000004,NA,NA,NA
6,3,18,61,2000,304,TRUE,TRUE,TRUE,0.000607431348765589,0.000570556944351161,0.000569627153497777,4.44089209850063e-16,1.11022302462516e-16,3.24185123190546e-14,0.00191254733650794,0.0855317170923584,0.000352790234034405,4.02092397422393e-06,0.0376927084671367,1.68566916777199,0.00695283153921379,0.00146327954493586,5.99645461374363e-08,0,0.0299999999999727,2.44000000000005,NA,NA,NA
6,3,18,61,2000,305,TRUE,TRUE,TRUE,0.000816189631656756,0.000699069169641538,0.00070117186111779,4.44089209850063e-16,4.44089209850063e-16,8.88178419700125e-16,0.00289067728306346,0.129275018118886,0.000532997398942128,1.54191760159961e-05,0.054737065251451,2.44791597582172,0.0100926912788516,0.00354535094984954,1.36983854997035e-07,0.0199999999999818,0.0499999999999545,2.84000000000003,NA,NA,NA
6,3,18,61,2000,306,TRUE,TRUE,TRUE,0.000585214389351519,0.000428220673523101,0.000423079792420845,2.22044604925031e-16,1.11022302462516e-16,1.08801856413265e-14,0.00520549068584868,0.232796620595993,0.000974317846635163,3.22234616128014e-05,0.0584995855268977,2.61618099787412,0.0109494365928971,0.00314486435303252,4.44215299679628e-07,0.00999999999999091,0.0299999999999727,2.86000000000001,NA,NA,NA
6,3,18,61,2000,307,TRUE,TRUE,TRUE,0.000588133540970358,0.00045705262134063,0.000466615204107449,4.44089209850063e-16,4.44089209850063e-16,3.28626015289046e-14,0.00763362882544516,0.341386259373945,0.00143699084157154,6.20094109606839e-05,0.090650251901669,4.05400250859223,0.0170644374710287,0.00745062494531012,9.55283426961759e-07,0.0100000000001046,0.0299999999999727,2.60000000000002,NA,NA,NA
6,3,18,61,2000,308,TRUE,TRUE,TRUE,0.000571652653114028,0.000496524153113754,0.000489874966707906,0,2.22044604925031e-16,6.66133814775094e-16,0.00410825303827603,0.183726661247105,0.000769366580495171,2.11020695140007e-05,0.0657839984370442,2.94194984673942,0.0123195941090442,0.00371149768606927,2.76684311909905e-07,0.0199999999999818,0.0299999999999727,2.88,NA,NA,NA
6,3,18,61,2000,309,TRUE,TRUE,TRUE,0.000812423963739692,0.000567124718428131,0.000576629771960716,4.44089209850063e-16,1.11022302462516e-16,4.44089209850063e-16,0.012997890202048,0.581283321117155,0.00241001513484604,0.000124390091119864,0.0902472318249214,4.03597890283413,0.0167332691071471,0.0075669203618105,2.76959261810647e-06,0.00999999999999091,0.0500000000000682,2.64999999999998,NA,NA,NA
6,3,18,61,2000,310,TRUE,TRUE,TRUE,0.000688096944572684,0.000623877778565527,0.000623735729364237,4.44089209850063e-16,3.33066907387547e-16,4.21884749357559e-15,0.00375042659492021,0.167724176217293,0.000706927936709788,1.37258206862612e-05,0.0518831401341719,2.32028456452312,0.00977959180823677,0.0030062420472774,2.30585240063685e-07,0.0199999999999818,0.0299999999999727,2.86000000000001,NA,NA,NA
6,3,18,61,2000,311,TRUE,TRUE,TRUE,0.000989052165554464,0.000937527661719624,0.00093783385498337,4.44089209850063e-16,2.22044604925031e-16,1.77635683940025e-15,0.00311955112013143,0.13951056727799,0.00057395251604287,1.23460802257114e-05,0.0520196837324429,2.32639097987565,0.0095708732481781,0.00248230104566005,1.5953441296907e-07,0.0199999999999818,0.0300000000000864,2.61000000000001,NA,NA,NA
6,3,18,61,2000,312,TRUE,TRUE,TRUE,0.000657537473116832,0.000594826671750881,0.000595892389706712,4.44089209850063e-16,4.44089209850063e-16,1.33226762955019e-15,0.00619791310123648,0.277179100260026,0.00118363269547602,3.73140950635786e-05,0.0727683179318078,3.25429811007678,0.0138967679752881,0.00481580661757519,6.29739783778342e-07,0.0199999999999818,0.0299999999999727,2.84000000000003,NA,NA,NA
6,3,18,61,2000,313,TRUE,TRUE,TRUE,0.000481220004369532,0.000402205990480734,0.000399053074871986,3.33066907387547e-16,4.44089209850063e-16,3.9146463848283e-13,0.00553196943998593,0.2473971943452,0.00102712279734386,3.26622409332344e-05,0.0789999916357148,3.53298703038746,0.0146679574569782,0.00509633614131388,5.01683375162922e-07,0,0.0499999999999545,2.72000000000003,NA,NA,NA
6,3,18,61,2000,314,TRUE,TRUE,TRUE,0.000699264201778075,0.000545998828127152,0.000546872755813847,2.22044604925031e-16,4.44089209850063e-16,2.22044604925031e-15,0.00526053864997246,0.235258440392068,0.000965900412807371,2.83632019915103e-05,0.0630521489067637,2.81977782165925,0.0115771598138061,0.00358758646477852,4.5366011291564e-07,0.0199999999999818,0.0300000000000864,2.6099999999999,NA,NA,NA
6,3,18,61,2000,315,TRUE,TRUE,TRUE,0.000709237504259408,0.000656172049470743,0.000656674741800105,4.44089209850063e-16,4.44089209850063e-16,1.4521717162097e-13,0.00366167949122713,0.163755285084014,0.00067574069945802,1.2656370500963e-05,0.0542576221425547,2.426474628165,0.0100129144632622,0.00296780088584114,2.19801585188088e-07,0,0.0499999999999545,2.79999999999995,NA,NA,NA
6,3,18,61,2000,316,TRUE,TRUE,TRUE,0.000809137093001137,0.000764740668020126,0.000759685404164348,1.11022302462516e-16,4.44089209850063e-16,5.99520433297585e-15,0.00433961429218114,0.194073451068933,0.000798109481335321,2.02838639289382e-05,0.0697194003838665,3.11794637217701,0.0128222719193346,0.00459504726655524,3.08725445982013e-07,0.0200000000000955,0.0299999999999727,2.76999999999998,NA,NA,NA
6,3,18,61,2000,317,TRUE,TRUE,TRUE,0.000480919297219152,0.000481647232258286,0.000482376085729881,1.11022302462516e-16,2.22044604925031e-16,1.97175609173428e-13,0.00435151501358227,0.194605667509617,0.000812207964430811,2.68193224073343e-05,0.0519471621847489,2.3231477176661,0.00969591021157911,0.00336125180303526,3.10421031367736e-07,0,0.0499999999999545,2.7600000000001,NA,NA,NA
6,3,18,61,2000,318,TRUE,TRUE,TRUE,0.00068928893369168,0.000635658021245459,0.000626286725686201,3.33066907387547e-16,2.22044604925031e-16,1.11022302462516e-14,0.00973435870699376,0.4353337557241,0.00181460287621511,6.58193007865293e-05,0.0994065392947637,4.44559558542191,0.0185305881515616,0.00791125374852442,1.55340556453156e-06,0,0.0499999999999545,2.81000000000006,NA,NA,NA
6,3,18,61,2000,319,TRUE,TRUE,TRUE,0.000404608946937666,0.000393618450663356,0.000393212983440212,2.22044604925031e-16,4.44089209850063e-16,2.1316282072803e-14,0.00218185861670721,0.0975756836850198,0.000406663196579727,6.22572169106661e-06,0.0332247437020308,1.48585570905498,0.00619255545522044,0.00128133397328511,7.8041098742615e-08,0.00999999999999091,0.0399999999999636,2.84000000000003,NA,NA,NA
6,3,18,61,2000,320,TRUE,TRUE,TRUE,0.000735066148375298,0.000778841912775955,0.000777804544374171,2.22044604925031e-16,2.22044604925031e-16,2.44249065417534e-15,0.00589125061449845,0.263464736930119,0.00109407621877037,4.04646268705733e-05,0.0678139888188868,3.03273377648883,0.012593874768137,0.00497830166816726,5.68964488570957e-07,0.0199999999999818,0.0299999999999727,2.70000000000005,NA,NA,NA
6,3,18,61,2000,321,TRUE,TRUE,TRUE,0.000710702707929329,0.000620801981645956,0.000615596246820013,2.22044604925031e-16,2.22044604925031e-16,1.11022302462516e-15,0.00393743958287867,0.176087651292303,0.000738489957217371,1.387905911443e-05,0.0443481103184829,1.98330778691575,0.00831774898443612,0.00232517396014842,2.54154597849504e-07,0.0199999999999818,0.0299999999999727,2.65000000000009,NA,NA,NA
6,3,18,61,2000,322,TRUE,TRUE,TRUE,0.00118863338177923,0.00118153461355869,0.00118024107697332,2.22044604925031e-16,2.22044604925031e-16,1.37667655053519e-14,0.00336641318006809,0.15055057421967,0.000617054152484035,1.43524262661288e-05,0.049802655327943,2.22724245546545,0.00912868790343102,0.00259653920759462,1.85782585228462e-07,0.00999999999999091,0.0499999999999545,2.90999999999997,NA,NA,NA
6,3,18,61,2000,323,TRUE,TRUE,TRUE,0.000758773987379743,0.000559435217173445,0.000558321553147004,4.44089209850063e-16,4.44089209850063e-16,6.66133814775094e-16,0.00535679808990659,0.239563293415443,0.00101023314781549,3.09872063262162e-05,0.0805546488035151,3.60251341256564,0.0151917199539931,0.00568777975709622,4.70414520918473e-07,0.0199999999999818,0.0299999999999727,2.80999999999995,NA,NA,NA
6,3,18,61,2000,324,TRUE,TRUE,TRUE,0.000713264358021974,0.000598911096760318,0.000594876763913882,2.22044604925031e-16,2.22044604925031e-16,1.13242748511766e-13,0.00321001306051468,0.143556148239459,0.000597139778444972,1.12876841846798e-05,0.057176941725989,2.55703056889711,0.0106362889093491,0.00316087760413808,1.68921046699587e-07,0.00999999999999091,0.0399999999999636,2.82000000000005,NA,NA,NA
6,3,18,61,2000,325,TRUE,TRUE,TRUE,0.000595025597772902,0.000436965605485444,0.000430432897525553,4.44089209850063e-16,4.44089209850063e-16,1.24344978758018e-13,0.0103209964193888,0.461568991785707,0.00190726768976841,0.00010118320209429,0.0960377922791465,4.29494063890352,0.0177472959748932,0.00745706156001447,1.74627814900061e-06,0.00999999999999091,0.0399999999999636,2.86000000000001,NA,NA,NA
6,3,18,61,2000,326,TRUE,TRUE,TRUE,0.000459160077835539,0.000416624184193131,0.000427287660389508,2.22044604925031e-16,4.44089209850063e-16,5.77190872874667e-09,0.00636384571952816,0.284599832543721,0.00118635147001926,2.07806908427699e-05,0.0473441343709391,2.11729405578608,0.00882591845924218,0.00192911574406196,6.63910366261589e-07,0.0199999999999818,0.0299999999999727,2.8900000000001,NA,NA,NA
6,3,18,61,2000,327,TRUE,TRUE,TRUE,0.00057549508754507,0.000552892918190325,0.00055201399598266,4.44089209850063e-16,4.44089209850063e-16,8.88178419700125e-16,0.00294302431665024,0.131616048629296,0.000546300324508716,1.21934665777701e-05,0.0324432445130631,1.45090600283712,0.00602229308991074,0.00145606801826759,1.41990034891715e-07,0.0199999999999818,0.0299999999999727,2.51999999999998,NA,NA,NA
6,3,18,61,2000,328,TRUE,TRUE,TRUE,0.000546651698563607,0.000607347514328609,0.000603718143859503,3.33066907387547e-16,2.22044604925031e-16,1.24344978758018e-14,0.00263994065399658,0.118061735178032,0.000496393475362276,9.59248233201038e-06,0.0415408988172093,1.85776547203441,0.00781102071454896,0.00186168725557323,1.1425060092826e-07,0,0.0300000000000864,2.58999999999992,NA,NA,NA
6,3,18,61,2000,329,TRUE,TRUE,TRUE,0.000586403520216062,0.000594126694710323,0.000594330550468638,4.44089209850063e-16,6.66133814775094e-16,3.99680288865056e-15,0.00146694695528629,0.0656038622281296,0.000270537174666822,2.96315108982981e-06,0.0319136698253722,1.42722270282032,0.00588558027725074,0.000892346190948246,3.52775962233394e-08,0.00999999999999091,0.0399999999999636,2.75999999999999,NA,NA,NA
6,3,18,61,2000,330,TRUE,TRUE,TRUE,0.000858781506957941,0.000559926632991293,0.000547708686011077,4.44089209850063e-16,2.22044604925031e-16,9.9475983006414e-14,0.0132931267755281,0.59448670207207,0.00251411115194959,0.000175679857676414,0.122756952165492,5.4898577950546,0.0232168569238929,0.0131029408968288,2.89683966344693e-06,0,0.0400000000000773,2.90999999999997,NA,NA,NA
6,3,18,61,2000,331,TRUE,TRUE,TRUE,0.000481072329821687,0.000511582245614911,0.000513552946512483,2.22044604925031e-16,2.22044604925031e-16,5.55111512312578e-15,0.00289435992073872,0.129439710682454,0.000542561926863328,8.16642599943407e-06,0.0384990629087357,1.72173043467947,0.0072168376864702,0.00164791817954324,1.37333104111125e-07,0,0.0299999999999727,2.75,NA,NA,NA
6,3,18,61,2000,332,TRUE,TRUE,TRUE,0.000845567626015037,0.000771797371316329,0.000763618926650457,2.22044604925031e-16,4.44089209850063e-16,9.32587340685131e-15,0.00828568129470701,0.370546932297267,0.00153859825050086,7.4785610348016e-05,0.0623534667334171,2.78853180497385,0.0115786416851424,0.0051660600158705,1.12545105766324e-06,0.0100000000001046,0.0299999999999727,2.70999999999992,NA,NA,NA
6,3,18,61,2000,333,TRUE,TRUE,TRUE,0.000725859322139658,0.000571987193980143,0.000571671252533736,3.33066907387547e-16,4.44089209850063e-16,5.55111512312578e-14,0.00737586892664168,0.329858886261984,0.00137043562997099,5.28448363752432e-05,0.0906815395476137,4.05540173465599,0.0168486200083894,0.00620605841417543,8.91859711852431e-07,0.0199999999999818,0.0299999999999727,2.63999999999999,NA,NA,NA
6,3,18,61,2000,334,TRUE,TRUE,TRUE,0.000581618178181682,0.000534540070869661,0.000541176493558726,2.22044604925031e-16,6.66133814775094e-16,1.33226762955019e-15,0.0057301889823381,0.256261841768567,0.00106749876288012,2.27267926362629e-05,0.0703436933950869,3.14586560439634,0.01310459496312,0.00453899456584139,5.38279766775556e-07,0.00999999999999091,0.0300000000000864,2.84999999999991,NA,NA,NA
6,3,18,61,2000,335,TRUE,TRUE,TRUE,0.000694076302132036,0.000629830567366878,0.000624409411769337,4.44089209850063e-16,4.44089209850063e-16,2.88657986402541e-15,0.00336831984190138,0.150635842729057,0.000629661652553385,1.18047416783895e-05,0.0532852055164698,2.38298683459746,0.00996094555652635,0.00253806632617426,1.85993091104042e-07,0,0.0500000000000682,2.66999999999996,NA,NA,NA
6,3,18,61,2000,336,TRUE,TRUE,TRUE,0.000653209284353331,0.000508453905748802,0.000507538726413245,4.44089209850063e-16,4.44089209850063e-16,7.05403291334505e-10,0.00548816021168008,0.245437986094526,0.0010221444402298,2.67147906463094e-05,0.0648016642728163,2.89801852738274,0.012069010068826,0.0037557112370088,4.93768893591284e-07,0.00999999999999091,0.0300000000000864,2.86000000000001,NA,NA,NA
6,3,18,61,2000,337,TRUE,TRUE,TRUE,0.00140492998589979,0.0014413189880723,0.00144986709246727,4.44089209850063e-16,2.22044604925031e-16,5.87909720906055e-11,0.00629651785107623,0.281588838730947,0.0011363480939502,3.85987840871849e-05,0.0661447066327906,2.95808120765402,0.0119372982154286,0.00469054897509125,6.49936672933141e-07,0.00999999999999091,0.0399999999999636,2.68000000000006,NA,NA,NA
6,3,18,61,2000,338,TRUE,TRUE,TRUE,0.000736748516431843,0.0007737883354842,0.000779970880434471,4.44089209850063e-16,4.44089209850063e-16,1.48325796089921e-13,0.0076874109401808,0.343791468664397,0.00146828628662485,5.67302507334944e-05,0.0820096402494515,3.66758260816153,0.0156637431101706,0.00590650521624525,9.68791589560843e-07,0.00999999999999091,0.0399999999999636,2.84000000000003,NA,NA,NA
6,3,18,61,2000,339,TRUE,TRUE,TRUE,0.000571012750312925,0.000409909176991629,0.000411422810495852,2.22044604925031e-16,4.44089209850063e-16,1.05249142734465e-13,0.00667056717033125,0.298316832826782,0.00125984375053092,5.47835889719295e-05,0.095331582799956,4.26335799086703,0.0180049005956987,0.00815817653636586,7.29450268424607e-07,0,0.0399999999999636,2.58000000000004,NA,NA,NA
6,3,18,61,2000,340,TRUE,TRUE,TRUE,0.000803848276884378,0.000710320122020488,0.00071265675462084,2.22044604925031e-16,4.44089209850063e-16,4.30766533554561e-14,0.0110570017470421,0.494484150674401,0.00204805860172698,9.87848428515292e-05,0.111292820137593,4.97716622470631,0.0206144688051828,0.0102104337019853,2.00421783006708e-06,0,0.0299999999999727,2.96000000000004,NA,NA,NA
6,3,18,61,2000,341,TRUE,TRUE,TRUE,0.00071508045201954,0.000714198231461852,0.000715175948110887,4.44089209850063e-16,2.22044604925031e-16,1.64313007644523e-14,0.00369282458599937,0.165148136065542,0.000685175286864214,1.45299386566933e-05,0.0462947490869147,2.07036411919275,0.00858963572388298,0.00233168582095544,2.23556613491171e-07,0.0199999999999818,0.0300000000000864,2.58999999999992,NA,NA,NA
6,3,18,61,2000,342,TRUE,TRUE,TRUE,0.000647099015893696,0.000513214095858917,0.00050921006879817,4.44089209850063e-16,2.22044604925031e-16,1.36468614186924e-12,0.00411198481583631,0.183893551413139,0.000760470798588716,1.94593795690423e-05,0.0684411690270552,3.06078212808097,0.0126575152383592,0.00410437249841422,2.77187198781449e-07,0,0.0299999999999727,2.61000000000001,NA,NA,NA
6,3,18,61,2000,343,TRUE,TRUE,TRUE,0.000980930258918419,0.000814607468102607,0.000822509865541259,4.44089209850063e-16,4.44089209850063e-16,2.22044604925031e-15,0.00596673466294877,0.266840486201155,0.0010888850850341,3.43817185530781e-05,0.0758988777003487,3.39430099907845,0.0138509856005384,0.00513568362570638,5.83638074394007e-07,0,0.0499999999999545,2.59000000000003,NA,NA,NA
6,3,18,61,2000,344,TRUE,TRUE,TRUE,0.000381381032453988,0.000384835183549303,0.000384370280799356,2.22044604925031e-16,2.22044604925031e-16,1.26565424807268e-14,0.00402098793733097,0.179824047291574,0.000754865975394965,1.0789287642865e-05,0.0499447694262284,2.233597991152,0.00937620497161498,0.0024362834891285,2.65054819543626e-07,0,0.0399999999999636,2.6400000000001,NA,NA,NA
6,3,18,61,2000,345,TRUE,TRUE,TRUE,0.000718351623538056,0.000742888274338644,0.00074759504797582,0,2.22044604925031e-16,8.88178419700125e-16,0.00328083777529558,0.146723525774202,0.000622735353387633,8.53103703235547e-06,0.0418614132029624,1.87209931112062,0.0079457089102505,0.00192611322885128,1.76457319800106e-07,0.0199999999999818,0.0499999999999545,2.73000000000002,NA,NA,NA
6,3,18,61,2000,346,TRUE,TRUE,TRUE,0.000515657307420986,0.000428383253355799,0.000427139611041151,2.22044604925031e-16,4.44089209850063e-16,2.33146835171283e-14,0.00331394008457672,0.148203906049499,0.000612333900579902,1.13872643652257e-05,0.0612211335224064,2.73789232431384,0.0113121464271996,0.00345794222905127,1.80036047281382e-07,0,0.0399999999999636,2.67000000000007,NA,NA,NA
6,3,18,61,2000,347,TRUE,TRUE,TRUE,0.000629725501949346,0.000555915734241274,0.00055417247173713,4.44089209850063e-16,4.44089209850063e-16,3.33066907387547e-15,0.0045596857263442,0.203915344802823,0.000854617685731289,2.17894478531377e-05,0.0510348068081948,2.28234594483385,0.00956540671962761,0.00293924093121589,3.40831703656181e-07,0,0.0499999999999545,2.78000000000009,NA,NA,NA
6,3,18,61,2000,348,TRUE,TRUE,TRUE,0.000486316362073694,0.000449197860371858,0.000453660173852587,4.44089209850063e-16,4.44089209850063e-16,8.65973959207622e-14,0.0026192862810616,0.117138043539727,0.000490192319035582,7.30358337008852e-06,0.0545910510772606,2.44138602343836,0.0102165670547881,0.00263769326822327,1.12469846264877e-07,0.0199999999999818,0.0299999999999727,2.67000000000007,NA,NA,NA
6,3,18,61,2000,349,TRUE,TRUE,TRUE,0.000722417597647732,0.000596949840148506,0.000591754598946987,4.44089209850063e-16,2.22044604925031e-16,4.44089209850063e-16,0.00606466768113211,0.271220183919148,0.00111650096283547,2.85946235258905e-05,0.0576567141187791,2.57848664257724,0.0106145596448459,0.00266031150837165,6.0295400135358e-07,0,0.0299999999999727,2.76999999999998,NA,NA,NA
6,3,18,61,2000,350,TRUE,TRUE,TRUE,0.000446276518400489,0.00042586111735286,0.000427909660907381,4.44089209850063e-16,2.22044604925031e-16,1.33226762955019e-15,0.00356494388653393,0.159429137325243,0.000671020151823472,2.67555468553837e-05,0.0483484504582253,2.16220843662745,0.00910050357018409,0.00281052830304418,2.08341392035011e-07,0.00999999999999091,0.0500000000000682,2.91999999999996,NA,NA,NA
6,3,18,61,2000,351,TRUE,TRUE,TRUE,0.000486763946139174,0.00050853956775299,0.000511388888259576,4.44089209850063e-16,2.22044604925031e-16,3.59712259978551e-14,0.00283693241544263,0.126871474570048,0.000523505750960873,1.08659398811994e-05,0.0368111337021617,1.64624394573734,0.00679284430167314,0.00162884748819536,1.31937467701461e-07,0,0.0300000000000864,2.81999999999994,NA,NA,NA
6,3,18,61,2000,352,TRUE,TRUE,TRUE,0.00100363743456328,0.000863490167580774,0.000854735108099418,2.22044604925031e-16,0,6.57252030578093e-14,0.0130305215680167,0.582742640167251,0.00247130432635375,0.000116109344194371,0.109935487096669,4.91646444575405,0.0208498212035234,0.0104159192755411,2.7835162677795e-06,0,0.0500000000000682,2.58999999999992,NA,NA,NA
6,3,18,61,2000,353,TRUE,TRUE,TRUE,0.000405800200750424,0.000371806406764558,0.000371638829277037,2.22044604925031e-16,4.44089209850063e-16,1.33226762955019e-15,0.00254325326466049,0.113737743675583,0.000478153048200028,1.00986038056305e-05,0.0428018327834594,1.91415615330789,0.008047105295544,0.00181893110569931,1.06035035544365e-07,0.0199999999999818,0.0300000000000864,2.58000000000004,NA,NA,NA
6,3,18,61,2000,354,TRUE,TRUE,TRUE,0.00105377406152286,0.000978707923032329,0.000980531995509989,6.66133814775094e-16,4.44089209850063e-16,1.11022302462516e-15,0.00225389385006938,0.100797197256477,0.000428902706497521,5.72645493335244e-06,0.0454825318123283,2.03404065842326,0.00865505755387138,0.00203107951365311,8.32793030718123e-08,0.00999999999999091,0.0399999999999636,2.73000000000002,NA,NA,NA
6,3,18,61,2000,355,TRUE,TRUE,TRUE,0.000558234886457292,0.000527739183549486,0.000526138900462147,4.44089209850063e-16,2.22044604925031e-16,2.22044604925031e-15,0.00421924839457221,0.188690524484406,0.000790364162263888,1.57654053616341e-05,0.053654052895686,2.39948219086247,0.010050662251484,0.00294043542805156,2.91837000247543e-07,0.0199999999999818,0.0299999999999727,2.85000000000014,NA,NA,NA
6,3,18,61,2000,356,TRUE,TRUE,TRUE,0.000474742782772457,0.000465562170873802,0.000460295479506799,4.44089209850063e-16,2.22044604925031e-16,9.32587340685131e-15,0.00710500782415235,0.317745609509451,0.00131866828153529,3.17056870038357e-05,0.0743209429768499,3.32373361296244,0.0137937455641095,0.00498585605770785,8.27559609528953e-07,0,0.0299999999999727,2.83999999999992,NA,NA,NA
6,3,18,61,2000,357,TRUE,TRUE,TRUE,0.00070729734327703,0.000663000203866978,0.000658309068980315,4.44089209850063e-16,4.44089209850063e-16,1.62092561595273e-14,0.00309532940681318,0.138427339327767,0.000588127467240635,7.78035207105177e-06,0.0447297435548706,2.00037494409648,0.00849886630138456,0.00161170242660802,1.57066625191515e-07,0.00999999999999091,0.0299999999999727,2.65000000000009,NA,NA,NA
6,3,18,61,2000,358,TRUE,TRUE,TRUE,0.000869654938603723,0.000741091031418143,0.000747452687242881,4.44089209850063e-16,2.22044604925031e-16,4.17443857259059e-14,0.00856599443732847,0.38308291713503,0.00158353710267119,3.46668060515753e-05,0.078688160645833,3.51904152457013,0.0145465448098621,0.00545042140791452,1.20288951967774e-06,0,0.0299999999999727,2.61000000000013,NA,NA,NA
6,3,18,61,2000,359,TRUE,TRUE,TRUE,0.000544584989593652,0.000493828323892554,0.00049177199519063,2.22044604925031e-16,2.22044604925031e-16,9.32587340685131e-15,0.00384679066811136,0.172033708582177,0.000718964707178708,1.59036088582809e-05,0.0645120735803205,2.8850676379013,0.0120572986920389,0.00391606358471819,2.42586859742109e-07,0.0199999999999818,0.0299999999999727,2.8599999999999,NA,NA,NA
6,3,18,61,2000,360,TRUE,TRUE,TRUE,0.000571758737582754,0.000572251541861223,0.000569902559064448,2.22044604925031e-16,0,1.62092561595273e-14,0.00234914179460604,0.105056814830499,0.000440933137793377,6.94069714057832e-06,0.0348468969575369,1.55840060803966,0.00654075103219813,0.00120340074842318,9.04666749371292e-08,0.0199999999999818,0.0300000000002001,2.84999999999991,NA,NA,NA
6,3,18,61,2000,361,TRUE,TRUE,TRUE,0.000788076814689265,0.000673245745303557,0.000672664991645062,3.33066907387547e-16,4.44089209850063e-16,1.17017506795491e-12,0.00499010404065711,0.223164236994114,0.000918398206615211,1.93253935378834e-05,0.0695462836621522,3.11020435702111,0.0127995692417793,0.00383681822696147,4.08215382566925e-07,0.0199999999999818,0.0299999999999727,2.80999999999995,NA,NA,NA
6,3,18,61,2000,362,TRUE,TRUE,TRUE,0.000542400676401443,0.000464128722997715,0.000462827155815492,2.22044604925031e-16,2.22044604925031e-16,2.15516493540235e-12,0.00573721860385406,0.256576215999882,0.00107437799780854,4.90665008143765e-05,0.0829402151697226,3.70919918375918,0.0155317669527175,0.00596661495635331,5.3960126735097e-07,0.00999999999999091,0.0299999999999727,2.72000000000003,NA,NA,NA
6,3,18,61,2000,363,TRUE,TRUE,TRUE,0.000401270697359804,0.000344912080248217,0.000347328316014947,4.44089209850063e-16,2.22044604925031e-16,8.88178419700125e-16,0.00406254568931786,0.18168256646027,0.000763461915504296,2.06578819046399e-05,0.0574536902449157,2.56940713891696,0.0107970981157233,0.00294237046516344,2.70561925865494e-07,0.00999999999999091,0.0299999999999727,2.79999999999995,NA,NA,NA
6,3,18,61,2000,364,TRUE,TRUE,TRUE,0.00037732177946903,0.00040845658625672,0.000408446193035742,6.66133814775094e-16,6.66133814775094e-16,1.57651669496772e-14,0.00169878810516787,0.0759721136504684,0.000317233561040058,5.49519610260063e-06,0.0358004297069297,1.60104388896795,0.00668541165796031,0.00125505970036244,4.73095250206531e-08,0,0.0399999999999636,2.75,NA,NA,NA
6,3,18,61,2000,365,TRUE,TRUE,TRUE,0.000525599545282841,0.000486180578533767,0.000486953985929832,2.22044604925031e-16,3.33066907387547e-16,1.55431223447522e-15,0.00316379989746011,0.141489432758553,0.000593657968751912,1.42591385774438e-05,0.0561303116407104,2.51022384853753,0.0105323370232065,0.00352975542529421,1.64092291658502e-07,0,0.040000000000191,2.52999999999997,NA,NA,NA
6,3,18,61,2000,366,TRUE,TRUE,TRUE,0.000490251811696909,0.000428297937613431,0.000425011105872017,2.22044604925031e-16,2.22044604925031e-16,9.88098491916389e-13,0.00275811203869474,0.12334652016164,0.000515508480002449,9.3957033087122e-06,0.0356245871855111,1.59317997234341,0.00665845931313527,0.00162204767845608,1.24707901934309e-07,0,0.0499999999999545,2.61999999999989,NA,NA,NA
6,3,18,61,2000,367,TRUE,TRUE,TRUE,0.000456054571658381,0.000432577969837405,0.000430327392584988,2.22044604925031e-16,2.22044604925031e-16,1.33226762955019e-15,0.00250232364341699,0.111907315367707,0.00046570644209459,1.05443924205417e-05,0.0474418413433649,2.12166364443048,0.0088293819213028,0.00266620477858837,1.02649567482028e-07,0.0200000000002092,0.0299999999999727,2.50999999999999,NA,NA,NA
6,3,18,61,2000,368,TRUE,TRUE,TRUE,0.00104471800440123,0.00100156837036551,0.00100083223830324,3.33066907387547e-16,5.55111512312578e-16,3.40616423954998e-13,0.00314004163712701,0.140426931055914,0.000581982321306385,1.39153851890228e-05,0.0432619923985127,1.93473511690307,0.00801827417277882,0.00180473346311061,1.61637073490021e-07,0.0199999999999818,0.0299999999999727,2.72000000000003,NA,NA,NA
6,3,18,61,2000,369,TRUE,TRUE,TRUE,0.0010041368877504,0.000738887539180491,0.000736660114786482,2.22044604925031e-16,2.22044604925031e-16,1.11022302462516e-15,0.00987609119572555,0.44167222531259,0.00188011786460899,0.000111488406229654,0.10395208446784,4.64887854545782,0.0197894255123847,0.00922335488743542,1.59897011977521e-06,0,0.0499999999999545,2.70000000000005,NA,NA,NA
6,3,18,61,2000,370,TRUE,TRUE,TRUE,0.000633146877041526,0.000471249473192396,0.000471800776425334,6.66133814775094e-16,5.55111512312578e-16,1.33226762955019e-15,0.00548415032512796,0.245258658516274,0.00102401690781193,2.45445700812752e-05,0.0754747184333468,3.3753320199924,0.0140928645653579,0.00448313062798178,4.93047619485265e-07,0,0.0499999999999545,2.81999999999994,NA,NA,NA
6,3,18,61,2000,371,TRUE,TRUE,TRUE,0.00117289760487238,0.00110165352494908,0.00110403292562226,6.66133814775094e-16,2.22044604925031e-16,5.55111512312578e-14,0.00214655910527174,0.0959970415421749,0.000410935980009531,5.35476558027881e-06,0.0428499629433025,1.91630859949143,0.00820317105279471,0.00163398459292097,7.55363277446726e-08,0.0200000000002092,0.0299999999999727,2.52999999999997,NA,NA,NA
6,3,18,61,2000,372,TRUE,TRUE,TRUE,0.000503821398023666,0.000477732710616878,0.000480152649380853,3.33066907387547e-16,2.22044604925031e-16,6.66133814775094e-16,0.00306199620500338,0.136936633224679,0.000568262368437611,1.12741949820361e-05,0.0374866420928285,1.67645359935539,0.00695698054283521,0.0016637790115297,1.53701979663199e-07,0.0199999999999818,0.0299999999999727,2.69000000000005,NA,NA,NA
6,3,18,61,2000,373,TRUE,TRUE,TRUE,0.000724754427218882,0.000623933633092,0.000621271617510351,2.22044604925031e-16,2.22044604925031e-16,3.15303338993544e-14,0.0072591664193039,0.324639791470945,0.00136371477518904,4.95234743027595e-05,0.0681887669870998,3.04949436570097,0.0128100147690439,0.00398527826591533,8.6386060824835e-07,0,0.0299999999999727,2.83999999999992,NA,NA,NA
6,3,18,61,2000,374,TRUE,TRUE,TRUE,0.000781878849872328,0.000745015195900913,0.000743840571812512,6.66133814775094e-16,1.11022302462516e-16,1.33226762955019e-15,0.00250813246162312,0.112167093615263,0.000465023401007764,7.08553384143329e-06,0.0419754214209807,1.87719791363027,0.00778250492212309,0.00165783934952657,1.03126695820453e-07,0,0.0500000000001819,2.94999999999982,NA,NA,NA
6,3,18,61,2000,375,TRUE,TRUE,TRUE,0.000707454130407312,0.00057484134201879,0.000567512429769264,2.22044604925031e-16,2.22044604925031e-16,3.56381590904675e-13,0.00605588052579291,0.270827210385802,0.00113334582196015,2.74180793446988e-05,0.0782641007850292,3.5000769910644,0.0146469685550091,0.00541043610351366,6.01208015453735e-07,0.0200000000002092,0.0399999999999636,2.76999999999998,NA,NA,NA
6,3,18,61,2000,376,TRUE,TRUE,TRUE,0.000413862060361527,0.000388809716457614,0.00039925743598145,2.22044604925031e-16,2.22044604925031e-16,6.66133814775094e-16,0.00554816963353176,0.248121689025542,0.00103509133854335,3.24247624874374e-05,0.0675370198391581,3.02034734716219,0.0126000084503621,0.00391433823313747,5.04626004630228e-07,0,0.0499999999999545,2.76999999999998,NA,NA,NA
6,3,18,61,2000,377,TRUE,TRUE,TRUE,0.000500178592567887,0.000444839539875165,0.000447478649573256,3.33066907387547e-16,2.22044604925031e-16,4.88498130835069e-15,0.00268986839421838,0.12029457160001,0.000503499205655912,6.10416226010102e-06,0.040524430005488,1.81230760483407,0.00758550803499472,0.00148019572145586,1.18612983249425e-07,0.0199999999999818,0.0299999999999727,2.86000000000013,NA,NA,NA
6,3,18,61,2000,378,TRUE,TRUE,TRUE,0.000963379122411206,0.000879441476444052,0.000876999761613134,2.22044604925031e-16,2.22044604925031e-16,1.73194791841524e-13,0.00374595038175382,0.167523993878857,0.000686528186698338,1.39351610535243e-05,0.0501655817990019,2.24347302066789,0.00919395144017134,0.00203293460429066,2.30035151845272e-07,0,0.0499999999999545,2.83999999999992,NA,NA,NA
6,3,18,61,2000,379,TRUE,TRUE,TRUE,0.000575051236194001,0.000388128518471245,0.000391799868648286,4.44089209850063e-16,4.44089209850063e-16,3.10862446895044e-15,0.0051463502016108,0.23015177773643,0.000972322150316085,3.21444308113428e-05,0.0725947804001482,3.24653727572802,0.0137156451106462,0.00519939693279525,4.34179022911795e-07,0,0.0299999999999727,2.78999999999996,NA,NA,NA
6,3,18,61,2000,380,TRUE,TRUE,TRUE,0.000503286487425495,0.000477111370274123,0.000476195681824075,4.44089209850063e-16,2.22044604925031e-16,5.13145081981747e-13,0.00212073051429939,0.0948419518386303,0.000397204350107756,6.25625132855134e-06,0.0315474766766683,1.41084604735239,0.00590871630619949,0.00111275061946259,7.3729474004599e-08,0.0199999999999818,0.0299999999999727,2.62000000000012,NA,NA,NA
6,3,18,61,2000,381,TRUE,TRUE,TRUE,0.000654026869383105,0.000594942977444082,0.000595649369411769,4.44089209850063e-16,3.33066907387547e-16,1.11022302462516e-15,0.00496211644681522,0.221912593746971,0.000937586642798846,2.2314393604006e-05,0.0513602991147046,2.29690240330404,0.0097044740759776,0.00253951527143315,4.03649174291051e-07,0,0.0399999999999636,2.6099999999999,NA,NA,NA
6,3,18,61,2000,382,TRUE,TRUE,TRUE,0.000672966828522704,0.000632269584382397,0.000638569298121017,2.22044604925031e-16,4.44089209850063e-16,1.33226762955019e-15,0.0028180504412785,0.12602704701444,0.000521078257941963,8.57773087759028e-06,0.0352926215270208,1.57833401677182,0.00652586535504372,0.00156039479867331,1.30187021140819e-07,0,0.0500000000001819,2.78999999999996,NA,NA,NA
6,3,18,61,2000,383,TRUE,TRUE,TRUE,0.000562317226854544,0.000495549385317203,0.000495536847039777,2.22044604925031e-16,2.22044604925031e-16,1.11022302462516e-14,0.00201554999753636,0.0901381361308167,0.000376767450589995,5.58953329488077e-06,0.0258849278395613,1.15760916483872,0.00483867841667945,0.00105066832023226,6.65974064355545e-08,0,0.0399999999999636,2.93000000000006,NA,NA,NA
6,3,18,61,2000,384,TRUE,TRUE,TRUE,0.000629639093289982,0.000695307502287819,0.000695128981428637,2.22044604925031e-16,4.44089209850063e-16,5.81756864903582e-14,0.00252443153686185,0.112896010419347,0.000481312601959865,7.2528316472642e-06,0.0445127136799851,1.99066907302863,0.00848687307568704,0.00221513581441712,1.04471386627913e-07,0.00999999999999091,0.0399999999999636,2.76999999999998,NA,NA,NA
6,3,18,61,2000,385,TRUE,TRUE,TRUE,0.00075712565117124,0.000708949130190486,0.000701504140439938,1.11022302462516e-16,2.22044604925031e-16,2.64233079860787e-14,0.00303060632517205,0.135532835122511,0.000565280411511164,6.17260177193657e-06,0.0458424851919095,2.05013826293274,0.00855071761671515,0.00185089301999852,1.50566798330703e-07,0.0199999999999818,0.0399999999999636,2.83000000000015,NA,NA,NA
6,3,18,61,2000,386,TRUE,TRUE,TRUE,0.000381678103889701,0.000421374525095479,0.000431527840335746,2.22044604925031e-16,4.44089209850063e-16,2.23598917159507e-13,0.00593166964623859,0.265272330981232,0.00111375219848305,4.65190209872901e-05,0.0614550439641591,2.74835311728196,0.0115390260086985,0.00356789480369102,5.7679843921489e-07,0,0.0499999999999545,2.75,NA,NA,NA
6,3,18,61,2000,387,TRUE,TRUE,TRUE,0.00079006696124589,0.00077225227213654,0.000776178297363976,3.33066907387547e-16,2.22044604925031e-16,5.52891066263328e-14,0.00322796464846115,0.144358967658507,0.00060245691627659,7.27415381618357e-06,0.0407435823405534,1.82210839520675,0.00760425086645635,0.00166358274913847,1.70815668388769e-07,0,0.0299999999999727,2.59000000000015,NA,NA,NA
6,3,18,61,2000,388,TRUE,TRUE,TRUE,0.000603787180698669,0.000505950080327057,0.000494601123742041,4.44089209850063e-16,4.44089209850063e-16,1.03028696685215e-13,0.00475252455764113,0.212539359512454,0.000884649422909849,1.51341839114139e-05,0.053521092448622,2.39353601890339,0.00996257946148911,0.00246697046310373,3.70270322475115e-07,0,0.0399999999999636,2.8599999999999,NA,NA,NA
6,3,18,61,2000,389,TRUE,TRUE,TRUE,0.000464363543621809,0.000488186828449201,0.000487067589677932,1.11022302462516e-16,2.22044604925031e-16,2.66364708068068e-12,0.0020526562419024,0.0917975778266603,0.00038370879273085,6.1658305909873e-06,0.0342925477143652,1.53360935621951,0.0064104021971789,0.00134079465214398,6.90720925806701e-08,0.00999999999999091,0.040000000000191,2.72999999999979,NA,NA,NA
6,3,18,61,2000,390,TRUE,TRUE,TRUE,0.000533982469406483,0.000558967033574472,0.000554994536746609,4.44089209850063e-16,4.44089209850063e-16,2.70894418008538e-13,0.00194040888805604,0.0867777235567617,0.000364240462066617,3.52606617326501e-06,0.025638097954786,1.146570596814,0.00481261073531567,0.000778322420813993,6.17243713581455e-08,0,0.0499999999999545,2.83999999999992,NA,NA,NA
6,3,18,61,2000,391,TRUE,TRUE,TRUE,0.000744273682677136,0.000753529949310891,0.000775665093999363,2.22044604925031e-16,2.22044604925031e-16,1.11022302462516e-15,0.00960841359670723,0.429701319163412,0.00178541096856101,3.60871741911239e-05,0.0673063964765461,3.01003355684219,0.0125067033505638,0.00407799105345674,1.51346904664571e-06,0.00999999999999091,0.0299999999999727,2.88000000000011,NA,NA,NA
6,3,18,61,2000,392,TRUE,TRUE,TRUE,0.000712398243032244,0.000780039288259156,0.000783249435244389,2.22044604925031e-16,2.22044604925031e-16,1.11244347067441e-13,0.00387648665713619,0.173361753584549,0.00071813005267229,1.17231290808206e-05,0.0570753958074821,2.55248929736473,0.0105733775510527,0.00256477908939701,2.46346701687785e-07,0.0199999999999818,0.0399999999999636,2.97000000000003,NA,NA,NA
6,3,18,61,2000,393,TRUE,TRUE,TRUE,0.000612642495472521,0.000459574481487743,0.000451281931704892,2.22044604925031e-16,4.44089209850063e-16,5.99964522507435e-13,0.00871671180889066,0.389823202899094,0.00162486800632113,5.76388610120659e-05,0.098709840755233,4.41443827953761,0.0184003401361325,0.00739691635756046,1.24559122556154e-06,0,0.0399999999999636,2.83000000000015,NA,NA,NA
6,3,18,61,2000,394,TRUE,TRUE,TRUE,0.000595633832116252,0.00054155381307866,0.000545521164208193,2.22044604925031e-16,2.22044604925031e-16,4.44089209850063e-16,0.00519560042488542,0.232354314679412,0.000966856743358354,2.84658132159166e-05,0.0557379183240111,2.4926754859364,0.0103723492542281,0.0033905740099982,4.42528914345402e-07,0.0199999999999818,0.0399999999999636,2.57999999999993,NA,NA,NA
6,3,18,61,2000,395,TRUE,TRUE,TRUE,0.000606331174984132,0.000618038706279924,0.000624757597970745,4.44089209850063e-16,4.44089209850063e-16,5.55111512312578e-15,0.00374353110165904,0.167415800383886,0.000704705678730748,1.38959526196913e-05,0.0555067376905025,2.48233677370427,0.0104489350284762,0.0034738074065821,2.29738116542435e-07,0.00999999999999091,0.0299999999999727,2.82000000000016,NA,NA,NA
6,3,18,61,2000,396,TRUE,TRUE,TRUE,0.000504141885651176,0.000495552252560896,0.000497013123122181,2.22044604925031e-16,4.44089209850063e-16,8.88178419700125e-15,0.00518345852586531,0.231811312447714,0.000988214257352537,2.04077200613995e-05,0.059145679390586,2.64507519385517,0.0112759855881787,0.00334390356444914,4.40462988350258e-07,0,0.0499999999999545,2.58999999999992,NA,NA,NA
6,3,18,61,2000,397,TRUE,TRUE,TRUE,0.000640994742018905,0.000613869097776559,0.000617311465165476,0,0,5.19584375524573e-14,0.00200967570306132,0.0898754296954957,0.000369815348153808,4.23184222597683e-06,0.0360654091249629,1.61289412879516,0.00663666372218201,0.00158646194472567,6.62097775651639e-08,0.00999999999999091,0.040000000000191,2.81999999999994,NA,NA,NA
6,3,18,61,2000,398,TRUE,TRUE,TRUE,0.000521217262092459,0.000503981472828418,0.000513651141871107,4.44089209850063e-16,4.44089209850063e-16,6.66133814775094e-16,0.00584367676826362,0.261337169847475,0.00108407055024739,3.29324658672192e-05,0.0531063965069308,2.37499025259109,0.0098518591575063,0.00316073965454677,5.59812429048262e-07,0,0.0299999999999727,2.78999999999996,NA,NA,NA
6,3,18,61,2000,399,TRUE,TRUE,TRUE,0.000728680267927323,0.000749213924385114,0.000749519268023612,2.22044604925031e-16,2.22044604925031e-16,2.33146835171283e-14,0.00307420866696726,0.137482791127156,0.000570415094143531,7.15860105060528e-06,0.0297053324313486,1.32846285221449,0.00551178265075558,0.00103404539783725,1.54930474230437e-07,0.00999999999999091,0.040000000000191,2.5,NA,NA,NA
6,3,18,61,2000,400,TRUE,TRUE,TRUE,0.000651930796530242,0.000676252895380293,0.000677855389009186,4.44089209850063e-16,2.22044604925031e-16,4.44089209850063e-16,0.00207329333347196,0.0927204966188087,0.000394603924118201,4.94699259334652e-06,0.0304816282384455,1.36317985612083,0.00580148014861954,0.00100834433661845,7.04679548626107e-08,0.0199999999999818,0.0299999999999727,2.61999999999989,NA,NA,NA
6,3,18,61,2000,401,TRUE,TRUE,TRUE,0.000568284229768066,0.000501836095967215,0.000504424651566912,4.44089209850063e-16,4.44089209850063e-16,5.54623014181743e-12,0.014406290557317,0.644268899795483,0.00266341427769703,0.000165719087387828,0.0931939936353576,4.16776209726685,0.0172295715025648,0.00691360637343408,3.40231487904658e-06,0,0.0500000000001819,2.86999999999989,NA,NA,NA
6,3,18,61,2000,402,TRUE,TRUE,TRUE,0.000647016412983321,0.000710066588138466,0.000720923651845571,4.44089209850063e-16,4.44089209850063e-16,5.55111512312578e-15,0.0049749108157419,0.222484775319956,0.000920262414412099,1.40685057985479e-05,0.0572570360183805,2.56061249454505,0.0105914457886614,0.00263170577964189,4.05733403681733e-07,0.00999999999999091,0.0299999999999727,2.93000000000006,NA,NA,NA
6,3,18,61,2000,403,TRUE,TRUE,TRUE,0.000617199330589351,0.000506852852892685,0.000506059622893578,4.44089209850063e-16,2.22044604925031e-16,1.68753899743024e-14,0.00829351877150555,0.370897434915139,0.0015466936737763,6.07573116404581e-05,0.0882828042736059,3.94812703200184,0.0164642365484669,0.00709136684584166,1.12758120677565e-06,0,0.0499999999999545,2.69000000000005,NA,NA,NA
6,3,18,61,2000,404,TRUE,TRUE,TRUE,0.000535958268139761,0.000420623316091692,0.000421161790200482,4.44089209850063e-16,4.44089209850063e-16,5.83780224161501e-09,0.00984635221253426,0.440342257552641,0.00183518694475327,7.75407206461409e-05,0.0897778916469642,4.01498937198445,0.0167330206275016,0.00709218908930964,1.58935494907014e-06,0,0.0499999999999545,2.78999999999996,NA,NA,NA
6,3,18,61,2000,405,TRUE,TRUE,TRUE,0.000998298654591854,0.000873234838431183,0.00086693224709115,3.33066907387547e-16,2.22044604925031e-16,1.57651669496772e-13,0.00679943729470545,0.304080079994173,0.00124509729298427,5.34161086704898e-05,0.0815178937172369,3.64559103468689,0.0149273688980328,0.00613196159925877,7.57907336469367e-07,0,0.0500000000001819,2.83999999999992,NA,NA,NA
6,3,18,61,2000,406,TRUE,TRUE,TRUE,0.000830878373394514,0.000778616388033987,0.000771282814516598,4.44089209850063e-16,2.22044604925031e-16,7.99360577730113e-15,0.00365812186403164,0.16359618315906,0.000687267516765748,1.21737436522551e-05,0.0547864216036143,2.45012325899289,0.0102929670818839,0.00265099929728052,2.1937468150994e-07,0.00999999999999091,0.0299999999999727,2.76999999999998,NA,NA,NA
6,3,18,61,2000,407,TRUE,TRUE,TRUE,0.000573970546175788,0.000572600459120787,0.000574102183324099,1.11022302462516e-16,2.22044604925031e-16,2.66453525910038e-15,0.00190211920458785,0.0850653568553251,0.000354829604922139,4.75412972633649e-06,0.0314239256967741,1.40532067955779,0.00586195602946191,0.00108057077058987,5.93124175157688e-08,0.00999999999999091,0.0500000000001819,2.3599999999999,NA,NA,NA
6,3,18,61,2000,408,TRUE,TRUE,TRUE,0.000920694753354029,0.000870871096648899,0.00088990851459361,4.44089209850063e-16,1.11022302462516e-16,5.94191362779384e-13,0.00706031164211985,0.315746735482263,0.00128625976381434,2.53423114173756e-05,0.0803780402183765,3.59461523653004,0.0146434101308461,0.00520131749451735,8.17180335800871e-07,0,0.0299999999999727,2.66000000000008,NA,NA,NA
6,3,18,61,2000,409,TRUE,TRUE,TRUE,0.000631893278273911,0.00064544462356381,0.000651222825899627,2.22044604925031e-16,4.44089209850063e-16,1.90203408578782e-12,0.00318747657938942,0.142548286164065,0.00059530775823816,1.17156105829963e-05,0.051371485547879,2.29740267580411,0.00959437446430745,0.00261785748938692,1.66557490887804e-07,0,0.0399999999999636,2.79999999999995,NA,NA,NA
6,3,18,61,2000,410,TRUE,TRUE,TRUE,0.000336562294545231,0.000310751297202526,0.000311233563480901,4.44089209850063e-16,4.44089209850063e-16,5.10702591327572e-15,0.00383276836657264,0.171406612193345,0.000716462120405093,9.57642052057395e-06,0.0382405710475783,1.71017032721591,0.00714833718030018,0.00128890471373566,2.40821530357375e-07,0,0.0500000000001819,2.66999999999985,NA,NA,NA
6,3,18,61,2000,411,TRUE,TRUE,TRUE,0.000484028229591758,0.000451433949752161,0.000440220883961604,2.22044604925031e-16,2.22044604925031e-16,1.13242748511766e-14,0.00691954652401655,0.309451528023468,0.00130824680204093,3.73284956936004e-05,0.0714701984121723,3.19624444030029,0.0135125413478225,0.0049028061461307,7.84920067180813e-07,0.00999999999999091,0.040000000000191,2.79999999999995,NA,NA,NA
6,3,18,61,2000,412,TRUE,TRUE,TRUE,0.000580971693980157,0.000638711008907015,0.000642001713605973,2.22044604925031e-16,2.22044604925031e-16,7.23865412055602e-14,0.00363683641732099,0.162644269043531,0.000668773284345029,1.5214922154172e-05,0.0575927555060528,2.57562632646119,0.0105906595278309,0.00335362877171264,2.16829166005774e-07,0.0199999999999818,0.0299999999999727,2.80999999999995,NA,NA,NA
6,3,18,61,2000,413,TRUE,TRUE,TRUE,0.000328238194005401,0.000294853679969804,0.000294930451227351,2.22044604925031e-16,3.33066907387547e-16,4.66293670342566e-15,0.00233162851950878,0.104273597357976,0.000436114596370574,8.37948298837432e-06,0.0429980717274579,1.92293222568015,0.008042484700815,0.00215149346751176,8.91228123440442e-08,0,0.0500000000001819,2.80999999999995,NA,NA,NA
6,3,18,61,2000,414,TRUE,TRUE,TRUE,0.000805992104423653,0.000736218542024185,0.000740041656242981,4.44089209850063e-16,3.33066907387547e-16,1.10511599871188e-12,0.00579138474028614,0.258998599262695,0.00106950347366074,3.15470706553356e-05,0.0647940416341505,2.89767763261824,0.0119656102483046,0.00426403835673028,5.49838314918346e-07,0,0.0499999999999545,2.83999999999992,NA,NA,NA
6,3,18,61,2000,415,TRUE,TRUE,TRUE,0.000652866815608101,0.00044596710229428,0.000444102147548167,4.44089209850063e-16,4.44089209850063e-16,5.55111512312578e-15,0.00637552263818623,0.285122040221464,0.00118381583046444,3.64561604548896e-05,0.0801752192494092,3.58554480705257,0.0148870452109962,0.00523233627676234,6.66348998525003e-07,0,0.0500000000001819,2.80999999999995,NA,NA,NA
6,3,18,61,2000,416,TRUE,TRUE,TRUE,0.000869763066330176,0.000863804705140022,0.000864508261930515,2.22044604925031e-16,2.22044604925031e-16,9.98312543742941e-13,0.00302809562226914,0.135420553075266,0.000566107434973317,1.20609690341666e-05,0.0606958054644299,2.71439893935137,0.0113471802186219,0.00341330192672729,1.50317427829599e-07,0.0199999999999818,0.0299999999999727,2.93000000000006,NA,NA,NA
6,3,18,61,2000,417,TRUE,TRUE,TRUE,0.000607191748626936,0.000496109644279183,0.000502779794729585,4.44089209850063e-16,2.22044604925031e-16,1.2205791932729e-12,0.00675924644335316,0.302282690480227,0.00127527047964686,4.53703287988105e-05,0.0903826319243584,4.04203417936416,0.0170525373400563,0.00665837271948533,7.48973975114466e-07,0.0199999999999818,0.0499999999999545,2.80999999999995,NA,NA,NA
6,3,18,61,2000,418,TRUE,TRUE,TRUE,0.000492243740941451,0.000363630177418173,0.000359560150259579,4.44089209850063e-16,2.22044604925031e-16,2.44249065417534e-15,0.00382043844051349,0.170855201136829,0.000718816134597483,1.74554767546908e-05,0.0555148570457395,2.48269988230913,0.0104451296822851,0.00291082997687653,2.39274588159887e-07,0,0.0500000000001819,2.6099999999999,NA,NA,NA
6,3,18,61,2000,419,TRUE,TRUE,TRUE,0.000999605265998891,0.00085776815861198,0.000854014386291385,2.22044604925031e-16,5.55111512312578e-16,1.33226762955019e-15,0.0107813114821085,0.482154907211873,0.00199873990169247,0.000131856030613164,0.101444459171279,4.53673413295363,0.0188067183373496,0.0104936785906453,1.90551929957778e-06,0,0.0399999999999636,2.83000000000015,NA,NA,NA
6,3,18,61,2000,420,TRUE,TRUE,TRUE,0.000557562819000859,0.000585578124345447,0.00059415729287183,1.11022302462516e-16,2.22044604925031e-16,5.97299987248334e-14,0.00315020606421761,0.140881498054453,0.000592767511302221,1.50313989379924e-05,0.0481355113156993,2.15268550867228,0.00905755581260793,0.00259939881510007,1.62685217164482e-07,0.00999999999999091,0.0299999999999727,2.75,NA,NA,NA
6,3,18,61,2000,421,TRUE,TRUE,TRUE,0.000682883399093794,0.000690321846029437,0.000685411082394522,4.44089209850063e-16,4.44089209850063e-16,1.95399252334028e-14,0.00301243055984016,0.134719990186007,0.000567046519146896,1.33202510284036e-05,0.0431488940505659,1.92967720502003,0.00812215574446631,0.00172621710899534,1.48766194718999e-07,0,0.160000000000082,2.61999999999989,NA,NA,NA
6,3,18,61,2000,422,TRUE,TRUE,TRUE,0.000578846293301043,0.000523032030544671,0.000522376878933313,0,2.22044604925031e-16,8.88178419700125e-16,0.00301361885597809,0.134773132404843,0.000559365142896617,1.53610136059967e-05,0.0505375504299516,2.26010796355391,0.00938039794309688,0.00254238739704249,1.48883583755848e-07,0.0199999999999818,0.0399999999999636,2.54999999999995,NA,NA,NA
6,3,18,61,2000,423,TRUE,TRUE,TRUE,0.000756492540820424,0.000567377921391609,0.000564088115638931,4.44089209850063e-16,4.44089209850063e-16,7.84483589200136e-13,0.00501017117787137,0.224061666652612,0.000934256002213525,4.37930905370365e-05,0.0742595907616036,3.32098985848522,0.0138473249571533,0.00536271944084632,4.11505167730705e-07,0,0.0399999999999636,2.82999999999993,NA,NA,NA
6,3,18,61,2000,424,TRUE,TRUE,TRUE,0.000490448194877525,0.000405977828158649,0.000400902378300935,2.22044604925031e-16,2.22044604925031e-16,1.13686837721616e-13,0.00426441665277694,0.190710510399827,0.000799950287131452,1.47477749692371e-05,0.0642927882534253,2.87526089995318,0.0120605087662618,0.00355996664911373,2.98118842434119e-07,0,0.0399999999999636,2.74000000000001,NA,NA,NA
6,3,18,61,2000,425,TRUE,TRUE,TRUE,0.00104670875480003,0.000964276071283035,0.000975817129628387,2.22044604925031e-16,2.22044604925031e-16,5.32907051820075e-15,0.00321922255216837,0.143968009226977,0.000599607295027503,6.86956019890772e-06,0.048418658875645,2.16534825250632,0.00901838273272835,0.00222873442456262,1.69891702301466e-07,0,0.0299999999999727,2.97000000000003,NA,NA,NA
6,3,18,61,2000,426,TRUE,TRUE,TRUE,0.000906975692732875,0.000772842327354756,0.000769576079449886,4.44089209850063e-16,2.22044604925031e-16,1.24344978758018e-14,0.0041726906431613,0.18660839854372,0.000766594551791118,2.43497195029363e-05,0.0707946334346109,3.16603225603939,0.0130061835223676,0.00483239007671443,2.85431921369277e-07,0,0.0300000000002001,2.82999999999993,NA,NA,NA
6,3,18,61,2000,427,TRUE,TRUE,TRUE,0.000616140611593204,0.000512444131752878,0.000512879591239133,4.44089209850063e-16,3.33066907387547e-16,2.22044604925031e-16,0.00656421616081924,0.29356067109189,0.00120488010229358,4.44967189388024e-05,0.0823631962546846,3.68339411339262,0.0151179933593451,0.00558198685715894,7.0637596403214e-07,0,0.0399999999999636,2.51999999999998,NA,NA,NA
6,3,18,61,2000,428,TRUE,TRUE,TRUE,0.000991035076281902,0.000977869300635941,0.000979584434616837,4.44089209850063e-16,2.22044604925031e-16,1.55431223447522e-15,0.00647255401507794,0.289461415315069,0.00123795514548594,3.87199088862644e-05,0.0846359544727317,3.78503495083211,0.0161876617929422,0.00673482885511589,6.86786155378714e-07,0.0199999999999818,0.0299999999999727,2.67000000000007,NA,NA,NA
6,3,18,61,2000,429,TRUE,TRUE,TRUE,0.00118555649463843,0.00101196314067843,0.00103079534657916,4.44089209850063e-16,4.44089209850063e-16,8.88178419700125e-16,0.0103997123512878,0.465089275278472,0.00195732824298323,0.000107659226415535,0.119380708494287,5.33886758790623,0.0224686245648209,0.0121067403711272,1.77301667195946e-06,0.00999999999999091,0.0299999999999727,2.63000000000011,NA,NA,NA
6,3,18,61,2000,430,TRUE,TRUE,TRUE,0.00058005510410044,0.000539884371588075,0.000539382066077306,2.22044604925031e-16,3.33066907387547e-16,3.5615954629975e-13,0.00402212652541297,0.179874966498569,0.000756000511940605,1.53184375299986e-05,0.0462439709670385,2.0680932526365,0.00869203529634317,0.0021757348036715,2.65204947318535e-07,0.00999999999999091,0.0299999999999727,2.60000000000014,NA,NA,NA
6,3,18,61,2000,431,TRUE,TRUE,TRUE,0.000559230563217186,0.000558713327475399,0.000563118492886468,2.22044604925031e-16,2.22044604925031e-16,3.77475828372553e-14,0.0025685997205577,0.11487127164308,0.000483481391272944,6.76889756334731e-06,0.0375506903058412,1.67931792251806,0.00706807676066618,0.00143649591217709,1.08159090564739e-07,0.0199999999999818,0.0299999999999727,2.79999999999995,NA,NA,NA
6,3,18,61,2000,432,TRUE,TRUE,TRUE,0.000618611213797552,0.000651402984336513,0.000654626500676153,3.33066907387547e-16,2.22044604925031e-16,1.0937917238607e-12,0.00208281044382854,0.0931461147329423,0.000384814750139734,3.30978597418152e-06,0.0277281416062799,1.24004019042764,0.00512298078573403,0.000851422318369544,7.11163827036266e-08,0,0.0299999999999727,2.84000000000015,NA,NA,NA
6,3,18,61,2000,433,TRUE,TRUE,TRUE,0.000635305605292441,0.000563992301667313,0.000581149303202986,0,2.22044604925031e-16,8.88178419700125e-16,0.00960734740057068,0.429653637422639,0.00180682781885125,4.96511995713433e-05,0.0905293579456854,4.04859596651927,0.0170256112888445,0.00625833719316304,1.51313318156151e-06,0,0.0299999999999727,2.68000000000006,NA,NA,NA
6,3,18,61,2000,434,TRUE,TRUE,TRUE,0.000387250065971502,0.000373989659989828,0.000377377816309601,2.22044604925031e-16,4.44089209850063e-16,1.22124532708767e-14,0.00390276836798939,0.174537107425204,0.000731039970429416,1.84877321416366e-05,0.0546926689749478,2.44593051397754,0.0102446579812652,0.00337952209217818,2.4969837597014e-07,0.0199999999999818,0.0299999999999727,2.83999999999992,NA,NA,NA
6,3,18,61,2000,435,TRUE,TRUE,TRUE,0.00107008045398655,0.000924209490370703,0.000913266523439894,4.44089209850063e-16,3.33066907387547e-16,6.66133814775094e-16,0.00605524800049667,0.270798922994605,0.00113209908018542,3.51882910223367e-05,0.0763383837225912,3.41395630592355,0.0142723492065227,0.00548045397950858,6.0108243192654e-07,0.00999999999999091,0.0299999999999727,2.93000000000006,NA,NA,NA
6,3,18,61,2000,436,TRUE,TRUE,TRUE,0.000356536771941931,0.000361686141059191,0.000360184086478388,2.22044604925031e-16,2.22044604925031e-16,1.77635683940025e-15,0.00249755944962588,0.111694254144209,0.00046343387424741,5.79445276471802e-06,0.0332754290169236,1.4881224252462,0.00617441198001014,0.00123350322869697,1.02259068924845e-07,0.0199999999999818,0.0299999999999727,2.47000000000003,NA,NA,NA
6,3,18,61,2000,437,TRUE,TRUE,TRUE,0.000819965807518529,0.000809359173818274,0.000809894856830281,2.22044604925031e-16,4.44089209850063e-16,7.44993400303429e-09,0.00160222076695092,0.0716534909972822,0.000304068730589311,4.00701188496555e-06,0.0348970420222048,1.56064316350633,0.00662274481013433,0.00120604754052422,4.20837932139148e-08,0,0.0499999999999545,2.66000000000008,NA,NA,NA
6,3,18,61,2000,438,TRUE,TRUE,TRUE,0.000675204202480348,0.000646582455737582,0.000634217983881986,2.22044604925031e-16,2.22044604925031e-16,1.37001521238744e-13,0.010195968634913,0.455977579282423,0.00192765385667367,7.44902678952997e-05,0.0979898069958922,4.38223739089799,0.0185259916084425,0.00819605020409142,1.70422584269064e-06,0,0.0499999999999545,2.67000000000007,NA,NA,NA
6,3,18,61,2000,439,TRUE,TRUE,TRUE,0.000543777471789255,0.000453348521771119,0.000452677063854473,3.33066907387547e-16,3.33066907387547e-16,1.33226762955019e-15,0.00484474980890615,0.216663798133865,0.000915196429507804,1.93320625854199e-05,0.0521377001433236,2.33166883421944,0.00984906112720229,0.00295643533516809,3.84780339522888e-07,0.0199999999999818,0.0399999999999636,2.94000000000005,NA,NA,NA
6,3,18,61,2000,440,TRUE,TRUE,TRUE,0.000542444662863945,0.000464661396076347,0.000466083639757114,2.22044604925031e-16,4.44089209850063e-16,1.86517468137026e-14,0.00273202325955041,0.122179794489305,0.000505055414075883,8.67982946672896e-06,0.055065336884841,2.46259672956862,0.010179652176965,0.00270984999675861,1.22359853946302e-07,0,0.0399999999999636,2.69000000000005,NA,NA,NA
6,3,18,61,2000,441,TRUE,TRUE,TRUE,0.000646626131611209,0.000623161129888569,0.000622329150720247,2.22044604925031e-16,2.22044604925031e-16,1.11022302462516e-14,0.00174606035135068,0.0780861927687459,0.000320341123543387,3.20700794631534e-06,0.028559304335491,1.27721091768525,0.00523963540628572,0.00114892737979488,4.99791270583421e-08,0,0.0399999999999636,2.82000000000016,NA,NA,NA
6,3,18,61,2000,442,TRUE,TRUE,TRUE,0.00088752379094649,0.000773484716651793,0.000774460171805443,4.44089209850063e-16,4.44089209850063e-16,6.61692922676593e-14,0.0058203402183553,0.260293527608368,0.00107348465369788,2.15903032447784e-05,0.0524479046982492,2.34554160365431,0.00967332126644812,0.00237375315909105,5.55350168154167e-07,0,0.0299999999999727,2.77999999999997,NA,NA,NA
6,3,18,61,2000,443,TRUE,TRUE,TRUE,0.000968258269907916,0.000889474405534835,0.000888203047294171,2.22044604925031e-16,4.44089209850063e-16,2.63122856836162e-13,0.00243027206436277,0.108685070794678,0.000445140557984025,9.3035874151326e-06,0.042877992555418,1.91756212185289,0.00785374354223105,0.00187232710661789,9.68233165052799e-08,0.00999999999999091,0.0299999999999727,2.75,NA,NA,NA
6,3,18,61,2000,444,TRUE,TRUE,TRUE,0.000521046803590212,0.000485198993166369,0.000484459673032354,2.22044604925031e-16,2.22044604925031e-16,7.99360577730113e-15,0.00221434363175818,0.0990284577231011,0.000409631458481975,6.97863072574023e-06,0.034508438003422,1.54326426345977,0.00638371641444505,0.00164384897129466,8.03822576968525e-08,0.00999999999999091,0.0299999999999727,2.80000000000018,NA,NA,NA
6,3,18,61,2000,445,TRUE,TRUE,TRUE,0.000951060670846344,0.000885764200979106,0.000885731507677201,4.44089209850063e-16,4.44089209850063e-16,3.99680288865056e-15,0.00306871085406538,0.137236921459633,0.000582687908118634,1.14545391021181e-05,0.0567504716686776,2.53795824812678,0.0107757997393465,0.00300789808002122,1.54376824686208e-07,0,0.0399999999999636,2.51999999999998,NA,NA,NA
6,3,18,61,2000,446,TRUE,TRUE,TRUE,0.000896195464139696,0.000761838705212105,0.000755986045488093,2.22044604925031e-16,4.44089209850063e-16,8.5265128291212e-14,0.00612822682718493,0.274062635342467,0.00112803074114196,3.73508677213863e-05,0.0571534667664199,2.5559807367898,0.0105203135088544,0.003478895527536,6.15658426974247e-07,0,0.0399999999999636,2.80999999999995,NA,NA,NA
6,3,18,61,2000,447,TRUE,TRUE,TRUE,0.00101700887383106,0.000892470107423033,0.000891230930099876,4.44089209850063e-16,2.22044604925031e-16,1.77635683940025e-15,0.00656702924344653,0.293686475971509,0.00122607885217496,3.63615748248947e-05,0.0764010562681222,3.41675910736615,0.0142642458106386,0.00501570935826479,7.06981525971836e-07,0,0.0299999999999727,2.66999999999985,NA,NA,NA
6,3,18,61,2000,448,TRUE,TRUE,TRUE,0.000579182919996416,0.000418805824314231,0.00041500928315214,2.22044604925031e-16,4.44089209850063e-16,2.64011035255862e-13,0.00657289374144839,0.29394874429523,0.00123218745115162,4.41622410072284e-05,0.0668434786955252,2.98933124431507,0.0125308119802036,0.00423428995253516,7.08244789120842e-07,0,0.0300000000002001,2.84999999999991,NA,NA,NA
6,3,18,61,2000,449,TRUE,TRUE,TRUE,0.000705365649742232,0.000687366610161123,0.000680076231649754,4.44089209850063e-16,2.22044604925031e-16,7.28306304154103e-14,0.00653684626133299,0.292336651976119,0.00121366501785456,4.34361721843857e-05,0.0590191084217648,2.63941476804993,0.0109577959176074,0.00402155281445005,7.00497689250871e-07,0.0199999999999818,0.0299999999999727,2.94000000000005,NA,NA,NA
6,3,18,61,2000,450,TRUE,TRUE,TRUE,0.000478838335497481,0.000440690325689744,0.000444104185526971,4.44089209850063e-16,2.22044604925031e-16,4.44089209850063e-16,0.00384336720581129,0.171880606693749,0.00071074318870229,1.5645975061318e-05,0.0503934197926622,2.25366224550152,0.00931911471245677,0.00265081991269511,2.42155270142716e-07,0.0199999999999818,0.0299999999999727,2.73000000000002,NA,NA,NA
6,3,18,61,2000,451,TRUE,TRUE,TRUE,0.000809636509443502,0.000788386233154993,0.000787665906648002,4.44089209850063e-16,4.44089209850063e-16,2.88657986402541e-15,0.00493175225868449,0.220554665972133,0.000918787330569002,2.48423233237816e-05,0.0695969129588026,3.11246856800037,0.0129659314821946,0.00395289529705423,3.98724267885895e-07,0.00999999999999091,0.0299999999999727,2.51999999999998,NA,NA,NA
6,3,18,61,2000,452,TRUE,TRUE,TRUE,0.000691006748641002,0.000612650712670487,0.000614422522384304,4.44089209850063e-16,3.33066907387547e-16,8.88178419700125e-16,0.0048426205131602,0.216568573133222,0.000908224100774179,2.59795725199297e-05,0.075622908994636,3.38195930336573,0.0141829301579446,0.00544710060474785,3.84442187450491e-07,0.0200000000002092,0.0399999999999636,2.54999999999995,NA,NA,NA
6,3,18,61,2000,453,TRUE,TRUE,TRUE,0.000811442406685189,0.00067033068864699,0.00066755232886453,3.33066907387547e-16,2.22044604925031e-16,9.54791801177635e-15,0.00297698295924117,0.133134725294435,0.000555153137313741,1.1923248770529e-05,0.0554327953229338,2.47902997049825,0.010337207385776,0.00289184960315225,1.45285697370694e-07,0.00999999999999091,0.0299999999999727,2.79999999999995,NA,NA,NA
6,3,18,61,2000,454,TRUE,TRUE,TRUE,0.000744904725502303,0.000771515628525792,0.00077804819259201,4.44089209850063e-16,2.22044604925031e-16,1.77635683940025e-14,0.00375012682654983,0.16771077016822,0.000714406501088263,1.22214604445503e-05,0.0612575550122255,2.73952114285539,0.0116696841375278,0.00332926773012332,2.30548380577192e-07,0.0199999999999818,0.0300000000002001,2.62999999999988,NA,NA,NA
6,3,18,61,2000,455,TRUE,TRUE,TRUE,0.00068218990141804,0.000694022796853518,0.000696681156020772,8.88178419700125e-16,2.22044604925031e-16,1.28785870856518e-14,0.00173232275039235,0.077471828576934,0.000329068478406986,6.12167202618252e-06,0.0272482481079071,1.21857870074121,0.00517602135173379,0.00100128984304249,4.91957723201135e-08,0.0199999999999818,0.0299999999999727,2.67000000000007,NA,NA,NA
6,3,18,61,2000,456,TRUE,TRUE,TRUE,0.000678608137416093,0.000606861149420578,0.000608421254392271,4.44089209850063e-16,4.44089209850063e-16,8.43769498715119e-15,0.0036393808779734,0.162758060783228,0.000676101893979169,1.6380341676836e-05,0.0653300384443416,2.92164813868445,0.012136614497614,0.0038755622511033,2.17132674999318e-07,0,0.0399999999999636,2.52999999999997,NA,NA,NA
6,3,18,61,2000,457,TRUE,TRUE,TRUE,0.00121133297038947,0.00100759281435307,0.000987160259711642,2.22044604925031e-16,4.44089209850063e-16,1.97619698383278e-14,0.00825374641884468,0.369118761231643,0.00156683168858079,5.95329638208852e-05,0.0971572396012474,4.34500384509248,0.0184436296025169,0.0077783821336439,1.11679229420642e-06,0,0.0299999999999727,2.69999999999982,NA,NA,NA
6,3,18,61,2000,458,TRUE,TRUE,TRUE,0.000307656096103434,0.000353874723339395,0.000351674024925893,4.44089209850063e-16,2.22044604925031e-16,1.55431223447522e-14,0.00354010811217983,0.158318447730651,0.000662463703075708,1.15719899937972e-05,0.056562496177591,2.52955172860331,0.0105845921891747,0.00317736689430603,2.05448613867565e-07,0.0200000000002092,0.0299999999999727,2.61999999999989,NA,NA,NA
6,3,18,61,2000,459,TRUE,TRUE,TRUE,0.000615051084194597,0.000594086592026111,0.000598295938666447,2.22044604925031e-16,2.22044604925031e-16,5.59041701819751e-12,0.00796666481659789,0.356280081677375,0.00149782478875613,3.63151112772186e-05,0.0555759415394912,2.48543166391713,0.0104489174344177,0.00313635387072608,1.04045489016424e-06,0,0.0399999999999636,2.80000000000018,NA,NA,NA
6,3,18,61,2000,460,TRUE,TRUE,TRUE,0.000407528936519027,0.000367222445121982,0.000368010618403942,2.22044604925031e-16,2.22044604925031e-16,2.22044604925031e-15,0.00214958560741308,0.0961323908326166,0.000404842526029228,5.58884072887622e-06,0.0312514487784571,1.39760727727966,0.00588574626751875,0.00105164303518634,7.5749480058975e-08,0.00999999999999091,0.0299999999999727,2.6099999999999,NA,NA,NA
6,3,18,61,2000,461,TRUE,TRUE,TRUE,0.000465740091771368,0.000354079713342301,0.000365641028276159,4.44089209850063e-16,4.44089209850063e-16,4.44089209850063e-16,0.0102873190232312,0.460062892843435,0.00193443833111107,6.93116125844995e-05,0.0837539718575374,3.74559148918116,0.0157491853006741,0.00651498801710915,1.73490053583172e-06,0.00999999999999091,0.040000000000191,2.86999999999989,NA,NA,NA
6,3,18,61,2000,462,TRUE,TRUE,TRUE,0.000559568859033298,0.000508934631286817,0.000497061028666528,4.44089209850063e-16,2.22044604925031e-16,8.88178419700125e-16,0.00519107855549896,0.232152090532742,0.000972133704149727,1.97713794634069e-05,0.0605312348638048,2.70703911834945,0.0113356892861067,0.0032986858835784,4.41758960153462e-07,0.0199999999999818,0.0299999999999727,2.71000000000004,NA,NA,NA
6,3,18,61,2000,463,TRUE,TRUE,TRUE,0.000637262811468679,0.000615230919325878,0.00061308655007456,4.44089209850063e-16,2.22044604925031e-16,7.99360577730113e-15,0.00383675607738784,0.171584948042493,0.000729782248858438,1.31719491562876e-05,0.0476629724505399,2.13155292818214,0.00906588548259088,0.00215217942749035,2.4132290487496e-07,0.0199999999999818,0.0299999999999727,2.83000000000015,NA,NA,NA
6,3,18,61,2000,464,TRUE,TRUE,TRUE,0.000501393215263117,0.000417810065241453,0.000415921876425623,2.22044604925031e-16,2.22044604925031e-16,3.63442609341291e-12,0.00511157779315789,0.228596708355588,0.000966536109002482,3.04666041763824e-05,0.0579271473677736,2.5905807851398,0.0109533067651646,0.00445118844774939,4.28331598942703e-07,0.00999999999999091,0.0499999999999545,2.75,NA,NA,NA
6,3,18,61,2000,465,TRUE,TRUE,TRUE,0.000663926472136087,0.000630868569170239,0.000634765880106469,3.33066907387547e-16,2.22044604925031e-16,4.44089209850063e-16,0.00387240984762858,0.173179433120742,0.000713254540448646,2.17213863038523e-05,0.0547945287404161,2.45048582117273,0.0100925387429689,0.00326548818469874,2.45828820131324e-07,0,0.0399999999999636,2.82999999999993,NA,NA,NA
6,3,18,61,2000,466,TRUE,TRUE,TRUE,0.000420833336927606,0.000313103508896328,0.000316006207674696,2.22044604925031e-16,4.44089209850063e-16,4.44089209850063e-16,0.00482239947283464,0.215664260718348,0.000898398040355166,1.48801808244059e-05,0.0511108133439101,2.28574506044573,0.00952178574334007,0.00263628946417427,3.81238306157308e-07,0.00999999999999091,0.0299999999999727,2.8599999999999,NA,NA,NA
6,3,18,61,2000,467,TRUE,TRUE,TRUE,0.000764789499016223,0.000717353149825389,0.000712484148017079,3.33066907387547e-16,2.22044604925031e-16,2.66453525910038e-15,0.00404839360874465,0.181049666176574,0.000747876115696541,1.24594564425706e-05,0.0497796059052871,2.22621165394744,0.00919598781722583,0.00238934241984623,2.68680177234828e-07,0,0.0399999999999636,2.72000000000003,NA,NA,NA
6,3,18,61,2000,468,TRUE,TRUE,TRUE,0.000851289232066873,0.000816756798560741,0.000796759729693601,4.44089209850063e-16,4.44089209850063e-16,8.88178419700125e-15,0.00901688104837917,0.403247179384108,0.00164610064571558,6.86071101512198e-05,0.0881108127322706,3.94043533644222,0.0160853032168132,0.0074104474546175,1.33285481705934e-06,0,0.0500000000001819,2.89999999999986,NA,NA,NA
6,3,18,61,2000,469,TRUE,TRUE,TRUE,0.000862655699992819,0.000674222122941312,0.000663274943145922,4.44089209850063e-16,2.22044604925031e-16,9.47242284610184e-13,0.00803905238833665,0.359517352300056,0.00148773685730443,6.75287864986274e-05,0.0896350352867077,4.00860064133341,0.0165881921475337,0.00637730654986512,1.05944857872822e-06,0.00999999999999091,0.0499999999999545,2.81000000000017,NA,NA,NA
6,3,18,61,2000,470,TRUE,TRUE,TRUE,0.000575754898272231,0.000526751288194888,0.000528349690417032,4.44089209850063e-16,2.22044604925031e-16,6.66133814775094e-16,0.00260465848758666,0.116483868728311,0.000483122473797944,9.11740470144196e-06,0.0417883452174257,1.86883161146784,0.00775106940644305,0.00159837531824536,1.11217144868151e-07,0,0.0499999999999545,2.83999999999992,NA,NA,NA
6,3,18,61,2000,471,TRUE,TRUE,TRUE,0.000709682061618017,0.000696758409028709,0.000691416112608246,2.22044604925031e-16,2.22044604925031e-16,1.68753899743024e-14,0.00723088928926064,0.323375199771239,0.00135503213152288,5.39655120626037e-05,0.0788871348069821,3.52793991957204,0.0147830506250453,0.00555291114823575,8.5714360514007e-07,0,0.0500000000001819,2.74000000000001,NA,NA,NA
6,3,18,61,2000,472,TRUE,TRUE,TRUE,0.000807496017240792,0.000787637116810081,0.00079089573616469,3.33066907387547e-16,4.44089209850063e-16,8.88178419700125e-15,0.00286270598273829,0.128024103539963,0.000526720056539661,8.46236894957997e-06,0.048388932448302,2.16401884626097,0.00890326194472957,0.00202468620390306,1.34345664649272e-07,0,0.0499999999999545,2.94000000000005,NA,NA,NA
6,3,18,61,2000,473,TRUE,TRUE,TRUE,0.000551555600651698,0.000444698834139407,0.000443504886628732,4.44089209850063e-16,2.22044604925031e-16,6.21724893790088e-15,0.00276084272011652,0.123468639947319,0.000523307590033828,9.0479482643957e-06,0.0549932324378998,2.45937212067181,0.0104237650792483,0.00310792052430742,1.24954959429842e-07,0,0.0299999999999727,2.80999999999995,NA,NA,NA
6,3,18,61,2000,474,TRUE,TRUE,TRUE,0.000795577739510825,0.000762427004909853,0.000764672508987767,4.44089209850063e-16,2.22044604925031e-16,4.88498130835069e-15,0.00441758339782594,0.197560335476266,0.000808612006067313,2.38821751707974e-05,0.0493161268199388,2.20548423912767,0.00902701967301081,0.00258067255371941,3.19918738963072e-07,0,0.0399999999999636,2.6400000000001,NA,NA,NA
6,3,18,61,2000,475,TRUE,TRUE,TRUE,0.000602448611915682,0.000518716260082865,0.000512377765840965,2.22044604925031e-16,6.66133814775094e-16,2.39808173319034e-14,0.00653851404848336,0.292411237684923,0.00122472676071674,4.73688289659435e-05,0.0831464079149651,3.71842040365577,0.0155741243462723,0.00629678597730177,7.0085517970843e-07,0.0199999999999818,0.0299999999999727,2.70000000000005,NA,NA,NA
6,3,18,61,2000,476,TRUE,TRUE,TRUE,0.000762795996535672,0.000732596053829441,0.000725864830886464,4.44089209850063e-16,4.44089209850063e-16,3.10862446895044e-15,0.00659027001727194,0.294725834973976,0.00120793915161616,3.76296548552091e-05,0.0525854037952158,2.35169075020756,0.00963844696519436,0.0035769299789763,7.11994408205796e-07,0.00999999999999091,0.0299999999999727,2.69000000000005,NA,NA,NA
6,3,18,61,2000,477,TRUE,TRUE,TRUE,0.000609701554823873,0.000559193335138321,0.000558123865571777,2.22044604925031e-16,4.44089209850063e-16,1.33226762955019e-15,0.00334391489865747,0.149544420487448,0.000626328610038895,1.37011532643783e-05,0.0466584048268421,2.08662729829047,0.00873930549296003,0.00238724347105546,1.83307653269892e-07,0,0.0399999999999636,2.77999999999997,NA,NA,NA
6,3,18,61,2000,478,TRUE,TRUE,TRUE,0.000774503473607659,0.000617043633514962,0.000600131032724703,2.22044604925031e-16,2.22044604925031e-16,1.59872115546023e-14,0.00924636680620622,0.413510094471495,0.00172581614336744,7.98305435836255e-05,0.0908424409709747,4.06259746506223,0.0169555625919341,0.00668880724001752,1.40156228057233e-06,0.00999999999999091,0.040000000000191,2.75,NA,NA,NA
6,3,18,61,2000,479,TRUE,TRUE,TRUE,0.00101084470637173,0.000988807555004495,0.000997632803425764,2.22044604925031e-16,6.66133814775094e-16,2.22044604925031e-15,0.00397635599025557,0.177828045938999,0.000723597383427611,1.19281356205647e-05,0.0541591818935133,2.42207224639343,0.00985561715368634,0.0028446449073094,2.59203392807236e-07,0.0199999999999818,0.0299999999999727,2.75,NA,NA,NA
6,3,18,61,2000,480,TRUE,TRUE,TRUE,0.000542169659496867,0.000471064702981564,0.00047058368170456,3.33066907387547e-16,2.22044604925031e-16,8.59312621059871e-14,0.00377256532149704,0.168714250168514,0.000702731102615996,1.00045582023256e-05,0.0387268414728906,1.73191700174483,0.00721380643934879,0.00174318628855019,2.33315559097738e-07,0,0.0299999999999727,2.77999999999997,NA,NA,NA
6,3,18,61,2000,481,TRUE,TRUE,TRUE,0.000966629419529173,0.000912026752015853,0.000910952874818253,4.44089209850063e-16,2.22044604925031e-16,3.85025344940004e-13,0.00346986883447016,0.155177251737665,0.000653130220446741,1.00032574295028e-05,0.0430020390987384,1.92310965191766,0.00809423428263593,0.00196849304006719,1.97376880793891e-07,0,0.0299999999999727,2.88000000000011,NA,NA,NA
6,3,18,61,2000,482,TRUE,TRUE,TRUE,0.00095414002978186,0.00068955642995238,0.000697562335583622,2.22044604925031e-16,2.22044604925031e-16,5.10702591327572e-15,0.00812721510874182,0.363460109018201,0.00154458660781146,8.00508771909847e-05,0.0835907451936378,3.73829177085676,0.0158865175629714,0.00673618094163331,1.08281353153707e-06,0,0.0399999999999636,2.76999999999998,NA,NA,NA
6,3,18,61,2000,483,TRUE,TRUE,TRUE,0.000696294322925748,0.000674135825776393,0.000673031054614536,2.22044604925031e-16,2.22044604925031e-16,8.88178419700125e-16,0.00308702200207617,0.138055820893596,0.000564334299697097,1.06404487993927e-05,0.0490543195427276,2.19377586175071,0.00896755353465076,0.00271342705112687,1.56224669529547e-07,0,0.0500000000001819,2.63999999999987,NA,NA,NA
6,3,18,61,2000,484,TRUE,TRUE,TRUE,0.000571103044024925,0.000566815263303712,0.00057049525627241,3.33066907387547e-16,4.44089209850063e-16,1.91271443128471e-11,0.00465255712137106,0.208068679851729,0.000866737064477831,2.20556569345831e-05,0.0537172838488456,2.40230996505341,0.0100071336472169,0.00281091543313039,3.5485717651837e-07,0.0199999999999818,0.0299999999999727,2.74000000000001,NA,NA,NA
6,3,18,61,2000,485,TRUE,TRUE,TRUE,0.000793200258990141,0.000732180611687121,0.000727139273870957,3.33066907387547e-16,5.55111512312578e-16,3.08063796694569e-10,0.00426763580552958,0.190854475287524,0.000807516340280686,1.72364601205288e-05,0.047116099227963,2.10709601416701,0.00891524529051163,0.00220397249060156,2.98569104403903e-07,0.0199999999999818,0.0300000000002001,2.43999999999983,NA,NA,NA
6,3,18,61,2000,486,TRUE,TRUE,TRUE,0.000891255628263098,0.00087297178932445,0.000873224851724724,3.33066907387547e-16,6.66133814775094e-16,1.64313007644523e-14,0.00203241496852052,0.0908923605619994,0.000372343676502619,6.06659270729892e-06,0.0293841868302834,1.31410078432136,0.00538325899232676,0.000992926459669974,6.77165672830533e-08,0.0199999999999818,0.0300000000002001,2.69999999999982,NA,NA,NA
6,3,18,61,2000,487,TRUE,TRUE,TRUE,0.000538188477555495,0.000497036835605793,0.000498389771812223,2.22044604925031e-16,4.44089209850063e-16,9.32587340685131e-15,0.00525893279749298,0.235186624485949,0.00097403718523612,3.92253039720458e-05,0.0642228170444613,2.87213169235895,0.0118950772620146,0.0042976108687256,4.5338318309094e-07,0.0200000000002092,0.0299999999999727,2.86999999999989,NA,NA,NA
6,3,18,61,2000,488,TRUE,TRUE,TRUE,0.000668060192166132,0.000626139541829715,0.000639305543327269,2.22044604925031e-16,2.22044604925031e-16,3.99680288865056e-15,0.0105568786501164,0.47211796583753,0.00198501869093501,0.000112605528595822,0.0782937292121648,3.50140201460723,0.0147216351556184,0.00629923661754361,1.82701125956202e-06,0.00999999999999091,0.0299999999999727,2.79000000000019,NA,NA,NA
6,3,18,61,2000,489,TRUE,TRUE,TRUE,0.000758603350328164,0.000698857008960716,0.000699869499669391,2.22044604925031e-16,2.22044604925031e-16,4.44089209850063e-16,0.00481960803948617,0.215539424023911,0.000902234607226275,2.2329242984398e-05,0.0467645973958127,2.09137637434893,0.00875437127206804,0.00236935906770697,3.80797076299668e-07,0,0.0499999999999545,2.66999999999985,NA,NA,NA
6,3,18,61,2000,490,TRUE,TRUE,TRUE,0.000570574739440015,0.000596064115501398,0.000599709521369213,4.44089209850063e-16,2.22044604925031e-16,1.55431223447522e-15,0.00406824438813985,0.181937420019255,0.000766185328369423,2.22770271918193e-05,0.0501439747128507,2.24250672239929,0.00944377330012872,0.00298846111429185,2.71321514780842e-07,0,0.0299999999999727,2.71000000000004,NA,NA,NA
6,3,18,61,2000,491,TRUE,TRUE,TRUE,0.000461921251402715,0.000369961578539681,0.000374354651166386,2.22044604925031e-16,2.22044604925031e-16,1.06581410364015e-14,0.00467693311305611,0.209158807340263,0.00087845614600681,2.20026459132328e-05,0.0671879776473322,3.00473770580343,0.0126197425696131,0.003617094108602,3.58585300721323e-07,0.0199999999999818,0.0299999999999727,2.79999999999995,NA,NA,NA
6,3,18,61,2000,492,TRUE,TRUE,TRUE,0.000597106512367166,0.000553523628026987,0.00055850324363172,4.44089209850063e-16,4.44089209850063e-16,1.28785870856518e-14,0.00307772537963513,0.13764006329881,0.000572412893591093,7.09839126855627e-06,0.0449378370169356,2.00968116663349,0.00835779484706285,0.00199854539545896,1.55285139548364e-07,0.0199999999999818,0.0299999999999727,2.84000000000015,NA,NA,NA
6,3,18,61,2000,493,TRUE,TRUE,TRUE,0.000739356739299032,0.000699724857223195,0.000705658942479735,4.44089209850063e-16,4.44089209850063e-16,8.88178419700125e-16,0.00499752372338977,0.223496055293348,0.000915415705402036,2.15826181779732e-05,0.062256392810449,2.78419052716186,0.0114037437128377,0.00391625579748478,4.0943021911219e-07,0.00999999999999091,0.0299999999999727,2.73000000000002,NA,NA,NA
6,3,18,61,2000,494,TRUE,TRUE,TRUE,0.000550396017266411,0.000535104992148725,0.00053620582998791,4.44089209850063e-16,2.22044604925031e-16,1.48769885299771e-14,0.00156708598646822,0.0700822158466051,0.000289594209835301,3.07673396093833e-06,0.030438975007561,1.36127234564647,0.00562505886188007,0.00115179551665179,4.02583358850012e-08,0,0.0499999999999545,2.83999999999992,NA,NA,NA
6,3,18,61,2000,495,TRUE,TRUE,TRUE,0.00073771391640607,0.000641832842137284,0.000637133922348361,2.22044604925031e-16,4.44089209850063e-16,3.08642000845794e-14,0.0085037193497598,0.380297890552864,0.00157923581222667,7.59203004925268e-05,0.0938765916729392,4.19828880953366,0.0174339332475587,0.00808506646443519,1.1854629963849e-06,0.00999999999999091,0.0299999999999727,2.66999999999985,NA,NA,NA
6,3,18,61,2000,496,TRUE,TRUE,TRUE,0.000705199249861675,0.000617147445812678,0.000612559314541685,2.22044604925031e-16,2.22044604925031e-16,1.03680175556065e-10,0.00351352705012787,0.157129706497405,0.000666470692521128,1.48106438118134e-05,0.068155738706992,3.04801729611096,0.0129282631746595,0.00426856639554529,2.02374956261971e-07,0,0.0299999999999727,2.8599999999999,NA,NA,NA
6,3,18,61,2000,497,TRUE,TRUE,TRUE,0.00053727475185819,0.000560475163286356,0.000559363947076722,2.22044604925031e-16,4.44089209850063e-16,6.66133814775094e-16,0.00116481085167938,0.0520919249056903,0.000217884345456863,2.19734689110851e-06,0.0270420343494924,1.20935654110699,0.00505836286257658,0.000814141321459516,2.22423659047547e-08,0,0.0499999999999545,2.84000000000015,NA,NA,NA
6,3,18,61,2000,498,TRUE,TRUE,TRUE,0.000584331709978127,0.000537157798871108,0.000539796834445138,4.44089209850063e-16,2.22044604925031e-16,4.66293670342566e-15,0.00341974832120337,0.15293579424303,0.00063124234531159,1.26259237731574e-05,0.0474880601470301,2.12373061216716,0.00876569608226631,0.00257764291100315,1.91716042301201e-07,0.00999999999999091,0.0399999999999636,2.68000000000006,NA,NA,NA
6,3,18,61,2000,499,TRUE,TRUE,TRUE,0.00067810185286615,0.000500805918794342,0.000500615364122808,2.22044604925031e-16,4.44089209850063e-16,3.5527136788005e-15,0.01359585010029,0.608024900722917,0.00251737413812413,8.64765420978131e-05,0.108124834674066,4.83548960774275,0.0200201282368974,0.00947790996016096,3.03028098277962e-06,0.00999999999999091,0.0499999999999545,2.83999999999992,NA,NA,NA
6,3,18,61,2000,500,TRUE,TRUE,TRUE,0.000549052642755579,0.000498777107132866,0.000504615323438027,1.11022302462516e-16,1.11022302462516e-16,7.98694443915338e-13,0.00384248069693866,0.171840960811712,0.000718350679468677,1.19737545247744e-05,0.0619950696249386,2.7725037990239,0.0115899607314263,0.00330303039259405,2.42043572235184e-07,0,0.0500000000001819,2.94999999999982,NA,NA,NA
10,3,30,123,2000,1,TRUE,TRUE,TRUE,0.00052533872637038,0.00046612164778839,0.000465145425573196,5.55111512312578e-16,5.55111512312578e-16,9.08884079109384e-10,0.00571537983610172,0.255599556615101,0.000771996527161723,3.84783073457129e-05,0.0644730891932855,2.88332420311187,0.00870860771810977,0.00360924391266693,2.65573712771692e-07,0.00999999999999091,0.0799999999999272,4.3599999999999,NA,NA,NA
10,3,30,123,2000,2,TRUE,TRUE,TRUE,0.00073152514116265,0.000721416272423096,0.000723691669535458,4.44089209850063e-16,4.44089209850063e-16,4.54264403870752e-09,0.00640765378414139,0.286558988752478,0.000850499961628403,3.82856602030301e-05,0.0840538634810826,3.75900305030375,0.0111566276945718,0.00560935143093388,3.33805097702613e-07,0.0199999999999818,0.0799999999999272,4.42000000000007,NA,NA,NA
10,3,30,123,2000,3,TRUE,TRUE,TRUE,0.00053930712281166,0.000522337833963525,0.000526712489474472,6.66133814775094e-16,4.44089209850063e-16,7.37364502789717e-09,0.00869086064635702,0.388667103764641,0.00117926983175253,3.99698720841002e-05,0.0527722587692839,2.36004715868656,0.00716070999782292,0.00316900390491526,6.14073648572335e-07,0.00999999999999091,0.0799999999999272,4.55999999999995,NA,NA,NA
10,3,30,123,2000,4,TRUE,TRUE,TRUE,0.000627373659263041,0.00059638739531005,0.00060310813611155,4.44089209850063e-16,8.88178419700125e-16,1.67384550664451e-10,0.00631951335903389,0.282617229110356,0.000840533374135369,2.6462568008867e-05,0.0518458025855935,2.31861477858843,0.00689580429792576,0.00313208297921364,3.24684951991933e-07,0.0200000000002092,0.0699999999999363,4.38999999999987,NA,NA,NA
10,3,30,123,2000,5,TRUE,TRUE,TRUE,0.000479138110427499,0.000468359429001085,0.000467609835694829,4.44089209850063e-16,4.44089209850063e-16,2.19238849297199e-10,0.00465029367485061,0.207967455446065,0.000627074946689528,1.28207054785889e-05,0.0358362950071382,1.60264783395395,0.00483239217830115,0.0015926603670593,1.75814888311834e-07,0.00999999999999091,0.0799999999999272,4.42000000000007,NA,NA,NA
10,3,30,123,2000,6,TRUE,TRUE,TRUE,0.00066017215569346,0.00061989448031673,0.000620513054779599,2.22044604925031e-16,4.44089209850063e-16,1.65045754840776e-12,0.00518848170199982,0.232035955713708,0.000684125404498897,2.92497954603732e-05,0.0650455086143217,2.90892357785343,0.00857655234178774,0.00388859951499398,2.18864572129975e-07,0.0199999999999818,0.0799999999999272,4.52999999999997,NA,NA,NA
10,3,30,123,2000,7,TRUE,TRUE,TRUE,0.000504106461245307,0.000455389980406875,0.000458420983419728,4.44089209850063e-16,3.33066907387547e-16,8.1766673432071e-09,0.00740907197132654,0.33134377156149,0.00100311788575626,4.80819807791022e-05,0.0532181498867859,2.37998801567252,0.00720523139806057,0.00289213340734307,4.4629550793737e-07,0.00999999999999091,0.0700000000001637,4.41999999999985,NA,NA,NA
10,3,30,123,2000,8,TRUE,TRUE,TRUE,0.000603195568721941,0.000568034482389403,0.000567222670523658,2.22044604925031e-16,3.33066907387547e-16,8.98920071712439e-09,0.00295021723610065,0.131937725766252,0.000394461753895275,1.19846013575398e-05,0.038030628808478,1.70078142485637,0.00508492336020661,0.00149189504958969,7.07624531722388e-08,0.0200000000002092,0.0699999999999363,4.44000000000005,NA,NA,NA
10,3,30,123,2000,9,TRUE,TRUE,TRUE,0.000709401822592109,0.000583443639031561,0.00058215869414339,4.44089209850063e-16,4.44089209850063e-16,2.63034038994192e-12,0.00811326073929989,0.362836050645095,0.00111151849963918,5.4697016636851e-05,0.0928967740746561,4.15447003442742,0.0127268784103803,0.0070468381750679,5.35162600194025e-07,0.00999999999999091,0.0799999999999272,4.51999999999998,NA,NA,NA
10,3,30,123,2000,10,TRUE,TRUE,TRUE,0.000647551725079039,0.000598852788590171,0.000600496409964473,4.44089209850063e-16,3.33066907387547e-16,9.8987484875579e-13,0.00599235921280273,0.267986450908481,0.000815017474559634,3.53120572711418e-05,0.0605261910467924,2.70681355199534,0.0082321338924871,0.00389064199963229,2.91937958823266e-07,0.00999999999999091,0.0700000000001637,4.41999999999985,NA,NA,NA
10,3,30,123,2000,11,TRUE,TRUE,TRUE,0.000452468113069562,0.000402580321618063,0.000404023573481681,4.44089209850063e-16,2.22044604925031e-16,7.81019693363305e-12,0.00580284803236826,0.259511253269527,0.000785104519707702,3.51010871142421e-05,0.0804781206872505,3.59909097116248,0.0108884009949431,0.00572318471617095,2.73764595827319e-07,0.00999999999999091,0.100000000000136,4.41999999999985,NA,NA,NA
10,3,30,123,2000,12,TRUE,TRUE,TRUE,0.000530107827511112,0.000497894386316129,0.000495848326299737,2.22044604925031e-16,4.44089209850063e-16,5.60308688335454e-10,0.00480447534799131,0.214862669486611,0.00064362085690199,2.4205417993528e-05,0.0607210189531622,2.71552652084648,0.00813435628656845,0.00378861907373107,1.87666531458994e-07,0.0199999999999818,0.0799999999999272,4.50999999999999,NA,NA,NA
10,3,30,123,2000,13,TRUE,TRUE,TRUE,0.000689346344757103,0.000669392152736009,0.000666185276009498,4.44089209850063e-16,4.44089209850063e-16,1.60582658281783e-12,0.0067841398464781,0.3033959573118,0.000898359994319446,5.49979409143475e-05,0.0530251931748299,2.37135872917955,0.00702162887518558,0.00360138409377697,3.74183361435543e-07,0.0199999999999818,0.0800000000001546,4.45999999999981,NA,NA,NA
10,3,30,123,2000,14,TRUE,TRUE,TRUE,0.000711402515609549,0.000625787810866715,0.000624940662801156,2.22044604925031e-16,4.44089209850063e-16,6.21436235803685e-12,0.00717438492122488,0.320848247612166,0.000961668601693341,4.77661848208299e-05,0.0894863375549875,4.00195067660889,0.011994923892719,0.00596983711398735,4.18469910552024e-07,0.0200000000002092,0.0699999999999363,4.46000000000004,NA,NA,NA
10,3,30,123,2000,15,TRUE,TRUE,TRUE,0.000732641501478371,0.000759435284435196,0.00075803248793501,4.44089209850063e-16,4.44089209850063e-16,7.51843032276156e-13,0.00507709812281981,0.227054730621233,0.000666808441495175,1.75884010005234e-05,0.0626305798097563,2.80092467849682,0.00822568292016542,0.00372076351592554,2.09568498770247e-07,0.00999999999999091,0.0799999999999272,4.52999999999997,NA,NA,NA
10,3,30,123,2000,16,TRUE,TRUE,TRUE,0.000501140707512867,0.000444805498571873,0.000445539018777459,3.33066907387547e-16,4.44089209850063e-16,1.03721475852581e-11,0.00561573227200055,0.251143182072652,0.000749957131405479,4.33312534582342e-05,0.0763948628992952,3.41648213149202,0.0102022086273106,0.00642706390208758,2.56393893908849e-07,0.0299999999999727,0.0600000000001728,4.44000000000005,NA,NA,NA
10,3,30,123,2000,17,TRUE,TRUE,TRUE,0.000590635963491805,0.000540261543532688,0.000541537216116564,4.44089209850063e-16,3.33066907387547e-16,4.65297600449333e-09,0.00596023819484752,0.266549955315394,0.000799966248401319,4.74570246780104e-05,0.0653113714451511,2.92081332510193,0.00876590684548291,0.00448414328383606,2.88816579994465e-07,0.0199999999999818,0.0799999999999272,4.45000000000005,NA,NA,NA
10,3,30,123,2000,18,TRUE,TRUE,TRUE,0.000606226855335973,0.000571696815005063,0.000571329770355948,4.44089209850063e-16,4.44089209850063e-16,4.59530702379141e-09,0.00404273473337454,0.180796593576499,0.000547763864266157,2.06659333663595e-05,0.0441260713619703,1.97337790290744,0.00597879132770637,0.0021898180657054,1.32875643288072e-07,0.0199999999999818,0.0699999999999363,4.5,NA,NA,NA
10,3,30,123,2000,19,TRUE,TRUE,TRUE,0.000514289811544065,0.000530000659747106,0.00053396887810604,4.44089209850063e-16,4.44089209850063e-16,9.64783808399261e-13,0.00538699578280713,0.240913775297229,0.000735129830536312,2.65485927712916e-05,0.0692683045480492,3.09777275311192,0.00945261497075282,0.00458189254253938,2.35932711902291e-07,0.0199999999999818,0.0800000000001546,4.45000000000005,NA,NA,NA
10,3,30,123,2000,20,TRUE,TRUE,TRUE,0.000648600077724566,0.000502869007386452,0.00050148634758718,4.44089209850063e-16,4.44089209850063e-16,1.08291153821938e-12,0.00851723419800088,0.380902292940317,0.00113273715993328,7.64097370264949e-05,0.11436263303084,5.11445243085642,0.0152094918526781,0.0108680980736438,5.89782751086144e-07,0.0199999999999818,0.0799999999999272,4.48000000000002,NA,NA,NA
10,3,30,123,2000,21,TRUE,TRUE,TRUE,0.000580804036603736,0.000553099367774252,0.000553439244237539,4.44089209850063e-16,4.44089209850063e-16,4.21635837355439e-10,0.00710266948365896,0.317641035743495,0.000974929697425349,2.80451046350549e-05,0.0462923848680527,2.07025838811097,0.00635420539789199,0.00244133580543604,4.10145640602441e-07,0.00999999999999091,0.0799999999999272,4.5,NA,NA,NA
10,3,30,123,2000,22,TRUE,TRUE,TRUE,0.000538218603495039,0.000538295032617579,0.00054677130872428,5.55111512312578e-16,6.66133814775094e-16,6.34823482670299e-09,0.0092199148268766,0.412327125993085,0.0012324268880844,3.10824546438937e-05,0.066174073372405,2.95939452817513,0.00884549465473207,0.0035457054592527,6.91112434267145e-07,0.00999999999999091,0.0599999999999454,4.48000000000002,NA,NA,NA
10,3,30,123,2000,23,TRUE,TRUE,TRUE,0.000427710961775674,0.000407165157024216,0.000404514124823027,4.44089209850063e-16,4.44089209850063e-16,5.88973314563646e-12,0.00618751908645838,0.276714265787967,0.000835255825032594,4.15825996142871e-05,0.079433804490871,3.55238773106031,0.010722802948714,0.00595076539495665,3.11263353213714e-07,0.00999999999999091,0.0799999999999272,4.55000000000018,NA,NA,NA
10,3,30,123,2000,24,TRUE,TRUE,TRUE,0.000573777208988282,0.00052746129471287,0.00053412952543762,4.44089209850063e-16,4.44089209850063e-16,1.95499172406244e-11,0.00867312038504307,0.387873735159909,0.00116790499886377,5.43290338939073e-05,0.0661235562082279,2.95713533191251,0.00890406548160181,0.00416095212511891,6.11569245637802e-07,0.0199999999999818,0.0699999999999363,4.42000000000007,NA,NA,NA
10,3,30,123,2000,25,TRUE,TRUE,TRUE,0.000373957922921834,0.000406328488900882,0.000402973744553774,6.66133814775094e-16,2.22044604925031e-16,5.68212144003155e-12,0.00502029819139504,0.224514560465571,0.000674694408818595,3.50477431680929e-05,0.0640598177939409,2.86484214427005,0.00860920990103571,0.00417183063920135,2.0490564171158e-07,0.0199999999999818,0.0799999999999272,4.42000000000007,NA,NA,NA
10,3,30,123,2000,26,TRUE,TRUE,TRUE,0.00088199077345142,0.000864914746011846,0.000865488734773014,4.44089209850063e-16,3.33066907387547e-16,2.24085638933502e-10,0.00444617400499324,0.198838946299148,0.000610407585211081,2.22269041465495e-05,0.056501373134066,2.52681822299704,0.0077569763794991,0.00327266685367888,1.60719213680306e-07,0.0199999999999818,0.0599999999999454,4.54999999999995,NA,NA,NA
10,3,30,123,2000,27,TRUE,TRUE,TRUE,0.000935779413152569,0.00084468185687836,0.000849819272675695,4.44089209850063e-16,4.44089209850063e-16,7.39368077873337e-09,0.00580064956902922,0.259412935000084,0.000760355516436523,2.55864574327802e-05,0.0665936580835014,2.97815892690175,0.0087291698422582,0.00392798662617366,2.73557198558365e-07,0.00999999999999091,0.0599999999999454,4.44000000000005,NA,NA,NA
10,3,30,123,2000,28,TRUE,TRUE,TRUE,0.000632804052992027,0.000487118976928546,0.000492678460830765,4.44089209850063e-16,4.44089209850063e-16,4.23772350544027e-10,0.0094748825464247,0.423729629052639,0.00126335136287999,0.000116562609715487,0.103278444912359,4.61875246869004,0.0137708265508145,0.0103074409902106,7.29865034703605e-07,0.0199999999999818,0.0699999999999363,4.47000000000003,NA,NA,NA
10,3,30,123,2000,29,TRUE,TRUE,TRUE,0.000542364705903822,0.000465446935594245,0.000473430042244735,3.33066907387547e-16,3.33066907387547e-16,2.04253725044623e-10,0.00790813333878438,0.353662474413085,0.00106895588402606,4.26815902088151e-05,0.0688686513407633,3.07989971833358,0.00930909317305016,0.00439584282523597,5.08443682146285e-07,0.0199999999999818,0.0599999999999454,4.58000000000015,NA,NA,NA
10,3,30,123,2000,30,TRUE,TRUE,TRUE,0.000537574044382991,0.000508701150836983,0.000506370935594573,4.44089209850063e-16,2.22044604925031e-16,2.30926389122033e-14,0.00539480533415459,0.241263029050962,0.000720570124349639,2.68135328020946e-05,0.0442496574999555,1.97890484301968,0.00591031172252085,0.00257489940254274,2.36617273117258e-07,0.0199999999999818,0.0799999999999272,4.42000000000007,NA,NA,NA
10,3,30,123,2000,31,TRUE,TRUE,TRUE,0.000613052534380371,0.000605686475534605,0.000609618838406602,4.44089209850063e-16,2.22044604925031e-16,1.34470212742599e-12,0.0059358942769243,0.265461262209094,0.000799009917575382,2.33840336534286e-05,0.0626416256567622,2.8014186637923,0.00843196961026936,0.00320540584910134,2.86462120868477e-07,0.0199999999999818,0.0699999999999363,4.44000000000005,NA,NA,NA
10,3,30,123,2000,32,TRUE,TRUE,TRUE,0.000553920444173552,0.00053916507923072,0.000546514111641727,4.44089209850063e-16,2.22044604925031e-16,5.89864157518605e-10,0.0092959930059824,0.415729445594785,0.00124401723213694,5.77462688511332e-05,0.0697706120795706,3.12023662883375,0.009336909318657,0.00511486667315708,7.02564926563201e-07,0.0199999999999818,0.0800000000001546,4.5,NA,NA,NA
10,3,30,123,2000,33,TRUE,TRUE,TRUE,0.000632578661249584,0.000639285792566965,0.000637441011926225,4.44089209850063e-16,3.33066907387547e-16,3.07709413505108e-12,0.00682536753229812,0.305239715472772,0.000928105732076846,2.49315833258379e-05,0.0426329478371017,1.90660338889924,0.0057971798699058,0.00216226958251653,3.78745056511784e-07,0.00999999999999091,0.0799999999999272,4.47000000000003,NA,NA,NA
10,3,30,123,2000,34,TRUE,TRUE,TRUE,0.000687276974257601,0.000656295562970666,0.000655060941367435,4.44089209850063e-16,4.44089209850063e-16,8.99343244320505e-09,0.0046121749272353,0.206262733228366,0.000631011499766552,1.99976765244969e-05,0.0460749129828396,2.06053274974034,0.00630370712334253,0.00267345195042168,1.72944370401772e-07,0.00999999999999091,0.0799999999999272,4.47000000000003,NA,NA,NA
10,3,30,123,2000,35,TRUE,TRUE,TRUE,0.000898156047346192,0.000897206684445541,0.000896935083021926,3.33066907387547e-16,6.66133814775094e-16,8.11962053148818e-10,0.00375070072473838,0.167736435675455,0.000496344547787828,2.46770752667658e-05,0.048898898092213,2.18682520318046,0.00647097788976365,0.00260702441709526,1.1437199940287e-07,0.0200000000002092,0.0699999999999363,4.49000000000001,NA,NA,NA
10,3,30,123,2000,36,TRUE,TRUE,TRUE,0.000508491923343943,0.000493990233583051,0.000500460320552069,3.33066907387547e-16,2.22044604925031e-16,6.4170890823334e-14,0.00586922872845223,0.262479888246277,0.000794752221355949,2.52852894746525e-05,0.0536392204076129,2.39881886183033,0.00726328646285244,0.00309347016874284,2.80063787535683e-07,0.0199999999999818,0.0699999999999363,4.43000000000006,NA,NA,NA
10,3,30,123,2000,37,TRUE,TRUE,TRUE,0.000704623413193828,0.00063901593337701,0.000642833675922912,4.44089209850063e-16,2.22044604925031e-16,1.25020882535409e-10,0.00671621274006552,0.300358164762733,0.000905198876345628,3.40134995049368e-05,0.0862616648190216,3.85773892775269,0.0116261895041043,0.00618859135657601,3.6672775260015e-07,0.00999999999999091,0.0799999999999272,4.47000000000003,NA,NA,NA
10,3,30,123,2000,38,TRUE,TRUE,TRUE,0.000435732044522487,0.000413302685718961,0.00041463893509852,4.44089209850063e-16,1.11022302462516e-16,3.75401021379673e-09,0.00522755408767835,0.233783325922114,0.000706987421930024,3.22879137790721e-05,0.068852240810266,3.0791658170988,0.00931174836417115,0.00430980320197349,2.22173347476444e-07,0.0199999999999818,0.0800000000001546,4.5,NA,NA,NA
10,3,30,123,2000,39,TRUE,TRUE,TRUE,0.000753013374864716,0.000733651613098027,0.000735475975684276,6.66133814775094e-16,4.44089209850063e-16,1.19357856931401e-11,0.00629231595482107,0.281400924217728,0.000830110381614859,2.09157020947259e-05,0.0467681370145324,2.09153467091037,0.00616986119948477,0.00248356276195949,3.21896260774763e-07,0.0199999999999818,0.0699999999999363,4.41000000000008,NA,NA,NA
10,3,30,123,2000,40,TRUE,TRUE,TRUE,0.000617432921663008,0.000587748484035775,0.000592066816233097,4.44089209850063e-16,4.44089209850063e-16,1.33537625401914e-12,0.0103345110280477,0.462173383458716,0.00138069557972851,0.000102870803175392,0.0740799945778858,3.31295807297937,0.00989712244560072,0.00590204725536836,8.68309903974299e-07,0.0299999999999727,0.0599999999999454,4.47000000000003,NA,NA,NA
10,3,30,123,2000,41,TRUE,TRUE,TRUE,0.000407711218215838,0.000407753342325617,0.000406158254210169,4.44089209850063e-16,4.44089209850063e-16,8.0345730069098e-11,0.00478984729039114,0.214208482863155,0.000649088460591798,2.54697863439901e-05,0.0385545804775166,1.72421325583427,0.0052246620348663,0.00178089338787757,1.8652550459567e-07,0.00999999999999091,0.0800000000001546,4.51999999999998,NA,NA,NA
10,3,30,123,2000,42,TRUE,TRUE,TRUE,0.00036034680180557,0.000363121399336059,0.000364928465396339,6.66133814775094e-16,4.44089209850063e-16,2.39364084109184e-13,0.00931882751894632,0.416750636059194,0.00125625236751113,0.000109101004412082,0.101458323283866,4.53735415491748,0.013677392200889,0.00958934980997839,7.06020701852612e-07,0.0199999999999818,0.0599999999999454,4.43000000000006,NA,NA,NA
10,3,30,123,2000,43,TRUE,TRUE,TRUE,0.000569877096097025,0.000492410271692768,0.000489332353387895,4.44089209850063e-16,4.44089209850063e-16,8.5416118622561e-12,0.010257477268031,0.458728328979524,0.00138880595166769,5.06843155960723e-05,0.0560641067260858,2.50726307474662,0.0075907714013454,0.002919752927383,8.55413332554252e-07,0.0199999999999818,0.0699999999999363,4.55000000000018,NA,NA,NA
10,3,30,123,2000,44,TRUE,TRUE,TRUE,0.000525541869374786,0.000468507719019036,0.000466778724942338,4.44089209850063e-16,4.44089209850063e-16,3.1765701180575e-12,0.00901719403551045,0.40326117659414,0.00120727834552251,7.42186415791934e-05,0.0793702221755964,3.5495442434779,0.0106265818540172,0.00567188017323161,6.6105518921988e-07,0.0199999999999818,0.0599999999999454,4.37000000000012,NA,NA,NA
10,3,30,123,2000,45,TRUE,TRUE,TRUE,0.000574703326606819,0.000537753313978056,0.000538747692480493,2.22044604925031e-16,4.44089209850063e-16,8.19125567375067e-09,0.00477692200366816,0.21363044646833,0.000639131563261627,2.77469246903195e-05,0.0586339754572725,2.62219109827031,0.00784497305283064,0.00385092307727675,1.85520193732756e-07,0.00999999999999091,0.0599999999999454,4.44000000000005,NA,NA,NA
10,3,30,123,2000,46,TRUE,TRUE,TRUE,0.000670292466338626,0.000618718240418525,0.000623771788810505,4.44089209850063e-16,6.66133814775094e-16,2.10875761297302e-12,0.00521818889566349,0.233364501802762,0.000712274765122911,3.10186533880596e-05,0.0455130459958521,2.035405294196,0.00621246083553323,0.00284087027448265,2.21378010982323e-07,0.0199999999999818,0.0599999999999454,4.52999999999997,NA,NA,NA
10,3,30,123,2000,47,TRUE,TRUE,TRUE,0.000505888533586887,0.000464694549199588,0.000466950016535983,4.44089209850063e-16,4.44089209850063e-16,3.39950290140223e-13,0.00670314659557246,0.299773829016926,0.000898905589321518,4.38483273583756e-05,0.0581479484322265,2.60045530893222,0.00779775812867239,0.00413926617147808,3.65302229932802e-07,0.00999999999999091,0.0599999999999454,4.38999999999987,NA,NA,NA
10,3,30,123,2000,48,TRUE,TRUE,TRUE,0.000578089014693575,0.000532852929442445,0.00053792277216327,2.22044604925031e-16,4.44089209850063e-16,3.2464697596879e-11,0.00471169952575219,0.210713608582708,0.000633443857451435,2.84449042737833e-05,0.0724492116033064,3.24002724122519,0.00974011772535245,0.00529489120843962,1.80488718869702e-07,0.00999999999999091,0.0799999999999272,4.45000000000005,NA,NA,NA
10,3,30,123,2000,49,TRUE,TRUE,TRUE,0.000572616160969777,0.000527425405077029,0.000529227877075307,4.44089209850063e-16,6.66133814775094e-16,5.21804821573824e-14,0.00789963262525342,0.353282310946836,0.00106345532177729,3.86196960313612e-05,0.0721000040990407,3.22441020686937,0.00970616441252916,0.00446713971627588,5.07351183853401e-07,0.00999999999999091,0.0799999999999272,4.57999999999993,NA,NA,NA
10,3,30,123,2000,50,TRUE,TRUE,TRUE,0.000535860811024867,0.000487520213058709,0.0004935134274716,3.33066907387547e-16,4.44089209850063e-16,5.645262035614e-12,0.00971446721472612,0.434444181146413,0.00131793442660927,0.000102668348709756,0.0993365919352068,4.4424674444056,0.0134767158547806,0.0084353337164913,7.67242872081209e-07,0.00999999999999091,0.0799999999999272,4.44000000000005,NA,NA,NA
10,3,30,123,2000,51,TRUE,TRUE,TRUE,0.0005176262721139,0.000500780557022257,0.000498902048598054,4.44089209850063e-16,4.44089209850063e-16,2.67488253768988e-11,0.0103995465539857,0.465081860597713,0.00138141690066089,7.20040704678127e-05,0.0934241315893203,4.17805417945211,0.0124099328405422,0.00760669509030976,8.79272914865977e-07,0.0199999999999818,0.0699999999999363,4.47000000000003,NA,NA,NA
10,3,30,123,2000,52,TRUE,TRUE,TRUE,0.000606285238166278,0.00053744970662879,0.000540152303879702,4.44089209850063e-16,4.44089209850063e-16,9.33031429894982e-12,0.00758741454537141,0.339319493938423,0.00103022959915448,6.25545554626683e-05,0.0926457984852725,4.14324606485633,0.0125795741442721,0.00757830597978071,4.6803950799442e-07,0.0299999999999727,0.0599999999999454,4.55000000000018,NA,NA,NA
10,3,30,123,2000,53,TRUE,TRUE,TRUE,0.0006431047517007,0.000557058642450979,0.000549608344554592,4.44089209850063e-16,5.55111512312578e-16,8.01586708121249e-09,0.0115881082400188,0.518235955106149,0.00157566786155422,7.07225653542309e-05,0.0772625341940913,3.4552855714378,0.0105056053594185,0.005485127524679,1.09174189091375e-06,0.00999999999999091,0.0799999999999272,4.42000000000007,NA,NA,NA
10,3,30,123,2000,54,TRUE,TRUE,TRUE,0.000462350682268625,0.000389179962073492,0.000390075842853817,2.22044604925031e-16,4.44089209850063e-16,7.68052288435683e-13,0.00859710432850827,0.384474193764044,0.00116404433908965,5.20550199638592e-05,0.0773394754093769,3.4587264871908,0.0104717327018956,0.00524700336141848,6.00895958010209e-07,0.00999999999999091,0.0599999999999454,4.46000000000004,NA,NA,NA
10,3,30,123,2000,55,TRUE,TRUE,TRUE,0.000846806735641391,0.000698887464051658,0.000700252164415076,3.33066907387547e-16,3.33066907387547e-16,3.93857790825791e-09,0.00634925347683416,0.283947247611561,0.000872229997949668,4.48101585064364e-05,0.0936650001808808,4.18882615033959,0.0128672486007695,0.00715691056054268,3.27748127748705e-07,0.00999999999999091,0.0799999999999272,4.52000000000021,NA,NA,NA
10,3,30,123,2000,56,TRUE,TRUE,TRUE,0.000746548835879462,0.000686098886401253,0.000690775526254175,3.33066907387547e-16,4.44089209850063e-16,3.49853479519879e-12,0.00615478704372525,0.275250444336092,0.000841471570945202,4.49665889661333e-05,0.0659441184717586,2.94911063238303,0.00901576294529945,0.00440229743043119,3.07978890679741e-07,0.0199999999999818,0.0799999999999272,4.40000000000009,NA,NA,NA
10,3,30,123,2000,57,TRUE,TRUE,TRUE,0.000533343570368292,0.000514980241956516,0.000515831927851888,2.22044604925031e-16,5.55111512312578e-16,3.04162917075246e-10,0.00396279184634236,0.177221438982068,0.000536657009426248,2.07495308686134e-05,0.0445997819604414,1.99456288490432,0.00603987959399,0.00236415703943749,1.27672513962907e-07,0.0199999999999818,0.0799999999999272,4.45000000000005,NA,NA,NA
10,3,30,123,2000,58,TRUE,TRUE,TRUE,0.000492899475032604,0.00041365269681876,0.000414932139415425,6.66133814775094e-16,4.44089209850063e-16,7.25764381925842e-09,0.00823789411098378,0.368409824472099,0.00110086039860564,7.74440635673557e-05,0.111543669608192,4.98838455407389,0.0149059950191744,0.0100673057880947,5.51730889299034e-07,0.0199999999999818,0.0699999999999363,4.54000000000019,NA,NA,NA
10,3,30,123,2000,59,TRUE,TRUE,TRUE,0.000597728188456989,0.000567137723345874,0.000563390188997196,2.22044604925031e-16,4.44089209850063e-16,1.49748879962885e-09,0.00782539007346846,0.349962083094551,0.00105047653727724,3.61432811324391e-05,0.0592182353321354,2.64831999420469,0.00794942695652719,0.00361260753998494,4.9785959188568e-07,0.0199999999999818,0.0799999999999272,4.42000000000007,NA,NA,NA
10,3,30,123,2000,60,TRUE,TRUE,TRUE,0.000342042070553017,0.000339522931821769,0.000343966889615798,2.22044604925031e-16,4.44089209850063e-16,2.98805424847615e-12,0.00789118638706954,0.352904583692169,0.00106214653335149,4.34363213841493e-05,0.0670811697801538,2.99996111277257,0.00902906463493281,0.00424697071397162,5.06266850369689e-07,0.0199999999999818,0.0699999999999363,4.45000000000005,NA,NA,NA
10,3,30,123,2000,61,TRUE,TRUE,TRUE,0.000531543659210287,0.000430227040980384,0.000430463575353437,4.44089209850063e-16,4.44089209850063e-16,6.33937347060964e-13,0.00811998484200045,0.363136761659618,0.00109072165362438,6.92079163258086e-05,0.0865451394908557,3.8704163004751,0.0116252258465255,0.00621248208758018,5.36050031173309e-07,0.00999999999999091,0.0799999999999272,4.5,NA,NA,NA
10,3,30,123,2000,62,TRUE,TRUE,TRUE,0.000615800591368478,0.000586463701822784,0.000591087999154887,6.66133814775094e-16,2.22044604925031e-16,8.60689297610406e-12,0.0154675238957061,0.691728697488022,0.00205186221095914,0.000204916485792239,0.136830661923889,6.11925322936215,0.0181514291747818,0.0150527495398691,1.94507557287998e-06,0.0199999999999818,0.0599999999999454,4.48000000000002,NA,NA,NA
10,3,30,123,2000,63,TRUE,TRUE,TRUE,0.000659503468126368,0.000613746490330098,0.000614273235376522,2.22044604925031e-16,6.66133814775094e-16,1.44895206943829e-11,0.0106436497243377,0.475998486246321,0.00144382836958143,4.72805037787793e-05,0.0662600692524438,2.96324038084616,0.00898828599539068,0.00417323200464637,9.2103479231215e-07,0.00999999999999091,0.0799999999999272,4.61000000000013,NA,NA,NA
10,3,30,123,2000,64,TRUE,TRUE,TRUE,0.00049271456178627,0.000477191877947956,0.000483791463310181,3.33066907387547e-16,2.22044604925031e-16,1.13936460266473e-09,0.00425019136506228,0.190074336193238,0.000576318601383834,2.55303526728312e-05,0.0403509597793188,1.80454978047834,0.0054715203874524,0.00226092986540749,1.46862818208536e-07,0.00999999999999091,0.0799999999999272,4.42000000000007,NA,NA,NA
10,3,30,123,2000,65,TRUE,TRUE,TRUE,0.0010039363082614,0.0010072912374224,0.00100822549790466,5.55111512312578e-16,4.44089209850063e-16,4.12114786740858e-13,0.00610004579304605,0.272802341182252,0.000848827154726178,2.91067777880016e-05,0.0691912541022557,3.0943269524221,0.00962802859914699,0.00394568095791215,3.02524867294787e-07,0.0199999999999818,0.0799999999999272,4.45000000000005,NA,NA,NA
10,3,30,123,2000,66,TRUE,TRUE,TRUE,0.000801691128749973,0.000793056636160302,0.000794071715568149,4.44089209850063e-16,3.33066907387547e-16,2.77156075867424e-12,0.00430953295225355,0.192728172650286,0.000566220940531466,2.00896420565755e-05,0.039707604071111,1.77577803853303,0.00521710291404977,0.00234793146661616,1.50992473711864e-07,0.00999999999999091,0.0599999999999454,4.55000000000018,NA,NA,NA
10,3,30,123,2000,67,TRUE,TRUE,TRUE,0.000548415968346123,0.000569871017123648,0.00056889566001948,4.44089209850063e-16,4.44089209850063e-16,1.0724754417879e-12,0.00476720451574564,0.213195867197024,0.000640122216659658,2.41827071931766e-05,0.0513655387094185,2.29713672510313,0.00689717053044192,0.00312293939866137,1.84766169877606e-07,0.0199999999999818,0.0799999999999272,4.3900000000001,NA,NA,NA
10,3,30,123,2000,68,TRUE,TRUE,TRUE,0.000730459355315512,0.000715652888249148,0.000709649264342608,2.22044604925031e-16,2.22044604925031e-16,1.39781519692406e-11,0.0092630225813623,0.414254963380834,0.00122215215810707,4.42134916482928e-05,0.0746561974732192,3.33872664983533,0.00985004970640414,0.0048505244495658,6.97590140998601e-07,0.00999999999999091,0.0799999999999272,4.44000000000005,NA,NA,NA
10,3,30,123,2000,69,TRUE,TRUE,TRUE,0.00048554981372141,0.000512283407183563,0.000509676776910721,2.22044604925031e-16,3.33066907387547e-16,1.6725421048136e-10,0.00632461079487723,0.282845193371489,0.000844151956164834,2.97083288565148e-05,0.0477665047736163,2.13618303442748,0.00637544186536585,0.00240511105679175,3.25208956964858e-07,0.00999999999999091,0.0599999999999454,4.56000000000017,NA,NA,NA
10,3,30,123,2000,70,TRUE,TRUE,TRUE,0.000730580489590797,0.00071293391815842,0.000714186136019635,2.22044604925031e-16,4.44089209850063e-16,1.47704071196131e-12,0.00374167627363274,0.167332849952818,0.000513007134139425,1.89600624764807e-05,0.0617260441109981,2.76047261228685,0.0084630253061425,0.00299378414699447,1.13822287289969e-07,0.0199999999999818,0.0599999999999454,4.43000000000006,NA,NA,NA
10,3,30,123,2000,71,TRUE,TRUE,TRUE,0.000533458356863631,0.000477230006769958,0.000471389707797326,4.44089209850063e-16,4.44089209850063e-16,6.28830321147689e-12,0.00710564466735494,0.31777409000329,0.000958949229615557,2.54767078899931e-05,0.0562386123378963,2.51506720295589,0.0075897369627616,0.00316989765867248,4.10489318200892e-07,0.0199999999999818,0.0699999999999363,4.47000000000003,NA,NA,NA
10,3,30,123,2000,72,TRUE,TRUE,TRUE,0.000922458904785365,0.000903822509671116,0.00090298151379034,4.44089209850063e-16,4.44089209850063e-16,8.63016325070021e-10,0.0119875901312931,0.536101328399541,0.00156714346714023,8.32971400086535e-05,0.0878328911532062,3.92800630557818,0.0114824364249379,0.00602440407750748,1.16831152159249e-06,0.00999999999999091,0.0800000000001546,4.55999999999995,NA,NA,NA
10,3,30,123,2000,73,TRUE,TRUE,TRUE,0.000654262725554622,0.000593987735740569,0.000595380103986081,3.33066907387547e-16,4.44089209850063e-16,4.50084414183038e-11,0.00658953834808622,0.294693113733249,0.00088726068130545,2.12639459320485e-05,0.0480747950711754,2.1499701956704,0.00647312044869716,0.00288535282417257,3.53024517405682e-07,0.00999999999999091,0.0599999999999454,4.41000000000008,NA,NA,NA
10,3,30,123,2000,74,TRUE,TRUE,TRUE,0.000471633301327003,0.000422780342654485,0.000428841023124546,6.66133814775094e-16,3.33066907387547e-16,1.08526521103158e-11,0.00638065001340315,0.285351343412088,0.000854711738375665,5.00258951134924e-05,0.0803383077806366,3.59283834789608,0.010761614342913,0.00651650771953172,3.30997517020664e-07,0.00999999999999091,0.0699999999999363,4.46000000000004,NA,NA,NA
10,3,30,123,2000,75,TRUE,TRUE,TRUE,0.000972075885017843,0.000921866141612936,0.000910498452891491,4.44089209850063e-16,2.22044604925031e-16,1.11439746319775e-11,0.0137030742593609,0.612820110893172,0.00180378267369918,7.37534520851568e-05,0.0646470123869353,2.89110228478917,0.00850970801463123,0.00429094187180823,1.52661987119967e-06,0.0199999999999818,0.0800000000001546,4.50999999999999,NA,NA,NA
10,3,30,123,2000,76,TRUE,TRUE,TRUE,0.000588030366734042,0.000512360290441311,0.000516463092706199,2.22044604925031e-16,4.44089209850063e-16,6.06630745636494e-09,0.00876388552059622,0.391932875421586,0.00117680898280489,6.24230935741821e-05,0.0830173989961805,3.71265094941365,0.0111475236227363,0.00658357856050884,6.24436499334277e-07,0.0199999999999818,0.0599999999999454,4.42000000000007,NA,NA,NA
10,3,30,123,2000,77,TRUE,TRUE,TRUE,0.000636720903869772,0.00060037078169091,0.000599716845621593,4.44089209850063e-16,2.22044604925031e-16,1.5324408408901e-11,0.0035011137653286,0.1565745675247,0.000474993110951412,2.08395671670303e-05,0.0500404748122089,2.2378780661293,0.00678894843118758,0.0025836555375669,9.96568910388083e-08,0.00999999999999091,0.0799999999999272,4.45000000000005,NA,NA,NA
10,3,30,123,2000,78,TRUE,TRUE,TRUE,0.00082887249978874,0.000745501463606113,0.0007651947708146,3.33066907387547e-16,4.44089209850063e-16,1.984141739797e-10,0.00927509656332045,0.414794928269184,0.00123777631481963,5.79469123778154e-05,0.0876510436618363,3.91987383853336,0.0116971704901585,0.00755681993707213,6.99409888283894e-07,0.00999999999999091,0.0600000000001728,4.52999999999997,NA,NA,NA
10,3,30,123,2000,79,TRUE,TRUE,TRUE,0.000510992798940139,0.000449428158337389,0.000455668667189085,4.44089209850063e-16,4.44089209850063e-16,6.98774371699074e-12,0.00547978964547947,0.245063642993831,0.000740119445299378,3.52746800729165e-05,0.0713417404313175,3.19049962475142,0.00963566355111409,0.00521021416668077,2.44130850070764e-07,0.0199999999999818,0.0799999999999272,4.47000000000003,NA,NA,NA
10,3,30,123,2000,80,TRUE,TRUE,TRUE,0.000488033146518371,0.000475233506287035,0.00047397174338624,4.44089209850063e-16,4.44089209850063e-16,7.03437308402499e-13,0.00386979400795221,0.17306244921405,0.000512890475110484,1.53928602273368e-05,0.0389227334662892,1.74067755801457,0.00515869816819728,0.00189800722503009,1.21750452552706e-07,0.0199999999999818,0.0800000000001546,4.47999999999979,NA,NA,NA
10,3,30,123,2000,81,TRUE,TRUE,TRUE,0.00138429881057726,0.00130812413923386,0.00131614519186568,2.22044604925031e-16,4.44089209850063e-16,1.59670965338421e-09,0.0116914169018349,0.522856058915856,0.00151784178111198,8.04865179233616e-05,0.0820949827992129,3.67139924301432,0.0106580062928693,0.00742321714244554,1.11129454611797e-06,0.0199999999999818,0.0599999999999454,4.50999999999999,NA,NA,NA
10,3,30,123,2000,82,TRUE,TRUE,TRUE,0.000666449181329348,0.000620238326780388,0.000618258475933415,2.22044604925031e-16,5.55111512312578e-16,1.4288177307975e-09,0.00356985183614769,0.159648627504574,0.000476351777614634,1.29984622248003e-05,0.0455568591422777,2.03736467767032,0.00607898922168759,0.00216909045810354,1.03608472618269e-07,0.0299999999999727,0.0599999999999454,4.47000000000003,NA,NA,NA
10,3,30,123,2000,83,TRUE,TRUE,TRUE,0.000621665676316816,0.000581137830438756,0.000584035000641078,4.44089209850063e-16,4.44089209850063e-16,2.15039763773461e-10,0.00424863162797862,0.190004582630316,0.000567262193732705,2.77651782738531e-05,0.050845402750145,2.27387553785358,0.00678869745151164,0.00299842659467231,1.4675504642488e-07,0.0199999999999818,0.0800000000001546,4.44000000000005,NA,NA,NA
10,3,30,123,2000,84,TRUE,TRUE,TRUE,0.000721899242783831,0.000709924063287556,0.000715705915247491,4.44089209850063e-16,4.44089209850063e-16,2.90656387846866e-13,0.00947532178724917,0.423749272499479,0.00130450581716097,4.7618867434096e-05,0.0810526190133775,3.62478331736608,0.0111588413959057,0.00653114961284018,7.29932707088771e-07,0.00999999999999091,0.0699999999999363,4.49000000000001,NA,NA,NA
10,3,30,123,2000,85,TRUE,TRUE,TRUE,0.00082299168458071,0.000772150181061311,0.000759826632542156,4.44089209850063e-16,2.22044604925031e-16,4.51706272386332e-09,0.01262744520614,0.564716517261657,0.00171520290512134,8.41111321676635e-05,0.070807196489633,3.16659409294008,0.00961783695275612,0.00526116305952939,1.29636075149648e-06,0.00999999999999091,0.0799999999999272,4.45000000000005,NA,NA,NA
10,3,30,123,2000,86,TRUE,TRUE,TRUE,0.000510638026919372,0.000484821935958919,0.000478228515959493,4.44089209850063e-16,5.55111512312578e-16,6.64579502540619e-13,0.00572945540335019,0.25622903511889,0.000764957553852353,2.97772613677694e-05,0.0564773730212636,2.52574490532316,0.00754047113955904,0.00263218166197277,2.66883408284379e-07,0.00999999999999091,0.0800000000001546,4.56999999999994,NA,NA,NA
10,3,30,123,2000,87,TRUE,TRUE,TRUE,0.000525380301165188,0.000509305514090344,0.000515169945632382,4.44089209850063e-16,4.44089209850063e-16,2.06649519718383e-09,0.0101584561843792,0.454299971494498,0.00136880522440458,4.63671857424686e-05,0.0630025876032806,2.81756137278642,0.00848930875884346,0.00411378109640026,8.38977496341065e-07,0.00999999999999091,0.0799999999999272,4.3900000000001,NA,NA,NA
10,3,30,123,2000,88,TRUE,TRUE,TRUE,0.000948046729562083,0.00082944536965948,0.000825606365749932,4.44089209850063e-16,4.44089209850063e-16,3.40634676021523e-09,0.00674791506751155,0.301775935947018,0.000918033229229191,2.84609747751574e-05,0.0692137536498083,3.09533316277791,0.00941631972757465,0.00374975054336346,3.70198030555686e-07,0.00999999999999091,0.0599999999999454,4.47000000000003,NA,NA,NA
10,3,30,123,2000,89,TRUE,TRUE,TRUE,0.000607345236320625,0.000562051431214325,0.000561369442846257,5.55111512312578e-16,4.44089209850063e-16,1.64179780881568e-12,0.00347612412872044,0.155456997000923,0.000467941837794891,1.54994607619585e-05,0.061693364216306,2.75901112296626,0.00830491235701482,0.00335445839932547,9.82393411241663e-08,0.0200000000002092,0.0699999999999363,4.56999999999994,NA,NA,NA
10,3,30,123,2000,90,TRUE,TRUE,TRUE,0.000476194451681267,0.000484093910957882,0.000484574276584634,4.44089209850063e-16,2.22044604925031e-16,5.33262323187955e-12,0.00725225106431848,0.324330527394226,0.000965568843025603,2.84942933035381e-05,0.0577126026685215,2.580986054505,0.00768388883567663,0.00343794461549152,4.27602808942345e-07,0.00999999999999091,0.0700000000001637,4.41999999999985,NA,NA,NA
10,3,30,123,2000,91,TRUE,TRUE,TRUE,0.000658613471424934,0.000660436157561243,0.000660184422323575,4.44089209850063e-16,4.44089209850063e-16,4.33300062496755e-11,0.00494134454393941,0.220983646009924,0.000662447711469099,2.49080655905232e-05,0.0541435926606013,2.42137507470326,0.0072586112402791,0.00324582811212082,1.98511267495283e-07,0.00999999999999091,0.0600000000001728,4.49000000000001,NA,NA,NA
10,3,30,123,2000,92,TRUE,TRUE,TRUE,0.000847721371051513,0.000807230316402147,0.000811741087465964,4.44089209850063e-16,4.44089209850063e-16,3.40394379350073e-13,0.0074062776424607,0.33121880537558,0.000998546787842392,2.59750052293839e-05,0.0423212014846289,1.89266166818191,0.0057059297315333,0.00206606117754404,4.45958931034254e-07,0.0199999999999818,0.0799999999999272,4.53999999999996,NA,NA,NA
10,3,30,123,2000,93,TRUE,TRUE,TRUE,0.000572404257601907,0.000561091818426677,0.00056166411040477,4.44089209850063e-16,4.44089209850063e-16,1.07558850714895e-10,0.00749832540017355,0.335335306244028,0.00102651085426336,6.32374423368276e-05,0.0957514999661561,4.28213725743788,0.0131082540142873,0.00830339555502491,4.57112876478763e-07,0.0199999999999818,0.0600000000001728,4.40999999999985,NA,NA,NA
10,3,30,123,2000,94,TRUE,TRUE,TRUE,0.00148044465313382,0.00146784980334537,0.00146417759873217,4.44089209850063e-16,2.22044604925031e-16,2.40030217923959e-12,0.00592935762354089,0.265168934182881,0.000769237722641997,2.54289892396287e-05,0.0614304571600276,2.74725356197421,0.00796960277434183,0.0038734454642082,2.85831559575955e-07,0.040000000000191,0.0599999999999454,4.47000000000003,NA,NA,NA
10,3,30,123,2000,95,TRUE,TRUE,TRUE,0.000706313368780634,0.00073560135187394,0.000768090329906998,4.44089209850063e-16,2.22044604925031e-16,5.65258950757652e-12,0.0176594574421553,0.789754945728476,0.00235261351073899,8.14631824610501e-05,0.0863119051075654,3.85998574176055,0.0114985726350208,0.00513986042912506,2.5354181882219e-06,0.0199999999999818,0.0799999999999272,4.53999999999996,NA,NA,NA
10,3,30,123,2000,96,TRUE,TRUE,TRUE,0.00053929166922046,0.000447995447318172,0.000446755931891705,2.22044604925031e-16,6.66133814775094e-16,3.01669800251148e-12,0.010083100765988,0.450929974734587,0.00136176872901922,8.7746413225176e-05,0.0922335496826645,4.12480973793084,0.0124565613930951,0.00737839511116434,8.265765939599e-07,0.00999999999999091,0.0599999999999454,4.45000000000005,NA,NA,NA
10,3,30,123,2000,97,TRUE,TRUE,TRUE,0.000564907405489967,0.000535174796258048,0.0005362507615101,2.22044604925031e-16,4.44089209850063e-16,4.20303347681283e-10,0.00673999580202559,0.301421775627849,0.000909866812958947,4.0076902820374e-05,0.0595863304860709,2.66478170993245,0.00804386622896505,0.00353217504240888,3.69329621230265e-07,0.0199999999999818,0.0599999999999454,4.47000000000003,NA,NA,NA
10,3,30,123,2000,98,TRUE,TRUE,TRUE,0.000696407432441006,0.000601925165483848,0.000596390281283732,4.44089209850063e-16,2.22044604925031e-16,8.65973959207622e-15,0.00623659443438991,0.278908982067854,0.0008437274472197,3.87141581583705e-05,0.0849627336905973,3.79964896172774,0.0114943165151619,0.00642030760700862,3.16220407634661e-07,0.00999999999999091,0.0800000000001546,4.55999999999995,NA,NA,NA
10,3,30,123,2000,99,TRUE,TRUE,TRUE,0.000457582616988302,0.000431669880060589,0.000426803790832121,2.22044604925031e-16,6.66133814775094e-16,4.61741755941603e-12,0.00486221471268654,0.217444852375334,0.000654292616885398,2.30528304356881e-05,0.0603868413567637,2.70058164440438,0.0081260632842208,0.00375877274918679,1.92204324489963e-07,0.0199999999999818,0.0699999999999363,4.44000000000005,NA,NA,NA
10,3,30,123,2000,100,TRUE,TRUE,TRUE,0.000799203474067711,0.000741165799773011,0.000738977727859447,4.44089209850063e-16,4.44089209850063e-16,7.60191909421337e-12,0.00574239573410063,0.256807744303076,0.000786581098276011,2.61251968431964e-05,0.0571571335130906,2.55614471868604,0.0078292620249163,0.00268016392504933,2.68090315179e-07,0.00999999999999091,0.0599999999999454,4.47000000000003,NA,NA,NA
10,3,30,123,2000,101,TRUE,TRUE,TRUE,0.000734051215425356,0.000729708416582316,0.000731710278567015,5.55111512312578e-16,2.22044604925031e-16,3.13101766735713e-09,0.00522929351278309,0.233861115377633,0.000696834073303086,2.35252845897094e-05,0.0426118720166755,1.90566084955615,0.00567828221457905,0.00232976472521074,2.22321224738498e-07,0.0199999999999818,0.0599999999999454,4.55999999999995,NA,NA,NA
10,3,30,123,2000,102,TRUE,TRUE,TRUE,0.000864618604325638,0.000677128046163887,0.000703546541768503,4.44089209850063e-16,4.44089209850063e-16,1.73527858748912e-12,0.0225916448557932,1.01032907242174,0.00309625222899291,0.000190453595692475,0.108641266187973,4.85858512715914,0.0148896091781854,0.0082089112650614,4.14945054707551e-06,0.00999999999999091,0.0799999999999272,4.45000000000005,NA,NA,NA
10,3,30,123,2000,103,TRUE,TRUE,TRUE,0.000694093696285516,0.000680253088428715,0.000678110607696517,4.44089209850063e-16,4.44089209850063e-16,6.61692922676593e-14,0.00304463665159124,0.136160290394907,0.000411630785029835,1.22053848059522e-05,0.0376053303566705,1.68176149987703,0.0050841901439807,0.00156069957113658,7.53643279692089e-08,0.0199999999999818,0.0600000000001728,4.45000000000005,NA,NA,NA
10,3,30,123,2000,104,TRUE,TRUE,TRUE,0.000449263058631558,0.000431670742182603,0.000432328430099874,2.22044604925031e-16,4.44089209850063e-16,2.44760944845268e-09,0.00413224855464464,0.184799773362213,0.000552830690919002,2.020636733846e-05,0.0445720536565687,1.99332283745712,0.00596304866292312,0.00255420693043718,1.38825025344412e-07,0.0199999999999818,0.0599999999999454,4.47000000000003,NA,NA,NA
10,3,30,123,2000,105,TRUE,TRUE,TRUE,0.000394590519239897,0.000382070899261955,0.000379266168913818,3.33066907387547e-16,4.44089209850063e-16,1.01432195975804e-11,0.00591789894412356,0.26465648646069,0.000800522263359686,3.12369527932788e-05,0.0452691564095585,2.02449822031686,0.00612362054363035,0.00223908624843006,2.84727869210233e-07,0.00999999999999091,0.0599999999999454,4.44000000000005,NA,NA,NA
10,3,30,123,2000,106,TRUE,TRUE,TRUE,0.000660980700178989,0.000635085201829273,0.00063510759342258,2.22044604925031e-16,6.66133814775094e-16,9.37339095230527e-12,0.00452273622663157,0.202262912940982,0.000614819168729812,1.95873946324809e-05,0.0626958596408311,2.80384408129368,0.00852285306408093,0.00366182214533239,1.66301975412078e-07,0.0199999999999818,0.0800000000001546,4.57999999999993,NA,NA,NA
10,3,30,123,2000,107,TRUE,TRUE,TRUE,0.000545633223804993,0.00046205265133329,0.000464236414707134,4.44089209850063e-16,5.55111512312578e-16,4.25337542964144e-11,0.00772922019190606,0.345661235243318,0.00103668919069502,6.71949768573654e-05,0.0778756521302934,3.48270503910925,0.010445147735129,0.00635279208063366,4.85697924999743e-07,0.00999999999999091,0.0599999999999454,4.3900000000001,NA,NA,NA
10,3,30,123,2000,108,TRUE,TRUE,TRUE,0.000575498058208911,0.000497715632728886,0.000491260687332278,2.22044604925031e-16,2.22044604925031e-16,9.81634329377812e-09,0.00824248408531772,0.368615094364612,0.0011275439485046,4.99948426124774e-05,0.0673005488295859,3.00977204211996,0.00920648748342869,0.00472905295822557,5.52345885339154e-07,0.00999999999999091,0.0799999999999272,4.42000000000007,NA,NA,NA
10,3,30,123,2000,109,TRUE,TRUE,TRUE,0.000494341389661462,0.000446282275153788,0.000447916756840405,4.44089209850063e-16,6.66133814775094e-16,4.77782258201387e-11,0.00612962445909517,0.274125139341644,0.000820154719630555,3.74288957871727e-05,0.0620092581074092,2.77313832724994,0.00829694968051733,0.00408304333711129,3.05465821215754e-07,0.0199999999999818,0.0800000000001546,4.53999999999996,NA,NA,NA
10,3,30,123,2000,110,TRUE,TRUE,TRUE,0.00088290294599203,0.000843119850866661,0.000844559117792032,4.44089209850063e-16,4.44089209850063e-16,4.69735361718904e-12,0.00504572692320112,0.225651767923571,0.000692649814900653,2.80288372280779e-05,0.0697264842709814,3.11826317323969,0.0095716706748229,0.00415762030283418,2.06986668158672e-07,0.0299999999999727,0.0599999999999454,4.41000000000008,NA,NA,NA
10,3,30,123,2000,111,TRUE,TRUE,TRUE,0.000639273857323251,0.000539233393865034,0.00053053295352575,4.44089209850063e-16,4.44089209850063e-16,2.38742359215394e-12,0.00823929977164006,0.368472687527713,0.00111646489417502,7.7826400325165e-05,0.0933806627903917,4.17611019566602,0.0126535306020933,0.00805057678122978,5.51919192902016e-07,0.00999999999999091,0.0599999999999454,4.42000000000007,NA,NA,NA
10,3,30,123,2000,112,TRUE,TRUE,TRUE,0.000454623617697786,0.000388429508356521,0.000389266477393394,4.44089209850063e-16,4.44089209850063e-16,9.26037024839843e-12,0.00404169445900479,0.180750071092379,0.000543770342494317,2.25177399784116e-05,0.0557732162464299,2.49425405701626,0.0075037391391032,0.00329900596876342,1.32807269105285e-07,0.0199999999999818,0.0800000000001546,4.52999999999997,NA,NA,NA
10,3,30,123,2000,113,TRUE,TRUE,TRUE,0.000395807800147953,0.000373582167961289,0.000372349316338092,3.33066907387547e-16,4.44089209850063e-16,7.74069697229152e-12,0.0069278496821744,0.309822856544845,0.00093129966712926,3.47486982334999e-05,0.044121822951631,1.97318790822115,0.00593122554805393,0.00283950268224586,3.90204074949625e-07,0.0199999999999818,0.0799999999999272,4.40000000000009,NA,NA,NA
10,3,30,123,2000,114,TRUE,TRUE,TRUE,0.000514231293921963,0.000521726275975954,0.000523736341343532,4.44089209850063e-16,2.22044604925031e-16,1.28763666396026e-12,0.00787244999311045,0.352066666681254,0.00105106972373008,3.79629832636397e-05,0.0674979699761062,3.01860098419627,0.00901181623474452,0.00480672183601172,5.03865600764428e-07,0.0199999999999818,0.0799999999999272,4.42000000000007,NA,NA,NA
10,3,30,123,2000,115,TRUE,TRUE,TRUE,0.00045036936377685,0.000421046210212826,0.000422743043688624,4.44089209850063e-16,4.44089209850063e-16,6.6978778079374e-10,0.00631282753618894,0.28231823002302,0.00084922948199746,4.61857112554753e-05,0.0514949416690392,2.30292380138716,0.00692732731702156,0.0033197208388529,3.23998304891588e-07,0.0199999999999818,0.0699999999999363,4.54000000000019,NA,NA,NA
10,3,30,123,2000,116,TRUE,TRUE,TRUE,0.000457938170074779,0.000442112938073201,0.000443684699321622,4.44089209850063e-16,4.44089209850063e-16,1.85067960956076e-10,0.00726519101719612,0.324909219679428,0.000974163293182324,2.85345830981498e-05,0.0507451602167898,2.2693925554772,0.00680423574175078,0.00269049029292745,4.29130085498758e-07,0.0199999999999818,0.0799999999999272,4.42000000000007,NA,NA,NA
10,3,30,123,2000,117,TRUE,TRUE,TRUE,0.000636402764216256,0.000591616354016359,0.000593985649958434,4.44089209850063e-16,4.44089209850063e-16,1.46493439601159e-09,0.00539171578816365,0.241124860353856,0.000731372519409653,2.31902282052943e-05,0.0595105258588541,2.66139162394314,0.00807245131954688,0.00314364055314797,2.36346334474254e-07,0.0199999999999818,0.0599999999999454,4.45000000000005,NA,NA,NA
10,3,30,123,2000,118,TRUE,TRUE,TRUE,0.000858864827766328,0.000842480789841711,0.000845227282695805,4.44089209850063e-16,3.33066907387547e-16,5.89395199313003e-12,0.00560943064681707,0.250861364827072,0.000773896454648317,4.43002109165036e-05,0.0520290569425564,2.32681016257527,0.0071781086605264,0.00361914235173089,2.55818798223175e-07,0.0199999999999818,0.0800000000001546,4.53999999999996,NA,NA,NA
10,3,30,123,2000,119,TRUE,TRUE,TRUE,0.000785263757558135,0.000774399154741105,0.000778294193404744,4.44089209850063e-16,4.44089209850063e-16,1.11893161403032e-10,0.00510372126189616,0.228245353596217,0.000688852605097168,2.31245796555868e-05,0.0560487782632835,2.50657756505029,0.00756494035194077,0.00312441324408752,2.11772119667731e-07,0.0299999999999727,0.0599999999999454,4.44000000000005,NA,NA,NA
10,3,30,123,2000,120,TRUE,TRUE,TRUE,0.000571354240267732,0.00056135388398655,0.000577171592179799,3.33066907387547e-16,4.44089209850063e-16,1.72173386658869e-12,0.0097873062379001,0.437701641291047,0.00132689285402578,4.91712204038208e-05,0.067036327512316,2.99795570558956,0.00908830497116523,0.00509197888963442,7.78791572312506e-07,0.00999999999999091,0.0799999999999272,4.45000000000005,NA,NA,NA
10,3,30,123,2000,121,TRUE,TRUE,TRUE,0.000508161154785084,0.000456974358406321,0.000458436847657229,4.44089209850063e-16,6.66133814775094e-16,1.2900778223468e-09,0.00496700134491665,0.22213105303133,0.000670035609006962,3.43846856125651e-05,0.0763594094407856,3.41489660462672,0.0103006864414141,0.00571747287067126,2.00578067970763e-07,0.00999999999999091,0.0800000000001546,4.49000000000001,NA,NA,NA
10,3,30,123,2000,122,TRUE,TRUE,TRUE,0.000584267355382862,0.000553134373144626,0.000549538241493498,2.22044604925031e-16,4.44089209850063e-16,8.53813242329693e-10,0.00850571198824802,0.380387004055149,0.0011532655000054,5.29265144422197e-05,0.0752288194468703,3.3643350830052,0.0102000634625393,0.0048524962108516,5.88188101032732e-07,0.00999999999999091,0.0799999999999272,4.42000000000007,NA,NA,NA
10,3,30,123,2000,123,TRUE,TRUE,TRUE,0.000697805160554576,0.000502309083470018,0.000499603661549507,2.22044604925031e-16,4.44089209850063e-16,2.46818609994648e-09,0.0144347778178855,0.645542888817961,0.00194338070989405,0.000223399414089442,0.132095104259172,5.90747265236861,0.0177842070537892,0.0156329535906039,1.69400659066438e-06,0.0199999999999818,0.0699999999999363,4.46000000000004,NA,NA,NA
10,3,30,123,2000,124,TRUE,TRUE,TRUE,0.000584577627050539,0.000567752403737199,0.0005685222873885,5.55111512312578e-16,4.44089209850063e-16,4.98276686577981e-09,0.00671746391047916,0.300414118804659,0.000904982118564916,3.88164345181963e-05,0.0701271535754922,3.13618164926736,0.00944758630004299,0.00458463507913009,3.66864401533252e-07,0.00999999999999091,0.0800000000001546,4.49000000000001,NA,NA,NA
10,3,30,123,2000,125,TRUE,TRUE,TRUE,0.000632342545289466,0.000587330347509543,0.000586814295068886,6.66133814775094e-16,4.44089209850063e-16,1.49634815649335e-09,0.00517646790024184,0.231498682165727,0.000691004585707532,2.49925799451489e-05,0.0674450852507003,3.01623590737669,0.00900321688259517,0.00340803784599331,2.17852194489709e-07,0.00999999999999091,0.0699999999999363,4.42000000000007,NA,NA,NA
10,3,30,123,2000,126,TRUE,TRUE,TRUE,0.000716118270647354,0.000683365679759578,0.000682506341156131,6.66133814775094e-16,6.66133814775094e-16,6.96553925649823e-12,0.00354566476766991,0.158566948918718,0.000479072288832576,1.24312480025424e-05,0.0463672918093364,2.07360832836491,0.00626491393563543,0.00195290495990719,1.02209257273949e-07,0.00999999999999091,0.0799999999999272,4.60000000000014,NA,NA,NA
10,3,30,123,2000,127,TRUE,TRUE,TRUE,0.000649912743853601,0.000523103393724074,0.000528292795935438,3.33066907387547e-16,4.44089209850063e-16,3.54852147665952e-10,0.0109968047043873,0.49179205708599,0.00146901092547955,0.000125709230491822,0.127821349263188,5.7163445185646,0.0170750471273029,0.0131310367452002,9.83168404117357e-07,0.0299999999999727,0.0699999999999363,4.36999999999989,NA,NA,NA
10,3,30,123,2000,128,TRUE,TRUE,TRUE,0.000400956784862554,0.000424165301051861,0.000431410377660682,4.44089209850063e-16,4.44089209850063e-16,7.58992868554742e-12,0.00565809343517936,0.253037630882127,0.000767031531143177,2.99126380340908e-05,0.0643426981217525,2.87749293711973,0.00872252797229506,0.00374547202699915,2.60276596107478e-07,0.0199999999999818,0.0799999999999272,4.42000000000007,NA,NA,NA
10,3,30,123,2000,129,TRUE,TRUE,TRUE,0.000525523870580301,0.000479350465592058,0.000481867118914538,2.22044604925031e-16,4.44089209850063e-16,1.10916964501939e-09,0.00998063341281764,0.446347495391319,0.00133579821995191,6.16962055062231e-05,0.0888762788140805,3.97466802031017,0.0118951142803553,0.00639041679811214,8.09862140821559e-07,0.0199999999999818,0.0699999999999363,4.56999999999994,NA,NA,NA
10,3,30,123,2000,130,TRUE,TRUE,TRUE,0.000778858188370642,0.000695742406589295,0.000675463132007088,4.44089209850063e-16,4.44089209850063e-16,4.83080242474898e-12,0.0144369136789469,0.645638407428436,0.00196994621722162,7.73793753836571e-05,0.0719276243952,3.21670115215479,0.00981467055508486,0.00486916028981454,1.69450793962084e-06,0.0200000000002092,0.0699999999999363,4.38999999999987,NA,NA,NA
10,3,30,123,2000,131,TRUE,TRUE,TRUE,0.000708808633034432,0.000628973434368318,0.000634968756010649,4.44089209850063e-16,4.44089209850063e-16,4.90718576884319e-14,0.00778872867213154,0.348322535383756,0.00106664623050711,3.3652245214455e-05,0.0613849597960857,2.74521885800278,0.00840651134897043,0.00362713985975915,4.93205644943771e-07,0.0200000000002092,0.0599999999999454,4.43000000000006,NA,NA,NA
10,3,30,123,2000,132,TRUE,TRUE,TRUE,0.00066795055556233,0.000603231167297527,0.000604882168136094,2.22044604925031e-16,4.44089209850063e-16,7.0373085137021e-10,0.00464583305352679,0.207767970396027,0.000616925515366853,2.69760911493222e-05,0.0535638891475517,2.39544994546378,0.00711281045545124,0.00335607736451493,1.75477762286521e-07,0.00999999999999091,0.0799999999999272,4.51999999999998,NA,NA,NA
10,3,30,123,2000,133,TRUE,TRUE,TRUE,0.000626477330169834,0.000598589726714217,0.000608883264035945,4.44089209850063e-16,4.44089209850063e-16,2.25242047235952e-12,0.0128738498529454,0.575736068066233,0.00174226983151035,6.17797199211623e-05,0.0683108070016037,3.05495216106909,0.00924477600442033,0.00455261497872073,1.34744723606653e-06,0.0299999999999727,0.0700000000001637,4.39999999999986,NA,NA,NA
10,3,30,123,2000,134,TRUE,TRUE,TRUE,0.00054105309248437,0.000563928890659033,0.000562997392607952,3.33066907387547e-16,4.44089209850063e-16,1.93189908515023e-11,0.00601998963538103,0.269222120971123,0.000806293262081095,4.33434069719851e-05,0.0768615289479586,3.43735207164407,0.0102945248509664,0.00550544897555838,2.94636383821911e-07,0.0299999999999727,0.0600000000001728,4.44999999999982,NA,NA,NA
10,3,30,123,2000,135,TRUE,TRUE,TRUE,0.000958847787110207,0.000800865956123785,0.00080339130657899,4.44089209850063e-16,4.44089209850063e-16,2.5070279185968e-10,0.00749562445978121,0.335214516517619,0.00103003679846871,6.22097398164101e-05,0.0970661408129314,4.34092978342562,0.0133386747774158,0.00871266836849571,4.56783626358296e-07,0.0100000000002183,0.0599999999999454,4.51999999999998,NA,NA,NA
10,3,30,123,2000,136,TRUE,TRUE,TRUE,0.000665837262191833,0.000632261917812105,0.000630864732898101,4.44089209850063e-16,4.44089209850063e-16,3.88284959740304e-10,0.0027410235755698,0.122582300858072,0.000373749761326915,8.85740065115215e-06,0.039694876761034,1.77520885592297,0.00541255859583537,0.00191473211361171,6.10830100961745e-08,0.00999999999976353,0.0599999999999454,4.44000000000005,NA,NA,NA
10,3,30,123,2000,137,TRUE,TRUE,TRUE,0.00093526529948664,0.000900991793455639,0.000901965361431139,4.44089209850063e-16,5.55111512312578e-16,4.97474728078373e-10,0.00713462406345798,0.319070087995956,0.000935724304013754,4.40446829728103e-05,0.0557964091407167,2.49529127478066,0.00731784262846764,0.00372262305267412,4.13844394527428e-07,0.0100000000002183,0.0799999999999272,4.44999999999982,NA,NA,NA
10,3,30,123,2000,138,TRUE,TRUE,TRUE,0.000826935450997968,0.000792445416591652,0.000798058078874391,4.44089209850063e-16,4.44089209850063e-16,1.2038436913997e-09,0.00843025650358303,0.377012532195427,0.00111261223777974,6.71746908587068e-05,0.0845567882728422,3.78149453074264,0.0111596743681203,0.0062705411604469,5.77798574928487e-07,0.0100000000002183,0.0799999999999272,4.5,NA,NA,NA
10,3,30,123,2000,139,TRUE,TRUE,TRUE,0.000536863599633158,0.000520428137427902,0.000529212499543939,2.22044604925031e-16,4.44089209850063e-16,2.18427009812672e-09,0.0100684933656463,0.450276711931817,0.00136821062117371,4.35046761779745e-05,0.0603809327701629,2.70031740437858,0.00820518329131455,0.00321184445444089,8.24183403691578e-07,0.0199999999999818,0.069999999999709,4.43000000000029,NA,NA,NA
10,3,30,123,2000,140,TRUE,TRUE,TRUE,0.000972779489669372,0.000933952491333258,0.000942790611022063,2.22044604925031e-16,4.44089209850063e-16,8.77076189453874e-13,0.00930673852337193,0.416209999741513,0.00128502283158852,5.09943674700253e-05,0.0683326813778165,3.05593041291264,0.0094349976088448,0.00425620187987619,7.04190097092807e-07,0.0199999999999818,0.069999999999709,4.46000000000004,NA,NA,NA
10,3,30,123,2000,141,TRUE,TRUE,TRUE,0.000804616180950347,0.000815374731732123,0.000814485458920787,4.44089209850063e-16,4.44089209850063e-16,1.58917323744845e-12,0.00527585924695202,0.235943598318111,0.000724563535252139,2.58902933651939e-05,0.0433536692536983,1.93883503050624,0.00595400415178994,0.00231199748560584,2.26298299135358e-07,0.0199999999999818,0.0700000000001637,4.5,NA,NA,NA
10,3,30,123,2000,142,TRUE,TRUE,TRUE,0.000778292134200427,0.000692085835536606,0.000692435853299364,4.44089209850063e-16,4.44089209850063e-16,7.9640738448461e-12,0.0109480676472794,0.48961246963166,0.0014627631276808,7.60434837658863e-05,0.0910118510184701,4.07017371270765,0.0121600253250973,0.00755752452819891,9.7447305048298e-07,0.0300000000002001,0.0599999999999454,4.40999999999985,NA,NA,NA
10,3,30,123,2000,143,TRUE,TRUE,TRUE,0.000543500855103497,0.000498373778372617,0.000502043880851728,3.33066907387547e-16,4.44089209850063e-16,1.48721035486687e-11,0.00852879994879929,0.381419529040239,0.00115896577650128,8.02206218537549e-05,0.092177895062688,4.12232078766025,0.012525915295108,0.00647376142051925,5.91385598102754e-07,0.0199999999999818,0.069999999999709,4.47000000000025,NA,NA,NA
10,3,30,123,2000,144,TRUE,TRUE,TRUE,0.000603723096298425,0.00057580665838135,0.000573287960786109,4.44089209850063e-16,2.22044604925031e-16,1.35558231306732e-12,0.006416821308532,0.286968972906934,0.000866287382825865,3.31889698728105e-05,0.0666475764033016,2.98057022746787,0.00899759425392376,0.00446878837530562,3.34760940696181e-07,0.0199999999999818,0.0799999999999272,4.5300000000002,NA,NA,NA
10,3,30,123,2000,145,TRUE,TRUE,TRUE,0.000649379848740871,0.000603385017556795,0.000600441169775246,4.44089209850063e-16,5.55111512312578e-16,1.66459468431412e-09,0.00681252045131673,0.304665176545035,0.0009149808483243,2.0869404455226e-05,0.0527200833987957,2.35771380518331,0.0070807665058289,0.00279247255911841,3.77320608939908e-07,0.0100000000002183,0.0799999999999272,4.42000000000007,NA,NA,NA
10,3,30,123,2000,146,TRUE,TRUE,TRUE,0.000687819382315683,0.000644661023651149,0.000643526877610365,4.44089209850063e-16,4.44089209850063e-16,8.5265128291212e-14,0.00453620619612859,0.202865308289985,0.000611192675209396,2.65431903798685e-05,0.0711482613459861,3.18184697701091,0.00958626973916286,0.00467425747688566,1.67294037835735e-07,0.0199999999999818,0.0599999999999454,4.45000000000027,NA,NA,NA
10,3,30,123,2000,147,TRUE,TRUE,TRUE,0.000735979627968678,0.000703211974574703,0.000701771038962392,2.22044604925031e-16,2.22044604925031e-16,2.06057393370429e-13,0.00415224822437837,0.185694185783257,0.000567341996291628,1.88942287095983e-05,0.0519098359837024,2.32147843920847,0.00709269494084106,0.00255654742206701,1.40172075746775e-07,0.0199999999999818,0.0799999999999272,4.5,NA,NA,NA
10,3,30,123,2000,148,TRUE,TRUE,TRUE,0.0008055533261942,0.000792391849440961,0.000788505118528355,4.44089209850063e-16,2.22044604925031e-16,1.57229784747415e-11,0.00700140477593329,0.31311234033957,0.000935129736352912,3.69976423044704e-05,0.0522886322447168,2.33841872299348,0.00698383488029921,0.00318493799158404,3.98533892979362e-07,0.0199999999999818,0.0799999999999272,4.42000000000007,NA,NA,NA
10,3,30,123,2000,149,TRUE,TRUE,TRUE,0.000489182686644379,0.000466180072581129,0.000468121853590821,6.66133814775094e-16,4.44089209850063e-16,8.33377811204628e-12,0.00488075570861142,0.218274030920506,0.000660022247784888,3.22652549726854e-05,0.0524432838995011,2.3453349552521,0.00709188006674839,0.00306650586578172,1.93672977944252e-07,0.0199999999999818,0.0599999999999454,4.55000000000018,NA,NA,NA
10,3,30,123,2000,150,TRUE,TRUE,TRUE,0.000608567069228617,0.000569741710425202,0.000583950041688641,4.44089209850063e-16,4.44089209850063e-16,6.4055427628773e-12,0.0124013175100351,0.554603779259936,0.00168804528982716,0.000138913009230635,0.100802457386416,4.50802294030104,0.0137210512718871,0.00868385888254863,1.25034695922522e-06,0.00999999999976353,0.080000000000382,4.41999999999962,NA,NA,NA
10,3,30,123,2000,151,TRUE,TRUE,TRUE,0.000749746512983881,0.000732706274599842,0.00073209033677012,4.44089209850063e-16,2.22044604925031e-16,1.93747240473385e-11,0.0064951872065152,0.290473602407099,0.000861879473781588,2.94476247084674e-05,0.0592342989500317,2.64903838103631,0.00786010083861239,0.00307311536556298,3.42987454046168e-07,0.0199999999999818,0.0799999999999272,4.45000000000027,NA,NA,NA
10,3,30,123,2000,152,TRUE,TRUE,TRUE,0.000482341189626265,0.000491000739575049,0.000488573907657232,6.66133814775094e-16,4.44089209850063e-16,9.09494701772928e-12,0.00742156381284585,0.331902423697517,0.00099745931606609,5.55600744078788e-05,0.075618598633182,3.38176653814135,0.0101631512679276,0.00517341078746014,4.4780170266783e-07,0.0299999999997453,0.0599999999999454,4.55999999999995,NA,NA,NA
10,3,30,123,2000,153,TRUE,TRUE,TRUE,0.000518250656540529,0.00047574392172499,0.000472465956817919,2.22044604925031e-16,6.66133814775094e-16,5.32248178863881e-09,0.00710740854534815,0.317852973025227,0.000953510369697787,3.75623504673683e-05,0.0768504661096066,3.43685732647248,0.0103100470282631,0.00491126932803354,4.10693140085267e-07,0.0199999999999818,0.0599999999999454,4.42000000000007,NA,NA,NA
10,3,30,123,2000,154,TRUE,TRUE,TRUE,0.000819740811599205,0.000785166739090635,0.000787938831757104,4.44089209850063e-16,2.22044604925031e-16,1.88862259165035e-11,0.00615377406772376,0.275205142672114,0.000820439480567851,3.86199813249277e-05,0.0627590633011399,2.80667063491123,0.00836722517418615,0.0040581112780913,3.07877522573897e-07,0.0199999999999818,0.069999999999709,4.44000000000005,NA,NA,NA
10,3,30,123,2000,155,TRUE,TRUE,TRUE,0.000566012602590268,0.000621636267684389,0.000618252965247984,4.44089209850063e-16,6.66133814775094e-16,2.06519246148673e-11,0.0113121265593665,0.505893679136487,0.0015391850727182,5.55871396841212e-05,0.0758474886071993,3.39200280896677,0.0103201923753851,0.00428299671239429,1.04035940890346e-06,0.0199999999999818,0.0799999999999272,4.50999999999976,NA,NA,NA
10,3,30,123,2000,156,TRUE,TRUE,TRUE,0.000560214801091648,0.000539720220619944,0.000540265561008916,4.44089209850063e-16,2.22044604925031e-16,2.02833305706918e-11,0.00381180258814656,0.170468994078107,0.000510971324785007,2.33630082604463e-05,0.0571199450143553,2.55448159846297,0.00765691645899834,0.00352704210639487,1.18128772121958e-07,0.0300000000002001,0.0599999999999454,4.44000000000005,NA,NA,NA
10,3,30,123,2000,157,TRUE,TRUE,TRUE,0.000369048395003056,0.000373725083533724,0.00037378136014047,2.22044604925031e-16,4.44089209850063e-16,3.00048874635195e-12,0.00374226264542273,0.167359073296468,0.000504708940374769,1.5412324948727e-05,0.0535557829935944,2.39508742723808,0.00722292501802335,0.00286823865029362,1.13857965100214e-07,0.0199999999999818,0.069999999999709,4.49000000000024,NA,NA,NA
10,3,30,123,2000,158,TRUE,TRUE,TRUE,0.000653462164669308,0.000474896312237451,0.000477832242484968,4.44089209850063e-16,4.44089209850063e-16,1.09890763155818e-10,0.0104680793613805,0.468146740918186,0.00139737176206147,7.66459252901086e-05,0.118950497880769,5.3196279843769,0.0158785638781993,0.0109452920520638,8.90899882245201e-07,0.0199999999999818,0.0700000000001637,4.59999999999991,NA,NA,NA
10,3,30,123,2000,159,TRUE,TRUE,TRUE,0.000914423620797569,0.000843274936734641,0.000843565316814645,4.44089209850063e-16,4.44089209850063e-16,1.06137321154165e-12,0.00712073785014104,0.318449077657422,0.00097463907587263,4.93515450159521e-05,0.0706636459443857,3.16017431739248,0.00967196827498188,0.00450610137257712,4.12235020572612e-07,0.0299999999997453,0.0700000000001637,4.44999999999982,NA,NA,NA
10,3,30,123,2000,160,TRUE,TRUE,TRUE,0.000482271432097275,0.000459540888846685,0.000460289391964757,2.22044604925031e-16,4.44089209850063e-16,7.94742049947672e-12,0.00328928862753638,0.147101459375767,0.000446681868130173,1.02826225969466e-05,0.0401215665568254,1.79429100369688,0.00544846571136409,0.00171419296692932,8.79627615873186e-08,0.0300000000002001,0.0900000000001455,4.5,NA,NA,NA
10,3,30,123,2000,161,TRUE,TRUE,TRUE,0.00105223213102396,0.000989032657898896,0.000986854284330672,4.44089209850063e-16,4.44089209850063e-16,1.79922743370753e-12,0.00840171799465125,0.375736251276468,0.00116120461322359,5.53477195381902e-05,0.0788699863907196,3.52717301908265,0.0109006505693347,0.00499931828457534,5.73893213509322e-07,0.0199999999999818,0.0799999999999272,4.53999999999996,NA,NA,NA
10,3,30,123,2000,162,TRUE,TRUE,TRUE,0.000532919017693508,0.000519205979559263,0.000517178383139456,4.44089209850063e-16,4.44089209850063e-16,3.17412762740332e-12,0.00266441101302037,0.119156082902253,0.000357803795864768,1.06268764028528e-05,0.041674143266783,1.86372434497184,0.00559642133942536,0.00183767914664656,5.77161467179206e-08,0.0199999999999818,0.0599999999999454,4.44000000000005,NA,NA,NA
10,3,30,123,2000,163,TRUE,TRUE,TRUE,0.000594136651199778,0.000582378416567398,0.000608856509282219,2.22044604925031e-16,5.55111512312578e-16,1.77976100523836e-09,0.0188873300185403,0.844667076698569,0.0025277210055077,0.000116902950548337,0.0928981566054043,4.1545318630821,0.0124327060306522,0.00733064700525787,2.90025394495327e-06,0.0199999999999818,0.0599999999999454,4.51999999999998,NA,NA,NA
10,3,30,123,2000,164,TRUE,TRUE,TRUE,0.000570291688643119,0.000584895691809696,0.000590225175819928,4.44089209850063e-16,6.66133814775094e-16,1.45517264904527e-09,0.00408853350519945,0.182844776918229,0.000544139919540308,1.80394156430452e-05,0.0610982088165026,2.73239496434354,0.00813151571026367,0.00312034212458201,1.35903302627142e-07,0.0100000000002183,0.0599999999999454,4.5300000000002,NA,NA,NA
10,3,30,123,2000,165,TRUE,TRUE,TRUE,0.000421784241204098,0.000396147420300058,0.000396018725688624,4.44089209850063e-16,4.44089209850063e-16,7.18936021826266e-12,0.00524522767876978,0.234573712943853,0.000701238464911675,2.90689982946901e-05,0.0669550526737044,2.99432098430964,0.00895127175223037,0.00466059349557213,2.23678157740916e-07,0.0100000000002183,0.069999999999709,4.42000000000007,NA,NA,NA
10,3,30,123,2000,166,TRUE,TRUE,TRUE,0.000723632343588184,0.00069371135682329,0.000694518217405021,4.44089209850063e-16,4.44089209850063e-16,2.29150032282632e-13,0.00338500640934454,0.151382088711338,0.00044793394767681,1.44092592577749e-05,0.0493641716870494,2.20763287090426,0.00653230322889033,0.00225839476341605,9.31566535878345e-08,0.0199999999999818,0.0799999999999272,4.45000000000027,NA,NA,NA
10,3,30,123,2000,167,TRUE,TRUE,TRUE,0.000816236578665848,0.000787611916521392,0.000787682199087493,4.44089209850063e-16,3.33066907387547e-16,3.54885010267481e-10,0.00281158054017464,0.125737704240921,0.000371686387282864,1.22808477840408e-05,0.0511108635928432,2.28574730764633,0.0067567732697962,0.00295136505311788,6.42681718202335e-08,0.00999999999976353,0.0600000000004002,4.5,NA,NA,NA
10,3,30,123,2000,168,TRUE,TRUE,TRUE,0.000874015336585648,0.000816055199621093,0.000818440404172714,4.44089209850063e-16,4.44089209850063e-16,1.32338584535319e-13,0.00853040434245281,0.381491279705678,0.00114858775820942,5.4336112853548e-05,0.0786396945949229,3.51687405688141,0.0105885473765343,0.00499257144687704,5.91608115819007e-07,0.0199999999999818,0.0599999999999454,4.45000000000027,NA,NA,NA
10,3,30,123,2000,169,TRUE,TRUE,TRUE,0.000636190947850555,0.000552704101272321,0.000553754676543523,4.44089209850063e-16,2.22044604925031e-16,8.1485929115388e-12,0.00436372395112922,0.195151667795378,0.000585387844080107,1.79289882993316e-05,0.0580449369406095,2.59584849497783,0.00778665215214548,0.00305414827733586,1.54813713184218e-07,0.0199999999999818,0.0599999999999454,4.55000000000018,NA,NA,NA
10,3,30,123,2000,170,TRUE,TRUE,TRUE,0.000696252670100627,0.000646527531299153,0.000645420608791466,6.66133814775094e-16,4.44089209850063e-16,3.17523785042795e-13,0.00383294380846003,0.171414458193071,0.000516616675214757,2.19592195307428e-05,0.0473430208073659,2.11724425570914,0.00638104684711019,0.00241140751079882,1.19442749909042e-07,0.00999999999976353,0.0599999999999454,4.38000000000011,NA,NA,NA
10,3,30,123,2000,171,TRUE,TRUE,TRUE,0.000553285083240195,0.000527160506320776,0.000527920406872239,4.44089209850063e-16,4.44089209850063e-16,4.66249261421581e-12,0.00438035346115585,0.195895362092419,0.000581826935163533,2.27394437217754e-05,0.0455320106401438,2.0362534188721,0.00604785673976132,0.00276489534401492,1.55995906054146e-07,0.0199999999999818,0.0599999999999454,4.44000000000005,NA,NA,NA
10,3,30,123,2000,172,TRUE,TRUE,TRUE,0.000625880848883974,0.000625215120281896,0.000616169216336884,5.55111512312578e-16,5.55111512312578e-16,5.44164713289774e-12,0.0183337610958895,0.819910721872999,0.00244800960603317,9.17679447951514e-05,0.0712972543434322,3.18851014642013,0.00951994315861595,0.00615193821909088,2.73273817822074e-06,0.0300000000002001,0.069999999999709,4.53999999999996,NA,NA,NA
10,3,30,123,2000,173,TRUE,TRUE,TRUE,0.000911847241539754,0.000858445685307427,0.000861561424315994,4.44089209850063e-16,5.55111512312578e-16,6.4927907494905e-10,0.0112356494197423,0.502473517477996,0.00151462004278028,7.27657644432611e-05,0.0965789465414048,4.31914179323799,0.013019310471292,0.00807510281548574,1.0263399827915e-06,0.0199999999999818,0.0599999999999454,4.38999999999987,NA,NA,NA
10,3,30,123,2000,174,TRUE,TRUE,TRUE,0.000709720157485313,0.000704029677447064,0.000700965194148905,6.66133814775094e-16,4.44089209850063e-16,9.11271058612328e-13,0.00551943833402061,0.246836786249765,0.000737438565672532,3.89048303617301e-05,0.0500904287409826,2.24011207373893,0.00669245884984182,0.0032604005474397,2.47676418886636e-07,0.0199999999999818,0.0700000000001637,4.44000000000005,NA,NA,NA
10,3,30,123,2000,175,TRUE,TRUE,TRUE,0.00051721821771118,0.000550884851686501,0.000562626614943981,2.22044604925031e-16,2.22044604925031e-16,3.54887896847345e-09,0.00661654918742279,0.295901075190967,0.000881358883902818,3.16310622494598e-05,0.0625990555514894,2.79951487080832,0.00833852090740993,0.00309226597463663,3.55924578451913e-07,0.0199999999999818,0.0599999999999454,4.51000000000022,NA,NA,NA
10,3,30,123,2000,176,TRUE,TRUE,TRUE,0.000648468534962157,0.000588704205468679,0.000587692918291406,2.22044604925031e-16,2.22044604925031e-16,6.51478870850042e-13,0.0076697795710869,0.34300296986779,0.00103611715754614,4.11589902356013e-05,0.0736193238128535,3.29235625006219,0.00994529814350756,0.00472584698638912,4.78256249341968e-07,0.0199999999999818,0.0600000000004002,4.38999999999987,NA,NA,NA
10,3,30,123,2000,177,TRUE,TRUE,TRUE,0.00040959561934696,0.000412948052722343,0.000412467239594635,4.44089209850063e-16,4.44089209850063e-16,4.08010958352634e-10,0.00478057359805664,0.213793750733908,0.000637395164602129,3.38985717149853e-05,0.0409362631556663,1.8307253432178,0.00545804298524113,0.00245139726087018,1.8580393436127e-07,0.0300000000002001,0.0700000000001637,4.44999999999982,NA,NA,NA
10,3,30,123,2000,178,TRUE,TRUE,TRUE,0.000629968586972365,0.000615322346332093,0.00061792184412652,5.55111512312578e-16,4.44089209850063e-16,8.33066948757732e-12,0.00478233654460838,0.213872592100516,0.000653452691972099,2.65870989473171e-05,0.060576708047693,2.709072740956,0.00827712825631228,0.00346507118448258,1.85940998584527e-07,0.0100000000002183,0.0799999999999272,4.54999999999973,NA,NA,NA
10,3,30,123,2000,179,TRUE,TRUE,TRUE,0.000559913586303903,0.000521227333697381,0.000523859204032912,4.44089209850063e-16,4.44089209850063e-16,2.57815990778454e-12,0.00609099935744618,0.272397772283144,0.000827090806613298,4.34333993375446e-05,0.0706792337534985,3.16087142540841,0.00959746357295646,0.00473381067515888,3.01628237174063e-07,0.00999999999976353,0.080000000000382,4.40999999999985,NA,NA,NA
10,3,30,123,2000,180,TRUE,TRUE,TRUE,0.000562035244361375,0.000532357948139615,0.000534228331208957,3.33066907387547e-16,4.44089209850063e-16,6.7124084068837e-13,0.00693411030579434,0.31010284014476,0.000925771779182724,3.00682467653246e-05,0.0633452309732465,2.83288485013209,0.00845721002330162,0.00439356333182062,3.90909640105068e-07,0.0100000000002183,0.0799999999999272,4.44000000000005,NA,NA,NA
10,3,30,123,2000,181,TRUE,TRUE,TRUE,0.00103137030038782,0.0010397468214434,0.00104855574875244,4.44089209850063e-16,2.22044604925031e-16,2.18713935851156e-13,0.00902832622803543,0.40375902337863,0.00124738157430233,5.31408546962098e-05,0.0580006781982073,2.59386918384563,0.00801355372569718,0.0035272978138039,6.62688410405142e-07,0.0199999999999818,0.0599999999999454,4.51999999999998,NA,NA,NA
10,3,30,123,2000,182,TRUE,TRUE,TRUE,0.000511442798283454,0.000512887487183562,0.000515465263203229,3.33066907387547e-16,2.22044604925031e-16,7.83151321570585e-13,0.00545657937791642,0.244025648272892,0.000736860998236078,2.69225548095164e-05,0.0532778229114408,2.38265667446355,0.00719468132970879,0.00289592570369734,2.4206714233742e-07,0.0100000000002183,0.0799999999999272,4.38999999999987,NA,NA,NA
10,3,30,123,2000,183,TRUE,TRUE,TRUE,0.0004962186418665,0.000498009195394063,0.000500969920000908,4.44089209850063e-16,4.44089209850063e-16,3.40133698983891e-10,0.00490184312480599,0.219217088842124,0.000655549485951242,2.47644500532829e-05,0.0399534296186343,1.7867716912304,0.00534318410067875,0.00223275110537458,1.95350130245591e-07,0.0100000000002183,0.0599999999999454,4.44000000000005,NA,NA,NA
10,3,30,123,2000,184,TRUE,TRUE,TRUE,0.000478305149513379,0.000426199692666121,0.000434267092333098,4.44089209850063e-16,4.44089209850063e-16,9.69890834312537e-13,0.00974301548687938,0.43572089868991,0.00131863029727777,4.29793452205729e-05,0.056799728286103,2.54016107102488,0.00768733691289552,0.00310763608557707,7.7175894941115e-07,0.0199999999999818,0.080000000000382,4.50999999999976,NA,NA,NA
10,3,30,123,2000,185,TRUE,TRUE,TRUE,0.000756439318720597,0.000646044917526054,0.000643495245008344,5.55111512312578e-16,2.22044604925031e-16,3.46789263971914e-12,0.00831789231521449,0.371987452926854,0.00111883282638001,6.9524210779548e-05,0.0951100655206999,4.25345143697488,0.0127931763710226,0.00827236249481444,5.62498638760197e-07,0.0100000000002183,0.0799999999999272,4.42000000000007,NA,NA,NA
10,3,30,123,2000,186,TRUE,TRUE,TRUE,0.000420624789078237,0.000278152445746269,0.000279963287196778,4.44089209850063e-16,4.44089209850063e-16,1.13955955782785e-09,0.0115745564864809,0.517629902263648,0.0015519052108269,0.000174871181194192,0.137320403095749,6.14115512039533,0.0184117853125564,0.014973588014854,1.08918990129054e-06,0.00999999999976353,0.0799999999999272,4.44000000000005,NA,NA,NA
10,3,30,123,2000,187,TRUE,TRUE,TRUE,0.000567634278183478,0.000556401149167464,0.000557837035749516,4.44089209850063e-16,4.44089209850063e-16,5.38480371403693e-12,0.00463830674790171,0.207431383776084,0.00062914266410939,3.36144575712183e-05,0.0654948477515297,2.92901863496839,0.00888375979412682,0.00387017378542254,1.74909670631142e-07,0.0300000000002001,0.0599999999999454,4.5,NA,NA,NA
10,3,30,123,2000,188,TRUE,TRUE,TRUE,0.000589303723909738,0.000584601087468497,0.000594101460075422,2.22044604925031e-16,4.44089209850063e-16,3.35979777332795e-09,0.0114691058063781,0.512914004483981,0.00154207451544401,6.81226785133049e-05,0.091429111801973,4.0888341822328,0.0122930684972055,0.00791729159898935,1.06943404876338e-06,0.0100000000002183,0.0799999999999272,4.44999999999982,NA,NA,NA
10,3,30,123,2000,189,TRUE,TRUE,TRUE,0.000441228869352044,0.000462210301552116,0.000462018776433624,4.44089209850063e-16,4.44089209850063e-16,3.0364599723498e-12,0.00388817093425758,0.173884290342777,0.000525263947230519,2.59724755835578e-05,0.0403731297218084,1.80554125044762,0.00545411964604794,0.00217588730930629,1.22909538325248e-07,0.0100000000002183,0.0799999999999272,4.55999999999995,NA,NA,NA
10,3,30,123,2000,190,TRUE,TRUE,TRUE,0.00086885703878876,0.000718680056066669,0.00071810211942471,3.33066907387547e-16,3.33066907387547e-16,3.43036710148681e-12,0.0146713560195658,0.656122987636997,0.001982556571929,0.000200421575499377,0.113574309572446,5.07919753403187,0.0153474221159153,0.0109787023105561,1.74998932888495e-06,0.0300000000002001,0.0599999999999454,4.37999999999965,NA,NA,NA
10,3,30,123,2000,191,TRUE,TRUE,TRUE,0.000921946222090863,0.000880270689746557,0.000885193359165042,4.44089209850063e-16,2.22044604925031e-16,3.23603144281037e-10,0.00686037995265884,0.306805518512439,0.000903463606529129,3.4495266838519e-05,0.0890836903855708,3.98394374777361,0.0117316931065136,0.0074243835728538,3.82640756868645e-07,0.0199999999999818,0.0599999999999454,4.44000000000005,NA,NA,NA
10,3,30,123,2000,192,TRUE,TRUE,TRUE,0.000652912025833273,0.000581253891582084,0.000583295409543934,4.44089209850063e-16,4.44089209850063e-16,4.59787763418262e-12,0.00710148838131723,0.317588215241006,0.0009681739625941,3.57218012396743e-05,0.0864379717979449,3.86562361554829,0.0117844301336012,0.00574618990311393,4.10009245772225e-07,0.00999999999976353,0.0599999999999454,4.57999999999993,NA,NA,NA
10,3,30,123,2000,193,TRUE,TRUE,TRUE,0.00099951765091717,0.000974601054462563,0.000977569970977112,2.22044604925031e-16,6.66133814775094e-16,4.85959517071421e-09,0.00806115781241378,0.360505936918214,0.00110437867802002,4.30696784761153e-05,0.0593865378162392,2.65584671010946,0.008135956106043,0.00338874699158964,5.28311099810079e-07,0.0100000000002183,0.0799999999999272,4.44000000000005,NA,NA,NA
10,3,30,123,2000,194,TRUE,TRUE,TRUE,0.000498003790813961,0.000447431888879523,0.000447609798897006,4.44089209850063e-16,4.44089209850063e-16,1.46086232000187e-09,0.00480087047182349,0.214701454523376,0.000644884347504007,2.00203837934509e-05,0.0429760739863353,1.92194845679012,0.00577282757233712,0.00235047822310719,1.87385018595339e-07,0.0100000000002183,0.0799999999999272,4.44000000000005,NA,NA,NA
10,3,30,123,2000,195,TRUE,TRUE,TRUE,0.000840567673591146,0.000775210555530319,0.000766542709935525,4.44089209850063e-16,4.44089209850063e-16,5.57331958361829e-13,0.00580701216568139,0.259697478972637,0.000778767386925216,2.03175762827357e-05,0.0542243777524978,2.42498789384425,0.00727192844876768,0.00293703291900727,2.74157644653428e-07,0.0100000000002183,0.069999999999709,4.55999999999995,NA,NA,NA
10,3,30,123,2000,196,TRUE,TRUE,TRUE,0.000508021942485773,0.000440932752428538,0.000444729153130839,4.44089209850063e-16,4.44089209850063e-16,5.61728441539344e-12,0.00702408614914484,0.314126682186052,0.000945198378350366,4.39453260909772e-05,0.0550985921256269,2.46408394914873,0.00741435950822888,0.00388141924195651,4.01120213256978e-07,0.0199999999999818,0.0599999999999454,4.38999999999987,NA,NA,NA
10,3,30,123,2000,197,TRUE,TRUE,TRUE,0.000707474661485941,0.000673248799984027,0.000672843371447123,3.33066907387547e-16,4.44089209850063e-16,9.96980276113391e-13,0.0080528438180039,0.360134123784913,0.00107179379786003,7.08339820150172e-05,0.101852801695911,4.55499576581724,0.0135561055969174,0.00906354248293084,5.27221898838728e-07,0.0199999999999818,0.0599999999999454,4.42000000000007,NA,NA,NA
10,3,30,123,2000,198,TRUE,TRUE,TRUE,0.000841534353461779,0.000822137569886321,0.000823645651379385,4.44089209850063e-16,4.44089209850063e-16,2.81192846784961e-11,0.00635654214623691,0.284273206816563,0.000834821805184996,4.01155809193199e-05,0.0666356296734822,2.98003595346817,0.00875143676764383,0.0046265006512165,3.28501041112895e-07,0.0199999999999818,0.069999999999709,4.55000000000018,NA,NA,NA
10,3,30,123,2000,199,TRUE,TRUE,TRUE,0.000664809842008111,0.000661426623697281,0.000661181133689822,2.22044604925031e-16,2.22044604925031e-16,1.71862524211974e-12,0.00402394144524221,0.179956132180807,0.000549992303976414,1.44042325089799e-05,0.0500961186274371,2.24036653319686,0.00684713733515111,0.00282734895071712,1.31643128087301e-07,0.0199999999999818,0.0600000000004002,4.40999999999985,NA,NA,NA
10,3,30,123,2000,200,TRUE,TRUE,TRUE,0.000596718923575005,0.000555662140033601,0.000556583525225212,4.44089209850063e-16,4.44089209850063e-16,1.71884728672467e-12,0.00791648893660768,0.354036148107596,0.00108010933494786,4.77775368352695e-05,0.0732305006958703,3.27496755164623,0.00999141766481252,0.00522901385960495,5.09518675475056e-07,0.0100000000002183,0.0799999999999272,4.44000000000005,NA,NA,NA
10,3,30,123,2000,201,TRUE,TRUE,TRUE,0.000514327987652241,0.000515762915339205,0.000518003103812762,2.22044604925031e-16,4.44089209850063e-16,3.30824256877804e-12,0.00370249938872705,0.165580806396902,0.000503257760555327,1.94954919550128e-05,0.0420747056132538,1.88163803769055,0.00571895357698646,0.00188873053745198,1.11451233524587e-07,0.0100000000002183,0.0599999999999454,4.54999999999973,NA,NA,NA
10,3,30,123,2000,202,TRUE,TRUE,TRUE,0.000472274059158848,0.00044247165860325,0.000440725599231019,4.44089209850063e-16,4.44089209850063e-16,5.41033884360331e-12,0.00354196382322592,0.158401437651564,0.000478191878575053,1.43347828043261e-05,0.0435131434269334,1.94596693234643,0.00587460314009645,0.00233746883393593,1.01995997764562e-07,0.0199999999999818,0.0700000000001637,4.42999999999984,NA,NA,NA
10,3,30,123,2000,203,TRUE,TRUE,TRUE,0.000723506750021195,0.000620565966037979,0.000632598325431842,3.33066907387547e-16,2.22044604925031e-16,3.89666077182937e-12,0.00822166979912806,0.367684251188148,0.00110630997728861,4.45329864042776e-05,0.0664531490533978,2.97187517204647,0.00894195262230285,0.00533396020187027,5.49559790942232e-07,0.0199999999999818,0.0599999999999454,4.47000000000025,NA,NA,NA
10,3,30,123,2000,204,TRUE,TRUE,TRUE,0.000745164021901632,0.000722305295131547,0.000721471898122884,3.33066907387547e-16,4.44089209850063e-16,1.03095310066692e-11,0.00551489798197988,0.246633735533668,0.000732998202302535,2.96918851958594e-05,0.048136473988818,2.15272856072295,0.00639793320099082,0.00279784261529414,2.47269103671917e-07,0.0300000000002001,0.069999999999709,4.5300000000002,NA,NA,NA
10,3,30,123,2000,205,TRUE,TRUE,TRUE,0.000880388361810724,0.000892928267740895,0.000899299030941405,5.55111512312578e-16,4.44089209850063e-16,2.28290719661572e-09,0.00456136073705294,0.203990253558978,0.000619506858468441,2.13184528092825e-05,0.0386808637131763,1.72986081382134,0.00525348941756317,0.00191566058113324,1.69154567264456e-07,0.0100000000002183,0.0799999999999272,4.44000000000005,NA,NA,NA
10,3,30,123,2000,206,TRUE,TRUE,TRUE,0.000588667167328396,0.000571647950116404,0.0005730502270972,4.44089209850063e-16,6.66133814775094e-16,6.31739105472207e-12,0.00566417409593352,0.253309566298015,0.000755609676284829,3.33869736515169e-05,0.0669027172183503,2.99198047159354,0.00892492703150248,0.00418055560330188,2.60836326740197e-07,0.0100000000002183,0.0599999999999454,4.44000000000005,NA,NA,NA
10,3,30,123,2000,207,TRUE,TRUE,TRUE,0.0006043256900556,0.000613632489638998,0.000611197469469394,2.22044604925031e-16,6.66133814775094e-16,3.10884651355536e-12,0.00455687985031813,0.203789862212208,0.0006225774963234,1.4386163414315e-05,0.0461401127119074,2.06344857026654,0.00630382998802423,0.00219116969155664,1.68822390001914e-07,0.0199999999999818,0.0799999999999272,4.53999999999996,NA,NA,NA
10,3,30,123,2000,208,TRUE,TRUE,TRUE,0.000826948977403457,0.000822475441169977,0.000815131370401102,4.44089209850063e-16,4.44089209850063e-16,6.20392626160537e-13,0.0047887637709753,0.21416002640178,0.000642327504622629,2.49104842033887e-05,0.0506984211966303,2.26730232295163,0.00680029166878412,0.00300979293658088,1.86441125643948e-07,0.0100000000002183,0.0799999999999272,4.44000000000005,NA,NA,NA
10,3,30,123,2000,209,TRUE,TRUE,TRUE,0.000615415070739263,0.000565532926910815,0.000564491986643993,4.44089209850063e-16,4.44089209850063e-16,1.25524035610169e-11,0.00666064404128235,0.297873057004725,0.000910254805260867,3.41744482632578e-05,0.0577656256404893,2.58335731389878,0.00789434745232721,0.00345329952145335,3.60684382476993e-07,0.0100000000002183,0.0599999999999454,4.4699999999998,NA,NA,NA
10,3,30,123,2000,210,TRUE,TRUE,TRUE,0.000655549672704705,0.00061736407253309,0.000618216082977768,4.44089209850063e-16,5.55111512312578e-16,2.17390550005803e-10,0.00893898392253752,0.399763514011432,0.00121149154595651,4.49580643717695e-05,0.0735312516743264,3.28841754428878,0.00996561695814741,0.00494813929065785,6.49637671279547e-07,0.00999999999976353,0.0700000000001637,4.52999999999975,NA,NA,NA
10,3,30,123,2000,211,TRUE,TRUE,TRUE,0.000569763549502859,0.000550822889286791,0.00055184409124893,4.44089209850063e-16,2.22044604925031e-16,8.65258531490554e-10,0.00371634793347323,0.16620013214574,0.000500025593923472,2.25483344209465e-05,0.05022815309836,2.24627129424399,0.00675807608283173,0.00296467057910021,1.12286520021388e-07,0.0199999999999818,0.0799999999999272,4.45000000000027,NA,NA,NA
10,3,30,123,2000,212,TRUE,TRUE,TRUE,0.000623231759352525,0.000639965207628981,0.00064346255864536,4.44089209850063e-16,4.44089209850063e-16,1.9450219213013e-11,0.00468607356516272,0.209567580785373,0.000633298081375731,2.40186377808982e-05,0.0557334146404653,2.49247407508525,0.00753207649634904,0.00322914073815639,1.78530776082251e-07,0.00999999999976353,0.0799999999999272,4.57999999999993,NA,NA,NA
10,3,30,123,2000,213,TRUE,TRUE,TRUE,0.000574109961315529,0.000478858790218931,0.000482050967718514,2.22044604925031e-16,2.22044604925031e-16,6.96553925649823e-12,0.00674880009637376,0.301815515640977,0.000907542081326835,4.13487463006845e-05,0.0753342850715554,3.36905164912691,0.0101305465998088,0.00565232469583066,3.70295144234264e-07,0.0199999999999818,0.0599999999999454,4.38999999999987,NA,NA,NA
10,3,30,123,2000,214,TRUE,TRUE,TRUE,0.000640982464074832,0.000626832773691534,0.000628712467896379,4.44089209850063e-16,4.44089209850063e-16,2.87969648127273e-12,0.00428192716845549,0.191493604467393,0.000573836149455192,2.0934384274085e-05,0.0407867668768314,1.82403966638064,0.0054659783626749,0.00232875014282286,1.49064229885831e-07,0.0199999999999818,0.0799999999999272,4.40000000000009,NA,NA,NA
10,3,30,123,2000,215,TRUE,TRUE,TRUE,0.000575677067665169,0.000577989978852084,0.000577288179095497,4.44089209850063e-16,4.44089209850063e-16,2.22488694134881e-13,0.00418314404491347,0.187075888881999,0.000565004386892288,1.82861580029225e-05,0.0501524261747195,2.24288468326425,0.00677393379184825,0.00262160153227597,1.42265805695081e-07,0.0100000000002183,0.0799999999999272,4.52999999999975,NA,NA,NA
10,3,30,123,2000,216,TRUE,TRUE,TRUE,0.000732941051275453,0.000641829565640395,0.00064101573058073,3.33066907387547e-16,4.44089209850063e-16,1.96905602933839e-10,0.00901604863346711,0.403209952657531,0.00120816303092378,7.78068892373085e-05,0.0859113426222441,3.84207204283226,0.0115122391540725,0.00656291219294047,6.60887259845887e-07,0.0100000000002183,0.0599999999999454,4.40999999999985,NA,NA,NA
10,3,30,123,2000,217,TRUE,TRUE,TRUE,0.000597400766508574,0.000557610530163587,0.000558833783681807,4.44089209850063e-16,3.33066907387547e-16,1.70197189675036e-12,0.00434149485218904,0.194157552269202,0.000583069121732051,2.71671751619351e-05,0.0722981280802808,3.23327058066988,0.00970974456445241,0.00413036284147239,1.53240467899056e-07,0.0299999999997453,0.0700000000001637,4.46000000000004,NA,NA,NA
10,3,30,123,2000,218,TRUE,TRUE,TRUE,0.000791238568046494,0.000700063989856377,0.000712587930069025,5.55111512312578e-16,3.33066907387547e-16,8.59312621059871e-14,0.0121386469727773,0.542856795720043,0.00165000186468841,7.14925232401242e-05,0.0887450708040872,3.96880021971942,0.0120630851722633,0.00700905792662354,1.19794105959119e-06,0.0100000000002183,0.0599999999999454,4.55999999999995,NA,NA,NA
10,3,30,123,2000,219,TRUE,TRUE,TRUE,0.000659735615649578,0.00057446259990376,0.00057569791157342,4.44089209850063e-16,2.22044604925031e-16,1.46505030329536e-11,0.00719785151292389,0.321897705496951,0.000981964446259676,5.52536750362265e-05,0.0945347673802977,4.22772332198951,0.0128968735095748,0.00762356558082189,4.21211921968299e-07,0.00999999999976353,0.0600000000004002,4.4399999999996,NA,NA,NA
10,3,30,123,2000,220,TRUE,TRUE,TRUE,0.00065372451511722,0.000658989290909993,0.000663792048274699,4.44089209850063e-16,4.44089209850063e-16,4.37738734149207e-12,0.00429141779577851,0.191918038224261,0.000581939724451318,2.44068158465893e-05,0.0586708261073599,2.62383910944252,0.00795608491250484,0.00330726205772791,1.49725745511581e-07,0.0199999999999818,0.0799999999999272,4.47000000000025,NA,NA,NA
10,3,30,123,2000,221,TRUE,TRUE,TRUE,0.000792104049984434,0.00073387228001382,0.000737999669485599,2.22044604925031e-16,2.22044604925031e-16,6.60340049307706e-09,0.00580839506120187,0.259759323940429,0.000792229295656206,3.61976503278072e-05,0.0741448732036738,3.31585953333034,0.0101129038324247,0.00467343233490425,2.74288237292637e-07,0.0199999999999818,0.0799999999999272,4.55999999999995,NA,NA,NA
10,3,30,123,2000,222,TRUE,TRUE,TRUE,0.000527522213276413,0.000466039465538601,0.00047282488028311,6.66133814775094e-16,4.44089209850063e-16,1.21975762823467e-11,0.0122020293407172,0.545691341385811,0.00164366343203408,0.000118359161440651,0.118765061722711,5.31133502727878,0.0159981412522498,0.0119264912570003,1.21048390269693e-06,0.0199999999999818,0.0599999999999454,4.44000000000005,NA,NA,NA
10,3,30,123,2000,223,TRUE,TRUE,TRUE,0.000898920540904777,0.000833075940396065,0.00082815607472256,4.44089209850063e-16,6.66133814775094e-16,5.91660054283238e-12,0.00731837231581495,0.327287559656296,0.00101019167208753,4.33263487735758e-05,0.0597615227068756,2.67261654422942,0.00824918300744214,0.00387787532206119,4.35435555714526e-07,0.00999999999976353,0.0599999999999454,4.44000000000005,NA,NA,NA
10,3,30,123,2000,224,TRUE,TRUE,TRUE,0.00091506492952325,0.000907799047783909,0.000920628148642075,2.22044604925031e-16,2.22044604925031e-16,1.17239551400417e-13,0.011290105255389,0.504908856483547,0.00154403618065403,8.06208336889824e-05,0.105394505669273,4.71338558262962,0.0144137655331272,0.0101460760692511,1.03631281851839e-06,0.0199999999999818,0.0599999999999454,4.5,NA,NA,NA
10,3,30,123,2000,225,TRUE,TRUE,TRUE,0.000415993922403068,0.000388787645498661,0.000388747357300399,4.44089209850063e-16,4.44089209850063e-16,9.79515313304091e-09,0.00467486714795266,0.209066414572055,0.000630774402406207,2.97129303277188e-05,0.0767387867956018,3.43186287571658,0.0103542755014058,0.00448754007749486,1.77677909357781e-07,0.0199999999999818,0.080000000000382,4.41999999999962,NA,NA,NA
10,3,30,123,2000,226,TRUE,TRUE,TRUE,0.000787724584390344,0.000771725222239262,0.000755059013614088,4.44089209850063e-16,4.44089209850063e-16,2.09920969496125e-12,0.0156970360267522,0.701992792021623,0.00207429098513501,6.94709719724074e-05,0.0796006459917168,3.5598491098075,0.0105188585991737,0.00652696170826061,2.00322715467607e-06,0.0199999999999818,0.0599999999999454,4.47000000000025,NA,NA,NA
10,3,30,123,2000,227,TRUE,TRUE,TRUE,0.000603954009805864,0.0006028840583601,0.000601911025603357,4.44089209850063e-16,2.22044604925031e-16,6.57696119787943e-13,0.00470110180814515,0.210239664243195,0.000644193995906039,1.76823138318127e-05,0.0592836387289736,2.65124492303049,0.00812366242707168,0.00336398265722693,1.79677709028826e-07,0.0199999999999818,0.0599999999999454,4.5,NA,NA,NA
10,3,30,123,2000,228,TRUE,TRUE,TRUE,0.000495526051447967,0.00045451323493221,0.000449354191561895,4.44089209850063e-16,2.22044604925031e-16,4.34267510840414e-10,0.0145406526462085,0.65027775508269,0.00194530966911775,0.000109274663486758,0.10176138417044,4.5509074497915,0.0136140659835637,0.00924191630655002,1.71894779981863e-06,0.00999999999976353,0.0700000000001637,4.44999999999982,NA,NA,NA
10,3,30,123,2000,229,TRUE,TRUE,TRUE,0.000468582509709415,0.000433187065701328,0.000433936687652539,4.44089209850063e-16,4.44089209850063e-16,1.35964572933744e-11,0.00467843492823326,0.209225970556778,0.000632817488439528,2.45912385707925e-05,0.0614649385189638,2.74879561522497,0.00831391023222999,0.00337656439998213,1.77949214452951e-07,0.0199999999999818,0.0599999999999454,4.5,NA,NA,NA
10,3,30,123,2000,230,TRUE,TRUE,TRUE,0.000702548320687196,0.000624988481062247,0.000625132080370075,4.44089209850063e-16,2.22044604925031e-16,4.15858547597736e-09,0.00795168672757815,0.355610241172952,0.00106399982283217,5.90526423138726e-05,0.0917303538899064,4.10230613795886,0.0122742612518539,0.00736676299305117,5.1405952693937e-07,0.0199999999999818,0.0799999999999272,4.4699999999998,NA,NA,NA
10,3,30,123,2000,231,TRUE,TRUE,TRUE,0.000655459223762711,0.000625904244163231,0.000628146076816119,2.22044604925031e-16,4.44089209850063e-16,9.5679109080038e-09,0.0109810459442835,0.491087303909325,0.00149334291569022,6.23240648991441e-05,0.0687641263200764,3.07522521730147,0.00935142439206083,0.00508126858466795,9.80352601873699e-07,0.00999999999976353,0.0700000000001637,4.40999999999985,NA,NA,NA
10,3,30,123,2000,232,TRUE,TRUE,TRUE,0.000404907174467536,0.000386410629228656,0.000384017885279701,3.33066907387547e-16,4.44089209850063e-16,1.74416037168612e-12,0.00696193107956471,0.311347022971504,0.000941647881948931,4.90417894383199e-05,0.0650148089560504,2.90755064739781,0.00879368905683091,0.0044438702679841,3.94052718346415e-07,0.0100000000002183,0.0700000000001637,4.55999999999995,NA,NA,NA
10,3,30,123,2000,233,TRUE,TRUE,TRUE,0.000560469682179729,0.000495654473801946,0.000483794343171016,4.44089209850063e-16,2.22044604925031e-16,6.39377439881628e-12,0.00938856830108596,0.419869538652558,0.00127062858138139,4.59766224878422e-05,0.0537696904789025,2.40465366079898,0.00727707392048493,0.0026307089161719,7.16627762147611e-07,0.0100000000002183,0.0599999999999454,4.42999999999984,NA,NA,NA
10,3,30,123,2000,234,TRUE,TRUE,TRUE,0.000772156275888754,0.000768468976243483,0.000770226218052152,4.44089209850063e-16,3.33066907387547e-16,4.08340028457133e-13,0.00584285321600289,0.261300339470714,0.000784167327717981,3.42841536351557e-05,0.054942004503542,2.45708113780039,0.00737374759526914,0.00373504928959534,2.77552306534596e-07,0.00999999999976353,0.0700000000001637,4.44999999999982,NA,NA,NA
10,3,30,123,2000,235,TRUE,TRUE,TRUE,0.000639759404520598,0.000622703384031356,0.000621770373816096,6.66133814775094e-16,2.22044604925031e-16,1.93534077652657e-12,0.00441265344882583,0.197339861454469,0.000599576989056386,2.22484718790383e-05,0.0455393755501136,2.03658278765892,0.0061877421357688,0.00274139136047324,1.58304963084833e-07,0.0199999999999818,0.0700000000001637,4.56999999999971,NA,NA,NA
10,3,30,123,2000,236,TRUE,TRUE,TRUE,0.000416421697075306,0.000453965289322212,0.000455230534926605,4.44089209850063e-16,3.33066907387547e-16,1.77613479479533e-12,0.00781535050974126,0.349513100155382,0.00105509905151605,5.92747545162808e-05,0.0713323106302375,3.19007791122684,0.00963010592993913,0.00521352236638251,4.96582956017178e-07,0.00999999999976353,0.0700000000001637,4.36999999999989,NA,NA,NA
10,3,30,123,2000,237,TRUE,TRUE,TRUE,0.000638853293400657,0.000607781912490369,0.000604434872540637,3.33066907387547e-16,2.22044604925031e-16,1.09534603609518e-12,0.00464431733448066,0.207700185379588,0.000627522152529578,1.69643897649507e-05,0.0409691141053556,1.83219448235041,0.00553558786342008,0.00169536287967986,1.75363280515102e-07,0.0199999999999818,0.0599999999999454,4.44000000000005,NA,NA,NA
10,3,30,123,2000,238,TRUE,TRUE,TRUE,0.000739236285064896,0.000720851276518663,0.000723183623292531,4.44089209850063e-16,4.44089209850063e-16,5.156541860174e-11,0.00790246751763027,0.353409091188106,0.00105087051623119,8.4294193591461e-05,0.0753355156219077,3.36910668101166,0.0100181205446925,0.00606676588719779,5.0771538916424e-07,0.0199999999999818,0.080000000000382,4.56999999999971,NA,NA,NA
10,3,30,123,2000,239,TRUE,TRUE,TRUE,0.000611290714318464,0.00059019826137313,0.000591105038660092,4.44089209850063e-16,4.44089209850063e-16,6.58584298207643e-13,0.00536751580457139,0.240042604186522,0.000718275562885129,3.67138333672301e-05,0.0478528742662681,2.14004559556252,0.00640362347326515,0.00325440515914011,2.34229478961981e-07,0.0199999999999818,0.0700000000001637,4.44000000000005,NA,NA,NA
10,3,30,123,2000,240,TRUE,TRUE,TRUE,0.000577645385070692,0.00047063300623601,0.000477699659232333,4.44089209850063e-16,4.44089209850063e-16,2.56505927609396e-12,0.0099450194401813,0.444754790116046,0.00134909126171339,9.0181976442949e-05,0.103441726673721,4.62605465104788,0.0140323837868253,0.00920756759039421,8.04092777768975e-07,0.00999999999976353,0.080000000000382,4.44999999999982,NA,NA,NA
10,3,30,123,2000,241,TRUE,TRUE,TRUE,0.000706004306251093,0.000622401780891124,0.000623987319082106,3.33066907387547e-16,6.66133814775094e-16,4.18243217836789e-12,0.00552940585215084,0.247282547211889,0.000731874165027616,3.41942181734112e-05,0.0846915345463541,3.78752056728839,0.0112098022442881,0.00642413085307325,2.48571781120325e-07,0.0100000000002183,0.0599999999999454,4.54999999999973,NA,NA,NA
10,3,30,123,2000,242,TRUE,TRUE,TRUE,0.000940737092402013,0.00097923483513994,0.000976412746046824,4.44089209850063e-16,4.44089209850063e-16,3.07196490467732e-11,0.00415482048911648,0.185809220959468,0.000546466445403481,1.9176956186584e-05,0.04684464235935,2.09495609394346,0.0061612830839185,0.00253975171747811,1.4034579916083e-07,0.00999999999976353,0.0700000000001637,4.44999999999982,NA,NA,NA
10,3,30,123,2000,243,TRUE,TRUE,TRUE,0.000645176401372159,0.000607152491114006,0.000611145078892637,4.44089209850063e-16,2.22044604925031e-16,1.47211132173197e-11,0.00772850449807186,0.345629228442031,0.00103714787656011,3.7535354998397e-05,0.0668274413788712,2.98861403371076,0.00896809194318681,0.00466871046679529,4.85607981924528e-07,0.0199999999999818,0.0599999999999454,4.44000000000005,NA,NA,NA
10,3,30,123,2000,244,TRUE,TRUE,TRUE,0.000625556671602537,0.000533868850889954,0.000529553975380741,4.44089209850063e-16,4.44089209850063e-16,5.97299987248334e-14,0.00699282381591101,0.31272858814113,0.000951137927928705,6.10497379760488e-05,0.0946089270051679,4.23103984123742,0.0128683549255888,0.00761494569387011,3.97557600978636e-07,0.00999999999976353,0.0599999999999454,4.5300000000002,NA,NA,NA
10,3,30,123,2000,245,TRUE,TRUE,TRUE,0.00072926039986664,0.000702557711472604,0.000701858250912796,6.66133814775094e-16,2.22044604925031e-16,7.35145277985794e-12,0.00366580022952422,0.16393957010301,0.000501222366753487,1.80216762757368e-05,0.0526599078177633,2.35502267138782,0.00720015330264339,0.0027817324301509,1.0925277498195e-07,0.0199999999999818,0.0600000000004002,4.44999999999982,NA,NA,NA
10,3,30,123,2000,246,TRUE,TRUE,TRUE,0.000663695040218401,0.000588003468209664,0.00058845568537017,4.44089209850063e-16,2.22044604925031e-16,2.38253861084559e-12,0.0107215899357699,0.47948407846518,0.00143610809268681,0.000120196507907622,0.11672021803358,5.21988683743365,0.0156341410837737,0.0119711265610007,9.34573095534971e-07,0.0100000000002183,0.0599999999999454,4.44999999999982,NA,NA,NA
10,3,30,123,2000,247,TRUE,TRUE,TRUE,0.000554705955474161,0.000521351406074143,0.0005313280925017,4.44089209850063e-16,2.22044604925031e-16,6.08291195192123e-12,0.00825641398326655,0.369238058339276,0.00110256331661653,3.63643644973877e-05,0.0653793017060708,2.92385125872484,0.00873076615019715,0.00441462987453178,5.5421440539089e-07,0.0300000000002001,0.0599999999999454,4.51999999999998,NA,NA,NA
10,3,30,123,2000,248,TRUE,TRUE,TRUE,0.000952775673878847,0.000929422730585885,0.000930073780760026,4.44089209850063e-16,4.44089209850063e-16,5.05981923026866e-11,0.00491504554956028,0.219807519226492,0.000655203050425976,2.8868720981734e-05,0.0846678909188646,3.78646319212237,0.011286703214406,0.00625884428752954,1.96403843530507e-07,0.0199999999999818,0.080000000000382,4.39999999999964,NA,NA,NA
10,3,30,123,2000,249,TRUE,TRUE,TRUE,0.000502011854588099,0.000475078916431504,0.000477646155463201,4.44089209850063e-16,4.44089209850063e-16,7.91500198715767e-12,0.00593775974527347,0.265544688489866,0.000802134759051935,4.52630925025233e-05,0.081606563570267,3.6495564710655,0.011024269087108,0.00572319992682679,2.86642201565773e-07,0.0100000000002183,0.0599999999999454,4.46000000000004,NA,NA,NA
10,3,30,123,2000,250,TRUE,TRUE,TRUE,0.00052750078416009,0.000514549772772064,0.00051546399404516,3.33066907387547e-16,3.33066907387547e-16,8.05666644509984e-12,0.0061215765650461,0.273765226578255,0.000813591453167813,3.82155449898391e-05,0.0585060436423813,2.61646981357868,0.00777577745868577,0.0032834725371238,3.04664224729444e-07,0.0199999999999818,0.069999999999709,4.51999999999998,NA,NA,NA
10,3,30,123,2000,251,TRUE,TRUE,TRUE,0.000650814438454691,0.000567931390134933,0.000567487032720314,2.22044604925031e-16,4.44089209850063e-16,5.16031661845773e-13,0.00505263364179815,0.22596064576926,0.000684115368643989,3.52637181570969e-05,0.0783324418233457,3.50313329521097,0.0106060385758922,0.00508961053731483,2.07553713156345e-07,0.0199999999999818,0.0700000000001637,4.40000000000009,NA,NA,NA
10,3,30,123,2000,252,TRUE,TRUE,TRUE,0.000532023807653747,0.000513710427450352,0.00050900207646887,4.44089209850063e-16,4.44089209850063e-16,1.17483800465834e-12,0.00470092255650016,0.210231647865929,0.00063294074312195,2.57157946634834e-05,0.0456763842638759,2.04271000360857,0.00614995125991295,0.00222257163638062,1.79664007172455e-07,0.0199999999999818,0.0600000000004002,4.4699999999998,NA,NA,NA
10,3,30,123,2000,253,TRUE,TRUE,TRUE,0.000430311554107563,0.000418631428129604,0.000423175701155929,4.44089209850063e-16,4.44089209850063e-16,5.27355936696949e-13,0.00726417054659634,0.324863582846824,0.000977148937160048,4.73748268916552e-05,0.0599962056126333,2.68311188283805,0.00807046422877414,0.00386719282671777,4.29009542520632e-07,0.0100000000002183,0.169999999999618,4.42000000000007,NA,NA,NA
10,3,30,123,2000,254,TRUE,TRUE,TRUE,0.000524933171791265,0.000437429530484467,0.000433561833764466,4.44089209850063e-16,4.44089209850063e-16,9.4064755984391e-12,0.0113532798786845,0.507734111526381,0.00151356605233277,0.000118818736204673,0.116096389996425,5.19198839948666,0.0154774264859694,0.0119565642407622,1.04794279677839e-06,0.0100000000002183,0.0799999999999272,4.42000000000007,NA,NA,NA
10,3,30,123,2000,255,TRUE,TRUE,TRUE,0.000770810786175301,0.000746044904411241,0.000751852615456256,2.22044604925031e-16,4.44089209850063e-16,2.55262477821816e-11,0.00670100850600118,0.299678210744459,0.000915838340465571,3.98038372821929e-05,0.0614298539939639,2.7472265875678,0.00839572364167125,0.00355729570236463,3.65069227621952e-07,0.00999999999976353,0.080000000000382,4.55999999999995,NA,NA,NA
10,3,30,123,2000,256,TRUE,TRUE,TRUE,0.000576827239181747,0.00055526206906729,0.000556681276984214,2.22044604925031e-16,4.44089209850063e-16,9.40832300955208e-09,0.011402955154689,0.509955657405325,0.00154650013317456,9.65188648081039e-05,0.0915502402312179,4.09425121026879,0.0124162953189833,0.00670199237021052,1.05713322162478e-06,0.00999999999976353,0.0799999999999272,4.39000000000033,NA,NA,NA
10,3,30,123,2000,257,TRUE,TRUE,TRUE,0.000419968772342735,0.000406146116806975,0.000406832413148976,4.44089209850063e-16,4.44089209850063e-16,1.78679293583173e-12,0.00437486574167329,0.19564994381633,0.000592937529545945,2.95575238808965e-05,0.0495545954459435,2.21614888029262,0.00671626996949356,0.00300717740905299,1.55605286647696e-07,0.00999999999976353,0.0599999999999454,4.44000000000005,NA,NA,NA
10,3,30,123,2000,258,TRUE,TRUE,TRUE,0.000715763735755748,0.00067693187304889,0.000681871573299447,4.44089209850063e-16,4.44089209850063e-16,2.62989630073207e-12,0.00595983328973316,0.266531847408191,0.000812444128511502,2.6832670133814e-05,0.0626084536061657,2.79993516459057,0.00853478076561962,0.00407198250499263,2.88777340174078e-07,0.0199999999999818,0.0799999999999272,4.5300000000002,NA,NA,NA
10,3,30,123,2000,259,TRUE,TRUE,TRUE,0.000584712766382182,0.000520032074394953,0.000532561630289338,2.22044604925031e-16,2.22044604925031e-16,6.30961949354969e-12,0.0119383473163085,0.533899122765361,0.00159622923292325,6.07232701028693e-05,0.0675774793976864,3.02215675362637,0.0090355176678852,0.00521343410655817,1.1587328182505e-06,0.0199999999999818,0.0799999999999272,4.40000000000009,NA,NA,NA
10,3,30,123,2000,260,TRUE,TRUE,TRUE,0.000673710301055778,0.000577982768403497,0.000581230761771536,4.44089209850063e-16,4.44089209850063e-16,1.36239464154642e-10,0.0110210942260794,0.492878317518881,0.00149928384117363,4.72605281593985e-05,0.0779775124286708,3.48726037013685,0.0106078781254382,0.00660556821710401,9.87516406017248e-07,0.0100000000002183,0.0799999999999272,4.44999999999982,NA,NA,NA
10,3,30,123,2000,261,TRUE,TRUE,TRUE,0.000479705909360803,0.000385913886184646,0.000387691654356209,4.44089209850063e-16,4.44089209850063e-16,4.69957406323829e-12,0.00825611058793199,0.369224490087434,0.00111779135192263,6.65051732049449e-05,0.101834625289047,4.55418289219058,0.0137873472335466,0.00861790547964603,5.54173675123274e-07,0.0199999999999818,0.0599999999999454,4.51999999999998,NA,NA,NA
10,3,30,123,2000,262,TRUE,TRUE,TRUE,0.000556966940762025,0.000522853905808483,0.000522035095741349,4.44089209850063e-16,2.22044604925031e-16,1.83541759568584e-09,0.0054506088376836,0.243758637596433,0.000742006088425981,2.41202893889181e-05,0.0574215743492961,2.56797087240169,0.00781695385653284,0.00296304918382617,2.41537696759631e-07,0.0100000000002183,0.0599999999999454,4.40999999999985,NA,NA,NA
10,3,30,123,2000,263,TRUE,TRUE,TRUE,0.000662914067530441,0.000648329748800767,0.000657907624525885,6.66133814775094e-16,4.44089209850063e-16,3.36211058993285e-11,0.00826902983620558,0.369802256434593,0.00110661048681741,4.34834147142737e-05,0.0799808729921881,3.57685337820619,0.0107035135380018,0.00563887695372145,5.55909385626489e-07,0.00999999999976353,0.0599999999999454,4.46000000000004,NA,NA,NA
10,3,30,123,2000,264,TRUE,TRUE,TRUE,0.000896492973218382,0.000841438162655299,0.000841358711154359,2.22044604925031e-16,6.66133814775094e-16,7.34907912303129e-10,0.0069027004416356,0.3086981483163,0.000904287951750901,5.6351418258771e-05,0.0662802478472529,2.96414279503983,0.00868304080035268,0.00465483123986132,3.87376206398019e-07,0.0199999999999818,0.0700000000001637,4.50999999999976,NA,NA,NA
10,3,30,123,2000,265,TRUE,TRUE,TRUE,0.000562736112275678,0.000495252082635621,0.000496869545866943,8.88178419700125e-16,4.44089209850063e-16,7.32525151647678e-13,0.0053421015299624,0.238906043274031,0.000727375587052212,4.17796801812642e-05,0.0759201951263422,3.39525434335099,0.0103372233173431,0.00550556572174088,2.32016656556314e-07,0.0199999999999818,0.0799999999999272,4.38999999999987,NA,NA,NA
10,3,30,123,2000,266,TRUE,TRUE,TRUE,0.000621640236265693,0.000508187959290306,0.000506209603737463,4.44089209850063e-16,2.22044604925031e-16,3.26405569239796e-14,0.00406533600549491,0.181807353193282,0.00054304190317859,3.71494435285058e-05,0.0793918460909869,3.55051129437295,0.0106050518677515,0.00588203612952398,1.34365502744499e-07,0.0199999999999818,0.0599999999999454,4.44000000000005,NA,NA,NA
10,3,30,123,2000,267,TRUE,TRUE,TRUE,0.000581400516152117,0.00055293009123609,0.000553488684602913,4.44089209850063e-16,4.44089209850063e-16,1.4541370330079e-09,0.0098406567525832,0.440087548840367,0.00130920125283634,6.0638954384018e-05,0.0787435536188004,3.52151877363074,0.0104760446017444,0.00574016257100851,7.8730508392001e-07,0.0199999999999818,0.0599999999999454,4.5,NA,NA,NA
10,3,30,123,2000,268,TRUE,TRUE,TRUE,0.000418402390504694,0.000389212145043024,0.000392057545817357,4.44089209850063e-16,4.44089209850063e-16,9.44133660141233e-13,0.00905947083471387,0.405151852531939,0.00122046420777082,8.18969524978286e-05,0.0711513597269888,3.18198554082175,0.00958529360768772,0.00495203159007218,6.6726838865879e-07,0.0199999999999818,0.0599999999999454,4.40999999999985,NA,NA,NA
10,3,30,123,2000,269,TRUE,TRUE,TRUE,0.000843116610322307,0.000786068052507243,0.000791477680115752,4.44089209850063e-16,2.22044604925031e-16,1.25901955527752e-10,0.0129443934374207,0.578890873071499,0.00177970431779762,7.8325465775464e-05,0.0854351048906195,3.820774044005,0.0117463383510711,0.00621466693387163,1.36225464603855e-06,0.00999999999976353,0.0700000000001637,4.46000000000004,NA,NA,NA
10,3,30,123,2000,270,TRUE,TRUE,TRUE,0.000795058337684339,0.000663009740214255,0.000673482801166388,6.66133814775094e-16,2.22044604925031e-16,1.01313224476485e-09,0.015977708431084,0.714544843531507,0.00213677864870236,0.000193204877461994,0.1305130808968,5.83672241676346,0.0174541653353807,0.0138302150985012,2.0755054203962e-06,0.0100000000002183,0.0599999999999454,4.52999999999975,NA,NA,NA
10,3,30,123,2000,271,TRUE,TRUE,TRUE,0.000508992696872034,0.000505258603560552,0.000503618350963748,4.44089209850063e-16,4.44089209850063e-16,1.13553610958661e-12,0.00392818167322297,0.175673624985908,0.000527458328052927,1.83575447607609e-05,0.047314256282733,2.11595786706075,0.00635314264665413,0.00239355414743159,1.25452124047519e-07,0.0300000000002001,0.0599999999999454,4.44000000000005,NA,NA,NA
10,3,30,123,2000,272,TRUE,TRUE,TRUE,0.000480400859766574,0.000491393614655744,0.000498533042078172,3.33066907387547e-16,4.44089209850063e-16,8.30562418840941e-09,0.0177731440838141,0.794839166906132,0.00236601258653578,0.000136823189389901,0.0811265882293039,3.62809132126716,0.0107998071668165,0.00585243855803697,2.56816789125217e-06,0.0299999999997453,0.0600000000004002,4.48999999999978,NA,NA,NA
10,3,30,123,2000,273,TRUE,TRUE,TRUE,0.000516192050435495,0.000515703610636152,0.000514589457623681,4.44089209850063e-16,4.44089209850063e-16,6.58926246899227e-11,0.00528634345190555,0.236412466217434,0.000712949323604925,2.96654642752969e-05,0.0461627143450795,2.06445934603005,0.00622579222623688,0.00235722302164021,2.27198594239875e-07,0.00999999999976353,0.0599999999999454,4.51999999999998,NA,NA,NA
10,3,30,123,2000,274,TRUE,TRUE,TRUE,0.00063226168038314,0.000589641189347305,0.000590376097144007,4.44089209850063e-16,2.22044604925031e-16,5.88196158446408e-13,0.00534112716117663,0.238862468177228,0.000721931391425784,2.89982452414961e-05,0.0589448173012113,2.63609236813628,0.00796725348179645,0.00357312454866587,2.31932027250884e-07,0.0199999999999818,0.0799999999999272,4.42000000000007,NA,NA,NA
10,3,30,123,2000,275,TRUE,TRUE,TRUE,0.000612625478930153,0.000577600924864845,0.000579493354829814,6.66133814775094e-16,4.44089209850063e-16,1.03113073635086e-11,0.00450347560741944,0.20140155186404,0.000596230691148849,2.22763733930265e-05,0.0589473209134702,2.63620433308029,0.00780423942603536,0.00331778401576344,1.64888557289609e-07,0.0100000000002183,0.0700000000001637,4.58999999999969,NA,NA,NA
10,3,30,123,2000,276,TRUE,TRUE,TRUE,0.000727230155303555,0.000677081962419813,0.000680555464722639,4.44089209850063e-16,4.44089209850063e-16,7.8026474170656e-12,0.00513111697509038,0.229470527136104,0.000708623000543766,3.07035647182374e-05,0.0521662851115306,2.33294719286035,0.00720432406090358,0.00258245876288754,2.14051718797241e-07,0.0100000000002183,0.0799999999999272,4.42000000000007,NA,NA,NA
10,3,30,123,2000,277,TRUE,TRUE,TRUE,0.000425685688781613,0.000392300955504576,0.000402020516957368,4.44089209850063e-16,6.66133814775094e-16,1.42703626693219e-11,0.00803688743150118,0.359420532487007,0.00107488335385737,6.29072972522238e-05,0.0805044312823382,3.60026761674538,0.0107669634338747,0.00688127939392658,5.25134630785542e-07,0.00999999999976353,0.080000000000382,4.44999999999982,NA,NA,NA
10,3,30,123,2000,278,TRUE,TRUE,TRUE,0.000699617276733988,0.000701141662679478,0.000698284729942524,4.44089209850063e-16,2.22044604925031e-16,8.11972711289854e-12,0.0060084172395692,0.268704587697168,0.000807778220297412,4.80793185104744e-05,0.0620034444416391,2.77287833221273,0.00833581124718425,0.00498561629535033,2.93504696949207e-07,0.0199999999999818,0.0700000000001637,4.52999999999975,NA,NA,NA
10,3,30,123,2000,279,TRUE,TRUE,TRUE,0.000683339208916027,0.000680119996336022,0.000680927997670672,4.44089209850063e-16,4.44089209850063e-16,1.92734717074927e-12,0.00416553693015594,0.18628847477229,0.000566585904166045,2.70319613804304e-05,0.0546320788862464,2.44322084283556,0.00743091859014578,0.00298844750361837,1.41070714768236e-07,0.0199999999999818,0.0700000000001637,4.38999999999987,NA,NA,NA
10,3,30,123,2000,280,TRUE,TRUE,TRUE,0.000805262458637057,0.000675551704863824,0.000669303609765309,4.44089209850063e-16,4.44089209850063e-16,3.07551761835612e-11,0.00978755127864188,0.437712599846165,0.00131612262863804,8.7401346323901e-05,0.100785620568297,4.50726997490426,0.0135525456873692,0.00809389434972374,7.78830569366214e-07,0.0100000000002183,0.0599999999999454,4.46000000000004,NA,NA,NA
10,3,30,123,2000,281,TRUE,TRUE,TRUE,0.000621526361643173,0.000503758656041101,0.000500101117457034,6.66133814775094e-16,4.44089209850063e-16,3.31334959469132e-12,0.0118124406564702,0.528268405760991,0.00157526969737262,9.04556810823465e-05,0.100296816912011,4.48541001084216,0.0133752660452843,0.00822225718985692,1.13442076636284e-06,0.0199999999999818,0.080000000000382,4.52999999999975,NA,NA,NA
10,3,30,123,2000,282,TRUE,TRUE,TRUE,0.000546612991852167,0.000542274862571401,0.000546931166504668,4.44089209850063e-16,3.33066907387547e-16,1.4477397058954e-10,0.00368690896227402,0.164883581329958,0.00049222726471329,1.31977523096793e-05,0.0419810291133818,1.87744869725839,0.00560475111855857,0.00184025797950227,1.10514615415419e-07,0.0199999999999818,0.0799999999999272,4.38999999999987,NA,NA,NA
10,3,30,123,2000,283,TRUE,TRUE,TRUE,0.00060792508096941,0.000534478007698357,0.000535606611351334,4.44089209850063e-16,4.44089209850063e-16,7.88367637838405e-09,0.0114631470231213,0.512647519595473,0.00156136721385948,0.000130738600972791,0.114846182004691,5.13607739837605,0.0156429175040134,0.0109518309306509,1.06832308677801e-06,0.0199999999999818,0.0700000000001637,4.44999999999982,NA,NA,NA
10,3,30,123,2000,284,TRUE,TRUE,TRUE,0.000633652883900137,0.000529991601510713,0.000527261133534385,4.44089209850063e-16,4.44089209850063e-16,1.69619873702231e-12,0.00611148404655657,0.273313875430119,0.000819683129749933,3.730515335576e-05,0.0846521247597851,3.78575810805345,0.0113536938057096,0.0062536930253998,3.03660465457849e-07,0.0300000000002001,0.0599999999999454,4.5300000000002,NA,NA,NA
10,3,30,123,2000,285,TRUE,TRUE,TRUE,0.000631876287839243,0.000619741906573841,0.000617380454147968,4.44089209850063e-16,4.44089209850063e-16,6.52988774163532e-11,0.00331843110813429,0.148404750728765,0.000450411924889355,1.37239745328088e-05,0.0446354100932264,1.99615622344069,0.00605838130224708,0.00201979852861456,8.95283334913283e-08,0.0299999999997453,0.0599999999999454,4.41000000000031,NA,NA,NA
10,3,30,123,2000,286,TRUE,TRUE,TRUE,0.000522367088921431,0.000513167950064256,0.000516959550313056,2.22044604925031e-16,4.44089209850063e-16,9.00968188943807e-12,0.00656821025761649,0.293739292530838,0.000888677037785294,4.26580325907366e-05,0.0594623943300962,2.65923911653986,0.00804524556618972,0.00370957604107147,3.50742975514297e-07,0.0199999999999818,0.0799999999999272,4.43000000000029,NA,NA,NA
10,3,30,123,2000,287,TRUE,TRUE,TRUE,0.000589621898299151,0.000480260930686414,0.000475891794278686,4.44089209850063e-16,4.44089209850063e-16,6.42974562481413e-12,0.0120896589708743,0.5406659856733,0.00161938072378824,0.000155418479572234,0.122539416131427,5.48012928786011,0.0164138598835223,0.012537302444926,1.18829149619545e-06,0.0199999999999818,0.0599999999999454,4.51999999999998,NA,NA,NA
10,3,30,123,2000,288,TRUE,TRUE,TRUE,0.000624422929672328,0.000600321117485132,0.00059979369051349,4.44089209850063e-16,4.44089209850063e-16,2.06590300422249e-12,0.00502137702243789,0.224562807256532,0.000666349575807674,3.76125515444414e-05,0.0685874083186033,3.06732214801863,0.00910172453385307,0.00485977610257748,2.04993717085099e-07,0.0399999999999636,0.0599999999999454,4.48000000000002,NA,NA,NA
10,3,30,123,2000,289,TRUE,TRUE,TRUE,0.000663218502357545,0.000491822519962479,0.000493104493593367,2.22044604925031e-16,4.44089209850063e-16,1.05107034187313e-11,0.0118177264205553,0.528504792317139,0.00161695011502639,0.000147136662548064,0.126043986640903,5.63685844568268,0.0172458585894236,0.0134746990443517,1.13543624187879e-06,0.0199999999999818,0.0599999999999454,4.4699999999998,NA,NA,NA
10,3,30,123,2000,290,TRUE,TRUE,TRUE,0.000655847622321947,0.00062462323447687,0.000630115188615047,8.88178419700125e-16,4.44089209850063e-16,6.73441258314256e-09,0.00939790993987842,0.420287309439782,0.00127271513522994,5.79745608177973e-05,0.0860836755122507,3.84977900396853,0.0116579108995039,0.00622371000462607,7.18054562911102e-07,0.0100000000002183,0.0799999999999272,4.55000000000018,NA,NA,NA
10,3,30,123,2000,291,TRUE,TRUE,TRUE,0.000771678964887367,0.000749584408350523,0.000744303322822297,4.44089209850063e-16,2.22044604925031e-16,2.45736764270532e-11,0.0073500882763616,0.328705940531376,0.000983810116679584,5.87562846021683e-05,0.0821249511458763,3.67273946822057,0.0109924336594668,0.00620005302517512,4.39217867238278e-07,0.0100000000002183,0.069999999999709,4.44999999999982,NA,NA,NA
10,3,30,123,2000,292,TRUE,TRUE,TRUE,0.000658995455063253,0.00062643122320602,0.000629289002520843,4.44089209850063e-16,4.44089209850063e-16,4.02100575058739e-12,0.00669577652988885,0.299444229659582,0.000901998481350911,3.54147160841478e-05,0.0577803446468202,2.58401556787312,0.00778368018865607,0.00387380485407007,3.64499376733418e-07,0.0100000000002183,0.0599999999999454,4.44000000000005,NA,NA,NA
10,3,30,123,2000,293,TRUE,TRUE,TRUE,0.000647775011787079,0.000623023832411251,0.000620622158705157,4.44089209850063e-16,2.22044604925031e-16,5.69810865158615e-12,0.00866806951612815,0.387647853435125,0.00116078902507407,0.000110889431965688,0.119181866378658,5.3299750981595,0.0159603014515262,0.0102062474918654,6.10857147450652e-07,0.0199999999999818,0.080000000000382,4.5,NA,NA,NA
10,3,30,123,2000,294,TRUE,TRUE,TRUE,0.000702289111727649,0.000622227335859152,0.000617232877425582,2.22044604925031e-16,3.33066907387547e-16,1.05315756115942e-12,0.00822741331791567,0.367941109156931,0.00110826054061153,5.14017929518218e-05,0.075203305425224,3.36319406126959,0.0101301408724471,0.00449971902965984,5.50327885396879e-07,0.0100000000002183,0.069999999999709,4.45000000000027,NA,NA,NA
10,3,30,123,2000,295,TRUE,TRUE,TRUE,0.000584087079118688,0.000568615053386412,0.000566316039077587,2.22044604925031e-16,2.22044604925031e-16,1.48494549989664e-11,0.00523197963501429,0.23398124241573,0.000696517624363017,3.15857008672538e-05,0.0770560817666643,3.44605273820087,0.0102582431047044,0.00565600576101133,2.22549682123612e-07,0.0199999999999818,0.0799999999999272,4.59000000000015,NA,NA,NA
10,3,30,123,2000,296,TRUE,TRUE,TRUE,0.000604643708503363,0.000610374959268178,0.000613443707865456,4.44089209850063e-16,4.44089209850063e-16,3.31377814077882e-10,0.00464283237748367,0.207633776083809,0.000628176935722646,2.28831637016924e-05,0.0610155497552564,2.72869833874548,0.00825542642085714,0.0038502621097436,1.75251158417973e-07,0.0100000000002183,0.069999999999709,4.38000000000011,NA,NA,NA
10,3,30,123,2000,297,TRUE,TRUE,TRUE,0.000759009134293858,0.00069196796729521,0.000697541948472206,5.55111512312578e-16,4.44089209850063e-16,4.65050220554986e-12,0.00610965627060382,0.27323213480456,0.00082021894861079,4.50784288332784e-05,0.0879892440721227,3.93499862068174,0.0118125213703327,0.00653969121331954,3.03478859714867e-07,0.0100000000002183,0.069999999999709,4.45000000000027,NA,NA,NA
10,3,30,123,2000,298,TRUE,TRUE,TRUE,0.000730268433532397,0.000674116332004832,0.000671584072043155,6.66133814775094e-16,4.44089209850063e-16,8.11573031000989e-13,0.00563012628018094,0.251786901687852,0.000764085368770044,3.04580875649663e-05,0.0666638837642061,2.98129951481819,0.00904720350392918,0.00429138230708759,2.57709934396619e-07,0.0199999999999818,0.0599999999999454,4.55000000000018,NA,NA,NA
10,3,30,123,2000,299,TRUE,TRUE,TRUE,0.000672056122643276,0.000693922181911108,0.000698964769210934,4.44089209850063e-16,5.55111512312578e-16,1.7507011396134e-09,0.00682517384456844,0.305231053494172,0.000907794199609419,4.49232220063323e-05,0.083531985918292,3.73566397617712,0.0111103180703342,0.00671515534112999,3.78723561045375e-07,0.00999999999976353,0.0599999999999454,4.40000000000009,NA,NA,NA
10,3,30,123,2000,300,TRUE,TRUE,TRUE,0.000645340164016342,0.000633551601021755,0.000632390050979141,4.44089209850063e-16,4.44089209850063e-16,4.614530979552e-11,0.0057823055839862,0.258592567049395,0.000768209631546252,3.21486356824607e-05,0.0571489650258367,2.55577941283058,0.00759253981445274,0.00306522748950044,2.71829738752829e-07,0.0299999999997453,0.0599999999999454,4.43000000000029,NA,NA,NA
10,3,30,123,2000,301,TRUE,TRUE,TRUE,0.000580059953680983,0.000548723898852073,0.00055042224301423,3.33066907387547e-16,2.22044604925031e-16,7.39726058185397e-10,0.00721619741310999,0.322718159095442,0.000985632020945641,3.38632612972845e-05,0.0651978379643822,2.9157359534875,0.00890511624271454,0.0042989552096877,4.23361830121751e-07,0.0100000000002183,0.069999999999709,4.52999999999975,NA,NA,NA
10,3,30,123,2000,302,TRUE,TRUE,TRUE,0.000586099205012214,0.000554360587934738,0.00055353733891417,4.44089209850063e-16,4.44089209850063e-16,1.64090963039598e-13,0.00587910047927562,0.262921366364238,0.000802599436444166,2.3639761490557e-05,0.0532737074003759,2.38247262321348,0.00727278734009685,0.00248129148917187,2.8100668654812e-07,0.0100000000002183,0.0700000000001637,4.38999999999987,NA,NA,NA
10,3,30,123,2000,303,TRUE,TRUE,TRUE,0.000438830942256046,0.000448697410719267,0.000451016532186595,4.44089209850063e-16,4.44089209850063e-16,2.6585400547674e-12,0.00518316763100019,0.23179830323386,0.000702420403961289,2.58619531763316e-05,0.0409868313097209,1.83298681981705,0.00555451582030192,0.00227038743530983,2.18416477162993e-07,0.0100000000002183,0.0799999999999272,4.46000000000004,NA,NA,NA
10,3,30,123,2000,304,TRUE,TRUE,TRUE,0.000536191904831494,0.000487326243969889,0.000484597150724688,4.44089209850063e-16,4.44089209850063e-16,3.36397576461422e-13,0.00714790985427553,0.319664246624014,0.00094911406818464,4.2482638072272e-05,0.0715776931553199,3.20105175135834,0.00950423227585641,0.00447393144708386,4.15387116136986e-07,0.0199999999999818,0.069999999999709,4.55000000000018,NA,NA,NA
10,3,30,123,2000,305,TRUE,TRUE,TRUE,0.000557844168021714,0.000514195066775992,0.000526731686983247,4.44089209850063e-16,4.44089209850063e-16,2.90205637298868e-11,0.010282974563482,0.45986860269694,0.00138002414036235,6.38767260419115e-05,0.0862245509757593,3.85607914622387,0.0115717452283728,0.00630888063741253,8.59671267261936e-07,0.0199999999999818,0.0600000000004002,4.4399999999996,NA,NA,NA
10,3,30,123,2000,306,TRUE,TRUE,TRUE,0.000888580502922341,0.000805340180677961,0.000798024033138757,3.33066907387547e-16,4.44089209850063e-16,1.89346316403771e-11,0.0120907933735208,0.540716717701928,0.00160184178897628,8.79134744273813e-05,0.0935450072205311,4.18345990201632,0.0123932563469407,0.00755695293066339,1.18851450732661e-06,0.0199999999999818,0.0599999999999454,4.48000000000002,NA,NA,NA
10,3,30,123,2000,307,TRUE,TRUE,TRUE,0.000621887078332997,0.000589426394283987,0.000595220893944584,4.44089209850063e-16,4.44089209850063e-16,1.16795462190566e-13,0.00776383163682185,0.347209106115942,0.00106079792391198,4.49684022143515e-05,0.05513068712483,2.46551928114785,0.00753268761889337,0.00377476279603073,4.90057574674112e-07,0.0100000000002183,0.0799999999999272,4.52999999999975,NA,NA,NA
10,3,30,123,2000,308,TRUE,TRUE,TRUE,0.000720627505932868,0.000585161541740314,0.000583658520700143,4.44089209850063e-16,4.44089209850063e-16,1.11777254119261e-12,0.00805605533122889,0.360277747022548,0.00108751041899965,9.99689236351742e-05,0.108512990804161,4.85284847759828,0.0146484853001049,0.0109151651563124,5.27642499998548e-07,0.0100000000002183,0.0599999999999454,4.46000000000004,NA,NA,NA
10,3,30,123,2000,309,TRUE,TRUE,TRUE,0.000704974210473627,0.000668042505775491,0.0006680652375482,2.22044604925031e-16,4.44089209850063e-16,3.38284955603285e-12,0.00451220605019173,0.201791989134291,0.000602120286905201,2.36766962515844e-05,0.0575150860981845,2.57215284494587,0.00767495982178045,0.00335374941960254,1.65528483247047e-07,0.0199999999999818,0.069999999999709,4.46000000000004,NA,NA,NA
10,3,30,123,2000,310,TRUE,TRUE,TRUE,0.000503444597433209,0.000491714115390537,0.000493551607309162,4.44089209850063e-16,5.55111512312578e-16,6.4817720080157e-09,0.00745442870434825,0.333372186326967,0.00099888232653564,3.53183075709751e-05,0.0613931227374351,2.74558391583786,0.00822658686607144,0.00357032638822119,4.51776482180578e-07,0.0199999999999818,0.0700000000001637,4.5,NA,NA,NA
10,3,30,123,2000,311,TRUE,TRUE,TRUE,0.000491120718082344,0.000445760751046873,0.000452256948040486,3.33066907387547e-16,4.44089209850063e-16,1.47286627338872e-11,0.0121945290242149,0.545355917034772,0.00166714339028213,0.000117082480205255,0.129806976634598,5.80514447417374,0.0177462239565918,0.0126350210536756,1.20899624489771e-06,0.0199999999999818,0.080000000000382,4.44999999999982,NA,NA,NA
10,3,30,123,2000,312,TRUE,TRUE,TRUE,0.00058260218858465,0.000535252217335168,0.000536053012157413,4.44089209850063e-16,4.44089209850063e-16,3.70123931503485e-11,0.0040891753040715,0.182873479036345,0.000555993979776253,2.34672570016414e-05,0.0534159955492416,2.38883594267861,0.00726282679041978,0.00288220020527774,1.35945972905921e-07,0.0100000000002183,0.0599999999999454,4.44999999999982,NA,NA,NA
10,3,30,123,2000,313,TRUE,TRUE,TRUE,0.000697402014073945,0.00063645385523387,0.000633554477659832,4.44089209850063e-16,5.55111512312578e-16,1.59721125214674e-11,0.00650172230825435,0.290765861041672,0.000865636926928588,3.45775525971703e-05,0.0759054818130515,3.39459634397714,0.0101060280489471,0.00552517317923673,3.4367799165571e-07,0.0100000000002183,0.0799999999999272,4.48999999999978,NA,NA,NA
10,3,30,123,2000,314,TRUE,TRUE,TRUE,0.00063192173869856,0.000535889859971288,0.000535736359906274,4.44089209850063e-16,4.44089209850063e-16,9.40221234202454e-11,0.00938575002581394,0.419743501550807,0.00126892200284589,5.18334002386212e-05,0.0844792145533253,3.7780253285405,0.0114213071768398,0.0065344817559847,7.16197589813547e-07,0.0199999999999818,0.0799999999999272,4.42000000000007,NA,NA,NA
10,3,30,123,2000,315,TRUE,TRUE,TRUE,0.000466485578162171,0.000436589936157547,0.000442233121905533,2.22044604925031e-16,4.44089209850063e-16,2.43303155400554e-11,0.00705252985599048,0.31539872342683,0.000950899006985576,4.41522243015413e-05,0.0712469284274733,3.18625950303785,0.00960628808042699,0.00521646346722804,4.04375425769407e-07,0.0199999999999818,0.0700000000001637,4.44999999999982,NA,NA,NA
10,3,30,123,2000,316,TRUE,TRUE,TRUE,0.000600788197922775,0.000591180319940518,0.000590672425618854,3.33066907387547e-16,4.44089209850063e-16,2.43449704839804e-12,0.00514353486311314,0.230025871971221,0.00068556855678428,2.51626702336694e-05,0.0504263323234132,2.25513413862294,0.00672119637465875,0.0030936067786449,2.15089031610246e-07,0.0100000000002183,0.1899999999996,4.36000000000013,NA,NA,NA
10,3,30,123,2000,317,TRUE,TRUE,TRUE,0.000746650131285476,0.000680231760884351,0.00068998108919847,4.44089209850063e-16,4.44089209850063e-16,2.59381671696701e-09,0.00818112329000821,0.365870956175302,0.00109028747160784,4.37141578011335e-05,0.0674512991292363,3.01651380047289,0.00898914535050419,0.00392809137806438,5.44152668994429e-07,0.00999999999976353,0.0700000000001637,4.42999999999984,NA,NA,NA
10,3,30,123,2000,318,TRUE,TRUE,TRUE,0.000709351876359578,0.000592557866075354,0.000591118340171786,3.33066907387547e-16,2.22044604925031e-16,4.89148677118578e-09,0.00564856770276796,0.25261162717798,0.000765935379742875,2.94601169201769e-05,0.0800860180102973,3.58155560636594,0.0108595165791769,0.0055275504883241,2.59400951973604e-07,0.0199999999999818,0.0599999999999454,4.57999999999993,NA,NA,NA
10,3,30,123,2000,319,TRUE,TRUE,TRUE,0.000397703137300798,0.000351072917603753,0.000351155943372302,4.44089209850063e-16,3.33066907387547e-16,9.61386525943908e-12,0.00944935237398245,0.422587885031475,0.00127149198982663,6.02487000520568e-05,0.0852954367259773,3.81452789379634,0.0114772378331931,0.00664668986818384,7.25937075509656e-07,0.0100000000002183,0.069999999999709,4.38999999999987,NA,NA,NA
10,3,30,123,2000,320,TRUE,TRUE,TRUE,0.000590295057983717,0.000593096232693997,0.000594762892327044,4.44089209850063e-16,4.44089209850063e-16,6.53388454452397e-12,0.00355230596486627,0.158863952286379,0.000480220717098386,1.60694837383346e-05,0.0349569900067007,1.56332411887527,0.00472568269024396,0.00169449818676526,1.02592501366053e-07,0.0100000000002183,0.0599999999999454,4.42000000000007,NA,NA,NA
10,3,30,123,2000,321,TRUE,TRUE,TRUE,0.000622534361353981,0.000566239824181702,0.000568239368082527,4.44089209850063e-16,3.33066907387547e-16,1.52544643583497e-13,0.00545815822430744,0.24409625643002,0.000735940559663206,3.28043778736742e-05,0.0666092056099274,2.97885423342116,0.00898112770659217,0.00394261076925062,2.4220724554126e-07,0.0199999999999818,0.0599999999999454,4.57000000000016,NA,NA,NA
10,3,30,123,2000,322,TRUE,TRUE,TRUE,0.000682077178503307,0.000559228345810453,0.000560550531005906,4.44089209850063e-16,4.44089209850063e-16,8.25961521400131e-12,0.00988634571440437,0.442130821329438,0.00133493366957061,8.86343058894568e-05,0.111812722344096,5.00041695821417,0.0150978503134893,0.00998173813145442,7.94632777111559e-07,0.0199999999999818,0.0599999999999454,4.43000000000029,NA,NA,NA
10,3,30,123,2000,323,TRUE,TRUE,TRUE,0.00069801554643478,0.000679150037255608,0.000677463878539749,4.44089209850063e-16,4.44089209850063e-16,1.72173386658869e-12,0.00728740068726838,0.325902466320216,0.000971175136575873,4.75344298322966e-05,0.0747044953375681,3.34088659599237,0.00995569635536119,0.00556827122261083,4.3175779493333e-07,0.0199999999999818,0.069999999999709,4.42000000000007,NA,NA,NA
10,3,30,123,2000,324,TRUE,TRUE,TRUE,0.000505128522837655,0.000486069370676616,0.000485836132603011,3.33066907387547e-16,4.44089209850063e-16,2.38209452163574e-11,0.00853471245049775,0.381683944154535,0.00113324811740964,4.07341759753876e-05,0.0776778820783071,3.47386049350615,0.0103141510789242,0.00575157496655265,5.9220582611936e-07,0.00999999999976353,0.0700000000001637,4.53999999999996,NA,NA,NA
10,3,30,123,2000,325,TRUE,TRUE,TRUE,0.000799012491929884,0.000763485436560336,0.000767338024888662,2.22044604925031e-16,2.22044604925031e-16,4.09447364901894e-10,0.0114340032770623,0.511344171649333,0.00155656983853644,4.71143494173987e-05,0.061665645954585,2.75777152461774,0.00839486243276951,0.0034647664159273,1.06289781251928e-06,0.0199999999999818,0.0599999999999454,4.42999999999984,NA,NA,NA
10,3,30,123,2000,326,TRUE,TRUE,TRUE,0.000733813637687193,0.000742209857302584,0.000740118233752944,4.44089209850063e-16,2.22044604925031e-16,8.59401438901841e-12,0.00640037987639276,0.286233689708718,0.000845193582487284,4.45673083504516e-05,0.0663005185148157,2.96504932685223,0.00875522607196932,0.00458570872069686,3.33047663106775e-07,0.0199999999999818,0.069999999999709,4.43000000000029,NA,NA,NA
10,3,30,123,2000,327,TRUE,TRUE,TRUE,0.000578545732940229,0.000551963534517967,0.000554948117411894,3.33066907387547e-16,4.44089209850063e-16,2.06190620133384e-12,0.00671660319335667,0.300375626364753,0.000914775838838968,4.21510108523648e-05,0.0877590186799131,3.92470262813919,0.0119524449513418,0.00649024249320007,3.66770393959422e-07,0.0100000000002183,0.069999999999709,4.5,NA,NA,NA
10,3,30,123,2000,328,TRUE,TRUE,TRUE,0.000760825466629345,0.000733269489646678,0.000730651634358384,4.44089209850063e-16,4.44089209850063e-16,1.47854528620428e-09,0.00433942872488406,0.19406515224712,0.000576974096779173,1.60686661594411e-05,0.0529459573132925,2.36781519372648,0.00703973906145025,0.0029885363803821,1.53094647628853e-07,0.0199999999999818,0.080000000000382,4.42999999999984,NA,NA,NA
10,3,30,123,2000,329,TRUE,TRUE,TRUE,0.000887576853526882,0.000821783923194493,0.000825404416775639,4.44089209850063e-16,2.22044604925031e-16,4.74419170615192e-10,0.00808556624090217,0.361597515024694,0.00106236891212826,5.77874347484908e-05,0.0780940286628435,3.4924711345387,0.0102608358898315,0.00483737141117757,5.3151529622778e-07,0.0199999999999818,0.0599999999999454,4.46000000000004,NA,NA,NA
10,3,30,123,2000,330,TRUE,TRUE,TRUE,0.000753783467700839,0.000724925577025914,0.000728702823908729,4.44089209850063e-16,2.22044604925031e-16,5.11146680537422e-13,0.00634312596422895,0.283673216917196,0.000872151831900672,4.15816593744012e-05,0.0525441816157671,2.349847238299,0.00722459312811131,0.00340914662480074,3.27115829252646e-07,0.0100000000002183,0.069999999999709,4.52999999999975,NA,NA,NA
10,3,30,123,2000,331,TRUE,TRUE,TRUE,0.000717098499723829,0.000673535617443187,0.000669575310129117,4.44089209850063e-16,2.22044604925031e-16,1.19094645256723e-09,0.00743222596911748,0.332379249821719,0.00101649415335223,5.47157260868403e-05,0.0691592632142641,3.0928962764179,0.00945880641944405,0.00514235792569195,4.49089291512393e-07,0.0199999999999818,0.0599999999999454,4.42000000000007,NA,NA,NA
10,3,30,123,2000,332,TRUE,TRUE,TRUE,0.000561729205953659,0.000508424161946569,0.000504256961745356,2.22044604925031e-16,4.44089209850063e-16,2.39561126491594e-09,0.00504782327828272,0.22574551977292,0.00067879655411639,3.53462256299508e-05,0.0689272195288562,3.08251896733147,0.00926885838145442,0.00461934427841371,2.07158697957503e-07,0.0100000000002183,0.0599999999999454,4.4699999999998,NA,NA,NA
10,3,30,123,2000,333,TRUE,TRUE,TRUE,0.000656524091972248,0.000560535036463435,0.000566006130112667,2.22044604925031e-16,4.44089209850063e-16,1.23545618180287e-12,0.00511265031765931,0.228644673109442,0.000679154563527076,3.03483769883428e-05,0.0780432628926151,3.49020082027548,0.0103671158504595,0.00499584233882899,2.12513766428145e-07,0.0199999999999818,0.0599999999999454,4.50999999999976,NA,NA,NA
10,3,30,123,2000,334,TRUE,TRUE,TRUE,0.000750403363622208,0.000676674949926288,0.000677619236769209,4.44089209850063e-16,3.33066907387547e-16,2.87903034745796e-12,0.00485615970206176,0.217174064068104,0.000644592091930102,2.44808610219138e-05,0.0602243603403876,2.69331527245098,0.00799400118585084,0.00375027394844096,1.91725910991289e-07,0.0199999999999818,0.0799999999999272,4.42000000000007,NA,NA,NA
10,3,30,123,2000,335,TRUE,TRUE,TRUE,0.000417012077773816,0.000402592597291744,0.000406468329277366,4.44089209850063e-16,3.33066907387547e-16,1.30588873048509e-11,0.00454465618845612,0.203243203435059,0.000616089702509466,2.80164938004646e-05,0.0439825485490975,1.96695936758933,0.00596243018779973,0.00235674533954722,1.67917885132297e-07,0.0100000000002183,0.0599999999999454,4.4699999999998,NA,NA,NA
10,3,30,123,2000,336,TRUE,TRUE,TRUE,0.000722654677599672,0.000673040852214127,0.000667266630089991,4.44089209850063e-16,4.44089209850063e-16,8.47477643617367e-12,0.00612897652867695,0.274096163012447,0.000815734225929102,2.69661392167109e-05,0.06632560135637,2.96617106562791,0.00882758529561542,0.00340441751041709,3.05401246252626e-07,0.0199999999999818,0.0700000000001637,4.48000000000002,NA,NA,NA
10,3,30,123,2000,337,TRUE,TRUE,TRUE,0.000719062733061276,0.000692720148661277,0.000691835371955523,2.22044604925031e-16,2.22044604925031e-16,1.15797593736033e-10,0.00534148874341842,0.23887863862667,0.000721380550421875,3.32030886731616e-05,0.0460881919684103,2.06112660402851,0.00622431814184515,0.00251245714541426,2.31963430862322e-07,0.00999999999976353,0.080000000000382,4.40999999999985,NA,NA,NA
10,3,30,123,2000,338,TRUE,TRUE,TRUE,0.000564338425783677,0.000523411797977125,0.000526462464671998,2.22044604925031e-16,4.44089209850063e-16,1.37823086276967e-12,0.00983762412406071,0.439951925569832,0.00133599300462029,4.05347008864965e-05,0.0642214211578413,2.87206926641153,0.00872155393737831,0.00346168497750909,7.86819905742287e-07,0.0199999999999818,0.0700000000001637,4.55999999999995,NA,NA,NA
10,3,30,123,2000,339,TRUE,TRUE,TRUE,0.000511790787528023,0.00050443363719812,0.00050321583254905,4.44089209850063e-16,4.44089209850063e-16,7.65965069149388e-12,0.00335890051303891,0.150214597536278,0.000450506593594184,1.73957162203919e-05,0.0474103175225151,2.12025385630386,0.00635882502782526,0.00194998467595298,9.172530615035e-08,0.0199999999999818,0.0599999999999454,4.39000000000033,NA,NA,NA
10,3,30,123,2000,340,TRUE,TRUE,TRUE,0.000562310586903986,0.000481995815419448,0.000484582272700377,3.33066907387547e-16,4.44089209850063e-16,2.16038964495624e-10,0.00662235544722222,0.296160739023098,0.000896733281623653,3.87043375766893e-05,0.0791119721473914,3.53799495111274,0.0107125537076398,0.00577477157815309,3.56549525767104e-07,0.0199999999999818,0.0599999999999454,4.42000000000007,NA,NA,NA
10,3,30,123,2000,341,TRUE,TRUE,TRUE,0.000518448803671562,0.000512943926305424,0.000510816144557542,3.33066907387547e-16,6.66133814775094e-16,1.35003119794419e-13,0.00392610118636578,0.175580582785129,0.00052939395097173,1.63671158865952e-05,0.0470540138417183,2.10431947128596,0.0063447448535589,0.00242462258652765,1.25319272565714e-07,0.0100000000002183,0.0799999999999272,4.55000000000018,NA,NA,NA
10,3,30,123,2000,342,TRUE,TRUE,TRUE,0.000782635830739117,0.000716392477173501,0.000719034823204134,4.44089209850063e-16,4.44089209850063e-16,5.44120304368789e-12,0.00820934115676335,0.367132897540192,0.00110872043797504,3.42177869399052e-05,0.0701092069620542,3.13537905231509,0.00946866614076714,0.0040426318609903,5.47912863643322e-07,0.0100000000002183,0.069999999999709,4.43000000000029,NA,NA,NA
10,3,30,123,2000,343,TRUE,TRUE,TRUE,0.000423649020070528,0.000410053773662151,0.000410415028374083,2.22044604925031e-16,4.44089209850063e-16,3.57447405008315e-12,0.00690558273800504,0.308827048528568,0.000931341645002819,3.5243638670579e-05,0.0679992724907903,3.04101991419877,0.0091709210798426,0.00417525385255146,3.87699780092952e-07,0.00999999999976353,0.0799999999999272,4.46000000000004,NA,NA,NA
10,3,30,123,2000,344,TRUE,TRUE,TRUE,0.000607755660583448,0.000548159189340817,0.000550467706342406,4.44089209850063e-16,3.33066907387547e-16,2.48230103139235e-10,0.00533302251370511,0.238500017323628,0.000708474199498464,2.97558802557774e-05,0.0659223848884097,2.94813867698778,0.00875756829130615,0.00415464133590149,2.31228692127525e-07,0.0199999999999818,0.0799999999999272,4.51000000000022,NA,NA,NA
10,3,30,123,2000,345,TRUE,TRUE,TRUE,0.000834439483801928,0.000807265605055579,0.00079738360706969,4.44089209850063e-16,4.44089209850063e-16,1.25755628133106e-10,0.00712891863572673,0.318814933511001,0.000976558905619507,4.30249200888966e-05,0.0502166205513356,2.24575554306199,0.00687895184604295,0.00342847651300104,4.13182771665137e-07,0.00999999999976353,0.0599999999999454,4.42000000000007,NA,NA,NA
10,3,30,123,2000,346,TRUE,TRUE,TRUE,0.000659336024049192,0.000624171363864516,0.000625554652677386,2.22044604925031e-16,2.22044604925031e-16,8.56397175397206e-11,0.00511424410530046,0.228715949459589,0.000687359581018035,1.7007570512817e-05,0.054251132955726,2.42618442290765,0.00729140714647424,0.00239170970341718,2.12646282671549e-07,0.0199999999999818,0.0599999999999454,4.44999999999982,NA,NA,NA
10,3,30,123,2000,347,TRUE,TRUE,TRUE,0.000757991409713823,0.000743336901175982,0.000744110369464404,2.22044604925031e-16,6.66133814775094e-16,5.37684341495037e-10,0.00414115363170351,0.185198020515184,0.000551674324556361,2.61720178045266e-05,0.0417147024593741,1.86553820720676,0.00555713029508595,0.00210295220678347,1.39424011393262e-07,0.0100000000002183,0.0799999999999272,4.55999999999995,NA,NA,NA
10,3,30,123,2000,348,TRUE,TRUE,TRUE,0.000704111443755498,0.000640918048390064,0.000629103938417065,4.44089209850063e-16,2.22044604925031e-16,1.35964328684679e-09,0.010614551902934,0.474697192113205,0.001433066170118,5.30250702333035e-05,0.0659492902952979,2.94934192336307,0.00890378583380038,0.00351260017582433,9.16005789431549e-07,0.0100000000002183,0.0799999999999272,4.44999999999982,NA,NA,NA
10,3,30,123,2000,349,TRUE,TRUE,TRUE,0.000719070010884588,0.000669337203472338,0.000666449291091859,5.55111512312578e-16,4.44089209850063e-16,2.307265489776e-12,0.00699115526046164,0.31265396807295,0.000962380276425485,4.45005597811132e-05,0.0602536965489498,2.69462722758193,0.00829433290780709,0.00400718223194119,3.97367901429923e-07,0.0100000000002183,0.0599999999999454,4.4699999999998,NA,NA,NA
10,3,30,123,2000,350,TRUE,TRUE,TRUE,0.000607803015298437,0.000610181031542094,0.000607774267374914,4.44089209850063e-16,4.44089209850063e-16,3.16036086189797e-12,0.00434889832125017,0.194488645471002,0.000588732253120138,2.51585043429259e-05,0.0430423257387275,1.92491132522967,0.0058268562610145,0.00229116979311073,1.53763549663191e-07,0.0199999999999818,0.0599999999999454,4.5300000000002,NA,NA,NA
10,3,30,123,2000,351,TRUE,TRUE,TRUE,0.000530813274952962,0.000501471401662319,0.000498995286263991,4.44089209850063e-16,2.22044604925031e-16,7.75468578240179e-12,0.00510462351969083,0.228285703791458,0.000684744510028659,2.98620520737813e-05,0.0634234610373755,2.83638340495762,0.00850775117593586,0.00423785869087112,2.1184700225838e-07,0.0199999999999818,0.0799999999999272,4.45000000000027,NA,NA,NA
10,3,30,123,2000,352,TRUE,TRUE,TRUE,0.000554932446840166,0.000591487043300888,0.000592939011450911,2.22044604925031e-16,5.55111512312578e-16,1.32871491587139e-12,0.00614392075096943,0.274764488950784,0.000828032452432627,4.61360539105726e-05,0.0779818349117007,3.48745367745458,0.0105098181803441,0.00587257856988543,3.06892375562543e-07,0.00999999999976353,0.080000000000382,4.4699999999998,NA,NA,NA
10,3,30,123,2000,353,TRUE,TRUE,TRUE,0.000446209510019945,0.000448167329165153,0.000447341527490895,4.44089209850063e-16,4.44089209850063e-16,7.7698660838621e-09,0.0048179591203219,0.215465682117097,0.000644785137930131,2.12571746729395e-05,0.0629020274954206,2.81306418804643,0.00841814790491827,0.00366946223366682,1.88721382805634e-07,0.0199999999999818,0.0599999999999454,4.5,NA,NA,NA
10,3,30,123,2000,354,TRUE,TRUE,TRUE,0.000492327590645338,0.000391806841171662,0.000391925223332865,4.44089209850063e-16,4.44089209850063e-16,2.6487700921507e-12,0.00841806225379356,0.37646718876615,0.00114089224711601,7.37086370818929e-05,0.100949107948175,4.51458135280167,0.0136815399006402,0.00861965642742035,5.76128228526373e-07,0.0199999999999818,0.0599999999999454,4.42999999999984,NA,NA,NA
10,3,30,123,2000,355,TRUE,TRUE,TRUE,0.000470758328810454,0.00048139237560813,0.000469902732356281,5.55111512312578e-16,4.44089209850063e-16,1.67119651450776e-11,0.0112382448854064,0.502589590231161,0.00152039433026221,0.000104295008121369,0.100888552827785,4.51187324549014,0.0136489625623759,0.00870836381364626,1.0268142122306e-06,0.0199999999999818,0.0799999999999272,4.42999999999984,NA,NA,NA
10,3,30,123,2000,356,TRUE,TRUE,TRUE,0.000671307476632616,0.000501852185950843,0.000498134926178393,4.44089209850063e-16,4.44089209850063e-16,7.20759674166516e-10,0.0152006750602343,0.679794854771391,0.00204836088763581,0.000145157506818094,0.113550427304234,5.07812948652829,0.0153014424124359,0.00946614569847171,1.87854083160023e-06,0.0300000000002001,0.0599999999999454,4.51999999999998,NA,NA,NA
10,3,30,123,2000,357,TRUE,TRUE,TRUE,0.000406672898855621,0.00038767495290887,0.00038805338036433,2.22044604925031e-16,4.44089209850063e-16,4.41091607683575e-12,0.00361522960207073,0.161677982889993,0.000485262111063838,2.01493395977081e-05,0.0527777670070121,2.36029349456649,0.00708421136527223,0.00333346909491183,1.0625922825763e-07,0.00999999999976353,0.0700000000001637,4.40000000000009,NA,NA,NA
10,3,30,123,2000,358,TRUE,TRUE,TRUE,0.000961598866485485,0.000924377898538635,0.000923161004151418,4.44089209850063e-16,4.44089209850063e-16,1.45661260830821e-13,0.00540014417722089,0.241501789371311,0.000749253269719594,2.16023234074214e-05,0.0543471214383494,2.43047715835171,0.00754049467962298,0.002756846871101,2.37085830364005e-07,0.0199999999999818,0.0599999999999454,4.5600000000004,NA,NA,NA
10,3,30,123,2000,359,TRUE,TRUE,TRUE,0.000615709871425808,0.000569948435475286,0.000571874581065112,4.44089209850063e-16,4.44089209850063e-16,4.68721061963606e-10,0.00499808539297262,0.223521173920711,0.000664704023029973,2.17948969947201e-05,0.0652991464539805,2.92026660687629,0.00868424645353433,0.00391085887046927,2.03096403215011e-07,0.00999999999976353,0.0799999999999272,4.38000000000011,NA,NA,NA
10,3,30,123,2000,360,TRUE,TRUE,TRUE,0.000633082291462904,0.00052476192807127,0.00052579445167234,1.11022302462516e-16,4.44089209850063e-16,3.73256980878978e-13,0.00681294942623543,0.304684360886612,0.000923812992043152,4.48220980224789e-05,0.0849121980178119,3.79738893773501,0.0115138080153253,0.00581805788922907,3.77368129141803e-07,0.00999999999976353,0.0599999999999454,4.46000000000004,NA,NA,NA
10,3,30,123,2000,361,TRUE,TRUE,TRUE,0.000610803292049862,0.000538047329624561,0.000538467281768029,4.44089209850063e-16,4.44089209850063e-16,2.62842192455537e-10,0.00890206577467297,0.398112484246862,0.00119396239003019,6.09214543985104e-05,0.0832211963618551,3.72176504467932,0.0111617888504112,0.00625263879624072,6.44282724037429e-07,0.0199999999999818,0.0799999999999272,4.52999999999975,NA,NA,NA
10,3,30,123,2000,362,TRUE,TRUE,TRUE,0.000658282379440738,0.000654023506104389,0.000658223084611269,4.44089209850063e-16,3.33066907387547e-16,1.52966528332854e-12,0.0060832606770781,0.272051687975961,0.00081206103146712,3.08608852250813e-05,0.0628350674280646,2.81006964279871,0.00838792094841624,0.00384964851394187,3.00862280205567e-07,0.0199999999999818,0.0599999999999454,4.42000000000007,NA,NA,NA
10,3,30,123,2000,363,TRUE,TRUE,TRUE,0.000974665047388704,0.000937075839006461,0.000939765509985862,4.44089209850063e-16,6.66133814775094e-16,1.71063163634244e-12,0.00389951069330576,0.17439141978438,0.000534566361646169,2.34948192741058e-05,0.0472776507938038,2.11432081982884,0.00648108025845594,0.00272607500193089,1.23627509326878e-07,0.0100000000002183,0.0799999999999272,4.44000000000005,NA,NA,NA
10,3,30,123,2000,364,TRUE,TRUE,TRUE,0.00100793198111954,0.000956517846751313,0.000952752084717337,4.44089209850063e-16,3.33066907387547e-16,9.87920856232449e-12,0.00558728921435696,0.249871169865071,0.000744083194094554,2.39683212868158e-05,0.0609346308276214,2.72507953428831,0.00811492532383742,0.00383915582079197,2.53803258250973e-07,0.0199999999999818,0.069999999999709,4.55999999999995,NA,NA,NA
10,3,30,123,2000,365,TRUE,TRUE,TRUE,0.000567898826309639,0.000555420099723662,0.000552798298088747,4.44089209850063e-16,4.44089209850063e-16,6.61914967281518e-13,0.0063300162024458,0.283086930546878,0.000863017204162442,4.32339108868973e-05,0.0753305602473578,3.36888506992471,0.0102703638369118,0.00552792872922936,3.25765082302653e-07,0.0199999999999818,0.0599999999999454,4.42000000000007,NA,NA,NA
10,3,30,123,2000,366,TRUE,TRUE,TRUE,0.000690273368242665,0.000621253887063665,0.000627736047513687,4.44089209850063e-16,4.44089209850063e-16,9.89830439834805e-12,0.0110320480777105,0.493368188656129,0.00147220942459014,6.84505305628136e-05,0.0774710007664935,3.46460847997635,0.0103383829237746,0.00549408018186881,9.8948036413752e-07,0.0199999999999818,0.0599999999999454,4.48000000000002,NA,NA,NA
10,3,30,123,2000,367,TRUE,TRUE,TRUE,0.000721739134833714,0.000610022654595534,0.000595691552918355,4.44089209850063e-16,2.22044604925031e-16,1.4302781181641e-11,0.0163118648969116,0.72948877498574,0.00215956970575561,0.000146783062341171,0.125146033716103,5.59670077007376,0.0165684049565624,0.0120848237276974,2.163227125326e-06,0.00999999999976353,0.0799999999999272,4.55000000000018,NA,NA,NA
10,3,30,123,2000,368,TRUE,TRUE,TRUE,0.000388863959835518,0.00036161186520677,0.00036632371830542,4.44089209850063e-16,4.44089209850063e-16,8.8291634003923e-09,0.00613192091521403,0.274227839981426,0.000824317589787849,3.85540587402033e-05,0.0497706557308019,2.22581138997625,0.00669069734288043,0.00331855444930085,3.0569474886536e-07,0.0199999999999818,0.0599999999999454,4.44999999999982,NA,NA,NA
10,3,30,123,2000,369,TRUE,TRUE,TRUE,0.000615235626021048,0.000585179123726029,0.000582475731770089,4.44089209850063e-16,4.44089209850063e-16,2.66631161593978e-12,0.00830170171543477,0.371263387292775,0.00112430678825824,3.77373873838849e-05,0.0582239285134607,2.60385324146373,0.00788531801197318,0.00270725520190851,5.60310986764656e-07,0.0199999999999818,0.0799999999999272,4.44999999999982,NA,NA,NA
10,3,30,123,2000,370,TRUE,TRUE,TRUE,0.000518782665037974,0.000470499455139136,0.000473682956836114,4.44089209850063e-16,4.44089209850063e-16,7.20978832191577e-13,0.00644670439619674,0.288305385214853,0.000867882612593134,5.23385350064132e-05,0.0660823357675926,2.95529189776605,0.00889628354079176,0.00504373525808433,3.37886159121483e-07,0.0100000000002183,0.0599999999999454,4.5300000000002,NA,NA,NA
10,3,30,123,2000,371,TRUE,TRUE,TRUE,0.000749094977184916,0.000648351767791187,0.000648617700740865,4.44089209850063e-16,3.33066907387547e-16,5.92281779177029e-11,0.00644054814882607,0.288030069462711,0.000852903586922868,4.04482845723919e-05,0.0824638930440379,3.68789741071481,0.010920460268852,0.0057941839109148,3.3724114192965e-07,0.0199999999999818,0.0599999999999454,4.42000000000007,NA,NA,NA
10,3,30,123,2000,372,TRUE,TRUE,TRUE,0.000673660109152327,0.000682935528218178,0.000685326242768948,4.44089209850063e-16,6.66133814775094e-16,8.29883273212317e-10,0.00376497417470954,0.168374763763634,0.000512189063330773,1.88853758054108e-05,0.0427627833354729,1.91240980890425,0.00581747149532636,0.00240252834170818,1.15244150701055e-07,0.0100000000002183,0.069999999999709,4.44000000000005,NA,NA,NA
10,3,30,123,2000,373,TRUE,TRUE,TRUE,0.000757318400367497,0.000741386847997028,0.000740412684658148,4.44089209850063e-16,4.44089209850063e-16,5.05521602356396e-09,0.00340810452782515,0.152415067972837,0.000464424745701172,1.32242609609534e-05,0.0366907521527849,1.64086031918448,0.00499987400592312,0.00166130554798372,9.44323290453843e-08,0.0199999999999818,0.0700000000001637,4.51999999999998,NA,NA,NA
10,3,30,123,2000,374,TRUE,TRUE,TRUE,0.000519163055950798,0.000450716353806331,0.000448150480235133,4.44089209850063e-16,2.22044604925031e-16,3.60511620556281e-12,0.00586086030441064,0.262105640945846,0.000793724227720469,4.70338084141986e-05,0.0712597135243226,3.18683126995093,0.00965055608681028,0.00478881250104379,2.79265719575743e-07,0.0199999999999818,0.0599999999999454,4.42000000000007,NA,NA,NA
10,3,30,123,2000,375,TRUE,TRUE,TRUE,0.000604540302236958,0.000600852304791387,0.000594636585816097,4.44089209850063e-16,2.22044604925031e-16,7.49156292556563e-12,0.00700583287029868,0.313310370739807,0.000951689571010094,3.92065768863858e-05,0.0460622701536571,2.05996734523074,0.00625721208796351,0.00292260469306171,3.99038164280955e-07,0.0199999999999818,0.0599999999999454,4.44000000000005,NA,NA,NA
10,3,30,123,2000,376,TRUE,TRUE,TRUE,0.000926525724660574,0.000884468693921096,0.000881665300885231,4.44089209850063e-16,4.44089209850063e-16,3.38795658194613e-12,0.00445604850619509,0.199280547417772,0.000584914648265309,2.60126455309262e-05,0.0515225201729291,2.30415714957547,0.00676300464925229,0.00314641924770598,1.61433888533036e-07,0.00999999999976353,0.0700000000001637,4.52999999999975,NA,NA,NA
10,3,30,123,2000,377,TRUE,TRUE,TRUE,0.00046913705260801,0.000461458371970636,0.000460395183523619,4.44089209850063e-16,5.55111512312578e-16,8.39610869718399e-09,0.00625939359303506,0.279928591439061,0.000841015960721557,3.9008731590684e-05,0.0683741435639471,3.05778465824631,0.00918679184864363,0.00454263729072579,3.18536651646572e-07,0.0199999999999818,0.0799999999999272,4.42000000000007,NA,NA,NA
10,3,30,123,2000,378,TRUE,TRUE,TRUE,0.000745708535511231,0.000718573762287377,0.000715810572735847,2.22044604925031e-16,4.44089209850063e-16,1.96531679819145e-12,0.01215159510032,0.543435853587378,0.00161132682005877,6.37993260212966e-05,0.0692812062405042,3.098349734339,0.00918683224874793,0.00460249716897465,1.20049807709042e-06,0.0100000000002183,0.0599999999999454,4.44000000000005,NA,NA,NA
10,3,30,123,2000,379,TRUE,TRUE,TRUE,0.000476216930081995,0.000446076773123458,0.000444015862815797,4.44089209850063e-16,4.44089209850063e-16,5.8510973843795e-12,0.00644327498206649,0.288152017152488,0.000868599293233218,2.68230777535905e-05,0.0510549736762759,2.2832478345923,0.00688257356308437,0.00255145587141925,3.37526768248162e-07,0.0100000000002183,0.179999999999836,4.35999999999967,NA,NA,NA
10,3,30,123,2000,380,TRUE,TRUE,TRUE,0.00041185358444448,0.000392851838948646,0.000394989876345893,4.44089209850063e-16,2.22044604925031e-16,8.92896867554782e-11,0.00571015339017855,0.255365822847803,0.00076016131652803,2.43589425465984e-05,0.0632530656973909,2.82876309369252,0.00842053276146039,0.00375852202299853,2.65088225523314e-07,0.0199999999999818,0.0599999999999454,4.46000000000004,NA,NA,NA
10,3,30,123,2000,381,TRUE,TRUE,TRUE,0.000697124812505678,0.000669574462777366,0.000670741354787626,4.44089209850063e-16,2.22044604925031e-16,1.01474384450739e-12,0.0073853292732081,0.330281965822249,0.00100934418978073,5.69009367765716e-05,0.0797312735347679,3.56569095112742,0.0108967785604471,0.00572849578541224,4.43439743688654e-07,0.0100000000002183,0.0599999999999454,4.55999999999995,NA,NA,NA
10,3,30,123,2000,382,TRUE,TRUE,TRUE,0.000714300293699135,0.000648086584150006,0.00065257331863185,2.22044604925031e-16,2.22044604925031e-16,1.6219026122144e-11,0.0122977029569017,0.549969995574647,0.00166863068235865,9.59344441398002e-05,0.101454932041186,4.53720249393426,0.0137660515198512,0.00911817652449542,1.22954063427796e-06,0.00999999999976353,0.080000000000382,4.41999999999962,NA,NA,NA
10,3,30,123,2000,383,TRUE,TRUE,TRUE,0.000735625763430061,0.000614477524475435,0.000619572606301273,3.33066907387547e-16,4.44089209850063e-16,2.80730994006717e-12,0.0060039178226307,0.268503367654496,0.000806745136096911,3.1180458030633e-05,0.0779360351359414,3.48540544921554,0.0104722481436379,0.00561143903216532,2.93065278218721e-07,0.0100000000002183,0.0599999999999454,4.46000000000004,NA,NA,NA
10,3,30,123,2000,384,TRUE,TRUE,TRUE,0.000506253781532399,0.000431622821556402,0.000432555895290433,2.22044604925031e-16,2.22044604925031e-16,4.53082016349526e-12,0.00586618209995524,0.262343638877848,0.000795494945666336,3.94428262993074e-05,0.0624045492458846,2.79081628438063,0.00846248934414531,0.00425653801075043,2.79773109185653e-07,0.00999999999976353,0.0599999999999454,4.53999999999996,NA,NA,NA
10,3,30,123,2000,385,TRUE,TRUE,TRUE,0.000638309264993255,0.000598665353439696,0.000598953666225697,5.55111512312578e-16,4.44089209850063e-16,2.01194616522571e-12,0.00428894959386992,0.191807656879265,0.000572823634922715,2.73034214686163e-05,0.0603954411873422,2.70096624051975,0.00806629581358137,0.00366108961627987,1.49553566006154e-07,0.00999999999976353,0.0700000000001637,4.42999999999984,NA,NA,NA
10,3,30,123,2000,386,TRUE,TRUE,TRUE,0.000549465508302971,0.000502650365785728,0.000504315782555098,5.55111512312578e-16,4.44089209850063e-16,6.54587495318992e-13,0.00721516252167979,0.322671877343696,0.000964008362955355,5.59981015513245e-05,0.0951076073711506,4.25334150518506,0.0127072021747222,0.00830358257214669,4.23240408245957e-07,0.0100000000002183,0.0799999999999272,4.47000000000025,NA,NA,NA
10,3,30,123,2000,387,TRUE,TRUE,TRUE,0.00029762202368553,0.00031935941173052,0.000324233558839134,4.44089209850063e-16,4.44089209850063e-16,5.43920464224357e-12,0.00672724025686764,0.300851330306584,0.000906185517998153,3.33369916702964e-05,0.0567076034268225,2.5360411220695,0.00763873550276563,0.00317934852898105,3.67933020110736e-07,0.00999999999976353,0.0599999999999454,4.55000000000018,NA,NA,NA
10,3,30,123,2000,388,TRUE,TRUE,TRUE,0.000741261040034119,0.000677999065111742,0.000679131527013117,4.44089209850063e-16,2.22044604925031e-16,3.68638453096537e-12,0.00465134458602253,0.20801445362244,0.000626799507207033,2.96159036992094e-05,0.0630183320097064,2.81826548404709,0.00849213785781251,0.00399397547243296,1.75894361446513e-07,0.0199999999999818,0.0700000000001637,4.38999999999987,NA,NA,NA
10,3,30,123,2000,389,TRUE,TRUE,TRUE,0.000485089863710568,0.000447739650186476,0.000446662318926814,3.33066907387547e-16,4.44089209850063e-16,4.61203719659409e-09,0.00605683182181636,0.270869753637306,0.000819773394167097,4.92814436299227e-05,0.0524143011402701,2.34403880685577,0.00709411303016336,0.00358007532184246,2.98253753802986e-07,0.0100000000002183,0.0700000000001637,4.44000000000005,NA,NA,NA
10,3,30,123,2000,390,TRUE,TRUE,TRUE,0.000630058796013284,0.000654442313051484,0.000662695924196347,2.22044604925031e-16,5.55111512312578e-16,8.94617713242951e-13,0.00523144733201292,0.233957437101816,0.000698790376187234,1.4802173524231e-05,0.0575143883768077,2.57212164189732,0.00768248221559442,0.00276155513748222,2.22504399899391e-07,0.0100000000002183,0.0799999999999272,4.50999999999976,NA,NA,NA
10,3,30,123,2000,391,TRUE,TRUE,TRUE,0.000739279668764539,0.000681679236866137,0.000674668615898365,2.22044604925031e-16,6.66133814775094e-16,4.18023393677913e-11,0.00911245161692971,0.407521225142654,0.00121315692791989,8.44053438484593e-05,0.111305551996794,4.97773561075937,0.0148183065542964,0.00924647781723564,6.75095727405568e-07,0.0100000000002183,0.0599999999999454,4.40999999999985,NA,NA,NA
10,3,30,123,2000,392,TRUE,TRUE,TRUE,0.000552428005071206,0.000511516797003161,0.000514021431960544,4.44089209850063e-16,4.44089209850063e-16,1.90958360235527e-14,0.00485589977851218,0.217162439933588,0.000657734185816017,2.8683108798333e-05,0.0710073931700438,3.17554716066545,0.00961798885147634,0.00440087838606118,1.91705387471176e-07,0.00999999999976353,0.0700000000001637,4.46000000000004,NA,NA,NA
10,3,30,123,2000,393,TRUE,TRUE,TRUE,0.000499967947576455,0.000496748611071506,0.000501359827693804,4.44089209850063e-16,4.44089209850063e-16,1.52486046012257e-09,0.00431625856373306,0.193028951139455,0.000584296805703706,1.99070254893741e-05,0.0590293559078302,2.63987304955874,0.00799087070211613,0.00376597715644778,1.51464129991862e-07,0.0100000000002183,0.0599999999999454,4.54999999999973,NA,NA,NA
10,3,30,123,2000,394,TRUE,TRUE,TRUE,0.000731635195818726,0.000662958711851776,0.00065950045233777,4.44089209850063e-16,2.22044604925031e-16,2.39408493030169e-12,0.00482166803093031,0.215631549641955,0.000641789951560824,2.83763923860647e-05,0.0740784651065469,3.3128896729417,0.00986024218744439,0.00440418414996202,1.89012053662564e-07,0.0100000000002183,0.0599999999999454,4.42000000000007,NA,NA,NA
10,3,30,123,2000,395,TRUE,TRUE,TRUE,0.000915572043032079,0.000802847087235891,0.000785852160205002,5.55111512312578e-16,4.44089209850063e-16,4.20252721511361e-11,0.00925633769462367,0.413956006157445,0.00123974933661233,7.33988169443478e-05,0.0898772846057679,4.01943436023185,0.0120377310814013,0.00748591590505043,6.96583638348871e-07,0.0299999999997453,0.0600000000004002,4.48999999999978,NA,NA,NA
10,3,30,123,2000,396,TRUE,TRUE,TRUE,0.00048674575691176,0.00041622771757502,0.000415161792135603,4.44089209850063e-16,3.33066907387547e-16,2.7876767560997e-10,0.00597127378563398,0.267043481938802,0.000800767891324187,3.43532542572689e-05,0.0785360220271707,3.51223767870349,0.0105319446083664,0.00577004659001545,2.89887078235768e-07,0.0199999999999818,0.069999999999709,4.51999999999998,NA,NA,NA
10,3,30,123,2000,397,TRUE,TRUE,TRUE,0.000540702689994907,0.000473005422620388,0.00047469577959246,4.44089209850063e-16,4.44089209850063e-16,1.83030923750493e-10,0.00980503416781837,0.438494458418999,0.00133797446446799,6.13115117538143e-05,0.0889600418064081,3.97841401520703,0.0121393013280506,0.00638286216548778,7.81615406764924e-07,0.0300000000002001,0.0599999999999454,4.44000000000005,NA,NA,NA
10,3,30,123,2000,398,TRUE,TRUE,TRUE,0.000690665674707606,0.000598657202720355,0.000598979931994169,6.66133814775094e-16,4.44089209850063e-16,1.19988463609388e-10,0.00891488640053176,0.398685840065549,0.0012073418774347,9.7134694804879e-05,0.0916401855731349,4.0982736882445,0.0124108181223413,0.0080089711904705,6.46139833612895e-07,0.0199999999999818,0.0600000000004002,4.4699999999998,NA,NA,NA
10,3,30,123,2000,399,TRUE,TRUE,TRUE,0.000574693434325362,0.000542800627203482,0.000543880240725462,4.44089209850063e-16,4.44089209850063e-16,1.0997203148122e-11,0.00395516081764462,0.17688016900394,0.000527687341189934,2.34316636493759e-05,0.0470127793510685,2.10247540880375,0.00627232359985001,0.00269295153342597,1.27181277182368e-07,0.0199999999999818,0.069999999999709,4.53999999999996,NA,NA,NA
10,3,30,123,2000,400,TRUE,TRUE,TRUE,0.000536928482743191,0.000513810524484846,0.00051199639215257,4.44089209850063e-16,4.44089209850063e-16,1.54121160278464e-12,0.00733944217214728,0.328229832277001,0.000997668760825176,4.34302266896225e-05,0.0783264866510623,3.50286697181011,0.0106471155496675,0.00544507717908971,4.37946434132471e-07,0.0199999999999818,0.0700000000001637,4.46000000000004,NA,NA,NA
10,3,30,123,2000,401,TRUE,TRUE,TRUE,0.000541364459130677,0.000466259432715216,0.00046439757866794,4.44089209850063e-16,4.44089209850063e-16,5.04041253179821e-14,0.00677441182262897,0.302960906859532,0.000915095439967593,5.75397526922927e-05,0.077917065088976,3.48455708292452,0.0105251279115343,0.00591492811731342,3.73111020671342e-07,0.0199999999999818,0.0599999999999454,4.56999999999971,NA,NA,NA
10,3,30,123,2000,402,TRUE,TRUE,TRUE,0.000472195275700261,0.000464590997652831,0.000469454370176848,3.33066907387547e-16,2.22044604925031e-16,4.13802325738288e-12,0.00688198576798315,0.307771759947928,0.000925328697272556,4.38690448589796e-05,0.0597075162377414,2.67020130150525,0.00802807214084674,0.00387649055195283,3.85054700087176e-07,0.0199999999999818,0.0599999999999454,4.34999999999991,NA,NA,NA
10,3,30,123,2000,403,TRUE,TRUE,TRUE,0.00075247323795301,0.000693387795461164,0.000698473106080824,3.33066907387547e-16,4.44089209850063e-16,2.05924166607474e-12,0.00643916715936369,0.287968309736429,0.000881867358118844,3.31823308741264e-05,0.0477473527183809,2.13532652847918,0.00653917358515788,0.0027770092876338,3.37096534196975e-07,0.0100000000002183,0.0599999999999454,4.44999999999982,NA,NA,NA
10,3,30,123,2000,404,TRUE,TRUE,TRUE,0.0005947025821387,0.000558382536337204,0.000560296561004864,2.22044604925031e-16,2.22044604925031e-16,8.77621264550044e-09,0.00506455203204297,0.226493652384656,0.0006881103917558,3.78826282485534e-05,0.0669012789825529,2.99191615173332,0.0090897408099248,0.00394317101171282,2.0853404296968e-07,0.0100000000002183,0.0599999999999454,4.55000000000018,NA,NA,NA
10,3,30,123,2000,405,TRUE,TRUE,TRUE,0.000640112351058969,0.000643969777209418,0.000647596379892212,4.44089209850063e-16,2.22044604925031e-16,5.08859621106694e-12,0.00753232163880495,0.33685566425521,0.00102255620472262,4.12743770468182e-05,0.0801008197489382,3.58221756024167,0.010874149321462,0.00469875804399678,4.61267229840726e-07,0.0199999999999818,0.0599999999999454,4.39000000000033,NA,NA,NA
10,3,30,123,2000,406,TRUE,TRUE,TRUE,0.000604356881842737,0.000525696553303367,0.00052751007637192,4.44089209850063e-16,3.33066907387547e-16,1.34869893031464e-12,0.00487809547974828,0.218155061869032,0.000654418946811856,3.15521658649232e-05,0.0673251226256506,3.01087101568928,0.00903197488150249,0.00457580498279953,1.93461914711713e-07,0.0199999999999818,0.0799999999999272,4.5,NA,NA,NA
10,3,30,123,2000,407,TRUE,TRUE,TRUE,0.000906349350412791,0.000870249989696023,0.000881665239055369,4.44089209850063e-16,4.44089209850063e-16,6.59028387417493e-13,0.00699911661849343,0.313010010827996,0.000925624814482869,4.3297787080121e-05,0.0636245958458186,2.84537842704402,0.00841427682040967,0.0041949706749449,3.98273442595699e-07,0.0199999999999818,0.0799999999999272,4.5300000000002,NA,NA,NA
10,3,30,123,2000,408,TRUE,TRUE,TRUE,0.0010068107439756,0.000888199158975198,0.000896620311364243,4.44089209850063e-16,4.44089209850063e-16,2.36242136963938e-11,0.0102805096696069,0.459758369291701,0.00135123780777228,8.31142293122866e-05,0.0998366027468433,4.46482860769168,0.0131222085836756,0.0080085818233222,8.59259179405545e-07,0.0199999999999818,0.0599999999999454,4.40000000000009,NA,NA,NA
10,3,30,123,2000,409,TRUE,TRUE,TRUE,0.000748116090020962,0.000728170411247559,0.00072756975216389,4.44089209850063e-16,4.44089209850063e-16,4.30877555857023e-12,0.00417437350002146,0.186683658190434,0.000560147695233488,1.85957766021261e-05,0.0581959177482425,2.60260056196113,0.00780915009126713,0.00348713310944149,1.41669870875458e-07,0.0100000000002183,0.0599999999999454,4.44000000000005,NA,NA,NA
10,3,30,123,2000,410,TRUE,TRUE,TRUE,0.000473765297998402,0.00046478299368555,0.000463738193827081,4.44089209850063e-16,4.44089209850063e-16,4.02389233045142e-12,0.00449433617810549,0.200992824159609,0.000608569723867416,2.61856712739927e-05,0.0707930806836521,3.16596281490547,0.00958595971820127,0.00440670905584994,1.64219981153072e-07,0.0199999999999818,0.0600000000004002,4.53999999999996,NA,NA,NA
10,3,30,123,2000,411,TRUE,TRUE,TRUE,0.000565940723162762,0.000526183013785424,0.00052409395037376,4.44089209850063e-16,4.44089209850063e-16,5.42277334147911e-12,0.00549189961433687,0.245605217265242,0.000740964164932616,2.85989257520214e-05,0.0676806863254233,3.02677230774974,0.00913144207775891,0.00409447851682643,2.45211068080922e-07,0.0199999999999818,0.0599999999999454,4.44000000000005,NA,NA,NA
10,3,30,123,2000,412,TRUE,TRUE,TRUE,0.000488054960159326,0.000455824334845193,0.000454145079115984,2.22044604925031e-16,4.44089209850063e-16,2.41473507855972e-12,0.00475807519843544,0.212787591715149,0.000634749584734106,2.83659799507063e-05,0.0577772108691156,2.58387542107364,0.00770775136515817,0.00363519147092717,1.84059183690784e-07,0.0199999999999818,0.0599999999999454,4.4699999999998,NA,NA,NA
10,3,30,123,2000,413,TRUE,TRUE,TRUE,0.000530088338481708,0.000450711186243398,0.00045228066362627,4.44089209850063e-16,4.44089209850063e-16,1.04038555548414e-10,0.00649982904949662,0.290681191936046,0.000877327117668505,5.0381350437334e-05,0.0772775635095449,3.45595770285799,0.0104306900286131,0.00530495991606372,3.43477867257562e-07,0.0199999999999818,0.0599999999999454,4.51000000000022,NA,NA,NA
10,3,30,123,2000,414,TRUE,TRUE,TRUE,0.000637057023078298,0.000610343468652679,0.000606979599799881,2.22044604925031e-16,4.44089209850063e-16,4.54725146425972e-12,0.0117533182460635,0.525624371187732,0.00158195278036976,6.92522837795195e-05,0.0680070593606082,3.04136815360367,0.00915349643291741,0.00465046842467842,1.12309341295325e-06,0.00999999999976353,0.0799999999999272,4.51999999999998,NA,NA,NA
10,3,30,123,2000,415,TRUE,TRUE,TRUE,0.000425465067766105,0.000400730946596612,0.000406422653902331,4.44089209850063e-16,4.44089209850063e-16,7.10764780365025e-12,0.00716169843582509,0.320280890737176,0.000964676567593463,4.53339544961295e-05,0.070674757619865,3.16067124662679,0.00951984828838671,0.00454444745889759,4.16991255981297e-07,0.0199999999999818,0.0599999999999454,4.52999999999975,NA,NA,NA
10,3,30,123,2000,416,TRUE,TRUE,TRUE,0.00079817354234414,0.000724282330313402,0.000723219249951463,3.33066907387547e-16,4.44089209850063e-16,2.94250401822183e-09,0.00468521236350251,0.209529066676282,0.000625927141072869,2.8597346659609e-05,0.0751690204650706,3.36166079123941,0.010042304686863,0.00527606624520871,1.78465161716397e-07,0.0199999999999818,0.0599999999999454,4.51999999999998,NA,NA,NA
10,3,30,123,2000,417,TRUE,TRUE,TRUE,0.00044072036897306,0.000418017779080251,0.000427948686247421,6.66133814775094e-16,2.22044604925031e-16,6.50590692430342e-12,0.00625599333296704,0.279776527185995,0.000848394072543387,3.06226109358931e-05,0.0598373354184533,2.67600699176235,0.00811472103371465,0.00408711266017292,3.18190671399415e-07,0.0199999999999818,0.069999999999709,4.44000000000005,NA,NA,NA
10,3,30,123,2000,418,TRUE,TRUE,TRUE,0.000592901064308276,0.000501042450497853,0.000499502085572214,4.44089209850063e-16,4.44089209850063e-16,2.1156409957257e-12,0.0075226034181439,0.336421052214841,0.00101567471545174,6.65621522912829e-05,0.0966820024396214,4.32375059311588,0.0130536544144176,0.00806440957355647,4.60077741355043e-07,0.0300000000002001,0.0599999999999454,4.44999999999982,NA,NA,NA
10,3,30,123,2000,419,TRUE,TRUE,TRUE,0.000605607914126454,0.000556575243627698,0.000557507244943378,4.44089209850063e-16,4.44089209850063e-16,1.57918123022682e-12,0.00636568039516754,0.284681881732647,0.000847928182488259,4.2758912890406e-05,0.0653646562882247,2.92319629572759,0.00870677300222602,0.00441606655206783,3.29446234905856e-07,0.0199999999999818,0.0599999999999454,4.5,NA,NA,NA
10,3,30,123,2000,420,TRUE,TRUE,TRUE,0.000774065714471257,0.000765889627735813,0.000777881556444846,4.44089209850063e-16,4.44089209850063e-16,6.16303941214369e-09,0.00782485442495145,0.349938128164629,0.00103579503442658,7.72978091418963e-05,0.0696399588002263,3.11439363655181,0.0092184109256951,0.00625961339510894,4.97791437168149e-07,0.0199999999999818,0.0599999999999454,4.46000000000004,NA,NA,NA
10,3,30,123,2000,421,TRUE,TRUE,TRUE,0.000630376164471519,0.000619043694103627,0.00061788255530935,6.66133814775094e-16,4.44089209850063e-16,3.93440835466663e-12,0.0035284466848111,0.157796932844428,0.000468224337822393,1.8026545699712e-05,0.0526699982556292,2.35547392948764,0.00698930074882763,0.00292332377909332,1.01218991931337e-07,0.0300000000002001,0.069999999999709,4.62000000000035,NA,NA,NA
10,3,30,123,2000,422,TRUE,TRUE,TRUE,0.0006588243538918,0.000557920098267414,0.000555073818252386,4.44089209850063e-16,3.33066907387547e-16,3.74471564867918e-10,0.00849253665322113,0.37979778516022,0.00115108794413042,6.66849147670234e-05,0.0767623824095369,3.43291810365117,0.0104044594168261,0.00535520816834278,5.86367307368328e-07,0.00999999999976353,0.0599999999999454,4.41000000000031,NA,NA,NA
10,3,30,123,2000,423,TRUE,TRUE,TRUE,0.000642119392681897,0.000517054841729075,0.000518486853552789,2.22044604925031e-16,4.44089209850063e-16,7.95807864051312e-13,0.00774242492565012,0.346251768888849,0.00104654657427705,8.81688364060551e-05,0.109623774543191,4.90252423657373,0.014817888040143,0.00992241282642681,4.8735889210836e-07,0.0199999999999818,0.0799999999999272,4.43000000000029,NA,NA,NA
10,3,30,123,2000,424,TRUE,TRUE,TRUE,0.000694726284169914,0.000568653771135595,0.000550175528510278,2.22044604925031e-16,4.44089209850063e-16,2.26023644245288e-11,0.0143132718736284,0.640108977797377,0.00191163161405434,0.000104397565888092,0.089746556636901,4.01358802773291,0.0119862430081912,0.00730457755412672,1.66560773762928e-06,0.00999999999976353,0.0799999999999272,4.55000000000018,NA,NA,NA
10,3,30,123,2000,425,TRUE,TRUE,TRUE,0.000594028694042243,0.000599811593979406,0.000616526439819116,4.44089209850063e-16,5.55111512312578e-16,8.69550631499294e-09,0.0141214550393768,0.631530668185069,0.00188791130069587,7.38832979436665e-05,0.0694049480687883,3.10388363713307,0.00927881619974045,0.0043989778896858,1.62126416609057e-06,0.0199999999999818,0.0599999999999454,4.41000000000031,NA,NA,NA
10,3,30,123,2000,426,TRUE,TRUE,TRUE,0.000587494367812841,0.000575203382302044,0.000575850663266065,4.44089209850063e-16,4.44089209850063e-16,3.61999319409279e-12,0.00423194112117054,0.18925816047428,0.00057201418610623,2.05811683073875e-05,0.0543912938113857,2.43245260692844,0.00735184889627646,0.00307420183726492,1.45604273602066e-07,0.00999999999976353,0.0599999999999454,4.48000000000002,NA,NA,NA
10,3,30,123,2000,427,TRUE,TRUE,TRUE,0.000442928817918383,0.000397897932990014,0.000403620631313294,4.44089209850063e-16,4.44089209850063e-16,2.25153229393982e-13,0.00599195840582358,0.267968526275456,0.000810257646579513,2.70166614200207e-05,0.0743908604828926,3.32686041888902,0.0100594429165782,0.00503599754804895,2.91898906805853e-07,0.0300000000002001,0.0599999999999454,4.57000000000016,NA,NA,NA
10,3,30,123,2000,428,TRUE,TRUE,TRUE,0.000523043488507658,0.000457320235299344,0.000457105072684142,3.33066907387547e-16,5.55111512312578e-16,6.87960799439225e-12,0.0101244542847208,0.452779360314493,0.00135136362071927,7.62019161371086e-05,0.0809361794575144,3.61957598212249,0.0108029732213767,0.00577444074917466,8.33370524905698e-07,0.0100000000002183,0.069999999999709,4.42000000000007,NA,NA,NA
10,3,30,123,2000,429,TRUE,TRUE,TRUE,0.000617356073608216,0.000592152085749706,0.000582846364131257,3.33066907387547e-16,4.44089209850063e-16,7.8729709418468e-09,0.00850224644771511,0.380232020370942,0.00112921296588156,7.31323341511825e-05,0.106189292184492,4.74892951614221,0.0141033697752596,0.00918635549342994,5.87708899655969e-07,0.0199999999999818,0.0799999999999272,4.48000000000002,NA,NA,NA
10,3,30,123,2000,430,TRUE,TRUE,TRUE,0.000488419608592663,0.000412654806227234,0.000407264928840685,4.44089209850063e-16,4.44089209850063e-16,1.90092386276319e-12,0.0148427306076796,0.663787092209765,0.00199391478665699,9.64225733603996e-05,0.0699819045181705,3.12968591395058,0.00940109727148192,0.00453760890556509,1.79111099099307e-06,0.00999999999976353,0.080000000000382,4.55999999999995,NA,NA,NA
10,3,30,123,2000,431,TRUE,TRUE,TRUE,0.000510714356441308,0.000470883493102741,0.000477804135239391,2.22044604925031e-16,5.55111512312578e-16,1.05622177670739e-10,0.00863894645836471,0.386345430697691,0.0011729939860191,3.55379249512566e-05,0.0545003626661538,2.43733031439823,0.00740004559020727,0.00323243649790328,6.06759316345465e-07,0.0199999999999818,0.0599999999999454,4.44000000000005,NA,NA,NA
10,3,30,123,2000,432,TRUE,TRUE,TRUE,0.000654816563832039,0.000516446306071861,0.000514190264231896,4.44089209850063e-16,4.44089209850063e-16,1.23696608511636e-11,0.00726088012444152,0.324716430694568,0.000963338247052347,4.83185053461455e-05,0.10431755284608,4.66522278820523,0.0138403453538992,0.00857776158296986,4.28620977085447e-07,0.0199999999999818,0.0799999999999272,4.42999999999984,NA,NA,NA
10,3,30,123,2000,433,TRUE,TRUE,TRUE,0.000466543434961096,0.000414583408971046,0.000417791621588729,4.44089209850063e-16,4.44089209850063e-16,4.11140232969842e-10,0.00739894570488303,0.330890911158971,0.000999429455888669,5.20012129854308e-05,0.0821728472496796,3.67488144709981,0.0110996846430931,0.00653465711920376,4.45076402795179e-07,0.0100000000002183,0.0799999999999272,4.5,NA,NA,NA
10,3,30,123,2000,434,TRUE,TRUE,TRUE,0.000568891606440571,0.00053625667679884,0.000540088260473456,2.22044604925031e-16,4.44089209850063e-16,9.99200722162641e-15,0.00506911000883674,0.22669749130367,0.000692274214329427,1.82720328112396e-05,0.0438818084408711,1.96245413298824,0.00599281617656779,0.00206356548029163,2.08909563265762e-07,0.0100000000002183,0.0799999999999272,4.44000000000005,NA,NA,NA
10,3,30,123,2000,435,TRUE,TRUE,TRUE,0.000563771344014694,0.000511580379736711,0.000515573909355843,4.44089209850063e-16,4.44089209850063e-16,3.09530179265494e-13,0.00431946812430716,0.193172487051886,0.00058529214664801,2.52243947507225e-05,0.0549284934285357,2.45647690415713,0.0074428644698207,0.00352819044452701,1.51689470543948e-07,0.0199999999999818,0.0599999999999454,4.44000000000005,NA,NA,NA
10,3,30,123,2000,436,TRUE,TRUE,TRUE,0.000448279517889569,0.00044297916052024,0.000443222054078473,4.44089209850063e-16,4.44089209850063e-16,1.94333438230387e-12,0.00361858121258262,0.161827871468767,0.000483653616569467,1.64312420096735e-05,0.04446919200001,1.98872272433025,0.00594367910327391,0.00231110872940476,1.06456341398828e-07,0.00999999999976353,0.0700000000001637,4.48000000000002,NA,NA,NA
10,3,30,123,2000,437,TRUE,TRUE,TRUE,0.000550680322746227,0.000537140998760357,0.000533741532935826,4.44089209850063e-16,4.44089209850063e-16,7.04069735846247e-09,0.0059405760791089,0.265670638767933,0.000802471539871597,2.79494407635639e-05,0.045918143796462,2.05352181858999,0.00620276603980798,0.00256836665003846,2.86914180094966e-07,0.0199999999999818,0.0599999999999454,4.42000000000007,NA,NA,NA
10,3,30,123,2000,438,TRUE,TRUE,TRUE,0.000520876736518209,0.00043417296440466,0.000438593619717009,4.44089209850063e-16,4.44089209850063e-16,1.46327394645596e-12,0.0114791321200406,0.513362394862242,0.00154173600676379,7.61964461304387e-05,0.110001369523,4.91941079743003,0.0147740326022433,0.00930116156680327,1.07130466853128e-06,0.00999999999976353,0.0599999999999454,4.45000000000027,NA,NA,NA
10,3,30,123,2000,439,TRUE,TRUE,TRUE,0.00064827159525245,0.000568454906757683,0.000567032913247156,5.55111512312578e-16,2.22044604925031e-16,1.12316822509229e-11,0.0097280478644104,0.435051526263866,0.00131873804349158,6.87457578436579e-05,0.0799569710823039,3.57578445230033,0.010838998849332,0.0066986372613016,7.69389554896421e-07,0.0199999999999818,0.0599999999999454,4.47000000000025,NA,NA,NA
10,3,30,123,2000,440,TRUE,TRUE,TRUE,0.000508232859826651,0.000485925577322378,0.000481809223592384,4.44089209850063e-16,2.22044604925031e-16,1.75438774618897e-10,0.00630029335963707,0.28175768460678,0.000858477153132453,3.09835496707933e-05,0.0580685088814226,2.59690266421823,0.00791240746193474,0.00326184604973889,3.22712979003959e-07,0.0100000000002183,0.0700000000001637,4.41999999999962,NA,NA,NA
10,3,30,123,2000,441,TRUE,TRUE,TRUE,0.000409960516222706,0.000399272451412266,0.00040285589632675,6.66133814775094e-16,4.44089209850063e-16,3.96083166265271e-12,0.00539250238546056,0.241160038054392,0.000730840264532345,2.36170201617369e-05,0.0483810204938068,2.16366501289925,0.00655702961047807,0.00273995583628306,2.36415300627625e-07,0.0199999999999818,0.0599999999999454,4.47000000000025,NA,NA,NA
10,3,30,123,2000,442,TRUE,TRUE,TRUE,0.000775883563110386,0.000717890967962532,0.000720285783497167,5.55111512312578e-16,2.22044604925031e-16,1.48751233552957e-10,0.00975773971899705,0.436379386368542,0.00134112799865662,0.000100161504768437,0.0966133778058389,4.3206816061945,0.013278782766458,0.00847364557384367,7.74093369298313e-07,0.0199999999999818,0.190000000000055,4.38999999999987,NA,NA,NA
10,3,30,123,2000,443,TRUE,TRUE,TRUE,0.000458458665019306,0.000463178988030513,0.00045852257169331,2.22044604925031e-16,4.44089209850063e-16,2.1040946762696e-12,0.00601814718674938,0.269139724163415,0.000805933003501614,2.66700587232549e-05,0.0532467055574364,2.38126506408687,0.0071306460285578,0.00339325659193435,2.9445606147463e-07,0.00999999999976353,0.0700000000001637,4.44999999999982,NA,NA,NA
10,3,30,123,2000,444,TRUE,TRUE,TRUE,0.000696015575662739,0.000604609132068353,0.000613834480316686,4.44089209850063e-16,4.44089209850063e-16,2.02546868166564e-11,0.00937493703755957,0.419259930015274,0.00124368715266778,7.99100902071359e-05,0.106267148536086,4.75241135803511,0.0140974906663878,0.00999163337232289,7.14548328928506e-07,0.0199999999999818,0.0700000000001637,4.57999999999993,NA,NA,NA
10,3,30,123,2000,445,TRUE,TRUE,TRUE,0.000618366695150796,0.000532896145762253,0.000542944058559092,4.44089209850063e-16,4.44089209850063e-16,7.33108240780211e-10,0.00805426796624928,0.360197813630648,0.0010901048406126,6.93196158962905e-05,0.10099391683331,4.51658526706482,0.0136690209555675,0.00846226655547611,5.27408394082515e-07,0.00999999999976353,0.0600000000004002,4.40999999999985,NA,NA,NA
10,3,30,123,2000,446,TRUE,TRUE,TRUE,0.000530621304839474,0.000503070556568952,0.000501490800116234,4.44089209850063e-16,2.22044604925031e-16,1.91247018221929e-11,0.00833105565474019,0.372576135366662,0.00111289062023529,5.86113944081035e-05,0.0647913073169908,2.89755535023742,0.00865504219082182,0.00453292396145599,5.64280392864866e-07,0.0100000000002183,0.0700000000001637,4.41999999999962,NA,NA,NA
10,3,30,123,2000,447,TRUE,TRUE,TRUE,0.00037816353122118,0.000350726257136609,0.000353915696955247,4.44089209850063e-16,4.44089209850063e-16,9.6377839042816e-10,0.0086619577905657,0.387374528758776,0.00116640429445157,4.68674974989369e-05,0.0741544965499802,3.31628990246059,0.00998551659106415,0.00499925476007235,6.09996038744243e-07,0.0399999999999636,0.0599999999999454,4.53999999999996,NA,NA,NA
10,3,30,123,2000,448,TRUE,TRUE,TRUE,0.000493642201251973,0.000508234638270353,0.000503326660176659,2.22044604925031e-16,2.22044604925031e-16,1.23654420036701e-11,0.00781211781506114,0.349368529654277,0.0010399965544103,3.62171445971171e-05,0.0599052317905439,2.67904340983075,0.00797494816747442,0.0029092580409511,4.96172233791834e-07,0.0199999999999818,0.0700000000001637,4.40999999999985,NA,NA,NA
10,3,30,123,2000,449,TRUE,TRUE,TRUE,0.00067863120198159,0.000571657217750906,0.000568533017530594,4.44089209850063e-16,2.22044604925031e-16,6.69975186440297e-12,0.00734089983959891,0.328295021147209,0.000996350302098146,7.34402605253592e-05,0.104027037239461,4.65223053530672,0.0141191641685135,0.00910818458350349,4.38120410203441e-07,0.0199999999999818,0.0599999999999454,4.44000000000005,NA,NA,NA
10,3,30,123,2000,450,TRUE,TRUE,TRUE,0.000656504660543983,0.000594139067920179,0.000583536823262357,4.44089209850063e-16,4.44089209850063e-16,1.92423854628032e-10,0.0124279769583519,0.555796026033517,0.0016533617898454,8.04863669259248e-05,0.0913321884223904,4.08449963692569,0.0121504208630723,0.00792632887069544,1.25572854697012e-06,0.0199999999999818,0.080000000000382,4.55999999999995,NA,NA,NA
10,3,30,123,2000,451,TRUE,TRUE,TRUE,0.00120192300018328,0.0011622436455757,0.00116490564607848,4.44089209850063e-16,3.33066907387547e-16,1.2241319069517e-11,0.00539906924694569,0.241453717027983,0.000751586372613389,2.49675077377276e-05,0.0506217077026984,2.26387159120717,0.00704687862436469,0.00296042862295565,2.3699145311638e-07,0.0199999999999818,0.0799999999999272,4.44000000000005,NA,NA,NA
10,3,30,123,2000,452,TRUE,TRUE,TRUE,0.000649209502520606,0.000599614458740745,0.00059772344169227,3.33066907387547e-16,4.44089209850063e-16,1.26965105096133e-10,0.00573351804552941,0.25641072200051,0.000773928185988987,3.81802907085671e-05,0.069646626059016,3.11469180542936,0.00940111926710271,0.00407185030127266,2.67262025840743e-07,0.0199999999999818,0.0799999999999272,4.48000000000002,NA,NA,NA
10,3,30,123,2000,453,TRUE,TRUE,TRUE,0.000438235579317841,0.000382083620452247,0.000380075159283191,3.33066907387547e-16,4.44089209850063e-16,7.0921046813055e-13,0.0119994158468811,0.536630190478286,0.00159667549607123,0.000101444973637399,0.0974953417773223,4.36012423407336,0.0129730001179517,0.00846071133524617,1.17061772899497e-06,0.0100000000002183,0.0799999999999272,4.5,NA,NA,NA
10,3,30,123,2000,454,TRUE,TRUE,TRUE,0.000474632897872073,0.000467028718974955,0.000466831722702364,4.44089209850063e-16,4.44089209850063e-16,1.76281211849982e-12,0.00299682980869445,0.13402230338477,0.000400218704483704,1.58138704975386e-05,0.0355893597375852,1.59160455297869,0.0047528649796052,0.00186490265026862,7.30161699372328e-08,0.0199999999999818,0.0599999999999454,4.44000000000005,NA,NA,NA
10,3,30,123,2000,455,TRUE,TRUE,TRUE,0.000680507198224776,0.000649011614630815,0.000652207001702785,4.44089209850063e-16,4.44089209850063e-16,1.12687636999453e-12,0.00609237014931426,0.272459075959144,0.000835474240162084,3.5299417493917e-05,0.0626645544058976,2.80244406862642,0.00859347342565123,0.00396408170672302,3.01764016554922e-07,0.0199999999999818,0.0799999999999272,4.42999999999984,NA,NA,NA
10,3,30,123,2000,456,TRUE,TRUE,TRUE,0.000786186353948223,0.000781176460223757,0.000784104731029562,4.44089209850063e-16,2.22044604925031e-16,1.5126122576703e-11,0.00954278536902903,0.426766335596787,0.00128989867386498,7.46892794154519e-05,0.104503450006345,4.67353636194876,0.0141257354498391,0.00768336396320279,7.40363842271176e-07,0.0100000000002183,0.0599999999999454,4.5,NA,NA,NA
10,3,30,123,2000,457,TRUE,TRUE,TRUE,0.000799031978530399,0.000750599612222058,0.00074764451865745,3.33066907387547e-16,6.66133814775094e-16,3.01558333859475e-10,0.00600836128216919,0.268702085206162,0.000798712106334618,3.48033982859874e-05,0.0779455867805993,3.48583261175058,0.0103615746246444,0.00536248308323195,2.93499230057478e-07,0.0199999999999818,0.0599999999999454,4.42000000000007,NA,NA,NA
10,3,30,123,2000,458,TRUE,TRUE,TRUE,0.000614040836250444,0.00059482765566423,0.000603120322189818,4.44089209850063e-16,4.44089209850063e-16,1.81463732928933e-10,0.0105565246350122,0.472102133800767,0.00143311441596706,4.56139783651111e-05,0.0727140255873628,3.25187008262004,0.00987138494108454,0.00455011615561318,9.06017986744867e-07,0.00999999999976353,0.0599999999999454,4.46000000000004,NA,NA,NA
10,3,30,123,2000,459,TRUE,TRUE,TRUE,0.000624898385582615,0.000580051628768876,0.000580751783970911,4.44089209850063e-16,2.22044604925031e-16,2.33546515460148e-12,0.00530467676069934,0.237232356711742,0.000725689238653362,3.48616116845335e-05,0.0642034021253464,2.87126343078058,0.00878313987997939,0.00403769073732363,2.2877719947564e-07,0.00999999999976353,0.0700000000001637,4.51000000000022,NA,NA,NA
10,3,30,123,2000,460,TRUE,TRUE,TRUE,0.000612669290514979,0.00055301384903363,0.000549772696820382,4.44089209850063e-16,4.44089209850063e-16,9.27657994864717e-09,0.00949073115080295,0.424438400187404,0.00126832662924324,5.61235484397571e-05,0.0656454973186579,2.93575588842598,0.00877276271092404,0.00359935893553853,7.32308762413183e-07,0.00999999999976353,0.0799999999999272,4.42000000000007,NA,NA,NA
10,3,30,123,2000,461,TRUE,TRUE,TRUE,0.000879908150732737,0.000821964055833599,0.000834698750761913,6.66133814775094e-16,2.22044604925031e-16,1.19215748384249e-12,0.00912648070438573,0.408148625006933,0.00125504794567826,3.82324974701476e-05,0.0571902219623924,2.55762447912422,0.00786463839805105,0.00411640769679522,6.77176016646545e-07,0.0100000000002183,0.0599999999999454,4.48999999999978,NA,NA,NA
10,3,30,123,2000,462,TRUE,TRUE,TRUE,0.000523277196466048,0.000516558649892596,0.000517128960411331,4.44089209850063e-16,6.66133814775094e-16,8.74345040813296e-12,0.00720849705783481,0.322373788738517,0.000972629682121333,4.16067252189123e-05,0.0590304353843748,2.63992132521742,0.00796487161508724,0.00377575804419195,4.22458779128562e-07,0.0199999999999818,0.0799999999999272,4.51000000000022,NA,NA,NA
10,3,30,123,2000,463,TRUE,TRUE,TRUE,0.000364779040411525,0.000339150871627039,0.000347610632121517,4.44089209850063e-16,2.22044604925031e-16,4.66759964012908e-12,0.00941605796380586,0.421098913742963,0.00127310155256555,6.03711543192276e-05,0.0602466149675217,2.69431052963269,0.00814566555843179,0.00417989352216352,7.20830468111803e-07,0.00999999999976353,0.0599999999999454,4.47000000000025,NA,NA,NA
10,3,30,123,2000,464,TRUE,TRUE,TRUE,0.000813827969766219,0.000763728757883647,0.000763009058379092,2.22044604925031e-16,3.33066907387547e-16,2.6231439242963e-10,0.00432580759983966,0.193455997016534,0.000567955889239161,1.96679437216574e-05,0.0520320782878278,2.32694528124347,0.00683153945497258,0.00288430438456899,1.52135051957972e-07,0.0199999999999818,0.0799999999999272,4.59000000000015,NA,NA,NA
10,3,30,123,2000,465,TRUE,TRUE,TRUE,0.000850552456929903,0.000803611763172498,0.000811103077586624,4.44089209850063e-16,2.22044604925031e-16,2.57127652503186e-13,0.00688706744897142,0.307999019630523,0.000947182179508138,3.75427390899574e-05,0.0597390102274584,2.67160975554304,0.00821593897956578,0.0041202466082737,3.85623561355136e-07,0.0100000000002183,0.0799999999999272,4.42000000000007,NA,NA,NA
10,3,30,123,2000,466,TRUE,TRUE,TRUE,0.000513651195047055,0.000474413230727891,0.000472211028866639,2.22044604925031e-16,4.44089209850063e-16,2.86148882366888e-12,0.0112451340319838,0.502897682232243,0.00152526479688343,5.47054236008648e-05,0.0773183707142755,3.45778265653298,0.0104872906510001,0.00458743562558084,1.02807349103481e-06,0.0199999999999818,0.0599999999999454,4.42000000000007,NA,NA,NA
10,3,30,123,2000,467,TRUE,TRUE,TRUE,0.000503152791085455,0.000475153067465055,0.000466371017247701,4.44089209850063e-16,2.22044604925031e-16,5.85733239688579e-10,0.0129843600080036,0.580678232444515,0.00176426628011293,7.47439730943711e-05,0.0694048504349258,3.103879270814,0.0094304715229047,0.00521408119612232,1.37067971396295e-06,0.0199999999999818,0.0599999999999454,4.55999999999995,NA,NA,NA
10,3,30,123,2000,468,TRUE,TRUE,TRUE,0.000847336391244763,0.000706868784531809,0.000714202024283705,3.33066907387547e-16,3.33066907387547e-16,4.28324042900385e-12,0.0105557136846679,0.472065866998842,0.00140215183713925,0.000119058331037536,0.121332308778717,5.42614580592411,0.0161169888404166,0.0118110571570753,9.05878791810441e-07,0.0199999999999818,0.0599999999999454,4.44000000000005,NA,NA,NA
10,3,30,123,2000,469,TRUE,TRUE,TRUE,0.000595650698667689,0.000588588252851635,0.000590670953187836,4.44089209850063e-16,4.44089209850063e-16,1.783018177548e-12,0.0100564711731464,0.44973906313845,0.00133958039718282,5.64445439579231e-05,0.0589669066082612,2.63708023197907,0.00785473460967743,0.00397369724071694,8.22216361433538e-07,0.0199999999999818,0.0599999999999454,4.45000000000027,NA,NA,NA
10,3,30,123,2000,470,TRUE,TRUE,TRUE,0.000788624283288644,0.000729931256721736,0.000726480323097501,4.44089209850063e-16,2.22044604925031e-16,3.54483109532566e-11,0.00906606895363468,0.405446929380551,0.00123424207820024,4.27139934870979e-05,0.0678483811775014,3.03427184952421,0.00923678469856208,0.0034506462371553,6.68240701398851e-07,0.0299999999997453,0.0600000000004002,4.53999999999996,NA,NA,NA
10,3,30,123,2000,471,TRUE,TRUE,TRUE,0.000714393886925862,0.000701036356677062,0.000712765736693463,2.22044604925031e-16,4.44089209850063e-16,9.4131391570329e-09,0.0151673497915432,0.678304503448157,0.00200881409129633,6.48753009357961e-05,0.0762925893213378,3.41190831803972,0.010104443465505,0.0050117549117914,1.87031300568313e-06,0.00999999999976353,0.0799999999999272,4.44000000000005,NA,NA,NA
10,3,30,123,2000,472,TRUE,TRUE,TRUE,0.000467175571463215,0.000462644517904855,0.000468349225119744,6.66133814775094e-16,4.44089209850063e-16,1.51996193409332e-11,0.00818732879350401,0.366148474728326,0.00110010554798291,3.5848691094742e-05,0.0556963350691534,2.49081582624465,0.0074837408826802,0.00317387725102947,5.4497847782878e-07,0.0199999999999818,0.0599999999999454,4.44999999999982,NA,NA,NA
10,3,30,123,2000,473,TRUE,TRUE,TRUE,0.000468717467103537,0.000423986731265229,0.000419627405516315,2.22044604925031e-16,2.22044604925031e-16,1.16595977317502e-09,0.0110159126085052,0.492646588536295,0.00148035857434979,5.93566230477904e-05,0.0837605618219032,3.74588620134698,0.0112560502513133,0.00604808682534497,9.86588053644104e-07,0.0300000000002001,0.0599999999999454,4.57999999999993,NA,NA,NA
10,3,30,123,2000,474,TRUE,TRUE,TRUE,0.000885671811413657,0.000871090996788651,0.000864747708504276,2.22044604925031e-16,2.22044604925031e-16,2.10367456787708e-09,0.00524198613891334,0.234428746874438,0.000694632765146001,2.10276301686463e-05,0.0453451497891049,2.02789674756698,0.00600883442826026,0.00260290226446713,2.23401777890728e-07,0.0100000000002183,0.0799999999999272,4.44000000000005,NA,NA,NA
10,3,30,123,2000,475,TRUE,TRUE,TRUE,0.000629667852950669,0.000573219939137738,0.000576587820150806,5.55111512312578e-16,4.44089209850063e-16,5.47384360061187e-12,0.00924276337310665,0.413348944044235,0.00126522074378896,8.03272985727688e-05,0.111314889842499,4.97815321191457,0.0152376407396844,0.0111135662713444,6.94542071310909e-07,0.0100000000002183,0.0700000000001637,4.4699999999998,NA,NA,NA
10,3,30,123,2000,476,TRUE,TRUE,TRUE,0.000801836135330095,0.000794675493837431,0.000792708007783637,4.44089209850063e-16,3.33066907387547e-16,7.68252128580116e-12,0.00564093317834624,0.252270200866323,0.000776684110355022,4.14566236770497e-05,0.0601493531007696,2.68996084671917,0.00828179404443813,0.00383850097689731,2.58700220508678e-07,0.00999999999976353,0.0599999999999454,4.55000000000018,NA,NA,NA
10,3,30,123,2000,477,TRUE,TRUE,TRUE,0.000925386281837707,0.000864179367667457,0.000866642607202616,4.44089209850063e-16,2.22044604925031e-16,1.66400226930818e-12,0.00613281865054395,0.274267987925896,0.000848253959930236,5.32815968412592e-05,0.0599061787667017,2.67908575989199,0.00828585618761714,0.00376618294443887,3.05784265044388e-07,0.00999999999976353,0.080000000000382,4.4699999999998,NA,NA,NA
10,3,30,123,2000,478,TRUE,TRUE,TRUE,0.000455954357820709,0.000456074519892491,0.000455680756639622,2.22044604925031e-16,4.44089209850063e-16,7.84394771358166e-12,0.00964176354752944,0.431192774305107,0.00129354378053829,6.11150714178166e-05,0.0783413381274733,3.50353115002653,0.0105103127860677,0.00619408846507241,7.5580166102819e-07,0.0100000000002183,0.0599999999999454,4.4699999999998,NA,NA,NA
10,3,30,123,2000,479,TRUE,TRUE,TRUE,0.000980298946805123,0.000976562038136992,0.000974209228368327,4.44089209850063e-16,4.44089209850063e-16,5.87618842473603e-12,0.00572518740457816,0.256038164411247,0.000794037254220497,2.9610840798e-05,0.0436021765210099,1.94994861335847,0.00604726973567621,0.00216061633870623,2.66485941606019e-07,0.00999999999976353,0.0700000000001637,4.50999999999976,NA,NA,NA
10,3,30,123,2000,480,TRUE,TRUE,TRUE,0.000476985758825821,0.000488513172529955,0.000482274937967786,3.33066907387547e-16,4.44089209850063e-16,7.20394854880624e-11,0.00511287554847017,0.228654745737516,0.000691394341620296,1.85173646798376e-05,0.056628715292395,2.53251313744554,0.00765768166176147,0.00331785304062038,2.125324908467e-07,0.0100000000002183,0.0700000000001637,4.44000000000005,NA,NA,NA
10,3,30,123,2000,481,TRUE,TRUE,TRUE,0.000574186078578596,0.000555687324993302,0.000556247753319079,6.66133814775094e-16,4.44089209850063e-16,4.91162666094169e-12,0.00375948433435631,0.168129250639325,0.00050313251392098,1.95196696708422e-05,0.0560007139623814,2.50442806416813,0.00749458635584044,0.00330663393353348,1.14908312685126e-07,0.0100000000002183,0.0599999999999454,4.48000000000002,NA,NA,NA
10,3,30,123,2000,482,TRUE,TRUE,TRUE,0.000780299120510132,0.000734924945228043,0.000724243840674776,2.22044604925031e-16,3.33066907387547e-16,6.94977408954855e-12,0.00971713229199029,0.434563367024973,0.00129990807428697,7.80671333409089e-05,0.092916979306209,4.15537363985249,0.0124299564942691,0.00788632395047273,7.67663902276752e-07,0.00999999999976353,0.0799999999999272,4.51999999999998,NA,NA,NA
10,3,30,123,2000,483,TRUE,TRUE,TRUE,0.000745397600382003,0.000631657346662738,0.000629155135274451,4.44089209850063e-16,4.44089209850063e-16,1.62128088732061e-11,0.00928376344240005,0.415182522884679,0.00123620493265514,9.02027709699382e-05,0.124029172498799,5.54675321800723,0.0165154439562618,0.0127698498376034,7.00717590686533e-07,0.0199999999999818,0.0599999999999454,4.44000000000005,NA,NA,NA
10,3,30,123,2000,484,TRUE,TRUE,TRUE,0.000470818025138393,0.00047023049839829,0.000470133164940605,2.22044604925031e-16,4.44089209850063e-16,5.00066654751663e-12,0.00798592886358837,0.357141596049225,0.00107244477646267,3.82801621050533e-05,0.0554967852790315,2.48189168833248,0.00745276329148576,0.00344741542587101,5.18496421254421e-07,0.0199999999999818,0.069999999999709,4.57999999999993,NA,NA,NA
10,3,30,123,2000,485,TRUE,TRUE,TRUE,0.000490909874101436,0.000499229654245595,0.000499684815467426,2.22044604925031e-16,4.44089209850063e-16,7.0364114534982e-09,0.00436536535249686,0.195225073496106,0.000581934421777875,2.71100859947637e-05,0.0555296080229991,2.48335956606688,0.00740249388700835,0.00332633069794497,1.54930200494146e-07,0.0100000000002183,0.0799999999999272,4.42000000000007,NA,NA,NA
10,3,30,123,2000,486,TRUE,TRUE,TRUE,0.000706549056549,0.000549168036415138,0.000559110319491523,4.44089209850063e-16,4.44089209850063e-16,5.42565992134314e-12,0.0144311331231735,0.645379893115296,0.00193938620082726,0.000131985269881341,0.103506866512044,4.62896779317853,0.0139101889568172,0.0105095294877415,1.69315124568094e-06,0.0199999999999818,0.0700000000001637,4.44000000000005,NA,NA,NA
10,3,30,123,2000,487,TRUE,TRUE,TRUE,0.000590857200197185,0.000535578537461084,0.000529395319865605,4.44089209850063e-16,4.44089209850063e-16,4.68358685168369e-12,0.0086517445731576,0.386917779790906,0.00116466765006359,7.57150836605547e-05,0.0789103385676266,3.52897762329473,0.0106226342916338,0.00559146820901901,6.08558407798065e-07,0.0299999999997453,0.0599999999999454,4.55000000000018,NA,NA,NA
10,3,30,123,2000,488,TRUE,TRUE,TRUE,0.000501137979553051,0.000439015719776835,0.000439514701802378,4.44089209850063e-16,4.44089209850063e-16,1.7874590696465e-11,0.0089562402399152,0.400535239985388,0.00121577009301666,5.72629197250762e-05,0.0750478537991091,3.35624205320548,0.0101874150033862,0.00522784671814591,6.52148286464034e-07,0.0199999999999818,0.0600000000004002,4.40999999999985,NA,NA,NA
10,3,30,123,2000,489,TRUE,TRUE,TRUE,0.000781109896730829,0.00075114243156576,0.000752509441382098,2.22044604925031e-16,4.44089209850063e-16,2.06878958408652e-12,0.00443134626922802,0.198175829796679,0.000599697669970278,1.96502592544334e-05,0.0563152914592156,2.51849639751039,0.00762119388103518,0.00346550239429178,1.59649022421147e-07,0.0199999999999818,0.0700000000001637,4.42999999999984,NA,NA,NA
10,3,30,123,2000,490,TRUE,TRUE,TRUE,0.000409042553004149,0.000371608344249507,0.000370119652050577,4.44089209850063e-16,4.44089209850063e-16,1.38844491459622e-12,0.00691299980345527,0.309158749779373,0.00092961359748848,3.27191947917527e-05,0.0558237454745183,2.49651379279338,0.0075068008579879,0.00307651588595803,3.88533059207907e-07,0.0199999999999818,0.0700000000001637,4.56999999999971,NA,NA,NA
10,3,30,123,2000,491,TRUE,TRUE,TRUE,0.000474723586895879,0.000396077859718517,0.000398208048127159,2.22044604925031e-16,4.44089209850063e-16,3.43619799281214e-10,0.00952217095121453,0.42584443080579,0.00129480935306404,6.67286524205224e-05,0.0744641962937466,3.33014009605411,0.0101255205691557,0.00545440239139339,7.37168614830518e-07,0.0199999999999818,0.0799999999999272,4.38999999999987,NA,NA,NA
10,3,30,123,2000,492,TRUE,TRUE,TRUE,0.000516858202350503,0.000451908351682166,0.000460159923925063,4.44089209850063e-16,4.44089209850063e-16,2.21388418708557e-09,0.00803633479268667,0.359395817727881,0.00106879740288775,3.69480695781021e-05,0.0561591023785898,2.51151140947794,0.00746891516084752,0.00359930461451086,5.25062413822327e-07,0.00999999999976353,0.0700000000001637,4.44999999999982,NA,NA,NA
10,3,30,123,2000,493,TRUE,TRUE,TRUE,0.00049524523088419,0.000451664983966722,0.00045193610743629,4.44089209850063e-16,4.44089209850063e-16,3.16617843054701e-11,0.00509924486428362,0.228045163009097,0.000686087669533427,3.81198813457218e-05,0.0574149474563028,2.56767450873743,0.00772500410258547,0.00333830372326105,2.11400798259536e-07,0.0199999999999818,0.0799999999999272,4.53999999999996,NA,NA,NA
10,3,30,123,2000,494,TRUE,TRUE,TRUE,0.0007857287204953,0.000739230454029709,0.000738749564680384,6.66133814775094e-16,4.44089209850063e-16,3.81028542051354e-12,0.00548203289125611,0.245163963994767,0.000725260541762216,3.94560406746791e-05,0.0797520438792401,3.56661982917054,0.0105510148694581,0.00552851639845287,2.44330769274909e-07,0.0199999999999818,0.0599999999999454,4.44000000000005,NA,NA,NA
10,3,30,123,2000,495,TRUE,TRUE,TRUE,0.000894733309048135,0.000815440321759876,0.000816246906187758,2.22044604925031e-16,4.44089209850063e-16,1.98951966012828e-12,0.00706638807892891,0.316018481997584,0.000976327229356952,6.16078521957775e-05,0.0946483163546054,4.23280138649605,0.0130770808845527,0.00845668264685884,4.05966182780721e-07,0.0199999999999818,0.0600000000004002,4.44999999999982,NA,NA,NA
10,3,30,123,2000,496,TRUE,TRUE,TRUE,0.000764446422474057,0.000710531582229776,0.000723612050452031,4.44089209850063e-16,4.44089209850063e-16,1.57460711136537e-11,0.0108212797175348,0.483942341038951,0.00142938524580109,6.45341527203414e-05,0.0881596048524473,3.94261738639185,0.0116450218219153,0.0065747253763746,9.52033290448215e-07,0.0199999999999818,0.0599999999999454,4.52999999999975,NA,NA,NA
10,3,30,123,2000,497,TRUE,TRUE,TRUE,0.000548173514091099,0.000519770728964692,0.000519217108168289,4.44089209850063e-16,4.44089209850063e-16,6.23945339839338e-14,0.00404091116205101,0.180715040987675,0.000534510650731835,2.68833441268157e-05,0.0591844919314791,2.6468109434515,0.00782861588064989,0.00367956511367851,1.32755796907223e-07,0.0300000000002001,0.0599999999999454,4.44000000000005,NA,NA,NA
10,3,30,123,2000,498,TRUE,TRUE,TRUE,0.000606968198932299,0.000545608853172536,0.000551513158130564,4.44089209850063e-16,6.66133814775094e-16,9.06830166513828e-13,0.00850998849275654,0.380578255150892,0.00116188804226932,3.78101584601609e-05,0.0615126922140505,2.75093122539278,0.008398467470565,0.00444247874637682,5.88779708510965e-07,0.0199999999999818,0.080000000000382,4.42999999999984,NA,NA,NA
10,3,30,123,2000,499,TRUE,TRUE,TRUE,0.000706152188547604,0.000678501632370657,0.000674920907336199,4.44089209850063e-16,4.44089209850063e-16,8.9980154438507e-09,0.0096420400400242,0.431205139425378,0.00130810845422754,5.68099719799875e-05,0.071984783549006,3.21925738722372,0.0097659731286449,0.00478226906112411,7.55845009214878e-07,0.0199999999999818,0.0700000000001637,4.51999999999998,NA,NA,NA
10,3,30,123,2000,500,TRUE,TRUE,TRUE,0.000949846814436652,0.000953452195319481,0.000950039773586795,5.55111512312578e-16,4.44089209850063e-16,1.36601840949879e-12,0.00545839110713299,0.244106671266594,0.000753345286780773,2.22179303506209e-05,0.0534557738199882,2.39061488102694,0.00737775188111414,0.00325178655305791,2.42227914458769e-07,0.0199999999999818,0.0599999999999454,4.45000000000027,NA,NA,NA
14,3,42,201,2000,1,TRUE,TRUE,TRUE,0.000535452167895477,0.000521129723620509,0.000525497606542431,4.44089209850063e-16,6.66133814775094e-16,2.79110068390764e-13,0.0162781489232447,0.727980950804803,0.0017599021211833,9.45119168633823e-05,0.0657956603287053,2.94247138238943,0.00711345760031686,0.00476394772515221,1.31829916600663e-06,0.0300000000002001,0.129999999999654,6.42000000000007,NA,NA,NA
14,3,42,201,2000,2,TRUE,TRUE,TRUE,0.00062927633923919,0.00057809987918843,0.000570007044026139,4.44089209850063e-16,4.44089209850063e-16,3.87211374075491e-10,0.0133354155009224,0.596377911365338,0.00143071641625875,9.26862913246396e-05,0.0799664968769528,3.57621045878782,0.00857936371196282,0.00624775192206073,8.84742818817121e-07,0.0299999999997453,0.110000000000127,6.2800000000002,NA,NA,NA
14,3,42,201,2000,3,TRUE,TRUE,TRUE,0.000656963513330258,0.000653223444316834,0.000651116368330824,4.44089209850063e-16,5.55111512312578e-16,7.82389708575693e-11,0.0104468853470099,0.467198915781212,0.00113282479121737,5.61683116302447e-05,0.0688871223101067,3.08072576519482,0.00746988574645816,0.00564177715435221,5.42972206236667e-07,0.0300000000002001,0.110000000000127,6.38000000000011,NA,NA,NA
14,3,42,201,2000,4,TRUE,TRUE,TRUE,0.000534200716077514,0.000529901459607766,0.000534006565441506,8.88178419700125e-16,2.22044604925031e-16,1.16937570737718e-11,0.00709160946316256,0.317146416590245,0.000761906322165103,4.38249244680833e-05,0.04764227268544,2.1306272065445,0.00511857695349776,0.00327323173295468,2.5020360586078e-07,0.0300000000002001,0.110000000000127,6.2199999999998,NA,NA,NA
14,3,42,201,2000,5,TRUE,TRUE,TRUE,0.00104798152959077,0.00102404171152294,0.00101730743908604,6.66133814775094e-16,4.44089209850063e-16,7.92033105767587e-12,0.012594329770993,0.563235549979794,0.00132685403270582,5.00095488149555e-05,0.059178769756117,2.64655503998973,0.00623467788514814,0.00377974694610117,7.89140011843386e-07,0.0299999999997453,0.110000000000127,6.35000000000036,NA,NA,NA
14,3,42,201,2000,6,TRUE,TRUE,TRUE,0.000734486689260169,0.000637555022351344,0.000644650323091872,4.44089209850063e-16,4.44089209850063e-16,5.57047297178315e-10,0.0119287946383773,0.533471914020932,0.00128664436904036,0.000116444105202618,0.119833156806307,5.35910169154588,0.012925250295879,0.0127778144043873,7.07941002609842e-07,0.0399999999999636,0.110000000000127,6.2199999999998,NA,NA,NA
14,3,42,201,2000,7,TRUE,TRUE,TRUE,0.000697421408164083,0.00059506196004459,0.000608309272514978,4.44089209850063e-16,4.44089209850063e-16,7.5146000533266e-10,0.0296241089635826,1.32483042830863,0.00321801911284424,0.000319004961333746,0.102613026704553,4.58899406176763,0.011146687367643,0.00986132165360942,4.36610861634934e-06,0.0500000000001819,0.109999999999673,6.39000000000033,NA,NA,NA
14,3,42,201,2000,8,TRUE,TRUE,TRUE,0.000837380366234626,0.000822125638254241,0.000828273036275936,3.33066907387547e-16,4.44089209850063e-16,1.38765199331203e-09,0.0204305509510292,0.913682014885486,0.00217238392121197,0.00011012457631665,0.0783357253853741,3.50328014056905,0.00832945086461754,0.0070364801880558,2.07665379185373e-06,0.0300000000002001,0.0899999999996908,6.26000000000022,NA,NA,NA
14,3,42,201,2000,9,TRUE,TRUE,TRUE,0.000613487005338646,0.000595360193229821,0.000600083050449973,4.44089209850063e-16,4.44089209850063e-16,4.17186285517346e-11,0.00677560876247962,0.303014435636953,0.000735284423695706,5.64049299498492e-05,0.0624327376466923,2.79207690798828,0.00677515794219109,0.00482776075971003,2.28402358717366e-07,0.0300000000002001,0.110000000000127,6.42000000000007,NA,NA,NA
14,3,42,201,2000,10,TRUE,TRUE,TRUE,0.000535717847571824,0.000526239807910591,0.000522228177102106,4.44089209850063e-16,4.44089209850063e-16,2.77986078600634e-10,0.0120099847649889,0.537102846865041,0.00128477307109456,0.000111211837271696,0.0768333459487429,3.43609168960294,0.00821927885577367,0.0067873091287538,7.17610617190378e-07,0.0399999999999636,0.110000000000127,6.25,NA,NA,NA
14,3,42,201,2000,11,TRUE,TRUE,TRUE,0.000378104957686812,0.000389809553902618,0.000383875077574511,4.44089209850063e-16,3.33066907387547e-16,1.74762426752295e-10,0.00813191278643403,0.363670195551324,0.000880048565464682,4.61702252536611e-05,0.0558716429491974,2.49865583298005,0.00604651826930842,0.00340285242113936,3.28995052568006e-07,0.0399999999999636,0.109999999999673,6.38000000000011,NA,NA,NA
14,3,42,201,2000,12,TRUE,TRUE,TRUE,0.000482754739599702,0.000455182227517814,0.00045667257808864,2.22044604925031e-16,6.66133814775094e-16,1.19794485442526e-09,0.0131494603480046,0.588061744111529,0.00144144183413876,0.000108218976635044,0.082647161101469,3.69609340740522,0.00905976917163303,0.00659764680672481,8.60240335541027e-07,0.0299999999997453,0.110000000000127,6.26000000000022,NA,NA,NA
14,3,42,201,2000,13,TRUE,TRUE,TRUE,0.000518511475375548,0.000501706838254971,0.000503022596778644,5.55111512312578e-16,4.44089209850063e-16,6.54525322829613e-11,0.0111391613209259,0.498158438518532,0.00119605650857632,7.86927054718944e-05,0.0629569553649579,2.81552063704932,0.00675994126083342,0.00550986369582063,6.17317984744334e-07,0.0300000000002001,0.109999999999673,6.36000000000013,NA,NA,NA
14,3,42,201,2000,14,TRUE,TRUE,TRUE,0.000380528730695302,0.000381981095902492,0.00037974078992204,4.44089209850063e-16,2.22044604925031e-16,8.06844591139111e-09,0.00950343745676148,0.425006643464728,0.00103646156036689,5.34906469269458e-05,0.071242110789545,3.18604405171988,0.0077697895786358,0.00462760685488917,4.49329967634712e-07,0.0299999999997453,0.110000000000127,6.25,NA,NA,NA
14,3,42,201,2000,15,TRUE,TRUE,TRUE,0.00087513936545614,0.000782044852245867,0.000781119942801689,5.55111512312578e-16,4.44089209850063e-16,4.83080242474898e-12,0.00879956988306461,0.393528728625847,0.000973227995920011,7.22968103588073e-05,0.0901450314923659,4.03140836501579,0.00996999506877118,0.00687348124155562,3.85235970780784e-07,0.0499999999997272,0.110000000000127,6.40000000000009,NA,NA,NA
14,3,42,201,2000,16,TRUE,TRUE,TRUE,0.000627226439288951,0.000587069267741156,0.000591641654927176,5.55111512312578e-16,4.44089209850063e-16,4.21374046766232e-12,0.0119666161988194,0.535163345624205,0.00128015712809687,7.11811909752669e-05,0.0700062281010885,3.1307736976478,0.00748908216205893,0.00498243738032045,7.12437329601225e-07,0.0500000000001819,0.110000000000127,6.27999999999975,NA,NA,NA
14,3,42,201,2000,17,TRUE,TRUE,TRUE,0.000576660097255312,0.000565714739266639,0.0005649727090862,4.44089209850063e-16,4.44089209850063e-16,1.33920430300805e-10,0.00597419725661052,0.267174223535478,0.000646647777753305,4.80206968376251e-05,0.0891642545171106,3.98754668526704,0.00965114885932508,0.0066341715676117,1.77567327666133e-07,0.0299999999997453,0.110000000000127,6.42000000000007,NA,NA,NA
14,3,42,201,2000,18,TRUE,TRUE,TRUE,0.000489806583765524,0.000442162558736559,0.00044358920148339,7.7715611723761e-16,4.44089209850063e-16,2.01980654424005e-11,0.00857453760325151,0.38346497912997,0.000933050091423309,6.46103698329625e-05,0.0775378562819306,3.46759834952012,0.0084373883747607,0.0058129023219422,3.65784552783951e-07,0.0300000000002001,0.110000000000127,6.29999999999973,NA,NA,NA
14,3,42,201,2000,19,TRUE,TRUE,TRUE,0.000930142968212855,0.000920099407840037,0.00092845982641971,4.44089209850063e-16,4.44089209850063e-16,3.89212440055076e-10,0.0177300364736166,0.792911335971148,0.00197287932006775,0.000124868902645403,0.0880740736820075,3.93879231616588,0.009800291096971,0.00707605516665666,1.56395121072525e-06,0.0499999999997272,0.110000000000127,6.38999999999987,NA,NA,NA
14,3,42,201,2000,20,TRUE,TRUE,TRUE,0.000599569230890989,0.000501694838301899,0.000524616168698434,4.44089209850063e-16,4.44089209850063e-16,8.19122547568440e-12,0.0185854397452233,0.831166133240911,0.00200897933455764,0.000126596603422513,0.0820832347573247,3.67087385460903,0.00887272642464602,0.00794705644778304,1.71850035086231e-06,0.0300000000002001,0.0899999999996908,6.21000000000004,NA,NA,NA
14,3,42,201,2000,21,TRUE,TRUE,TRUE,0.000612995361571528,0.000602756561584033,0.000602117755535685,4.44089209850063e-16,4.44089209850063e-16,7.27862214944253e-13,0.016650261643926,0.744622337579517,0.00181945632809862,0.000178835767130181,0.102751723216561,4.59519675834949,0.0112281883028313,0.0100494517645231,1.37925976522981e-06,0.0300000000002001,0.110000000000127,6.38000000000011,NA,NA,NA
14,3,42,201,2000,22,TRUE,TRUE,TRUE,0.000454583609334429,0.000426614867383308,0.000429517354865936,5.55111512312578e-16,4.44089209850063e-16,1.32141497743987e-09,0.00810430161038004,0.362435386219416,0.000876699434891727,4.66951044373332e-05,0.0515747600846009,2.30649338944821,0.00557920536458486,0.00383817295180222,3.26764699462729e-07,0.0300000000002001,0.110000000000127,6.27999999999975,NA,NA,NA
14,3,42,201,2000,23,TRUE,TRUE,TRUE,0.000474067516513759,0.00046225048559335,0.000461194163047251,3.33066907387547e-16,4.44089209850063e-16,7.89441356729981e-09,0.0107248638860025,0.479630493970683,0.00116259379462031,8.95162310783348e-05,0.08606001875872,3.8487210417881,0.00932905488006974,0.00727990870756656,5.7225226553871e-07,0.0299999999997453,0.110000000000127,6.40000000000009,NA,NA,NA
14,3,42,201,2000,24,TRUE,TRUE,TRUE,0.000499004908519228,0.000470329300867099,0.000468439433410646,4.44089209850063e-16,2.22044604925031e-16,6.15298922923557e-11,0.00811671716126079,0.362990626534365,0.000871522590119476,6.34261898113664e-05,0.0830707751091753,3.71503800175427,0.00891962300126954,0.00689354575880685,3.27766654108982e-07,0.0399999999999636,0.110000000000127,6.26999999999998,NA,NA,NA
14,3,42,201,2000,25,TRUE,TRUE,TRUE,0.000552610649652261,0.000491762022477713,0.000488450278052673,4.44089209850063e-16,4.44089209850063e-16,1.42827438764925e-09,0.0188276235764526,0.841996923434515,0.00203226371116202,0.00031902094254832,0.148506155833625,6.64139719042326,0.0160298335134716,0.0177951114675636,1.76357915192336e-06,0.0300000000002001,0.110000000000127,6.34999999999991,NA,NA,NA
14,3,42,201,2000,26,TRUE,TRUE,TRUE,0.00039816389600681,0.000374879893976276,0.000376327047396727,4.44089209850063e-16,4.44089209850063e-16,1.68283165180583e-11,0.00731181723478149,0.326994407520519,0.000787650972684213,6.88631459340172e-05,0.0909521883467158,4.06750551691242,0.00979764363888526,0.00816596321642749,2.65983439178346e-07,0.0300000000002001,0.109999999999673,6.2800000000002,NA,NA,NA
14,3,42,201,2000,27,TRUE,TRUE,TRUE,0.000542698102048875,0.000517857777974357,0.000516750629094422,4.44089209850063e-16,4.44089209850063e-16,4.23903134816328e-11,0.00891005808730811,0.398469911333854,0.000970706680339396,6.66056912947965e-05,0.0877872853863981,3.9259667536832,0.00956398976734201,0.00689696043313148,3.9497082148858e-07,0.0300000000002001,0.0999999999999091,6.36000000000013,NA,NA,NA
14,3,42,201,2000,28,TRUE,TRUE,TRUE,0.000524423928905418,0.000430223188564417,0.000427662107166352,5.55111512312578e-16,4.44089209850063e-16,7.35697058829032e-10,0.0140245954237277,0.627198974487754,0.00151732156415587,0.000152062848258083,0.117678049187661,5.26272234886346,0.0127315930524556,0.011631746709206,9.78553615916642e-07,0.0300000000002001,0.0999999999999091,6.23999999999978,NA,NA,NA
14,3,42,201,2000,29,TRUE,TRUE,TRUE,0.000477438887914141,0.000479117259329571,0.000473195447392137,2.22044604925031e-16,4.44089209850063e-16,6.63914034859658e-10,0.0120987237348364,0.541071374241685,0.00130896828524801,7.38681306344802e-05,0.0722125686390498,3.2294442461357,0.00781272175615055,0.00424773201000761,7.2825430851688e-07,0.0399999999999636,0.110000000000127,6.40999999999985,NA,NA,NA
14,3,42,201,2000,30,TRUE,TRUE,TRUE,0.00109878117780751,0.00105759444918797,0.00105504361225957,4.44089209850063e-16,4.44089209850063e-16,1.0019984841847e-11,0.00647786061021584,0.289698733464218,0.000723979824598259,4.706820160294e-05,0.0661015378522097,2.95615064109633,0.00738765198257692,0.00470660260027245,2.08769542713363e-07,0.0299999999997453,0.110000000000127,6.27999999999975,NA,NA,NA
14,3,42,201,2000,31,TRUE,TRUE,TRUE,0.000799363431914815,0.000788240422903633,0.000788020733224538,4.44089209850063e-16,3.33066907387547e-16,7.30603799681262e-10,0.00644123503087246,0.288060787761676,0.000680827248959906,3.6482056351872e-05,0.0562466750438673,2.51542777812856,0.00594517493147134,0.00394690718816548,2.06415466283277e-07,0.0500000000001819,0.109999999999673,6.37000000000035,NA,NA,NA
14,3,42,201,2000,32,TRUE,TRUE,TRUE,0.000445290454011915,0.000425219270761066,0.000428874607335195,4.44089209850063e-16,4.44089209850063e-16,5.49097656232789e-10,0.0102693123961534,0.459257611999603,0.00110884387644878,7.19945812051037e-05,0.0664400575875092,2.97128970389342,0.00717396142651282,0.00506158238931675,5.2467053278502e-07,0.0500000000001819,0.109999999999673,6.23000000000002,NA,NA,NA
14,3,42,201,2000,33,TRUE,TRUE,TRUE,0.000556742803722371,0.000487941986182217,0.000492245321479819,2.22044604925031e-16,2.22044604925031e-16,5.08100228557851e-11,0.0102789448857632,0.459688390030808,0.00112023015828323,0.000108660275230932,0.101869816338466,4.55575668376457,0.0111020772802451,0.0102523947537989,5.25655263505264e-07,0.0399999999999636,0.0999999999999091,6.38000000000011,NA,NA,NA
14,3,42,201,2000,34,TRUE,TRUE,TRUE,0.000490777671934721,0.000448548288944922,0.000453437561116788,4.44089209850063e-16,4.44089209850063e-16,1.01170183341992e-11,0.00909522896625868,0.406751004789591,0.000990429815846901,6.48104107341396e-05,0.0704892906385438,3.15237691107047,0.00767596895089821,0.00532330011550641,4.11558158948611e-07,0.0299999999997453,0.0999999999999091,6.24000000000024,NA,NA,NA
14,3,42,201,2000,35,TRUE,TRUE,TRUE,0.00102897960896862,0.00102366913633821,0.0010276258100223,4.44089209850063e-16,4.44089209850063e-16,3.10111847312555e-09,0.0088808121500574,0.397161993258688,0.00099076445317285,7.00257282844063e-05,0.0798496581692576,3.57098527293163,0.00890821712872197,0.0059088583454141,3.923822111672e-07,0.0300000000002001,0.0999999999999091,6.36000000000013,NA,NA,NA
14,3,42,201,2000,36,TRUE,TRUE,TRUE,0.000432479049494325,0.000359241357414065,0.000358879557295126,7.7715611723761e-16,4.44089209850063e-16,6.00005911621793e-09,0.00953106453696065,0.426242164051632,0.00102651255290214,9.38184870307168e-05,0.0915746550746613,4.09534307526078,0.00986275274889703,0.00782182815210319,4.51946224913975e-07,0.0300000000002001,0.0999999999999091,6.26999999999998,NA,NA,NA
14,3,42,201,2000,37,TRUE,TRUE,TRUE,0.000669237910799853,0.000643707807683629,0.000653331223098095,4.44089209850063e-16,4.44089209850063e-16,8.96396290528401e-10,0.0137161196954868,0.613403520532642,0.00145610297158723,6.90593585659371e-05,0.0648734457243346,2.9012286914851,0.00688696360147607,0.00601916631725175,9.35979798512038e-07,0.0300000000002001,0.110000000000127,6.46000000000004,NA,NA,NA
14,3,42,201,2000,38,TRUE,TRUE,TRUE,0.000532989118517266,0.000495637386925558,0.000503387570082874,2.22044604925031e-16,4.44089209850063e-16,9.74716973800582e-10,0.0214946462933835,0.961269805286388,0.002324100463395,0.000167927060559236,0.0770499114087984,3.4457767914082,0.00833099239529493,0.00628105019444547,2.29860606605804e-06,0.0299999999997453,0.110000000000127,6.2800000000002,NA,NA,NA
14,3,42,201,2000,39,TRUE,TRUE,TRUE,0.000640605379146692,0.000571281457725905,0.000558087596238916,4.44089209850063e-16,4.44089209850063e-16,5.77792036438041e-10,0.0349975003768083,1.56513579770236,0.00374220830411849,0.000384445024906199,0.105759577481862,4.72971209042198,0.0113086467556681,0.0117363199403329,6.09365687872983e-06,0.0300000000002001,0.109999999999673,6.38999999999987,NA,NA,NA
14,3,42,201,2000,40,TRUE,TRUE,TRUE,0.000502694630396051,0.000524566468205513,0.000529810163376716,2.22044604925031e-16,4.44089209850063e-16,5.84331028008478e-10,0.0100756771764146,0.450597981716122,0.0010990282157214,4.71680774296601e-05,0.0605745944811626,2.70897821938726,0.00660731654310204,0.00352060811228228,5.05070997827468e-07,0.0300000000002001,0.110000000000127,6.32999999999993,NA,NA,NA
14,3,42,201,2000,41,TRUE,TRUE,TRUE,0.000554584983656742,0.000524037326794696,0.00052414438133948,6.66133814775094e-16,2.22044604925031e-16,2.16392281870981e-09,0.00910989192690645,0.407406752324788,0.00100071676122431,8.51903915943808e-05,0.100438353519827,4.49173972036978,0.0110330994751104,0.00866143984124079,4.12886223482166e-07,0.0499999999997272,0.110000000000127,6.38999999999987,NA,NA,NA
14,3,42,201,2000,42,TRUE,TRUE,TRUE,0.00115405421337604,0.00113647707428194,0.00113815276480072,4.44089209850063e-16,4.44089209850063e-16,2.15880868736917e-10,0.00808750722475966,0.361684318461665,0.000905261621057142,4.78708034634678e-05,0.0699292714846114,3.12733209313257,0.00782741627354596,0.00573263364152865,3.25411806520098e-07,0.0300000000002001,0.109999999999673,6.25,NA,NA,NA
14,3,42,201,2000,43,TRUE,TRUE,TRUE,0.000637783126608323,0.000621880132085487,0.000622449345374421,4.44089209850063e-16,4.44089209850063e-16,2.3142625593664e-09,0.00789979861254777,0.353289734124307,0.000846361173876396,7.78866407316059e-05,0.098257024474121,4.3941877198199,0.0105269684271988,0.00886091007431844,3.10481682183142e-07,0.0299999999997453,0.110000000000127,6.40000000000009,NA,NA,NA
14,3,42,201,2000,44,TRUE,TRUE,TRUE,0.00054746025274211,0.000483355790430276,0.000485331396722835,4.44089209850063e-16,6.66133814775094e-16,1.82190706965457e-10,0.00914883478460683,0.40914832986591,0.000992200832162756,9.43900268595144e-05,0.0978128575535844,4.37432397126637,0.0106079081047756,0.00902205119621868,4.16423770726526e-07,0.0300000000002001,0.0999999999999091,6.2199999999998,NA,NA,NA
14,3,42,201,2000,45,TRUE,TRUE,TRUE,0.000524129506868354,0.000486055011054893,0.000483264777805096,5.55111512312578e-16,3.33066907387547e-16,9.46909217702796e-12,0.0132490887664861,0.592517262435833,0.00142620278012677,6.40205463469101e-05,0.0700140986219039,3.13112567803903,0.00753669205954854,0.00383998945214614,8.7332514001108e-07,0.0299999999997453,0.110000000000127,6.38999999999987,NA,NA,NA
14,3,42,201,2000,46,TRUE,TRUE,TRUE,0.00039055697308022,0.0003879603857304,0.000388936410795777,4.44089209850063e-16,4.44089209850063e-16,1.71343161881055e-10,0.00416103473236359,0.186087130366053,0.000448954776816239,2.50018323129098e-05,0.0422872744248231,1.89114440394186,0.00456258480706779,0.00233782900740209,8.61403484772943e-08,0.0300000000002001,0.109999999999673,6.25,NA,NA,NA
14,3,42,201,2000,47,TRUE,TRUE,TRUE,0.000437894964359138,0.000435199816632053,0.000430836160609479,2.22044604925031e-16,4.44089209850063e-16,2.66840660678724e-09,0.0106722979464233,0.477279673686677,0.00116314134483485,6.27845665590598e-05,0.0608233933833618,2.72010484454816,0.00662895694371542,0.00357859540831384,5.666564351106e-07,0.0299999999997453,0.110000000000127,6.37999999999965,NA,NA,NA
14,3,42,201,2000,48,TRUE,TRUE,TRUE,0.000548323184771165,0.000512684911671109,0.000516428772184158,3.33066907387547e-16,4.44089209850063e-16,3.8675684876921e-10,0.0120291176057624,0.537958493516485,0.00129152798065337,6.75055525931612e-05,0.0682085047385868,3.05037706478193,0.00732332954714924,0.0056175448736866,7.19898857578422e-07,0.0500000000001819,0.109999999999673,6.26000000000022,NA,NA,NA
14,3,42,201,2000,49,TRUE,TRUE,TRUE,0.000570421376136186,0.000558948838307539,0.000554067822353981,4.44089209850063e-16,4.44089209850063e-16,6.81454892514921e-13,0.0191571425016893,0.856733457768551,0.00210933693989585,0.000136363303568032,0.075421816844646,3.37296618902334,0.0083044756977948,0.00624691880765482,1.82585128771159e-06,0.0500000000001819,0.110000000000127,6.40999999999985,NA,NA,NA
14,3,42,201,2000,50,TRUE,TRUE,TRUE,0.000633875344487626,0.000573353687780277,0.000573654108389852,6.66133814775094e-16,4.44089209850063e-16,1.78157710806204e-09,0.0137238594321135,0.613749652077151,0.00147471158511603,9.56713031570189e-05,0.106875973077769,4.77963881926659,0.0114844688149113,0.00995474060494672,9.37036406529411e-07,0.0399999999999636,0.109999999999673,6.26999999999998,NA,NA,NA
14,3,42,201,2000,51,TRUE,TRUE,TRUE,0.000452238890329254,0.00038996597772084,0.0003936711905437,4.44089209850063e-16,4.44089209850063e-16,5.08371122975859e-12,0.0138319275502603,0.618582605244683,0.00149451232142974,0.000100542156189931,0.0731319127122174,3.27055856298198,0.00790175803343304,0.00655174387947,9.51851839580345e-07,0.0300000000002001,0.109999999999673,6.40000000000009,NA,NA,NA
14,3,42,201,2000,52,TRUE,TRUE,TRUE,0.000768277962388901,0.000699597803363579,0.000694692686510324,6.66133814775094e-16,4.44089209850063e-16,4.1785193083399e-09,0.00849011591937615,0.379689526651564,0.00089772122971777,7.92003465974744e-05,0.105296341598334,4.70899555191829,0.0111337421257948,0.0100646889288143,3.58617255345494e-07,0.0299999999997453,0.110000000000127,6.30000000000018,NA,NA,NA
14,3,42,201,2000,53,TRUE,TRUE,TRUE,0.000523448424522389,0.000480826234682514,0.000475265660033886,5.55111512312578e-16,4.44089209850063e-16,8.74425643004884e-10,0.0124859198473047,0.55838731080374,0.00134133234847069,0.000150964635835749,0.0997083260785567,4.45909190068736,0.0107114257352776,0.00831307918239332,7.75612907628439e-07,0.0300000000002001,0.109999999999673,6.39000000000033,NA,NA,NA
14,3,42,201,2000,54,TRUE,TRUE,TRUE,0.000656503634199383,0.000642232366922914,0.000642253519498215,6.66133814775094e-16,4.44089209850063e-16,6.18305406874242e-10,0.00672348404039876,0.300683347199331,0.000710732097547981,3.21384115977708e-05,0.0490380715422528,2.1930492290795,0.00518376056781214,0.003086767371002,2.24901679808442e-07,0.0399999999999636,0.110000000000127,6.28999999999996,NA,NA,NA
14,3,42,201,2000,55,TRUE,TRUE,TRUE,0.000532743627027445,0.000465713324003554,0.000462279067694323,5.55111512312578e-16,4.44089209850063e-16,3.15371062598047e-10,0.0116053916597367,0.519008893133609,0.00125644778359204,0.000112645106788989,0.098046003189403,4.38475056107333,0.0106148665214611,0.00930773979431621,6.70075201870083e-07,0.0299999999997453,0.110000000000127,6.40999999999985,NA,NA,NA
14,3,42,201,2000,56,TRUE,TRUE,TRUE,0.000487825867004844,0.000458832305946919,0.000455325764485719,6.66133814775094e-16,3.33066907387547e-16,1.23114474170904e-09,0.012955380844116,0.579382244836838,0.00140911442583846,7.51099873994576e-05,0.0835590081148588,3.73687244554562,0.00908844017479249,0.00607500462000132,8.35034292617348e-07,0.0399999999999636,0.110000000000127,6.23999999999978,NA,NA,NA
14,3,42,201,2000,57,TRUE,TRUE,TRUE,0.000496103592096242,0.0004677375611696,0.000465320341532452,4.44089209850063e-16,6.66133814775094e-16,6.19460038819852e-12,0.0149671194149081,0.669349928781828,0.00160364433977448,0.000110357808750905,0.0852285361275483,3.81153600807989,0.00913176782782068,0.00787706955247103,1.11450081383144e-06,0.0299999999997453,0.110000000000127,6.39999999999964,NA,NA,NA
14,3,42,201,2000,58,TRUE,TRUE,TRUE,0.000641219272640672,0.000614045513859564,0.000605480978115897,2.22044604925031e-16,4.44089209850063e-16,4.24054347192282e-10,0.015960691878608,0.713783840169925,0.00174899108205549,9.01558836190475e-05,0.0669508114180702,2.99413130959148,0.00733654737508761,0.00469086365539795,1.26738151862618e-06,0.0299999999997453,0.0900000000001455,6.22999999999956,NA,NA,NA
14,3,42,201,2000,59,TRUE,TRUE,TRUE,0.000742736535284445,0.000718224563071766,0.000720007222640033,4.44089209850063e-16,4.44089209850063e-16,2.94844149095752e-10,0.0139438877328968,0.623589616827653,0.00154231195852059,0.000181056816238367,0.114057382433482,5.10080120913911,0.0126157115041667,0.0124401863314674,9.67323408495668e-07,0.0399999999999636,0.110000000000582,6.38000000000011,NA,NA,NA
14,3,42,201,2000,60,TRUE,TRUE,TRUE,0.000807413715792149,0.000702346800089606,0.000717167677679592,4.44089209850063e-16,5.55111512312578e-16,8.04248445618327e-10,0.0141715807299462,0.633772357215714,0.00156935485289679,0.000103542564929171,0.0814753238154863,3.6436872508047,0.00902254288055388,0.00608784910163251,9.99172638733241e-07,0.0299999999997453,0.110000000000582,6.27000000000044,NA,NA,NA
14,3,42,201,2000,61,TRUE,TRUE,TRUE,0.000571232903530444,0.000569424144337988,0.000573724456804287,4.44089209850063e-16,4.44089209850063e-16,5.69206903833219e-10,0.0123493376409983,0.552279168847382,0.00134538256454995,7.51320969669678e-05,0.0710067566651779,3.17551869530248,0.00773573896509391,0.00523436566316349,7.58737015777997e-07,0.0299999999997453,0.110000000000582,6.34000000000015,NA,NA,NA
14,3,42,201,2000,62,TRUE,TRUE,TRUE,0.000531691242426317,0.000482198179403648,0.000494458262779775,4.44089209850063e-16,4.44089209850063e-16,5.74470915282177e-10,0.0153701196232282,0.687372645996835,0.00166910973750788,9.28156096193788e-05,0.064583298342001,2.88825290607727,0.00701338797520496,0.00570192678073056,1.17532625488729e-06,0.0300000000006548,0.109999999999673,6.25,NA,NA,NA
14,3,42,201,2000,63,TRUE,TRUE,TRUE,0.000486328291024424,0.000469403003041321,0.000470921032506741,2.22044604925031e-16,2.22044604925031e-16,8.29545765412831e-10,0.00916472082802987,0.409858775325659,0.000992385835482804,5.17270743216613e-05,0.0505643332088547,2.26130572583898,0.00547527076914651,0.00328905381196876,4.17871183361813e-07,0.0299999999997453,0.109999999999673,6.36999999999989,NA,NA,NA
14,3,42,201,2000,64,TRUE,TRUE,TRUE,0.00040270702179385,0.000329995175058466,0.000332415027865755,4.44089209850063e-16,4.44089209850063e-16,3.61624064026955e-10,0.00995441750694502,0.445175084438861,0.0010747587791865,7.0349652624202e-05,0.0974779948684032,4.3593484567225,0.0105245064002208,0.00844119389756059,4.92987203495391e-07,0.0300000000006548,0.109999999999673,6.25,NA,NA,NA
14,3,42,201,2000,65,TRUE,TRUE,TRUE,0.00052904334632045,0.000512751175448529,0.000508209609786418,4.44089209850063e-16,4.44089209850063e-16,4.90756546511761e-10,0.0109538616117624,0.489871583600523,0.00118880530195953,7.90883563652756e-05,0.0730842728323891,3.26842804278726,0.00793172071296801,0.00480766348882611,5.96950667709662e-07,0.0300000000006548,0.109999999999673,6.3700000000008,NA,NA,NA
14,3,42,201,2000,66,TRUE,TRUE,TRUE,0.000423301251130654,0.000369969200739369,0.000377577656172217,4.44089209850063e-16,4.44089209850063e-16,5.86084514253571e-10,0.00930144192708144,0.415973128754415,0.00100104769206318,0.000101844741053014,0.075670303403987,3.38407884578698,0.00814385373516492,0.0070955953406866,4.30431949865017e-07,0.0299999999997453,0.109999999999673,6.23999999999978,NA,NA,NA
14,3,42,201,2000,67,TRUE,TRUE,TRUE,0.000560672485857682,0.000511627854425975,0.000518174563833473,6.66133814775094e-16,4.44089209850063e-16,6.62681243213115e-10,0.00961574372706663,0.430029132558764,0.00103877062802666,8.14716917361125e-05,0.0930803247746261,4.16267867127644,0.0100552916308388,0.00881678546301856,4.60012574251847e-07,0.0399999999999636,0.109999999999673,6.40999999999985,NA,NA,NA
14,3,42,201,2000,68,TRUE,TRUE,TRUE,0.000666398253018906,0.000680138793385875,0.000678707733105634,4.44089209850063e-16,3.33066907387547e-16,8.41260394679466e-12,0.00816320979596755,0.365069840367513,0.000895444200997959,5.99912961334326e-05,0.0644534023002273,2.88244377848899,0.00707006517863068,0.0038818279657491,3.31532309318311e-07,0.0500000000001819,0.110000000000582,6.28999999999996,NA,NA,NA
14,3,42,201,2000,69,TRUE,TRUE,TRUE,0.000554331957941202,0.000489951910903039,0.000500578105526775,5.55111512312578e-16,4.44089209850063e-16,9.76063674329453e-12,0.0127912142564891,0.572040491845481,0.00138249986184398,0.00011986673396791,0.0901071028396499,4.02971214410043,0.00973895478013593,0.00726723610689817,8.14005781867712e-07,0.0399999999999636,0.109999999999673,6.42000000000007,NA,NA,NA
14,3,42,201,2000,70,TRUE,TRUE,TRUE,0.000476324333616368,0.000452464786835802,0.000449141137305438,4.44089209850063e-16,4.44089209850063e-16,2.44115838654579e-11,0.00932120383989953,0.416856908362948,0.00101088245511948,5.23066625675028e-05,0.0683618934823538,3.05723681794286,0.00741383193705622,0.00471119842772794,4.32262890671431e-07,0.0299999999997453,0.109999999999673,6.25,NA,NA,NA
14,3,42,201,2000,71,TRUE,TRUE,TRUE,0.000569928889615484,0.000484670612486368,0.000487000418803983,5.55111512312578e-16,2.22044604925031e-16,6.2947869139407e-11,0.0152157633317705,0.680469622787749,0.00162453032679685,0.000105863941271878,0.109993405942534,4.91905465528471,0.0117435858987254,0.0094342822291793,1.15183807845e-06,0.0499999999992724,0.110000000000582,6.39999999999964,NA,NA,NA
14,3,42,201,2000,72,TRUE,TRUE,TRUE,0.000594949667271022,0.000571631646293689,0.000561632639988494,4.44089209850063e-16,6.66133814775094e-16,1.61341229265588e-09,0.0141309919441074,0.631957171530523,0.00151708749896229,9.33343844238266e-05,0.0736837632503029,3.29523806931356,0.00791060645605601,0.00552061418758854,9.9345737972353e-07,0.0300000000006548,0.110000000000582,6.26999999999953,NA,NA,NA
14,3,42,201,2000,73,TRUE,TRUE,TRUE,0.000492718980101589,0.000457026739880334,0.000457355155368788,4.44089209850063e-16,4.44089209850063e-16,1.03332453704752e-10,0.0127277127610111,0.569200618634247,0.00137150486402128,7.1268101734745e-05,0.0777403002124813,3.47665191732699,0.0083770903597468,0.00569075495113225,8.05943642421915e-07,0.0300000000006548,0.0900000000001455,6.35999999999967,NA,NA,NA
14,3,42,201,2000,74,TRUE,TRUE,TRUE,0.000458784224647471,0.000449533277622172,0.000441402388053527,4.44089209850063e-16,5.55111512312578e-16,2.97696756135224e-10,0.0136934881503679,0.612391407066208,0.00148484498409538,8.4892366892575e-05,0.0762123649043366,3.40832057304232,0.00826404101800832,0.00571158611997902,9.32893620518733e-07,0.0300000000006548,0.109999999999673,6.23999999999978,NA,NA,NA
14,3,42,201,2000,75,TRUE,TRUE,TRUE,0.00062382570178907,0.000628635996029331,0.000622386489614798,4.44089209850063e-16,2.22044604925031e-16,3.04023251018748e-10,0.00997646999512912,0.446161301691914,0.00108749407771165,6.29583406492884e-05,0.0556912078070727,2.49058652811363,0.0060706701569162,0.00342959565045931,4.95173898326924e-07,0.0299999999997453,0.100000000000364,6.3799999999992,NA,NA,NA
14,3,42,201,2000,76,TRUE,TRUE,TRUE,0.00064305520716774,0.000588504259712052,0.000590813647089616,4.44089209850063e-16,4.44089209850063e-16,1.56750168400777e-11,0.00906512141325892,0.405404554086718,0.000989448022641901,7.58063008134968e-05,0.0767184606376704,3.43095386229946,0.00837373552074513,0.00626498363877204,4.08837941478236e-07,0.0299999999997453,0.109999999999673,6.22999999999956,NA,NA,NA
14,3,42,201,2000,77,TRUE,TRUE,TRUE,0.00053736582288273,0.00049093809984773,0.000493739820736534,4.44089209850063e-16,4.44089209850063e-16,1.20163878847279e-10,0.0132788894414139,0.593849989134113,0.00142696900126977,0.000106003276577837,0.0798594004865689,3.57142096260696,0.0085818087014804,0.00542612079366478,8.77258232822353e-07,0.0499999999992724,0.110000000000582,6.38999999999942,NA,NA,NA
14,3,42,201,2000,78,TRUE,TRUE,TRUE,0.000617387318612379,0.000585186538288397,0.00057836326633122,2.22044604925031e-16,4.44089209850063e-16,3.21824789040193e-10,0.00986663427061798,0.441249298764617,0.00106760307013481,6.08953065466267e-05,0.0634093126223068,2.83575066860027,0.0068611012604679,0.00443277353622307,4.84330705622554e-07,0.0299999999997453,0.109999999999673,6.25,NA,NA,NA
14,3,42,201,2000,79,TRUE,TRUE,TRUE,0.000578084048883429,0.000543221433582038,0.00054414303791946,4.44089209850063e-16,3.33066907387547e-16,1.26972676817161e-09,0.0165524737600161,0.74024913046355,0.00176993670371234,9.21269346534359e-05,0.0746188393237954,3.33705594260282,0.00797890541452643,0.0053168503826484,1.36310640585085e-06,0.0299999999997453,0.110000000000582,6.40999999999985,NA,NA,NA
14,3,42,201,2000,80,TRUE,TRUE,TRUE,0.000610133550243531,0.000584210846542644,0.000579545781839598,4.44089209850063e-16,4.44089209850063e-16,1.38700162466421e-11,0.0121806084798935,0.544733371367044,0.00134362164587928,0.00010658725828705,0.0953277789311813,4.26318787668387,0.0105154407874581,0.00921497508760893,7.38145387763446e-07,0.0300000000006548,0.100000000000364,6.27999999999975,NA,NA,NA
14,3,42,201,2000,81,TRUE,TRUE,TRUE,0.000789660368436108,0.000664434915253616,0.000660654609030218,2.22044604925031e-16,3.33066907387547e-16,1.20076770748767e-09,0.0155821989401541,0.696857121382193,0.00171285477720031,0.000228803890252038,0.139531958454626,6.24005888276441,0.0153378853991681,0.0158044388814673,1.20798469557482e-06,0.0299999999997453,0.109999999999673,6.41000000000076,NA,NA,NA
14,3,42,201,2000,82,TRUE,TRUE,TRUE,0.000464150978026218,0.000455806196124417,0.000453780851917312,4.44089209850063e-16,5.55111512312578e-16,1.42919009959996e-11,0.00609887761554728,0.272750098696311,0.000653952271360878,4.9910079681581e-05,0.0546166269604555,2.44252981170652,0.00585626889180569,0.00387479134452207,1.85056259549372e-07,0.0299999999997453,0.109999999999673,6.27000000000044,NA,NA,NA
14,3,42,201,2000,83,TRUE,TRUE,TRUE,0.000541632758387064,0.000527596390150023,0.000528652676520257,4.44089209850063e-16,6.66133814775094e-16,5.38604938427056e-10,0.00423064025677786,0.189199984050049,0.000456993298049796,2.10545783261296e-05,0.0585934943604693,2.6203807285852,0.00632926285546357,0.00326942340105063,8.90463531456192e-08,0.0399999999999636,0.110000000000582,6.42000000000007,NA,NA,NA
14,3,42,201,2000,84,TRUE,TRUE,TRUE,0.000620216619547579,0.000546246838888171,0.000540638303630953,4.44089209850063e-16,7.7715611723761e-16,3.46055073485729e-09,0.0159318881561293,0.712495698540577,0.0016992098730951,0.000144218490682135,0.105388183237063,4.71310283486553,0.0112401392546231,0.0100083550588508,1.2628112448727e-06,0.0299999999997453,0.109999999999673,6.25,NA,NA,NA
14,3,42,201,2000,85,TRUE,TRUE,TRUE,0.000737887214879086,0.00072399708800933,0.000719492685760768,5.55111512312578e-16,5.55111512312578e-16,4.37691882737568e-09,0.00854081936319329,0.381957053592933,0.000905778262362784,7.77607138786607e-05,0.101088246513702,4.52080381861789,0.0107206969704892,0.00944230981674821,3.62913409923868e-07,0.0300000000006548,0.109999999999673,6.3700000000008,NA,NA,NA
14,3,42,201,2000,86,TRUE,TRUE,TRUE,0.000531431640561532,0.000501112433039679,0.00050788289860584,5.55111512312578e-16,4.44089209850063e-16,1.69445057984774e-09,0.0250394491567821,1.11979820867429,0.00269640617145382,0.000176949200941579,0.0830128384958153,3.71244699763709,0.00893934721281152,0.00753587457104032,3.11927370186605e-06,0.0299999999997453,0.109999999999673,6.23000000000047,NA,NA,NA
14,3,42,201,2000,87,TRUE,TRUE,TRUE,0.000572784884479411,0.000536715718587023,0.00054270451594253,4.44089209850063e-16,4.44089209850063e-16,1.54658685858067e-09,0.0163090697923652,0.729363774110339,0.00176888567150104,0.000102786378917585,0.0711634646409275,3.18252688903033,0.0077184066620793,0.00524591463390323,1.32331222632955e-06,0.0299999999997453,0.109999999999673,6.36999999999989,NA,NA,NA
14,3,42,201,2000,88,TRUE,TRUE,TRUE,0.000487802868108463,0.000406184767129037,0.000415635550554881,2.22044604925031e-16,4.44089209850063e-16,5.7877036496734e-10,0.0211692256676439,0.946716552477703,0.00228854043698875,0.000219984370858128,0.105748098759932,4.72919874637137,0.0114321045061503,0.0107454094610233,2.22953291227679e-06,0.0399999999999636,0.110000000000582,6.23999999999978,NA,NA,NA
14,3,42,201,2000,89,TRUE,TRUE,TRUE,0.000651616091992812,0.000651291205043863,0.000649102453080961,4.44089209850063e-16,4.44089209850063e-16,1.16761600388315e-09,0.00830879772821627,0.371580730631748,0.000882979456904731,8.12218094168315e-05,0.0664331769778369,2.97098199367435,0.00705988188028008,0.00543636472697528,3.434632820319e-07,0.0300000000006548,0.110000000000582,6.38000000000011,NA,NA,NA
14,3,42,201,2000,90,TRUE,TRUE,TRUE,0.000423926450752143,0.000397398650779971,0.000401383667064852,4.44089209850063e-16,4.44089209850063e-16,9.55768797439305e-12,0.0199347285873313,0.891508164685622,0.00214829251047958,0.000129276663471956,0.0785252942512631,3.51175791797995,0.00846238265969676,0.00649254036775915,1.97708161119683e-06,0.0299999999997453,0.089999999999236,6.21000000000004,NA,NA,NA
14,3,42,201,2000,91,TRUE,TRUE,TRUE,0.000500264719812631,0.000481640033823364,0.000479155000667126,4.44089209850063e-16,4.44089209850063e-16,5.23618037817641e-10,0.00879407196073876,0.393282854064735,0.000948698795636836,7.33029538793062e-05,0.0888106692861411,3.97173387302128,0.00958083756508008,0.00694072939646162,3.84754734580357e-07,0.0299999999997453,0.109999999999673,6.39999999999964,NA,NA,NA
14,3,42,201,2000,92,TRUE,TRUE,TRUE,0.000741805391112347,0.000757892394192412,0.00075297677753678,4.44089209850063e-16,4.44089209850063e-16,4.76235273438874e-10,0.00897201232186043,0.401240588932913,0.000987539366139706,4.98338220893402e-05,0.0714583628373395,3.19571513730272,0.00786534211169412,0.00452624413435387,4.00482612455797e-07,0.0399999999999636,0.109999999999673,6.27999999999975,NA,NA,NA
14,3,42,201,2000,93,TRUE,TRUE,TRUE,0.000690321713413968,0.00064600871432704,0.000660498688625915,2.22044604925031e-16,4.44089209850063e-16,8.13774381214216e-10,0.020253394872674,0.905759354208895,0.0022269037227187,0.000132514037325393,0.0922282344007946,4.12457203129922,0.0101406899839793,0.00743273937110445,2.04079603914655e-06,0.0399999999999636,0.109999999999673,6.43000000000029,NA,NA,NA
14,3,42,201,2000,94,TRUE,TRUE,TRUE,0.000460110932365294,0.000410654062970377,0.000408809709501546,4.44089209850063e-16,4.44089209850063e-16,1.24352705910269e-09,0.0124384414541612,0.556264012513116,0.00133729812686696,0.000102845846825517,0.0903307265191444,4.039712899075,0.00971175623712651,0.00730056994649431,7.69725501535303e-07,0.0299999999997453,0.110000000000582,6.28999999999996,NA,NA,NA
14,3,42,201,2000,95,TRUE,TRUE,TRUE,0.000743192277419478,0.000670514254496362,0.000659922683468757,6.66133814775094e-16,4.44089209850063e-16,7.61337437538145e-10,0.0192695681557445,0.861761285866197,0.00204788627009737,0.000161772726521292,0.104030016735363,4.65236378241425,0.0110558597488257,0.00695224367122194,1.84734456173573e-06,0.0399999999999636,0.109999999999673,6.42000000000007,NA,NA,NA
14,3,42,201,2000,96,TRUE,TRUE,TRUE,0.000611846443813949,0.000570303016780708,0.000567463568079854,2.22044604925031e-16,4.44089209850063e-16,1.72417635724287e-11,0.0114283860872042,0.51109296328203,0.00125643151077608,0.000142589136110871,0.0920077237415889,4.11471049482428,0.0101152868359204,0.00774828907007219,6.49791087354245e-07,0.0299999999997453,0.110000000000582,6.27999999999975,NA,NA,NA
14,3,42,201,2000,97,TRUE,TRUE,TRUE,0.000486402352284073,0.000459310611588854,0.000455115005612282,4.44089209850063e-16,4.44089209850063e-16,1.78446368792606e-10,0.0122456327904873,0.5476413469406,0.00133999407626424,6.42494696592166e-05,0.0709103704259643,3.17120817164294,0.00775945824460035,0.00570973018933074,7.46047375320683e-07,0.0299999999997453,0.100000000000364,6.35999999999967,NA,NA,NA
14,3,42,201,2000,98,TRUE,TRUE,TRUE,0.000503702787644226,0.000483451122804784,0.000484766399588863,4.44089209850063e-16,4.44089209850063e-16,1.20304211037592e-09,0.00630559608093388,0.281994829512488,0.000689595324034159,4.19458503557735e-05,0.063952179342561,2.86002840638448,0.00699396587893915,0.00448060531123673,1.97813641472083e-07,0.0299999999997453,0.110000000000582,6.25999999999931,NA,NA,NA
14,3,42,201,2000,99,TRUE,TRUE,TRUE,0.000603723916432016,0.000540699047983438,0.000541633884320593,4.44089209850063e-16,6.66133814775094e-16,2.61807908685796e-10,0.0157248721411765,0.703237660903266,0.00169709984371298,0.000146922959729068,0.0994386076469443,4.44702972572996,0.0107318675777824,0.00880918055476343,1.23020698435994e-06,0.0499999999992724,0.110000000000582,6.40999999999985,NA,NA,NA
14,3,42,201,2000,100,TRUE,TRUE,TRUE,0.000593994245430802,0.000562526895103508,0.000557908143218062,4.44089209850063e-16,4.44089209850063e-16,2.48969067584426e-10,0.0180364123047864,0.806612879674322,0.00191337876253524,0.000133753099156309,0.0828095659669096,3.70335637378526,0.00878478835914604,0.00579291463498777,1.61846850163309e-06,0.0300000000006548,0.110000000000582,6.27999999999975,NA,NA,NA
14,3,42,201,2000,101,TRUE,TRUE,TRUE,0.00063390374405707,0.000596108715854407,0.000593358857144505,3.33066907387547e-16,4.44089209850063e-16,1.59167012903083e-09,0.00876772414372733,0.392104543866809,0.000937443765596534,5.00955713249596e-05,0.0802296505020781,3.58797904667393,0.00857814233730994,0.00588015081866189,3.82452669952732e-07,0.0299999999997453,0.109999999999673,6.39000000000033,NA,NA,NA
14,3,42,201,2000,102,TRUE,TRUE,TRUE,0.000417240045617144,0.000419730943141929,0.000430394965590114,2.22044604925031e-16,5.55111512312578e-16,9.50972633972924e-12,0.0218955069143562,0.979196837246341,0.00238303458796946,0.000175367113904201,0.0964216390432121,4.3121067880514,0.0104942124321417,0.00811087873113081,2.3851404131175e-06,0.0500000000001819,0.109999999999673,6.30000000000018,NA,NA,NA
14,3,42,201,2000,103,TRUE,TRUE,TRUE,0.000541557180977715,0.000543502564176689,0.000543252304431089,4.44089209850063e-16,8.88178419700125e-16,6.8398953168014e-09,0.00680108606500784,0.304153815243682,0.000728452544034871,6.33538874339479e-05,0.0862568893874471,3.85752536396024,0.0092388259631218,0.00699093904221826,2.30123242107681e-07,0.0299999999997453,0.109999999999673,6.39000000000033,NA,NA,NA
14,3,42,201,2000,104,TRUE,TRUE,TRUE,0.000517234479735415,0.00048912513290695,0.000487235689713622,4.44089209850063e-16,4.44089209850063e-16,1.36517464000008e-11,0.00978227272705343,0.437476535842674,0.00104614826358206,6.59151705875161e-05,0.0762471101513789,3.40987442772795,0.00815411552239986,0.00591350262805435,4.76083879136584e-07,0.0299999999997453,0.109999999999673,6.26000000000022,NA,NA,NA
14,3,42,201,2000,105,TRUE,TRUE,TRUE,0.000495932395320919,0.000496392818336568,0.000496037504494946,4.44089209850063e-16,4.44089209850063e-16,2.50825138436994e-10,0.00942786691297652,0.421627026004732,0.00103003974459967,4.91985439978748e-05,0.0756061923454671,3.38121171208778,0.0082603396688267,0.00546834872768187,4.42212311088544e-07,0.0500000000001819,0.109999999999673,6.41000000000076,NA,NA,NA
14,3,42,201,2000,106,TRUE,TRUE,TRUE,0.000657830729347132,0.000641048940174893,0.000644932812762038,4.44089209850063e-16,4.44089209850063e-16,1.33915101230286e-11,0.0105270822904366,0.47078543212301,0.00113757701042009,5.98630401000833e-05,0.0576244205134127,2.57704242864048,0.00622700708575152,0.00422147210402812,5.513406047245e-07,0.0399999999999636,0.109999999999673,6.25,NA,NA,NA
14,3,42,201,2000,107,TRUE,TRUE,TRUE,0.000582165925307028,0.000534931471138196,0.000535756438421049,6.66133814775094e-16,4.44089209850063e-16,4.17420320530937e-10,0.00645160100309969,0.288524368132735,0.000703487077879595,5.42430089325308e-05,0.0756498835072704,3.38316564024394,0.00824891611630855,0.00589910485252432,2.07080375637796e-07,0.0499999999992724,0.110000000000582,6.35999999999967,NA,NA,NA
14,3,42,201,2000,108,TRUE,TRUE,TRUE,0.000420845993789789,0.000378307928745474,0.000375942611682491,4.44089209850063e-16,4.44089209850063e-16,1.88959958791202e-13,0.011845274757834,0.529736791413584,0.00127757860641901,9.41489170003251e-05,0.0805015708107085,3.60013969256514,0.00868254107680084,0.0061883641054763,6.98062358649651e-07,0.0300000000006548,0.109999999999673,6.27000000000044,NA,NA,NA
14,3,42,201,2000,109,TRUE,TRUE,TRUE,0.000793857847221937,0.000786354282626396,0.000820051707807249,4.44089209850063e-16,4.44089209850063e-16,1.10388853613586e-09,0.0275872176624702,1.23373788006733,0.00293398243591037,0.000212406615489158,0.084810582819399,3.79284456791104,0.00901985707351531,0.00771306142168271,3.78634118585328e-06,0.0299999999997453,0.109999999999673,6.34000000000015,NA,NA,NA
14,3,42,201,2000,110,TRUE,TRUE,TRUE,0.000681838034526531,0.000650049251484212,0.000647161177736298,4.44089209850063e-16,3.33066907387547e-16,2.79989365026267e-11,0.00980824482456307,0.438638043353671,0.00107742893843426,0.000100802295619928,0.0996668589230461,4.45723743311625,0.0109483358059752,0.00839667075413786,4.78615256410788e-07,0.0299999999997453,0.109999999999673,6.26000000000022,NA,NA,NA
14,3,42,201,2000,111,TRUE,TRUE,TRUE,0.000616337511291849,0.000617898811405762,0.000612233440300824,4.44089209850063e-16,4.44089209850063e-16,3.14363202136292e-10,0.013425090345408,0.60038829232817,0.00142673692498596,0.000157525267269421,0.124173153424522,5.55319224075484,0.0131963672887542,0.0124501470940146,8.96681844688397e-07,0.0500000000001819,0.109999999999673,6.36000000000058,NA,NA,NA
14,3,42,201,2000,112,TRUE,TRUE,TRUE,0.000448487521215339,0.000418602108222867,0.0004185145601916,4.44089209850063e-16,4.44089209850063e-16,2.5394797376066e-11,0.00613189578326526,0.274226716046509,0.000662311191716957,4.40430861559094e-05,0.0592621370378558,2.65028333817107,0.00640095298298353,0.00404053262163728,1.87065402471773e-07,0.0500000000001819,0.109999999999673,6.23000000000047,NA,NA,NA
14,3,42,201,2000,113,TRUE,TRUE,TRUE,0.000538455484415812,0.000484943130028099,0.000487264178940921,4.44089209850063e-16,2.22044604925031e-16,4.36045910490179e-09,0.00802618442778884,0.358941879609722,0.000868587541761214,8.11884954714515e-05,0.104105315122621,4.65573122866434,0.0112661976011365,0.00882838192940483,3.20495703825274e-07,0.0500000000001819,0.109999999999673,6.39000000000033,NA,NA,NA
14,3,42,201,2000,114,TRUE,TRUE,TRUE,0.000549076736350818,0.000561058278249741,0.000565222922927441,4.44089209850063e-16,5.55111512312578e-16,6.91491308657532e-12,0.0113686968256927,0.508423578356698,0.0012394358612275,6.61313904330996e-05,0.059888023971378,2.67827385276276,0.00652910053863237,0.00472851986160094,6.43021231415496e-07,0.0299999999997453,0.109999999999673,6.28999999999996,NA,NA,NA
14,3,42,201,2000,115,TRUE,TRUE,TRUE,0.000522300360422455,0.000517388473251733,0.000515926661698548,4.44089209850063e-16,4.44089209850063e-16,4.96334084942873e-11,0.0135059282545134,0.604003473526541,0.00147664803422472,7.84451968840472e-05,0.0856696945239381,3.83126521134334,0.00936655249661427,0.00616036779055662,9.07512925453053e-07,0.0399999999999636,0.109999999999673,6.38999999999942,NA,NA,NA
14,3,42,201,2000,116,TRUE,TRUE,TRUE,0.000432269185545259,0.000425219643682306,0.000422878979451433,3.33066907387547e-16,4.44089209850063e-16,1.84896542521074e-12,0.00791062591693181,0.353773945896623,0.000845758145345084,4.79368931110002e-05,0.0664441749745801,2.97147383904103,0.00710382500520022,0.0046124567743604,3.11333345261857e-07,0.0299999999997453,0.109999999999673,6.30000000000018,NA,NA,NA
14,3,42,201,2000,117,TRUE,TRUE,TRUE,0.000586039557729899,0.000562574254955558,0.000560644550861467,4.44089209850063e-16,4.44089209850063e-16,2.83457701755196e-11,0.0110709659242305,0.495108647663265,0.00120853940458216,9.7868816247626e-05,0.0937813731108578,4.19403050598298,0.0102374522328024,0.00776880200000818,6.09782519877978e-07,0.0299999999997453,0.110000000000582,6.41999999999916,NA,NA,NA
14,3,42,201,2000,118,TRUE,TRUE,TRUE,0.000556609476401955,0.000538993820579467,0.000537933850096914,4.44089209850063e-16,4.44089209850063e-16,3.74518194234952e-11,0.00778227817706885,0.348034060474782,0.000847772115555848,6.89710666179622e-05,0.0838921664133811,3.7517717376009,0.00913889709165123,0.00662294595354496,3.01312704603393e-07,0.0500000000001819,0.109999999999673,6.28999999999996,NA,NA,NA
14,3,42,201,2000,119,TRUE,TRUE,TRUE,0.000604276178827321,0.000567762152091862,0.000568205426460759,4.44089209850063e-16,4.44089209850063e-16,3.17619974765648e-09,0.00950377014711617,0.425021521829699,0.00101262472668204,5.41013003427793e-05,0.0639224833901672,2.8587003630203,0.00681092727094701,0.00426839367205645,4.4936142790655e-07,0.0299999999997453,0.110000000000582,6.36999999999989,NA,NA,NA
14,3,42,201,2000,120,TRUE,TRUE,TRUE,0.00056293378262784,0.000534093609743365,0.000523840715149879,4.44089209850063e-16,4.44089209850063e-16,1.15787113230681e-09,0.0272136524618158,1.21703153641349,0.00296564264595167,0.000162398454840229,0.083561031798671,3.736962947437,0.00910617050723252,0.00738472883949015,3.68449194185319e-06,0.0299999999997453,0.110000000000582,6.26000000000022,NA,NA,NA
14,3,42,201,2000,121,TRUE,TRUE,TRUE,0.000504400857410049,0.00044489740780194,0.000440745969043497,4.44089209850063e-16,4.44089209850063e-16,1.0360601265802e-11,0.0102627561364619,0.458964407152637,0.00110348407320602,9.67215241090003e-05,0.114160733165038,5.10542319436478,0.0122749239247315,0.0112974883691308,5.24000813514854e-07,0.0299999999997453,0.110000000000582,6.35999999999967,NA,NA,NA
14,3,42,201,2000,122,TRUE,TRUE,TRUE,0.000484875826315257,0.000508200645490581,0.00050790570316964,4.44089209850063e-16,4.44089209850063e-16,4.7623371912664e-10,0.00850530372392098,0.380368745919388,0.000926843576000402,5.83082350118502e-05,0.0616608320312879,2.75755623942312,0.00671933042182915,0.00366887370462621,3.59901449931065e-07,0.0300000000006548,0.110000000000582,6.27999999999975,NA,NA,NA
14,3,42,201,2000,123,TRUE,TRUE,TRUE,0.000538341628601051,0.000454009251571019,0.000458618969525632,4.44089209850063e-16,7.7715611723761e-16,1.77120718092283e-09,0.0107015346782828,0.478587180084233,0.0011455397077141,9.89825999582195e-05,0.106464070905466,4.76121799411957,0.0113963860636361,0.00964915077498318,5.69765395375568e-07,0.0399999999999636,0.109999999999673,6.38000000000011,NA,NA,NA
14,3,42,201,2000,124,TRUE,TRUE,TRUE,0.000365879641488232,0.000363541955316857,0.000369581687307286,4.44089209850063e-16,2.22044604925031e-16,4.28035384913983e-12,0.0127906265436855,0.57201420852988,0.00138117381104276,7.13406129690952e-05,0.0616445185567234,2.75682667866161,0.00665657732512865,0.00447376170043157,8.13930981990212e-07,0.0399999999999636,0.109999999999673,6.23999999999978,NA,NA,NA
14,3,42,201,2000,125,TRUE,TRUE,TRUE,0.000455820004031259,0.0004363208564787,0.000437169268432015,4.44089209850063e-16,4.44089209850063e-16,1.1363876506465e-09,0.00911550125184439,0.40765760896217,0.000987035427922149,6.42332056273176e-05,0.0601571372405533,2.69030896403323,0.00651387390098673,0.0041944292997087,4.13394841156103e-07,0.0300000000006548,0.110000000000582,6.39999999999964,NA,NA,NA
14,3,42,201,2000,126,TRUE,TRUE,TRUE,0.000434807997159544,0.000401485864362684,0.000399154619621881,4.44089209850063e-16,4.44089209850063e-16,1.14261933248372e-11,0.00757322421870082,0.338684883237255,0.000813261578484556,6.301753788307e-05,0.0745972720590971,3.33609142520374,0.00801073538475407,0.0057357925925956,2.85341915754809e-07,0.0500000000001819,0.109999999999673,6.25,NA,NA,NA
14,3,42,201,2000,127,TRUE,TRUE,TRUE,0.00049030509422536,0.0004901854348824,0.000485091522114488,4.44089209850063e-16,4.44089209850063e-16,2.49146259179156e-10,0.00926589936995175,0.414383617277692,0.000992533067244821,4.53611054922476e-05,0.0547180806757509,2.44706695978593,0.00586122320980219,0.00380570435029881,4.27148712109812e-07,0.0299999999997453,0.109999999999673,6.39000000000033,NA,NA,NA
14,3,42,201,2000,128,TRUE,TRUE,TRUE,0.000508668281245286,0.000450153537156255,0.000457525237060755,7.7715611723761e-16,4.44089209850063e-16,7.2437611464693e-12,0.0120900165603314,0.540681977559983,0.00131164042553757,0.000142475246853735,0.0949196034250119,4.24493371311297,0.0102977848216304,0.00873910297512737,7.27206469796452e-07,0.0300000000006548,0.109999999999673,6.28000000000065,NA,NA,NA
14,3,42,201,2000,129,TRUE,TRUE,TRUE,0.000729317291221036,0.000688033053345142,0.00069030207066866,4.44089209850063e-16,6.66133814775094e-16,3.23345084041193e-09,0.0140753968003148,0.629470881115739,0.00149770931093601,7.88266414062377e-05,0.0692734613133483,3.09800337066697,0.00737112491261681,0.00580316294313832,9.85655696946828e-07,0.0299999999997453,0.109999999999673,6.40000000000055,NA,NA,NA
14,3,42,201,2000,130,TRUE,TRUE,TRUE,0.000651900664954748,0.00060781589715289,0.000607839962538688,4.44089209850063e-16,4.44089209850063e-16,5.6086579824921e-10,0.007566961734817,0.338404816443811,0.000808822149029082,5.01274700042131e-05,0.0688922278226861,3.08095409065857,0.00736379563049207,0.00588449014198744,2.84870198488481e-07,0.0299999999997453,0.119999999999891,6.27999999999975,NA,NA,NA
14,3,42,201,2000,131,TRUE,TRUE,TRUE,0.000504885325374721,0.000493946020349814,0.000498746607141686,2.22044604925031e-16,4.44089209850063e-16,1.01165165133921e-09,0.0199843366975633,0.893726706819905,0.00213985691443748,0.000154406093891168,0.100673853414995,4.50227159585556,0.0107798244491852,0.00958601319711505,1.98693389672426e-06,0.0399999999999636,0.110000000000582,6.38000000000011,NA,NA,NA
14,3,42,201,2000,132,TRUE,TRUE,TRUE,0.000559838807953831,0.000524276719478363,0.000531549667152834,4.44089209850063e-16,4.44089209850063e-16,2.61191068773314e-11,0.0118800714514526,0.531292946860053,0.00128115732988767,7.40051968293187e-05,0.0792194560676404,3.54280177815604,0.00854309565607549,0.00651768028257038,7.02169640256814e-07,0.0299999999997453,0.109999999999673,6.27000000000044,NA,NA,NA
14,3,42,201,2000,133,TRUE,TRUE,TRUE,0.000388156344049351,0.000387099473151007,0.000387368476591737,4.44089209850063e-16,4.44089209850063e-16,1.3570289336684e-09,0.0101877926490567,0.455611938079269,0.00110086044191579,8.57375596368115e-05,0.0724216084193782,3.23879278931201,0.0078256484594031,0.00584085616821284,5.1637372666753e-07,0.0299999999997453,0.109999999999673,6.36000000000058,NA,NA,NA
14,3,42,201,2000,134,TRUE,TRUE,TRUE,0.000633956059527248,0.000574999226809105,0.000573530628621951,4.44089209850063e-16,2.22044604925031e-16,4.07605060814831e-10,0.00678274540748702,0.30333359610431,0.000743275123472599,4.87881165227577e-05,0.0836946489126739,3.74293848643436,0.00917152963398805,0.00638465519222109,2.288837575263e-07,0.0399999999999636,0.109999999999673,6.24000000000069,NA,NA,NA
14,3,42,201,2000,135,TRUE,TRUE,TRUE,0.000549110181854028,0.000509928872298582,0.00050834553905008,4.44089209850063e-16,4.44089209850063e-16,2.59436916394407e-12,0.0202367359110178,0.905014342794937,0.00221557005112555,0.000246581156339687,0.131823459128488,5.8953243128093,0.0144323723630667,0.0141278830399756,2.03744020065809e-06,0.0299999999997453,0.130000000000109,6.39000000000033,NA,NA,NA
14,3,42,201,2000,136,TRUE,TRUE,TRUE,0.000571401725836835,0.000535217139168711,0.000533726355571321,4.44089209850063e-16,4.44089209850063e-16,2.48667753055543e-11,0.0162266859530792,0.725679456812521,0.00176537620991515,0.000108307050332712,0.0793495076839651,3.54861786324976,0.00863279991606474,0.00630764290418995,1.30997680109382e-06,0.0299999999997453,0.109999999999673,6.24000000000069,NA,NA,NA
14,3,42,201,2000,137,TRUE,TRUE,TRUE,0.000550016519340799,0.000539054838500724,0.000537569762971446,2.22044604925031e-16,2.22044604925031e-16,2.52207499329415e-09,0.00962685292889605,0.43052595116809,0.00103322146023286,6.6318359714046e-05,0.0698269226348385,3.12275491342235,0.00749431569186838,0.00524017419497369,4.61076106042758e-07,0.0500000000001819,0.109999999999673,6.39000000000033,NA,NA,NA
14,3,42,201,2000,138,TRUE,TRUE,TRUE,0.000696997877787243,0.000680873153377086,0.000674469726011649,4.44089209850063e-16,4.44089209850063e-16,4.15954604093827e-10,0.00841494341505333,0.37632771005747,0.000909735354608708,3.9966961260518e-05,0.0611164162150323,2.73320922395965,0.00660726541290039,0.00340709286759733,3.52294888948007e-07,0.0299999999997453,0.109999999999673,6.30000000000018,NA,NA,NA
14,3,42,201,2000,139,TRUE,TRUE,TRUE,0.000548048293467731,0.000485025331025227,0.000478941578906012,2.22044604925031e-16,4.44089209850063e-16,8.03836108786982e-09,0.0108376285108223,0.484673481301771,0.00115683468240169,0.000120452924981862,0.0943103419340701,4.21768671091659,0.0100669140254759,0.00800279443519258,5.84349212629796e-07,0.0300000000006548,0.110000000000582,6.41999999999916,NA,NA,NA
14,3,42,201,2000,140,TRUE,TRUE,TRUE,0.000508522791134355,0.000459660212346026,0.000458146191748197,4.44089209850063e-16,6.66133814775094e-16,4.74974726216715e-09,0.0117336591319672,0.524745188877798,0.00127930787634339,9.0619763398081e-05,0.0659088284570506,2.94753241494675,0.00718596666371145,0.00514923028623571,6.84968938433821e-07,0.0299999999997453,0.109999999999673,6.26000000000022,NA,NA,NA
14,3,42,201,2000,141,TRUE,TRUE,TRUE,0.000487022238492821,0.00042359232859956,0.000414787377538075,5.55111512312578e-16,4.44089209850063e-16,2.7936097879433e-11,0.0122329049393446,0.547072140133347,0.00131495012123221,7.1749738673077e-05,0.089947591649909,4.02257858683178,0.0096687252235715,0.00676500355023535,7.44497329627067e-07,0.0399999999999636,0.109999999999673,6.42000000000007,NA,NA,NA
14,3,42,201,2000,142,TRUE,TRUE,TRUE,0.000549949657028853,0.000529896350892073,0.000535833207494894,4.44089209850063e-16,4.44089209850063e-16,8.8287621657912e-10,0.0118315284655776,0.529122038535106,0.0012612076029591,9.64846709479161e-05,0.079157324297118,3.54002316090703,0.00843794777013625,0.0067612362338707,6.9644311359091e-07,0.0300000000006548,0.1299999999992,6.27000000000044,NA,NA,NA
14,3,42,201,2000,143,TRUE,TRUE,TRUE,0.000903299799699967,0.000833870850487684,0.000834268379322859,4.44089209850063e-16,3.33066907387547e-16,5.53445511641826e-10,0.00950328621651457,0.424999879795267,0.00100178791699628,9.03732518793277e-05,0.0941064266568686,4.20856734248713,0.00992021906829651,0.00866624802994664,4.4931566623381e-07,0.0300000000006548,0.110000000000582,6.42000000000007,NA,NA,NA
14,3,42,201,2000,144,TRUE,TRUE,TRUE,0.000429532402717522,0.000422040620277664,0.000421572332436673,6.66133814775094e-16,3.33066907387547e-16,6.16925621699238e-10,0.00759740620827172,0.33976633468749,0.000823642131575754,4.2452741737975e-05,0.0538475188512486,2.40813425142187,0.00583766143218991,0.00377226040711065,2.87167070116844e-07,0.0299999999997453,0.109999999999673,6.28000000000065,NA,NA,NA
14,3,42,201,2000,145,TRUE,TRUE,TRUE,0.000550112605769542,0.000511247677689025,0.000512574187862529,4.44089209850063e-16,4.44089209850063e-16,1.87561077780174e-12,0.00988924539852275,0.442260499145477,0.00106463755029131,7.44263907392906e-05,0.0745650588900314,3.3346508084877,0.00802738312529579,0.00543413528559711,4.86553107224893e-07,0.0500000000001819,0.109999999999673,6.36999999999989,NA,NA,NA
14,3,42,201,2000,146,TRUE,TRUE,TRUE,0.00062702832299565,0.000636689486648132,0.000638180058264765,2.22044604925031e-16,2.22044604925031e-16,9.58122248206905e-10,0.00535833444057982,0.239632001106296,0.000569681188741845,4.25272307751356e-05,0.0656376683888387,2.93540576804065,0.00697838952918184,0.00449904181101601,1.42844517299024e-07,0.0300000000006548,0.109999999999673,6.25,NA,NA,NA
14,3,42,201,2000,147,TRUE,TRUE,TRUE,0.000718383941339814,0.000622722987855546,0.000624928070527309,4.44089209850063e-16,4.44089209850063e-16,7.90079113244246e-12,0.0100626800852268,0.450016734128012,0.00108798374112259,9.96826431105546e-05,0.0972050678728037,4.3471427904214,0.0105098773392977,0.00798500441808869,5.03768808445874e-07,0.0300000000006548,0.109999999999673,6.3700000000008,NA,NA,NA
14,3,42,201,2000,148,TRUE,TRUE,TRUE,0.000641056449350974,0.000599461610283119,0.000598556180711517,4.44089209850063e-16,5.55111512312578e-16,4.90878448999865e-11,0.0219413975757916,0.98124913001638,0.0023343758678844,0.000137159927362518,0.0770267358433713,3.44474034861396,0.00819498177878423,0.00681671298555386,2.39514889342762e-06,0.0299999999997453,0.0999999999994543,6.30000000000018,NA,NA,NA
14,3,42,201,2000,149,TRUE,TRUE,TRUE,0.000483316411939093,0.000461729382222215,0.000463557817592236,6.66133814775094e-16,4.44089209850063e-16,1.10782782947183e-09,0.0143126268056799,0.640080129481717,0.00154456297182744,0.000101257863676096,0.096493166552386,4.31530559550688,0.0104131669269856,0.00950903026713235,1.01916062725704e-06,0.0299999999997453,0.110000000000582,6.39000000000033,NA,NA,NA
14,3,42,201,2000,150,TRUE,TRUE,TRUE,0.000376022431322608,0.000387723933921921,0.000389068161738956,4.44089209850063e-16,5.55111512312578e-16,7.01838587247039e-10,0.00627835943864162,0.280776769839601,0.000673096576809821,4.40190139414653e-05,0.0695284230933887,3.10940560810367,0.00745407204422026,0.00477844735034694,1.96108443983981e-07,0.0500000000001819,0.100000000000364,6.26999999999953,NA,NA,NA
14,3,42,201,2000,151,TRUE,TRUE,TRUE,0.000618586677750365,0.00059181791560063,0.000589886980956036,4.44089209850063e-16,5.55111512312578e-16,4.28985291733852e-10,0.00836113317362526,0.373921242903093,0.000889510707626625,4.72310176178325e-05,0.0615229521808726,2.751390065058,0.00654520429148469,0.00419243084404997,3.47803721129835e-07,0.0300000000006548,0.0900000000001455,6.38999999999942,NA,NA,NA
14,3,42,201,2000,152,TRUE,TRUE,TRUE,0.000520994040520995,0.000497875110222976,0.00050196661056455,4.44089209850063e-16,4.44089209850063e-16,4.51105819365694e-12,0.00965483090612264,0.431777164347122,0.00103764508919743,3.85320252433985e-05,0.051566722732614,2.30613394814017,0.00554209153218519,0.00336239677362471,4.63759999133437e-07,0.0500000000001819,0.110000000000582,6.25,NA,NA,NA
14,3,42,201,2000,153,TRUE,TRUE,TRUE,0.000652682452208252,0.000616443724852905,0.000611486055066713,4.44089209850063e-16,4.44089209850063e-16,1.5088208460412e-09,0.0238648606069632,1.06726901181453,0.00256514061775512,0.000169237780923481,0.109078940279026,4.87815850755084,0.011724469078599,0.00884878275803658,2.83349040691435e-06,0.0399999999999636,0.109999999999673,6.38000000000011,NA,NA,NA
14,3,42,201,2000,154,TRUE,TRUE,TRUE,0.000549727971049193,0.000443652943903939,0.000443505488813301,6.66133814775094e-16,2.22044604925031e-16,6.43805675437648e-10,0.012849093442671,0.574628927741181,0.00137386131368559,0.000112857523483001,0.0891195102203237,3.98554565948262,0.00952890940770206,0.00841660027094093,8.2138906616164e-07,0.0500000000001819,0.110000000000582,6.25,NA,NA,NA
14,3,42,201,2000,155,TRUE,TRUE,TRUE,0.000728987176794367,0.000722912868720649,0.000720635013708758,4.44089209850063e-16,6.66133814775094e-16,2.16937579011756e-12,0.0100108692526698,0.447699683256643,0.0010957863126191,6.93430912974691e-05,0.0718105760102609,3.21146658924718,0.00786036100435056,0.00539104848397187,4.98594543253976e-07,0.0299999999997453,0.110000000000582,6.40999999999985,NA,NA,NA
14,3,42,201,2000,156,TRUE,TRUE,TRUE,0.000680965255110999,0.000672328126471075,0.000679353886558956,4.44089209850063e-16,3.33066907387547e-16,5.41506173235007e-10,0.0124916467548597,0.55864342589562,0.0013712590117646,6.96805691120517e-05,0.0675089036051143,3.01908995095032,0.0074107276854308,0.00440486520226102,7.76324570389043e-07,0.0300000000006548,0.109999999999673,6.26000000000022,NA,NA,NA
14,3,42,201,2000,157,TRUE,TRUE,TRUE,0.000589828835703496,0.000578229654572576,0.000580113958308517,4.44089209850063e-16,4.44089209850063e-16,7.42076511350831e-09,0.0107755801504141,0.481898594266467,0.00116789395481995,4.71488331896808e-05,0.0635748550738427,2.84315395209619,0.00689045860017496,0.00322142206225351,5.77677251631834e-07,0.0399999999999636,0.100000000000364,6.38000000000011,NA,NA,NA
14,3,42,201,2000,158,TRUE,TRUE,TRUE,0.000840114563613706,0.000843761837319941,0.000852569647007836,4.44089209850063e-16,4.44089209850063e-16,3.19477777566135e-12,0.0142695070229751,0.638151754175659,0.00151653721764219,0.000110555229937859,0.0638227587523561,2.85424054163676,0.00678296656112282,0.00606722629518686,1.01302900835192e-06,0.0399999999999636,0.110000000000582,6.29999999999927,NA,NA,NA
14,3,42,201,2000,159,TRUE,TRUE,TRUE,0.0006035422210261,0.00057120194823414,0.000572118251229369,4.44089209850063e-16,4.44089209850063e-16,3.6846681261693e-10,0.00932141937841355,0.416866547538331,0.00102230534098414,5.87141140755421e-05,0.0612368646898412,2.73859584350883,0.00671601301219451,0.00433632510536341,4.32282881732655e-07,0.0299999999997453,0.109999999999673,6.36999999999989,NA,NA,NA
14,3,42,201,2000,160,TRUE,TRUE,TRUE,0.000616886245357249,0.00061648302373327,0.000621012571704685,4.44089209850063e-16,4.44089209850063e-16,1.39492861706003e-11,0.00988653046443472,0.442139083601972,0.0010482745079967,7.81416437050098e-05,0.0647219405271868,2.89445317308977,0.00686250455675984,0.00528382390366033,4.86285993155203e-07,0.0500000000001819,0.109999999999673,6.30000000000018,NA,NA,NA
14,3,42,201,2000,161,TRUE,TRUE,TRUE,0.000498763898919493,0.00047764454256654,0.000483064753768309,4.44089209850063e-16,2.22044604925031e-16,4.12920875270117e-09,0.00843457244565535,0.37720554699264,0.000918746860238573,6.22363021633987e-05,0.0640567802620198,2.86470630171286,0.00697746875990585,0.00490910860268912,3.53940359905515e-07,0.0299999999997453,0.109999999999673,6.39000000000033,NA,NA,NA
14,3,42,201,2000,162,TRUE,TRUE,TRUE,0.000461744318256884,0.000368848972720123,0.000361438647780213,4.44089209850063e-16,4.44089209850063e-16,1.71847869268049e-10,0.0256430399184544,1.1467916081481,0.00274754581291627,0.000243299184127466,0.11123478324986,4.97457073618282,0.0119183475883003,0.00695532593818626,3.27147013064402e-06,0.0399999999999636,0.109999999999673,6.30000000000018,NA,NA,NA
14,3,42,201,2000,163,TRUE,TRUE,TRUE,0.000548514123823497,0.000555671938860912,0.00056372035869734,6.66133814775094e-16,3.33066907387547e-16,3.97984623035086e-09,0.00925012571011611,0.413678197764763,0.00100194161639764,6.40910027769337e-05,0.0625709816310327,2.7982593669176,0.00677747226790898,0.00493415617378901,4.25695650014682e-07,0.0299999999997453,0.109999999999673,6.40000000000055,NA,NA,NA
14,3,42,201,2000,164,TRUE,TRUE,TRUE,0.000625298565972223,0.000612651609405176,0.000609006659160984,4.44089209850063e-16,4.44089209850063e-16,7.79842856957202e-11,0.00944008522679232,0.422173445609983,0.00104129574498241,5.39427208536836e-05,0.0617793514062072,2.76285658700253,0.00681461811006506,0.00432839476921743,4.43359249199515e-07,0.0399999999999636,0.109999999999673,6.30000000000018,NA,NA,NA
14,3,42,201,2000,165,TRUE,TRUE,TRUE,0.000494400546382615,0.000442225711346024,0.000447244602521903,4.44089209850063e-16,4.44089209850063e-16,3.68016728202747e-12,0.00940759829904533,0.420720586033535,0.00101917093396566,5.66625818123612e-05,0.0867608865768288,3.88006480347877,0.00939922932436103,0.00699661498565263,4.40312963961197e-07,0.0299999999997453,0.110000000000582,6.42000000000007,NA,NA,NA
14,3,42,201,2000,166,TRUE,TRUE,TRUE,0.000496863290812896,0.000497378192811825,0.000495543492096253,4.44089209850063e-16,4.44089209850063e-16,1.39288580669472e-12,0.00899981157701639,0.402483809417965,0.000983142223310175,5.20202160814165e-05,0.084438122405845,3.77618763183835,0.00922404682407141,0.00664323793404975,4.02968201103474e-07,0.0299999999997453,0.0900000000001455,6.27999999999975,NA,NA,NA
14,3,42,201,2000,167,TRUE,TRUE,TRUE,0.000607306442031739,0.000601130983878326,0.000597677835907827,3.33066907387547e-16,5.55111512312578e-16,3.62398999698144e-12,0.0116275241172419,0.519998686723424,0.00127750575374181,6.36999881464817e-05,0.08379431050044,3.74739548813417,0.00920640651576059,0.00658601037569184,6.72633418393248e-07,0.0299999999997453,0.109999999999673,6.42000000000007,NA,NA,NA
14,3,42,201,2000,168,TRUE,TRUE,TRUE,0.000586230226645136,0.000548982123661839,0.00055161913316199,4.44089209850063e-16,4.44089209850063e-16,3.68257868643695e-10,0.00819529115215205,0.366504562232291,0.000883806951905725,4.96244128882495e-05,0.0713758747528319,3.19202615801686,0.00769740734450172,0.0052345111729224,3.3414326899772e-07,0.0299999999997453,0.109999999999673,6.26000000000022,NA,NA,NA
14,3,42,201,2000,169,TRUE,TRUE,TRUE,0.000599684673829935,0.000582636700675007,0.000583301109527581,4.44089209850063e-16,5.55111512312578e-16,3.83160170258634e-12,0.00458913693114689,0.205232442721984,0.000490619827561498,3.22752667898385e-05,0.0549608199649726,2.45792259081613,0.00587580375535112,0.00356695385331562,1.04777003844857e-07,0.0300000000006548,0.109999999999673,6.41000000000076,NA,NA,NA
14,3,42,201,2000,170,TRUE,TRUE,TRUE,0.000452735380569229,0.000432291298029116,0.000431397424401322,4.44089209850063e-16,4.44089209850063e-16,1.67070135503877e-10,0.0116486540545069,0.52094364624512,0.0012528987979872,6.55893153833631e-05,0.0766936674181974,3.42984507581701,0.00824897050525009,0.00653503543847478,6.75080304883485e-07,0.0299999999997453,0.110000000000582,6.28999999999996,NA,NA,NA
14,3,42,201,2000,171,TRUE,TRUE,TRUE,0.000467902631391093,0.00041949344687132,0.00042739955849622,3.33066907387547e-16,4.44089209850063e-16,2.88625878752669e-09,0.0223174082595143,0.998064838997783,0.00241766445321806,0.000144820734526263,0.0967864171048136,4.32842015890023,0.0104849576378963,0.00607526440219885,2.47794383791958e-06,0.0299999999997453,0.109999999999673,6.40000000000055,NA,NA,NA
14,3,42,201,2000,172,TRUE,TRUE,TRUE,0.000534662246592625,0.000512605724124701,0.000514766687174853,4.44089209850063e-16,4.44089209850063e-16,3.63205532316613e-09,0.00774526675936609,0.346378859556242,0.000839859945234973,5.74228309986324e-05,0.0892422784869317,3.99103602327493,0.0096770088689383,0.00710052761925795,2.9845351827732e-07,0.0500000000001819,0.109999999999673,6.23000000000047,NA,NA,NA
14,3,42,201,2000,173,TRUE,TRUE,TRUE,0.000505464399656891,0.000435956987783555,0.000434575837186729,3.33066907387547e-16,2.22044604925031e-16,2.19152251901278e-10,0.0130193384677552,0.582242516719571,0.00140099479945594,8.38332445312062e-05,0.0727088715727138,3.2516395880778,0.00782411112515191,0.00664510565278675,8.43299373820747e-07,0.0399999999999636,0.109999999999673,6.42000000000007,NA,NA,NA
14,3,42,201,2000,174,TRUE,TRUE,TRUE,0.000688405122205511,0.000635802959930136,0.000640774729345456,4.44089209850063e-16,4.44089209850063e-16,3.45039552485105e-11,0.0123254793515288,0.551212193705766,0.00134961700377999,7.18341056753502e-05,0.0714846230197672,3.19688952836291,0.00782743291232032,0.00502623032373606,7.55808165397819e-07,0.0299999999997453,0.110000000000582,6.28999999999996,NA,NA,NA
14,3,42,201,2000,175,TRUE,TRUE,TRUE,0.000468470339042682,0.000449279543884161,0.000448593183240649,4.44089209850063e-16,3.33066907387547e-16,1.0047038756511e-09,0.0108868367354181,0.486874140006734,0.00117590769084704,4.29307768570197e-05,0.0604137229657361,2.70178382650452,0.00652539972763573,0.00415267158139443,5.89667731858947e-07,0.0399999999999636,0.109999999999673,6.39000000000033,NA,NA,NA
14,3,42,201,2000,176,TRUE,TRUE,TRUE,0.00059176821262083,0.000544848433716559,0.000538760986675976,3.33066907387547e-16,4.44089209850063e-16,6.72284450331517e-12,0.0134028442734585,0.59939341774594,0.00145419785746773,0.000103817286444041,0.0952665592450978,4.26045004909099,0.0103363452947734,0.00824102033985241,8.93712610042683e-07,0.0299999999997453,0.109999999999673,6.26000000000022,NA,NA,NA
14,3,42,201,2000,177,TRUE,TRUE,TRUE,0.000431322081397866,0.000421284693009676,0.000424715148803074,4.44089209850063e-16,4.44089209850063e-16,6.0336957652396e-10,0.0100353164293349,0.448792994234265,0.00107368729060503,5.92198843207825e-05,0.0580199148048876,2.5947294710495,0.00620760148089554,0.00441420943782589,5.0103271560636e-07,0.0399999999999636,0.109999999999673,6.36000000000058,NA,NA,NA
14,3,42,201,2000,178,TRUE,TRUE,TRUE,0.0007014150629407,0.00064992275026803,0.000640948981289034,5.55111512312578e-16,4.44089209850063e-16,6.53148468643394e-09,0.0115301260071508,0.51564291082255,0.00124158768191229,7.30557847319346e-05,0.0878101207723149,3.92698798318725,0.00945557439966583,0.00695189730527801,6.61411968859584e-07,0.0299999999997453,0.110000000000582,6.27999999999975,NA,NA,NA
14,3,42,201,2000,179,TRUE,TRUE,TRUE,0.000452171488985661,0.000411657137138998,0.000410469199666058,4.44089209850063e-16,4.44089209850063e-16,2.18713935851156e-13,0.00861235665830198,0.385156298688723,0.000936887719452195,6.3104352840071e-05,0.079569595271095,3.55846047936628,0.00865590913253798,0.00588015708762413,3.69018344327356e-07,0.0299999999997453,0.109999999999673,6.35999999999967,NA,NA,NA
14,3,42,201,2000,180,TRUE,TRUE,TRUE,0.000405031019832081,0.000382844781215253,0.000380544969039603,2.22044604925031e-16,2.22044604925031e-16,5.16537479455792e-10,0.00859634423165196,0.38444020119924,0.000936242329057628,6.13303538514742e-05,0.0798587349935212,3.57139120085309,0.00869754933389425,0.00611033608967659,3.67647433577393e-07,0.0299999999997453,0.109999999999673,6.26000000000022,NA,NA,NA
14,3,42,201,2000,181,TRUE,TRUE,TRUE,0.000637108322424845,0.000588444929521652,0.000587691906367804,4.44089209850063e-16,4.44089209850063e-16,4.84213114049226e-10,0.00879618301961987,0.393377263487988,0.000936133073755508,9.55325858740252e-05,0.115409902048077,5.16128772512186,0.0122824895872571,0.0122487619801177,3.84939481167408e-07,0.0299999999997453,0.110000000000582,6.38999999999942,NA,NA,NA
14,3,42,201,2000,182,TRUE,TRUE,TRUE,0.000475331278728718,0.000467649833969832,0.000467850215667921,5.55111512312578e-16,4.44089209850063e-16,8.25657320291384e-09,0.01081778068216,0.483785859419878,0.0011710552336656,5.72461709111849e-05,0.0551051672482931,2.46437799757357,0.00596528959165835,0.00325352887531949,5.82210840235397e-07,0.0299999999997453,0.0999999999994543,6.28999999999996,NA,NA,NA
14,3,42,201,2000,183,TRUE,TRUE,TRUE,0.000541263567852827,0.000516360354257632,0.000515088064848459,4.44089209850063e-16,6.66133814775094e-16,4.19375645321907e-12,0.00880441013395373,0.393745191226171,0.00095426224472883,5.04332390818263e-05,0.0669588008174548,2.99448860639395,0.00725730112526251,0.00460290287192322,3.85659889586404e-07,0.0300000000006548,0.110000000000582,6.40999999999985,NA,NA,NA
14,3,42,201,2000,184,TRUE,TRUE,TRUE,0.000535500332080568,0.000478898307250261,0.000482328014022686,4.44089209850063e-16,4.44089209850063e-16,6.14599926507253e-10,0.0159022006540874,0.711168033087619,0.00171252040870409,0.000114267589545136,0.0772893621661589,3.45648535482264,0.00832335177780873,0.00586903002623984,1.25810938130774e-06,0.0299999999997453,0.110000000000582,6.25,NA,NA,NA
14,3,42,201,2000,185,TRUE,TRUE,TRUE,0.000492413622182577,0.000428812358020426,0.000433924598559356,5.55111512312578e-16,2.22044604925031e-16,1.50042267499373e-09,0.014723352138388,0.658448324762049,0.00159062927472672,9.29376527025738e-05,0.0970046694253311,4.33818069939872,0.0104798462688955,0.00684704681636106,1.07849302582574e-06,0.0299999999997453,0.110000000000582,6.40000000000055,NA,NA,NA
14,3,42,201,2000,186,TRUE,TRUE,TRUE,0.000588227174977308,0.000603160817747066,0.000611161299496317,5.55111512312578e-16,5.55111512312578e-16,5.57137846968203e-09,0.0130017121704347,0.581454244739566,0.00138580067450028,9.57774646153098e-05,0.101241959328912,4.52767806469433,0.0107909768872422,0.00854435746768445,8.41017509267809e-07,0.0299999999997453,0.0999999999994543,6.25,NA,NA,NA
14,3,42,201,2000,187,TRUE,TRUE,TRUE,0.000656842261533121,0.000623225696640184,0.00062781772287432,3.33066907387547e-16,3.33066907387547e-16,1.71056502296096e-11,0.00962483300319288,0.430435617344455,0.00105962876221335,8.37395190060874e-05,0.0774547389221522,3.46388122818862,0.00852724084713071,0.00617928516093968,4.60882638504233e-07,0.0300000000006548,0.109999999999673,6.3700000000008,NA,NA,NA
14,3,42,201,2000,188,TRUE,TRUE,TRUE,0.000512896963425658,0.000504145398195695,0.000507720209802784,4.44089209850063e-16,4.44089209850063e-16,3.17257331516885e-12,0.00600772493398089,0.268673626850034,0.000641986767843371,3.26581786538327e-05,0.0572200741739678,2.55895951061144,0.00611454933080003,0.00358956925084186,1.79565964588934e-07,0.0299999999997453,0.109999999999673,6.25,NA,NA,NA
14,3,42,201,2000,189,TRUE,TRUE,TRUE,0.000503922102049727,0.000477520438814788,0.000484283277836366,4.44089209850063e-16,4.44089209850063e-16,2.12487805129058e-11,0.014397861507555,0.643891941230411,0.00156866519689541,0.000109019166160351,0.0632181014446624,2.82719944477486,0.00688769200189966,0.00584100481353289,1.03133540293897e-06,0.0300000000006548,0.109999999999673,6.36000000000058,NA,NA,NA
14,3,42,201,2000,190,TRUE,TRUE,TRUE,0.000689308674859802,0.000613633379869654,0.000617691416343614,4.44089209850063e-16,4.44089209850063e-16,3.86636234139814e-09,0.0154308953862792,0.690090620748162,0.00165277446116313,0.000137848104081684,0.103560501650936,4.63136642950943,0.0110921724261122,0.0103678197485451,1.18463946478752e-06,0.0299999999997453,0.110000000000582,6.25,NA,NA,NA
14,3,42,201,2000,191,TRUE,TRUE,TRUE,0.000602019255084792,0.000568588604555929,0.000568045498960989,6.66133814775094e-16,4.44089209850063e-16,1.03150821217923e-11,0.00935857309389687,0.418528112207078,0.00100391804823757,4.72780170497344e-05,0.0709137477417126,3.17135920979483,0.00760709891473717,0.0051833593758488,4.35735772904529e-07,0.0299999999997453,0.109999999999673,6.35999999999967,NA,NA,NA
14,3,42,201,2000,192,TRUE,TRUE,TRUE,0.000555025939638706,0.000547315819267889,0.000545355677207202,4.44089209850063e-16,4.44089209850063e-16,7.304333138336e-09,0.00853057605041044,0.381498958718988,0.000922305702257897,4.39937181795358e-05,0.0655312954855251,2.93064862718518,0.00708508864412961,0.00459519489292859,3.62043421650926e-07,0.0399999999999636,0.109999999999673,6.25,NA,NA,NA
14,3,42,201,2000,193,TRUE,TRUE,TRUE,0.000535453764311287,0.000454193403941472,0.000454227032688143,4.44089209850063e-16,4.44089209850063e-16,8.04973865342618e-11,0.0083224981930799,0.372193434046917,0.000895127177794818,7.21843553890267e-05,0.102130052821524,4.56739481309143,0.0109846086871104,0.008626644030997,3.44596896387155e-07,0.0299999999997453,0.109999999999673,6.40000000000055,NA,NA,NA
14,3,42,201,2000,194,TRUE,TRUE,TRUE,0.00058907667324469,0.00054599276457584,0.00054899708725405,4.44089209850063e-16,4.44089209850063e-16,3.91331411719875e-12,0.00897774593852115,0.401497004065119,0.000962249916099797,7.04687222992106e-05,0.07970346796044,3.56444744804041,0.00854275180908379,0.00642152290058817,4.00994637495687e-07,0.0299999999997453,0.0999999999994543,6.30000000000018,NA,NA,NA
14,3,42,201,2000,195,TRUE,TRUE,TRUE,0.000524104788893948,0.000506656626025826,0.000506967361388123,2.22044604925031e-16,4.44089209850063e-16,2.14028794687238e-12,0.00437777763120647,0.195780167475113,0.000473665264930355,2.63684866723679e-05,0.0492557576635906,2.2027844483809,0.00532935737456366,0.00268622250996486,9.53479452153818e-08,0.0299999999997453,0.110000000000582,6.40999999999985,NA,NA,NA
14,3,42,201,2000,196,TRUE,TRUE,TRUE,0.000764118237089537,0.000705286938322399,0.000705965062092979,4.44089209850063e-16,4.44089209850063e-16,1.42215128562384e-11,0.0116586769318645,0.521391882947155,0.00128521786229607,0.000144629798057849,0.120039106033907,5.36831202100243,0.0132327539523095,0.0117687806229725,6.76242526376069e-07,0.0299999999997453,0.100000000000364,6.29999999999927,NA,NA,NA
14,3,42,201,2000,197,TRUE,TRUE,TRUE,0.000746842925290486,0.000606349488457929,0.000607451594049738,4.44089209850063e-16,8.88178419700125e-16,6.85197476535393e-09,0.0112385072615469,0.502601324048876,0.0012156125812165,0.000148147261469944,0.126426016721905,5.65394335029408,0.013674863835883,0.0139399329174879,6.28378335660904e-07,0.0299999999997453,0.109999999999673,6.40999999999985,NA,NA,NA
14,3,42,201,2000,198,TRUE,TRUE,TRUE,0.000589335212543595,0.000540562143181129,0.000539314179903108,4.44089209850063e-16,4.44089209850063e-16,2.18358664483276e-11,0.0148944487910895,0.666099999685313,0.00160352833386237,0.00010435917631213,0.0858293061122695,3.83840325857346,0.00924033686356404,0.00622884119033529,1.10370450144471e-06,0.0300000000006548,0.109999999999673,6.26999999999953,NA,NA,NA
14,3,42,201,2000,199,TRUE,TRUE,TRUE,0.000664007079524342,0.000596566421645708,0.000598277685177365,4.44089209850063e-16,6.66133814775094e-16,6.52802256695395e-10,0.00629360558868,0.281458598397221,0.000687083747784749,5.45098467412686e-05,0.0723122255863596,3.23390104030799,0.0078944500519539,0.00527574122420305,1.97062046297831e-07,0.0500000000001819,0.110000000000582,6.39999999999964,NA,NA,NA
14,3,42,201,2000,200,TRUE,TRUE,TRUE,0.000745493789221281,0.0007344114625802,0.000731184056734173,4.44089209850063e-16,4.44089209850063e-16,1.91883842148854e-10,0.00657058723205993,0.293845594059564,0.000695002670916843,3.95929332199785e-05,0.0473459977189483,2.11737738724237,0.00500801430826993,0.00315650947445789,2.14789137184622e-07,0.0500000000001819,0.109999999999673,6.25,NA,NA,NA
14,3,42,201,2000,201,TRUE,TRUE,TRUE,0.000629945052485265,0.000614371470583827,0.000613452180794802,4.44089209850063e-16,4.44089209850063e-16,2.40759989722505e-09,0.00912643542630157,0.408146600109452,0.000978626458172483,6.88351020201594e-05,0.0624028721562673,2.79074128265285,0.00669145169011796,0.0040987638329355,4.14387182042052e-07,0.0500000000001819,0.109999999999673,6.35999999999967,NA,NA,NA
14,3,42,201,2000,202,TRUE,TRUE,TRUE,0.000505997453723921,0.000475344009067456,0.000480767821177331,4.44089209850063e-16,4.44089209850063e-16,3.42748496251488e-10,0.0124264346021664,0.555727049767991,0.00135025326837862,0.000184555793467212,0.108292674776395,4.84299564530591,0.0117670548906118,0.0109372468415359,7.68240183691132e-07,0.0299999999997453,0.109999999999673,6.25,NA,NA,NA
14,3,42,201,2000,203,TRUE,TRUE,TRUE,0.00097554839092863,0.000906495924413239,0.000904950210380093,4.44089209850063e-16,4.44089209850063e-16,1.05705000308376e-09,0.0106458191163477,0.476095504406404,0.00117762623452618,8.96231169278394e-05,0.0947271664845703,4.23632767150878,0.0104785921266743,0.00775301919400562,5.63848082875594e-07,0.0299999999997453,0.110000000000582,6.35000000000036,NA,NA,NA
14,3,42,201,2000,204,TRUE,TRUE,TRUE,0.00042719131833212,0.000420698734091404,0.000415402580793933,6.66133814775094e-16,4.44089209850063e-16,3.09735126435839e-10,0.0120300797819508,0.538001523343758,0.0013033916505535,8.08763976820615e-05,0.0576674443855565,2.57896651469586,0.00624794406049268,0.00460739615238737,7.20014027662198e-07,0.0300000000006548,0.109999999999673,6.25,NA,NA,NA
14,3,42,201,2000,205,TRUE,TRUE,TRUE,0.000530552678955184,0.000511897715422023,0.000513170077302322,4.44089209850063e-16,2.22044604925031e-16,9.1178553596194e-10,0.0137636904151518,0.615530947790833,0.00147697392608996,8.28460175483769e-05,0.0642218901896838,2.8720902421532,0.0068916151434179,0.00421035390311886,9.424834519609e-07,0.0500000000001819,0.109999999999673,6.38000000000011,NA,NA,NA
14,3,42,201,2000,206,TRUE,TRUE,TRUE,0.000491178403693939,0.000490884108944122,0.000493696675019097,2.22044604925031e-16,3.33066907387547e-16,1.82521353586651e-09,0.00978816897973581,0.437740224278881,0.00105262536839499,6.21949270254163e-05,0.0626836495983931,2.80329803159569,0.0067410360290523,0.00459383637511479,4.76657970029166e-07,0.0399999999999636,0.110000000000582,6.27999999999975,NA,NA,NA
14,3,42,201,2000,207,TRUE,TRUE,TRUE,0.000763854980847322,0.000749167861371464,0.00074639497571459,4.44089209850063e-16,4.44089209850063e-16,1.51170675977141e-09,0.0158148947382479,0.707263593834521,0.00167550348242197,9.39252308782557e-05,0.0715703352101211,3.20072269404555,0.00758249408974257,0.00505520871230658,1.24433281384011e-06,0.0299999999997453,0.109999999999673,6.36999999999989,NA,NA,NA
14,3,42,201,2000,208,TRUE,TRUE,TRUE,0.000662521085225393,0.000630296008169446,0.000629393641901523,4.44089209850063e-16,8.88178419700125e-16,1.65250035877307e-11,0.00796590208811224,0.35624597142253,0.000872687339992333,5.76354612888963e-05,0.0742780491543025,3.32181534290182,0.00813737256864143,0.00565655088472283,3.15699482972094e-07,0.0300000000006548,0.109999999999673,6.31999999999971,NA,NA,NA
14,3,42,201,2000,209,TRUE,TRUE,TRUE,0.000618323667204431,0.000576678025880024,0.000579913997886785,3.33066907387547e-16,4.44089209850063e-16,5.77049519279171e-12,0.0068115237222205,0.304620601464749,0.000733992258857024,4.0797770793688e-05,0.0663121542925122,2.96556969465024,0.00714562701441634,0.00474184415550383,2.30830126459565e-07,0.0299999999997453,0.109999999999673,6.39000000000033,NA,NA,NA
14,3,42,201,2000,210,TRUE,TRUE,TRUE,0.000629029862648726,0.000638893744258341,0.000642652334929332,4.44089209850063e-16,3.33066907387547e-16,1.10215747639586e-09,0.00664076975744459,0.296984252011418,0.000712078885364152,3.26073917804592e-05,0.0725573259023874,3.24486225966689,0.00778020344639341,0.00439350719747011,2.19402104335277e-07,0.0299999999997453,0.109999999999673,6.3100000000004,NA,NA,NA
14,3,42,201,2000,211,TRUE,TRUE,TRUE,0.000529416136084745,0.000496163077170874,0.000500670192605468,6.66133814775094e-16,4.44089209850063e-16,4.2232883856741e-11,0.00834778935275385,0.373324489092132,0.000894846412341345,6.58338964569793e-05,0.0840256365237607,3.75774070239636,0.00900717977067555,0.00655521396821257,3.46694463074381e-07,0.0299999999997453,0.109999999999673,6.38000000000011,NA,NA,NA
14,3,42,201,2000,212,TRUE,TRUE,TRUE,0.000637423218653288,0.000611901948604513,0.000615738207690572,4.44089209850063e-16,4.44089209850063e-16,1.07131858939624e-10,0.0116661198232377,0.521724739168348,0.00128318633567506,8.57564447471759e-05,0.0947776283121836,4.23858439304503,0.0104248335711103,0.00858881370281495,6.77106227513136e-07,0.0299999999997453,0.110000000000582,6.25,NA,NA,NA
14,3,42,201,2000,213,TRUE,TRUE,TRUE,0.000791415922702511,0.000790969993635704,0.000794506923374622,4.44089209850063e-16,4.44089209850063e-16,6.18102902194551e-10,0.00888732205455311,0.397453125038277,0.000980484199381551,6.01600298040239e-05,0.0578417699814181,2.58676259234715,0.00638133075215696,0.00406722969799489,3.9295767811615e-07,0.0299999999997453,0.109999999999673,6.38000000000011,NA,NA,NA
14,3,42,201,2000,214,TRUE,TRUE,TRUE,0.0009672239205272,0.00097342412345714,0.000970971987475202,6.66133814775094e-16,6.66133814775094e-16,2.50667731016563e-09,0.0145702784491473,0.651602661267871,0.00152930782435711,8.40178417149673e-05,0.0823759003299999,3.68396225691254,0.00864623894133628,0.00655474478249118,1.05618414968003e-06,0.0299999999997453,0.0900000000001455,6.25,NA,NA,NA
14,3,42,201,2000,215,TRUE,TRUE,TRUE,0.00058440485902923,0.000575215745418402,0.000570504277524103,4.44089209850063e-16,4.44089209850063e-16,4.8197890123447e-11,0.0170955880596736,0.764537940335277,0.00183643642375547,0.000136663766497236,0.0794441688727395,3.55285124030837,0.00853402438474909,0.00703033558968968,1.45402552789081e-06,0.0399999999999636,0.109999999999673,6.38000000000011,NA,NA,NA
14,3,42,201,2000,216,TRUE,TRUE,TRUE,0.000601285090767079,0.000557980970311116,0.000570452711832759,8.88178419700125e-16,2.22044604925031e-16,7.04702740605967e-10,0.0124199185254464,0.555435641958144,0.00135961686852317,8.14877391448476e-05,0.0810233020735432,3.62347222395885,0.00886967559545062,0.00726080000849549,7.67434707356854e-07,0.0299999999997453,0.110000000000582,6.32999999999993,NA,NA,NA
14,3,42,201,2000,217,TRUE,TRUE,TRUE,0.00066583348824065,0.000631228623954418,0.000633856113675733,2.22044604925031e-16,4.44089209850063e-16,1.69340097500026e-11,0.0101154553467281,0.452376915572953,0.00107438049077674,5.74643396618058e-05,0.0677699858121798,3.03076590220461,0.0071979706420605,0.00529277400217865,5.09066850107708e-07,0.0399999999999636,0.100000000000364,6.35999999999967,NA,NA,NA
14,3,42,201,2000,218,TRUE,TRUE,TRUE,0.00083364670667897,0.000807960655243686,0.00080979054014751,7.7715611723761e-16,4.44089209850063e-16,8.9518525925314e-10,0.0123794121965798,0.55362414386085,0.00137403030017051,6.27861938440333e-05,0.0738578275436617,3.30302246116168,0.00819771499149183,0.00535786304362773,7.62437046431989e-07,0.0299999999997453,0.089999999999236,6.27999999999975,NA,NA,NA
14,3,42,201,2000,219,TRUE,TRUE,TRUE,0.000551520991417885,0.00054611216256445,0.000539864706236106,2.22044604925031e-16,4.44089209850063e-16,5.40419264893899e-10,0.0121645299039806,0.544014315592593,0.00132895980672008,8.88456850134389e-05,0.0747603756678808,3.34338564033605,0.0081674783310283,0.00605394048882602,7.36197949178302e-07,0.0500000000001819,0.110000000000582,6.38999999999942,NA,NA,NA
14,3,42,201,2000,220,TRUE,TRUE,TRUE,0.000693629904145398,0.000645520618810049,0.000640659313035941,4.44089209850063e-16,4.44089209850063e-16,9.23128240515325e-12,0.0104506764791793,0.467368460366063,0.00112803390971118,9.34160829189068e-05,0.082020076642103,3.6680493378297,0.00885315203410326,0.00592176978123859,5.43366362549612e-07,0.0299999999997453,0.109999999999673,6.27999999999975,NA,NA,NA
14,3,42,201,2000,221,TRUE,TRUE,TRUE,0.000503467236920604,0.000512342050093223,0.000512125297811527,3.33066907387547e-16,6.66133814775094e-16,1.61594737591031e-10,0.00771997217566761,0.345247651383995,0.000841765166365464,4.59700154920029e-05,0.0501172756135678,2.2413127023806,0.00546465400194145,0.00302086891628761,2.96507315388468e-07,0.0299999999997453,0.109999999999673,6.36999999999989,NA,NA,NA
14,3,42,201,2000,222,TRUE,TRUE,TRUE,0.000547830911820418,0.000574066084313651,0.000572278053274648,4.44089209850063e-16,4.44089209850063e-16,8.74917693849397e-10,0.00574952981145824,0.257126789941643,0.000614722730665188,4.07459642701724e-05,0.0481829120829192,2.15480533542607,0.00515157452144779,0.0030673761729858,1.64463149516652e-07,0.0300000000006548,0.0900000000001455,6.23000000000047,NA,NA,NA
14,3,42,201,2000,223,TRUE,TRUE,TRUE,0.000378975711392494,0.000320479346978652,0.000321394739287888,4.44089209850063e-16,4.44089209850063e-16,3.07754399742066e-09,0.0106745476656582,0.47738028418947,0.00115058838135868,9.2976526474331e-05,0.109666178478614,4.90442059821612,0.0118207004865832,0.00875117815173354,5.6689536251945e-07,0.0299999999997453,0.109999999999673,6.38000000000011,NA,NA,NA
14,3,42,201,2000,224,TRUE,TRUE,TRUE,0.000484495420459274,0.000468487102255925,0.000467081368239557,4.44089209850063e-16,4.44089209850063e-16,1.47479584100552e-09,0.00733705490549907,0.328123070466884,0.000790645057911667,6.18029055488023e-05,0.0672754055187677,3.00864759907658,0.00724963457102532,0.00491118676163893,2.67822759633373e-07,0.0299999999997453,0.109999999999673,6.31999999999971,NA,NA,NA
14,3,42,201,2000,225,TRUE,TRUE,TRUE,0.000533236748344177,0.000494804783404592,0.000490740463663724,4.44089209850063e-16,2.22044604925031e-16,4.12225809043321e-10,0.00986676261640705,0.441255038562797,0.00106280412171731,9.07515037624762e-05,0.0876511741823987,3.91987967559036,0.00944139763122603,0.00626177494137181,4.84343306112078e-07,0.0399999999999636,0.109999999999673,6.34000000000015,NA,NA,NA
14,3,42,201,2000,226,TRUE,TRUE,TRUE,0.000588293986068271,0.000574351751919762,0.000570942519862265,6.66133814775094e-16,6.66133814775094e-16,3.03179703564638e-12,0.00800277831694094,0.357895126510826,0.000872641004000081,5.87373634388655e-05,0.0631678299178936,2.8249512337511,0.00688796269707589,0.00436702321072602,3.18629158159702e-07,0.0499999999992724,0.110000000000582,6.26999999999953,NA,NA,NA
14,3,42,201,2000,227,TRUE,TRUE,TRUE,0.000638808896606305,0.000651289053577498,0.000652051375484014,4.44089209850063e-16,4.44089209850063e-16,8.26900770078964e-10,0.0171156010107072,0.765432946714109,0.00182252243007926,9.5644866135558e-05,0.0693476897787302,3.10132296855616,0.00738435769896998,0.0052361173444595,1.45743183063543e-06,0.0299999999997453,0.109999999999673,6.38000000000011,NA,NA,NA
14,3,42,201,2000,228,TRUE,TRUE,TRUE,0.00069645703306919,0.000573277530955761,0.000579351355422993,4.44089209850063e-16,4.44089209850063e-16,1.20222831689887e-09,0.0151748580421854,0.678640282624719,0.00163177808000621,9.54137297952684e-05,0.095202259813735,4.25757449110216,0.0102372595710118,0.00745311401388449,1.14565331642029e-06,0.0299999999997453,0.109999999999673,6.28000000000065,NA,NA,NA
14,3,42,201,2000,229,TRUE,TRUE,TRUE,0.00105788100156142,0.00101351816131371,0.00101864372194832,4.44089209850063e-16,4.44089209850063e-16,6.5500938006835e-12,0.0166805353344477,0.745976218178247,0.00184573060420241,0.000124584174088227,0.0732569365597692,3.27614979942067,0.00810600901394611,0.00582527459135207,1.3842798957401e-06,0.0299999999997453,0.109999999999673,6.39999999999964,NA,NA,NA
14,3,42,201,2000,230,TRUE,TRUE,TRUE,0.000558401575776444,0.000542685791976622,0.000537408267642457,4.44089209850063e-16,4.44089209850063e-16,1.19123910735652e-09,0.0190283584850848,0.85097406145769,0.00204169925670799,0.000130285887408377,0.104073790079773,4.65432138588831,0.0111668791617108,0.00906941951971163,1.80138520714875e-06,0.0299999999997453,0.109999999999673,6.30000000000018,NA,NA,NA
14,3,42,201,2000,231,TRUE,TRUE,TRUE,0.000505235520615488,0.000528832583189217,0.00051856670714691,4.44089209850063e-16,4.44089209850063e-16,1.70364122809019e-09,0.0134498361509768,0.601494958396367,0.0014720348537138,6.99048581509487e-05,0.0728703293470768,3.25886019925723,0.00797538820520947,0.00515856761504097,8.99990509891161e-07,0.0300000000006548,0.109999999999673,6.39000000000033,NA,NA,NA
14,3,42,201,2000,232,TRUE,TRUE,TRUE,0.000723963087773603,0.00068295375701157,0.000688046070041779,5.55111512312578e-16,4.44089209850063e-16,3.0900837444392e-11,0.0140437193812187,0.628054223866724,0.00150659600748827,8.92235121980889e-05,0.0659531214023307,2.94951325567816,0.00707538414068754,0.00538348281889967,9.81224149544361e-07,0.0500000000001819,0.109999999999673,6.30000000000018,NA,NA,NA
14,3,42,201,2000,233,TRUE,TRUE,TRUE,0.000601808236924497,0.000567780225098301,0.000567974619763974,4.44089209850063e-16,4.44089209850063e-16,9.24691434533997e-11,0.0107780280591911,0.482008068075029,0.00116421612934415,8.15605682760179e-05,0.0914693512220122,4.09063374380445,0.00988029474858352,0.00658302575392611,5.77939745496075e-07,0.0299999999997453,0.110000000000582,6.42000000000007,NA,NA,NA
14,3,42,201,2000,234,TRUE,TRUE,TRUE,0.000928225091771216,0.000877471993774351,0.000883726439971675,4.44089209850063e-16,4.44089209850063e-16,9.80911130099571e-09,0.0228422769343435,1.02153767972135,0.00253468566994388,0.000203499956747066,0.101704090223787,4.54834518660321,0.0112855605772526,0.00952993517820744,2.59586873405592e-06,0.0500000000001819,0.109999999999673,6.27999999999975,NA,NA,NA
14,3,42,201,2000,235,TRUE,TRUE,TRUE,0.000654018048143592,0.000576776725184158,0.000583485644290967,6.66133814775094e-16,4.44089209850063e-16,2.18209894597976e-11,0.0160629938946348,0.718358925411349,0.00171485744318855,0.00011650257014395,0.0820713187552451,3.67034095479563,0.00876179202724725,0.00729706987495149,1.28368046198544e-06,0.0299999999997453,0.109999999999673,6.44000000000051,NA,NA,NA
14,3,42,201,2000,236,TRUE,TRUE,TRUE,0.0007973020720285,0.00070044573226686,0.000705774147849083,4.44089209850063e-16,4.44089209850063e-16,5.28272314781475e-10,0.0182149298597861,0.814596427437449,0.00200219737946587,0.000182079829599502,0.128326898434171,5.73895336481037,0.0141057792556824,0.0154944340998568,1.65066502386531e-06,0.0299999999997453,0.110000000000582,6.27999999999975,NA,NA,NA
14,3,42,201,2000,237,TRUE,TRUE,TRUE,0.000497176935560661,0.000489602763293338,0.000490749600709513,4.44089209850063e-16,4.44089209850063e-16,1.47144918472009e-09,0.00641924497610805,0.287077362616032,0.000689432167538899,3.4289151741973e-05,0.0513344761131744,2.29574756356794,0.00551336477543771,0.00330922215135843,2.05008487877057e-07,0.0300000000006548,0.109999999999673,6.35000000000036,NA,NA,NA
14,3,42,201,2000,238,TRUE,TRUE,TRUE,0.000732442404849603,0.000686943838222417,0.000683366984868629,4.44089209850063e-16,4.44089209850063e-16,7.08917813341259e-10,0.0125841461578422,0.562780124954561,0.00139344567312045,8.31286344862292e-05,0.0732382793923767,3.27531542552953,0.00810969312069662,0.00519547826472433,7.87864350855401e-07,0.0399999999999636,0.109999999999673,6.25,NA,NA,NA
14,3,42,201,2000,239,TRUE,TRUE,TRUE,0.0006042429495517,0.000585220653807931,0.000583003554218881,4.44089209850063e-16,4.44089209850063e-16,5.36237720893951e-12,0.0108743962123852,0.486317782903192,0.00119487620926557,6.64968497474661e-05,0.0746173118541462,3.33698763208343,0.00819893343892725,0.00518270580069213,5.88320860616607e-07,0.0300000000006548,0.110000000000582,6.38000000000011,NA,NA,NA
14,3,42,201,2000,240,TRUE,TRUE,TRUE,0.00036596602714322,0.000375334074439547,0.000378325112829527,5.55111512312578e-16,4.44089209850063e-16,3.40123484932064e-11,0.0153131281241148,0.68482390867369,0.00165636985219529,9.80578010327804e-05,0.0748249389322926,3.34627299729753,0.0080935633813857,0.0051387618542762,1.16662633306246e-06,0.0500000000001819,0.109999999999673,6.26000000000022,NA,NA,NA
14,3,42,201,2000,241,TRUE,TRUE,TRUE,0.000467066803912877,0.000473186761684134,0.000461712424082258,4.44089209850063e-16,4.44089209850063e-16,2.04527728087101e-10,0.0118735752123149,0.531002426213853,0.0012758080459154,6.97299624761172e-05,0.0676940062188457,3.02736799149265,0.00727367757814646,0.00455370644653641,7.01401931952732e-07,0.0299999999997453,0.110000000000582,6.39000000000033,NA,NA,NA
14,3,42,201,2000,242,TRUE,TRUE,TRUE,0.000825988845206875,0.000766544510317162,0.000774540454266319,5.55111512312578e-16,4.44089209850063e-16,3.48641338021594e-10,0.0138633433592001,0.619987562931834,0.00149812503901756,6.83239750003395e-05,0.0584613830354128,2.61447253051672,0.00631755698980263,0.00445353364909806,9.56180542761577e-07,0.0299999999997453,0.110000000000582,6.26999999999953,NA,NA,NA
14,3,42,201,2000,243,TRUE,TRUE,TRUE,0.000454240507791964,0.000433943303474454,0.000432796966687709,4.44089209850063e-16,2.22044604925031e-16,4.85056439458731e-12,0.00812220834241219,0.363236199620991,0.000873428831514522,5.07897140025193e-05,0.0560929838407055,2.50855449857229,0.0060320084472987,0.00374025385031018,3.28210290336071e-07,0.0299999999997453,0.109999999999673,6.39000000000033,NA,NA,NA
14,3,42,201,2000,244,TRUE,TRUE,TRUE,0.000587561219857782,0.000567475210290865,0.000574430477184419,4.44089209850063e-16,2.22044604925031e-16,6.81921186185264e-12,0.00928650634034133,0.41530518900972,0.00101502693169102,4.62598479984422e-05,0.0616396832650942,2.75661043784614,0.00673729562894748,0.00446886588383677,4.29050746314427e-07,0.0299999999997453,0.109999999999673,6.27999999999975,NA,NA,NA
14,3,42,201,2000,245,TRUE,TRUE,TRUE,0.000605152821304027,0.000552041520745208,0.000567789413951727,4.44089209850063e-16,4.44089209850063e-16,3.76540887359056e-09,0.0293729584884489,1.31359863760902,0.00316537881888212,0.000252339206760155,0.122082944341948,5.45971524883836,0.0131562765908901,0.0129815057618998,4.29239149434895e-06,0.0399999999999636,0.110000000000582,6.38999999999942,NA,NA,NA
14,3,42,201,2000,246,TRUE,TRUE,TRUE,0.000883703100852374,0.00081373468761645,0.000810747412465806,3.33066907387547e-16,4.44089209850063e-16,1.32545086017899e-09,0.0113074411579811,0.505684141616493,0.0011924016207714,9.24193922813288e-05,0.0889295374102705,3.97704981713951,0.00937787100201816,0.00742150375221939,6.36110574831863e-07,0.0299999999997453,0.109999999999673,6.27000000000044,NA,NA,NA
14,3,42,201,2000,247,TRUE,TRUE,TRUE,0.000427825176286218,0.000398923706879428,0.000400717181709437,3.33066907387547e-16,4.44089209850063e-16,3.41425998584555e-10,0.00904775251344366,0.404627793273092,0.000975735893789997,6.51117675332102e-05,0.0661884880185231,2.96003917074696,0.00713795867199085,0.00461439624155702,4.07272763903115e-07,0.0299999999997453,0.110000000000582,6.42000000000007,NA,NA,NA
14,3,42,201,2000,248,TRUE,TRUE,TRUE,0.000553444142215117,0.000538836806490315,0.000550693945228317,6.66133814775094e-16,4.44089209850063e-16,2.85722334680827e-09,0.0132825825147528,0.594015148394748,0.00142604025570385,6.07897405018321e-05,0.0692312085923962,3.09611377154131,0.00743277824881816,0.00499226388299689,8.77746260006055e-07,0.0300000000006548,0.109999999999673,6.27999999999975,NA,NA,NA
14,3,42,201,2000,249,TRUE,TRUE,TRUE,0.000527059682843676,0.000492720207514221,0.000510808580706249,6.66133814775094e-16,4.44089209850063e-16,6.41910080645403e-10,0.0175407527470524,0.784446310378507,0.0018738828089666,9.49136754115898e-05,0.0676237479959211,3.02422594824389,0.00722426116340648,0.00590292190217667,1.53073635290163e-06,0.0299999999997453,0.110000000000582,6.34999999999945,NA,NA,NA
14,3,42,201,2000,250,TRUE,TRUE,TRUE,0.00104730747055822,0.0010085245760777,0.00101176360813963,4.44089209850063e-16,4.44089209850063e-16,9.32203203518611e-10,0.0110007818131741,0.491969918798015,0.00122628009402974,9.07518926283046e-05,0.0901559513459528,4.03189671571428,0.0100498719428702,0.00808569957269611,6.02075624383397e-07,0.0300000000006548,0.130000000000109,6.25,NA,NA,NA
14,3,42,201,2000,251,TRUE,TRUE,TRUE,0.000631842556153242,0.000620042427115188,0.000621987312075904,4.44089209850063e-16,4.44089209850063e-16,7.93191778925006e-09,0.0179755314596585,0.803890205509647,0.00191798723321216,0.000121869683660236,0.0752317725970406,3.36446715189577,0.00802722187640875,0.00524016378783188,1.60756085202573e-06,0.0299999999997453,0.110000000000582,6.35999999999967,NA,NA,NA
14,3,42,201,2000,252,TRUE,TRUE,TRUE,0.000404730711247773,0.000397379191857426,0.00040053387039059,2.22044604925031e-16,4.44089209850063e-16,3.33837579802321e-09,0.00563549001081402,0.252026775014023,0.000606907880128556,3.23768961933979e-05,0.0513358148099503,2.29580743190778,0.00552855394671859,0.00325731408118912,1.58003719711366e-07,0.0299999999997453,0.110000000000582,6.32999999999993,NA,NA,NA
14,3,42,201,2000,253,TRUE,TRUE,TRUE,0.000407139585261047,0.000394630444497177,0.000395736499968943,4.44089209850063e-16,2.22044604925031e-16,1.72688596755677e-09,0.0121429911336678,0.543051072501167,0.00132189687680725,7.11069205081571e-05,0.0522779727958563,2.33794201794839,0.00569102688159365,0.00374637381274567,7.33593202349921e-07,0.0299999999997453,0.110000000000582,6.36999999999989,NA,NA,NA
14,3,42,201,2000,254,TRUE,TRUE,TRUE,0.000523355993230136,0.00047010334284379,0.000468087565023262,5.55111512312578e-16,4.44089209850063e-16,2.20582241361456e-09,0.0155382498947012,0.694891660318616,0.00167631252946464,0.00010283970408409,0.0720646969847438,3.22283122471623,0.00777455346041223,0.00602725433510898,1.20118014820986e-06,0.0399999999999636,0.109999999999673,6.24000000000069,NA,NA,NA
14,3,42,201,2000,255,TRUE,TRUE,TRUE,0.000660600158530808,0.000635239462147194,0.000631505996923713,5.55111512312578e-16,4.44089209850063e-16,2.53703724695242e-11,0.0120315444973626,0.538067027408325,0.00131474411479146,9.73528040191241e-05,0.0744080659355553,3.32762987012376,0.00813092340748364,0.00549881507311056,7.20189368119481e-07,0.0299999999997453,0.109999999999673,6.39000000000033,NA,NA,NA
14,3,42,201,2000,256,TRUE,TRUE,TRUE,0.000416762982074388,0.000397602509224735,0.000398135657221564,6.66133814775094e-16,4.44089209850063e-16,4.36584102203597e-12,0.00913525686340034,0.408541106769693,0.000989013663684953,5.9418231394659e-05,0.0559738867505981,2.50322831478424,0.00605992142680593,0.00404541701431782,4.15188646568671e-07,0.0299999999997453,0.110000000000582,6.28000000000065,NA,NA,NA
14,3,42,201,2000,257,TRUE,TRUE,TRUE,0.000538399195154178,0.000484652582491082,0.000494493156529125,4.44089209850063e-16,4.44089209850063e-16,2.00204297584605e-11,0.0176505765412131,0.789357779764311,0.00190584066335405,0.000179937513344441,0.119783325390733,5.35687316289312,0.0129337379880136,0.0110252548285956,1.54996443899115e-06,0.0399999999999636,0.100000000000364,6.35999999999967,NA,NA,NA
14,3,42,201,2000,258,TRUE,TRUE,TRUE,0.000487115945155315,0.000427931312214772,0.000424089683341758,4.44089209850063e-16,4.44089209850063e-16,9.12159237032029e-12,0.0131247725762767,0.586957673395595,0.0014078435129135,0.000104395332101603,0.083890094736312,3.75167908938582,0.00899856549786556,0.00620637026167259,8.57013209845697e-07,0.0299999999997453,0.110000000000582,6.22999999999956,NA,NA,NA
14,3,42,201,2000,259,TRUE,TRUE,TRUE,0.000447789329534074,0.000447687833821859,0.000446917752420595,4.44089209850063e-16,4.44089209850063e-16,2.43927766874208e-10,0.009534608358974,0.426400648590072,0.00103511267301522,5.90492520231578e-05,0.0679635643038039,3.03942299552968,0.00737837822650984,0.00539208262013346,4.52282370940383e-07,0.0299999999997453,0.110000000000582,6.38000000000011,NA,NA,NA
14,3,42,201,2000,260,TRUE,TRUE,TRUE,0.000475744488263427,0.000468224305484329,0.000466672139753976,4.44089209850063e-16,5.55111512312578e-16,8.99191832104407e-12,0.00920353559955446,0.411594624678861,0.000992863131513503,7.76555008172863e-05,0.0902177852928894,4.03466201388763,0.00973255460960538,0.00788982346050915,4.21418246429186e-07,0.0500000000001819,0.110000000000582,6.27999999999975,NA,NA,NA
14,3,42,201,2000,261,TRUE,TRUE,TRUE,0.000611507076565707,0.00051868066010812,0.000506500853852405,6.66133814775094e-16,2.22044604925031e-16,4.95419705259792e-10,0.0185286469554523,0.828626282469715,0.00200007074776535,0.000304677348417215,0.145346418518532,6.50008944187144,0.0156893873940338,0.016687125761635,1.70801372139199e-06,0.0299999999997453,0.110000000000582,6.35999999999967,NA,NA,NA
14,3,42,201,2000,262,TRUE,TRUE,TRUE,0.000695085238960766,0.000667515858316329,0.000669956427304295,4.44089209850063e-16,6.66133814775094e-16,3.99044797205761e-10,0.00927323046670924,0.414711473891679,0.00098144510343323,8.53220036773905e-05,0.0937293667300443,4.19170470992772,0.00991997646940222,0.00887621503052571,4.27824891983605e-07,0.0299999999997453,0.110000000000582,6.28000000000065,NA,NA,NA
14,3,42,201,2000,263,TRUE,TRUE,TRUE,0.000514281972833923,0.000472620567984577,0.000468011459167493,5.55111512312578e-16,4.44089209850063e-16,1.40685241234451e-11,0.0120030303276545,0.536791834972541,0.00129258792575224,0.000100192270586774,0.0883188353786306,3.94973839200463,0.00951091991860573,0.00670389624236378,7.16779786301463e-07,0.0399999999999636,0.100000000000364,6.35999999999967,NA,NA,NA
14,3,42,201,2000,264,TRUE,TRUE,TRUE,0.000531943560276831,0.000453006257716216,0.00045777817752051,4.44089209850063e-16,4.44089209850063e-16,3.67150754243539e-12,0.0109265580179501,0.488650529764637,0.00118735230947716,9.61655900226788e-05,0.107710211675484,4.81694710354547,0.0117045064307591,0.0105930995244137,5.93978458306617e-07,0.0299999999997453,0.109999999999673,6.28999999999996,NA,NA,NA
14,3,42,201,2000,265,TRUE,TRUE,TRUE,0.00053038386891065,0.000511546323863919,0.000508330472310496,6.66133814775094e-16,4.44089209850063e-16,2.36998642932917e-10,0.0111727720517657,0.499661556097159,0.00120400188242082,7.17722865175574e-05,0.0615319191349722,2.75179107943636,0.00663081159485073,0.0048956757250167,6.21048931943867e-07,0.0299999999997453,0.110000000000582,6.41000000000076,NA,NA,NA
14,3,42,201,2000,266,TRUE,TRUE,TRUE,0.000462166964886369,0.000425294139857183,0.000416651087429429,4.44089209850063e-16,4.44089209850063e-16,1.70801151000433e-11,0.0254844493818193,1.13969922373801,0.00275973814031876,0.000221104847810238,0.0837624439866876,3.74597037431504,0.009070724186856,0.00614964121679407,3.23113015071895e-06,0.0299999999997453,0.109999999999673,6.3100000000004,NA,NA,NA
14,3,42,201,2000,267,TRUE,TRUE,TRUE,0.000477573058386002,0.000447898515052457,0.000460701051268586,4.44089209850063e-16,4.44089209850063e-16,5.9079630077008e-11,0.0140164963836638,0.626836774405044,0.00151093321097431,9.42620171002773e-05,0.089109453732502,3.98509591967494,0.00960571239565525,0.00819651953611356,9.77423735687861e-07,0.0299999999997453,0.109999999999673,6.39999999999964,NA,NA,NA
14,3,42,201,2000,268,TRUE,TRUE,TRUE,0.000583692337811416,0.000551130943866436,0.000561331154642477,3.33066907387547e-16,4.44089209850063e-16,7.1386008215768e-11,0.018842741639036,0.842673023747005,0.00203408776792362,0.000114261266801918,0.0906421438199915,4.05363990415627,0.0097848858480687,0.00697236293384407,1.76641249987791e-06,0.0299999999997453,0.0900000000001455,6.26000000000022,NA,NA,NA
14,3,42,201,2000,269,TRUE,TRUE,TRUE,0.000673451152782547,0.000669023715477341,0.000667547952657855,4.44089209850063e-16,4.44089209850063e-16,8.26760881977862e-12,0.0131223198286947,0.586847983189093,0.00138838346366867,7.27961813922207e-05,0.0720350772599932,3.22150659035588,0.00762154187502517,0.00512118452473942,8.56692923813697e-07,0.0399999999999636,0.109999999999673,6.42000000000007,NA,NA,NA
14,3,42,201,2000,270,TRUE,TRUE,TRUE,0.000628435089406056,0.000568569241177599,0.000568728476819511,4.44089209850063e-16,6.66133814775094e-16,1.33069244512285e-09,0.00832928638802587,0.372497011353791,0.000909574070730387,7.70160992331625e-05,0.0947848856847199,4.23890895261161,0.0103506915598323,0.00888276969030244,3.4515926235698e-07,0.0299999999997453,0.110000000000582,6.25,NA,NA,NA
14,3,42,201,2000,271,TRUE,TRUE,TRUE,0.00100224980967908,0.000969522819067461,0.000961192648897521,3.33066907387547e-16,4.44089209850063e-16,2.58484345039278e-09,0.0132164097182528,0.591055810970041,0.00147142942463827,0.000106493308976496,0.095321472568021,4.26290584754953,0.0106124751370811,0.00878670154278893,8.69022317615555e-07,0.0299999999997453,0.110000000000582,6.42000000000007,NA,NA,NA
14,3,42,201,2000,272,TRUE,TRUE,TRUE,0.00049035141041573,0.000468607688453343,0.000474301701874841,4.44089209850063e-16,4.44089209850063e-16,1.27102772751186e-11,0.0125297474786823,0.560347342064804,0.00136243307425521,9.65477418688465e-05,0.102441550514567,4.58132541342101,0.0111390717838881,0.0081840188359763,7.81067521788782e-07,0.0299999999997453,0.109999999999673,6.26000000000022,NA,NA,NA
14,3,42,201,2000,273,TRUE,TRUE,TRUE,0.000609955306773161,0.000593913655443729,0.000595678094000708,4.44089209850063e-16,2.22044604925031e-16,9.51288381401127e-10,0.00584784610195636,0.261523628118632,0.000624711618225215,4.73279418500283e-05,0.0611391429712306,2.734225595395,0.00653135056507089,0.00450817798208192,1.70135840956051e-07,0.0299999999997453,0.109999999999673,6.36000000000058,NA,NA,NA
14,3,42,201,2000,274,TRUE,TRUE,TRUE,0.000614655694923116,0.000570731068015804,0.000585001716358889,4.44089209850063e-16,6.66133814775094e-16,5.95403726322274e-11,0.0207552013287194,0.928200821154212,0.00227089886914644,0.000136743483636792,0.0922906836031452,4.12736484453116,0.0100978451477187,0.00966281758493892,2.14317603082426e-06,0.0299999999997453,0.110000000000582,6.26999999999953,NA,NA,NA
14,3,42,201,2000,275,TRUE,TRUE,TRUE,0.000594169107865195,0.000526547211003256,0.000537176688076815,4.44089209850063e-16,3.33066907387547e-16,1.39310785129965e-12,0.011460683750832,0.512537358709751,0.00124154870791354,7.57645287237096e-05,0.0803306895189635,3.59249764887665,0.00870231357451364,0.00716428029126348,6.53469015107384e-07,0.0300000000006548,0.109999999999673,6.36999999999989,NA,NA,NA
14,3,42,201,2000,276,TRUE,TRUE,TRUE,0.000541153411005842,0.000531982626015391,0.000530835820534552,4.44089209850063e-16,4.44089209850063e-16,1.83493442662552e-10,0.00730659168586412,0.326760713868539,0.000797043374720286,3.96892150291706e-05,0.0601196454727641,2.68863228120576,0.00655818296337877,0.00395723754475341,2.65603393352929e-07,0.0299999999997453,0.110000000000582,6.26999999999953,NA,NA,NA
14,3,42,201,2000,277,TRUE,TRUE,TRUE,0.000639412949424633,0.000548565879351122,0.000546138572543234,4.44089209850063e-16,4.44089209850063e-16,6.13638029278718e-11,0.00910552687401702,0.407211541225064,0.000970263137466042,7.95277383573989e-05,0.10969924922981,4.90589956717094,0.0116892892863902,0.00922801926004269,4.12490645042021e-07,0.0300000000006548,0.109999999999673,6.35999999999967,NA,NA,NA
14,3,42,201,2000,278,TRUE,TRUE,TRUE,0.000537692833061942,0.000504230783022268,0.000497055395516005,4.44089209850063e-16,4.44089209850063e-16,1.14120624061798e-09,0.00801695909848411,0.358529310340918,0.000866725323539567,3.84702577136409e-05,0.0555472872186049,2.48415020373011,0.00600529950257498,0.00307320167634373,3.19759369088393e-07,0.0300000000006548,0.100000000000364,6.27999999999975,NA,NA,NA
14,3,42,201,2000,279,TRUE,TRUE,TRUE,0.000707849310691952,0.000627189948386082,0.000632714003707291,2.22044604925031e-16,4.44089209850063e-16,3.23958637693522e-10,0.00776757403967573,0.347376471459552,0.000829877590784516,8.13663362748684e-05,0.0978580268817295,4.37634400503098,0.0104550253621948,0.00950489607653537,3.00175156526589e-07,0.0399999999999636,0.109999999999673,6.41000000000076,NA,NA,NA
14,3,42,201,2000,280,TRUE,TRUE,TRUE,0.000729598843740627,0.00067293657651526,0.000673757604473676,4.44089209850063e-16,4.44089209850063e-16,1.40386369196221e-09,0.0277656393238178,1.24171713933596,0.00294969253209474,0.000274347663427932,0.098575848634623,4.40844596973494,0.0104722402092512,0.00892890711253358,3.83547625403152e-06,0.0500000000001819,0.109999999999673,6.22999999999956,NA,NA,NA
14,3,42,201,2000,281,TRUE,TRUE,TRUE,0.000590084923213758,0.000557258601422713,0.00055730452842626,4.44089209850063e-16,4.44089209850063e-16,9.19401887955473e-10,0.0140269163097563,0.62730276766631,0.00152750139171743,0.000111412292412183,0.0662435563228512,2.96250190018463,0.00721378257636626,0.00516435417817007,9.78877518213464e-07,0.0500000000001819,0.109999999999673,6.42000000000007,NA,NA,NA
14,3,42,201,2000,282,TRUE,TRUE,TRUE,0.000413017538373226,0.000411168682674007,0.000412389901177395,4.44089209850063e-16,4.44089209850063e-16,6.42313535692551e-10,0.00980025495910586,0.438280725707803,0.00106545551233667,5.60390120440957e-05,0.0772006466321054,3.45251787552656,0.00839303210511947,0.00570906652554726,4.7783580728099e-07,0.0299999999997453,0.109999999999673,6.26000000000022,NA,NA,NA
14,3,42,201,2000,283,TRUE,TRUE,TRUE,0.000651665332990569,0.000613415680147052,0.000615446582907982,6.66133814775094e-16,4.44089209850063e-16,2.18995865886029e-09,0.00824267848802319,0.368623788317901,0.00088184323333413,6.74512838685359e-05,0.070928307545672,3.17201034402268,0.00758826735167169,0.00606594112246484,3.38018650034429e-07,0.0300000000006548,0.1299999999992,6.41000000000076,NA,NA,NA
14,3,42,201,2000,284,TRUE,TRUE,TRUE,0.000576785218206976,0.00054512994732872,0.000538934047908439,8.88178419700125e-16,4.44089209850063e-16,4.6198689318544e-10,0.0111588968564029,0.499041038496512,0.00120861876403891,0.000113389551813725,0.118077405485802,5.28058210546121,0.0127889494558134,0.0116411546688369,6.19507358466859e-07,0.0399999999999636,0.109999999999673,6.30000000000018,NA,NA,NA
14,3,42,201,2000,285,TRUE,TRUE,TRUE,0.000727227221357085,0.000712124773705795,0.000707910150937372,4.44089209850063e-16,2.22044604925031e-16,1.25106547343989e-09,0.0161751606445253,0.723375174962758,0.00173988610340002,0.000125389321297575,0.0818807829752611,3.66181993567183,0.0088075314715584,0.00677018970934284,1.30167075560299e-06,0.0300000000006548,0.109999999999673,6.38000000000011,NA,NA,NA
14,3,42,201,2000,286,TRUE,TRUE,TRUE,0.000646132154487797,0.000572947434085356,0.000572809193608388,4.44089209850063e-16,2.22044604925031e-16,1.32707400624099e-09,0.00885419979728121,0.395971852661713,0.000947918876159308,7.64701633215736e-05,0.0808757106114319,3.61687173311526,0.00865844621384243,0.00656438490577216,3.90034099752113e-07,0.0299999999997453,0.100000000000364,6.25,NA,NA,NA
14,3,42,201,2000,287,TRUE,TRUE,TRUE,0.000693533682804469,0.00063099670954011,0.000649980095062074,4.44089209850063e-16,4.44089209850063e-16,1.89781523829424e-12,0.0165981411922125,0.742291440118532,0.00180914055584862,9.89284972305882e-05,0.0643427496310723,2.87749524068654,0.00701313939219903,0.00555390129357392,1.37063826386379e-06,0.0299999999997453,0.109999999999673,6.39000000000033,NA,NA,NA
14,3,42,201,2000,288,TRUE,TRUE,TRUE,0.000582573790326877,0.00055768003121325,0.000550610243182217,5.55111512312578e-16,2.22044604925031e-16,7.31656291108607e-10,0.0092918694495294,0.415545034544026,0.001002207844585,7.27682274472841e-05,0.0865753799077512,3.87176869303203,0.00933789754179866,0.00731854682921806,4.29546457050237e-07,0.0399999999999636,0.100000000000364,6.26999999999953,NA,NA,NA
14,3,42,201,2000,289,TRUE,TRUE,TRUE,0.000642301475618437,0.000627021568238646,0.000620110971443737,4.44089209850063e-16,4.44089209850063e-16,1.60835189610964e-09,0.00926843424326303,0.414496980258459,0.000993130911842677,3.90079452756709e-05,0.0683987214477579,3.05888381462519,0.00732905718672609,0.00491898535825896,4.2738245433677e-07,0.0300000000006548,0.110000000000582,6.38999999999942,NA,NA,NA
14,3,42,201,2000,290,TRUE,TRUE,TRUE,0.000514097807015133,0.000528488267505265,0.000522915559950684,3.33066907387547e-16,3.33066907387547e-16,6.02207173017177e-12,0.00697817996101635,0.312073695041188,0.000754288187008151,3.70627977446247e-05,0.0598458211265133,2.67638648416353,0.00646887815586761,0.00277935597546275,2.42263659543931e-07,0.0300000000006548,0.109999999999673,6.21000000000004,NA,NA,NA
14,3,42,201,2000,291,TRUE,TRUE,TRUE,0.000612748425726199,0.000567495486714367,0.000567524544561046,2.22044604925031e-16,2.22044604925031e-16,2.52187160043604e-10,0.00792237656736239,0.354299450959475,0.000847636336634427,6.85997649227943e-05,0.0805843036714966,3.60383961857905,0.00862193097911336,0.00710915864328143,3.12258957587526e-07,0.0299999999997453,0.0999999999994543,6.39000000000033,NA,NA,NA
14,3,42,201,2000,292,TRUE,TRUE,TRUE,0.000595180667761771,0.000565006282771414,0.000572416957842652,4.44089209850063e-16,4.44089209850063e-16,2.96542124189614e-09,0.0140894711165625,0.630100303673072,0.00151798918601513,0.000109127221371352,0.0816319885159353,3.65069350920227,0.00879497000099841,0.00752820572044044,9.87627842509696e-07,0.0500000000001819,0.109999999999673,6.27999999999975,NA,NA,NA
14,3,42,201,2000,293,TRUE,TRUE,TRUE,0.000734336597513709,0.000758441730762463,0.00075967917839518,4.44089209850063e-16,4.44089209850063e-16,3.89002385858817e-10,0.0152123852159909,0.680318548857368,0.00162552842965289,0.000110210625010154,0.0936488165569088,4.18810239667312,0.0100068997435448,0.00596596488381351,1.15132668636665e-06,0.0499999999992724,0.110000000000582,6.40999999999985,NA,NA,NA
14,3,42,201,2000,294,TRUE,TRUE,TRUE,0.00082602267244806,0.000777634822639082,0.000786937820963586,4.44089209850063e-16,4.44089209850063e-16,4.19417833796842e-11,0.00937941106161939,0.419460014453888,0.00102073046698386,8.55728156849977e-05,0.060749041690006,2.71677973573644,0.00661111846849322,0.00600055653529807,4.37678367476757e-07,0.0500000000001819,0.109999999999673,6.26000000000022,NA,NA,NA
14,3,42,201,2000,295,TRUE,TRUE,TRUE,0.000532342818777749,0.000509287374771526,0.000517934537507228,4.44089209850063e-16,4.44089209850063e-16,2.26634488953437e-09,0.0228488685810967,1.02183246712583,0.00245098917318584,0.000288063741635369,0.132741444728854,5.93637787690498,0.0142391227254305,0.0143883195027215,2.59736714147376e-06,0.0299999999997453,0.100000000000364,6.35000000000036,NA,NA,NA
14,3,42,201,2000,296,TRUE,TRUE,TRUE,0.000925573036397262,0.000936026746126609,0.000942184106812274,4.44089209850063e-16,4.44089209850063e-16,3.27390337062639e-10,0.00769082273026328,0.343944048555384,0.000854171801588656,3.14647311796534e-05,0.047905845331609,2.14241453362137,0.00532060400410857,0.00272532209303478,2.94272409295195e-07,0.0300000000006548,0.109999999999673,6.25,NA,NA,NA
14,3,42,201,2000,297,TRUE,TRUE,TRUE,0.000473730785646083,0.000416637888135981,0.000413904473972343,4.44089209850063e-16,3.33066907387547e-16,2.49844589461645e-12,0.00985957954649016,0.440933801910371,0.00107069704317805,9.92513142605844e-05,0.0989288077584076,4.42423078161616,0.0107431337667703,0.00868692441565599,4.83638352405807e-07,0.0399999999999636,0.109999999999673,6.38000000000011,NA,NA,NA
14,3,42,201,2000,298,TRUE,TRUE,TRUE,0.000470918999349811,0.000416418198418482,0.000423740287928888,4.44089209850063e-16,3.33066907387547e-16,3.66696895071073e-10,0.018632882358952,0.833287831427465,0.00201996090996687,0.000121779769642671,0.0956781982034613,4.27885910295276,0.0103723201050643,0.00828159427683062,1.72728509951514e-06,0.0300000000006548,0.109999999999673,6.26999999999953,NA,NA,NA
14,3,42,201,2000,299,TRUE,TRUE,TRUE,0.000520279963216506,0.000491570261994404,0.000493185553695108,4.44089209850063e-16,4.44089209850063e-16,3.59354768164621e-11,0.00827751577963575,0.370181759361854,0.000902945017347795,4.86330294933168e-05,0.0632844772871266,2.83016786269113,0.00690332763634855,0.00404592695620209,3.40881927771735e-07,0.0300000000006548,0.109999999999673,6.39999999999964,NA,NA,NA
14,3,42,201,2000,300,TRUE,TRUE,TRUE,0.000523107128673173,0.000525877478492493,0.000522608014939494,4.44089209850063e-16,2.22044604925031e-16,2.71461964018727e-10,0.013384538922103,0.598574777546281,0.00145395344212518,0.000116520270779574,0.106739349879825,4.77352884410843,0.0115950236366895,0.0105014470241471,8.91273045558655e-07,0.0300000000006548,0.0900000000001455,6.28000000000065,NA,NA,NA
14,3,42,201,2000,301,TRUE,TRUE,TRUE,0.000465976147875017,0.000468258805144045,0.000473407833384412,4.44089209850063e-16,4.44089209850063e-16,7.46102069015819e-10,0.00682120796127135,0.30505369380131,0.000736979475114529,4.57354896070683e-05,0.0678272420694744,3.03332647987357,0.00732821599086838,0.0045350687315846,2.31486955477173e-07,0.0299999999997453,0.109999999999673,6.40000000000055,NA,NA,NA
14,3,42,201,2000,302,TRUE,TRUE,TRUE,0.000635484460571514,0.000619045912214898,0.000614910000214871,4.44089209850063e-16,5.55111512312578e-16,3.50919293623519e-12,0.00879625346459347,0.393380413882981,0.000951091559625659,6.57406940618444e-05,0.0773681877745038,3.46001054319517,0.00836540587103972,0.00617031130212808,3.84945646832699e-07,0.0399999999999636,0.109999999999673,6.3100000000004,NA,NA,NA
14,3,42,201,2000,303,TRUE,TRUE,TRUE,0.00048402750411513,0.000442605519678993,0.000444719933715303,4.44089209850063e-16,3.33066907387547e-16,5.98652238892328e-10,0.0134663594804495,0.602233904154676,0.00145565225003007,0.000107835168577708,0.0877234324901189,3.92311116535039,0.00948250431528956,0.00758458815130325,9.02203172421353e-07,0.0299999999997453,0.109999999999673,6.40999999999985,NA,NA,NA
14,3,42,201,2000,304,TRUE,TRUE,TRUE,0.000657471082363561,0.000633774302019226,0.000646931780218972,4.44089209850063e-16,4.44089209850063e-16,1.92512672470002e-12,0.015808906702259,0.706995800724061,0.0016794013526947,8.84155439209167e-05,0.0773522537817955,3.4592979533782,0.00821723361910719,0.00559131396460089,1.24339070209318e-06,0.0500000000001819,0.110000000000582,6.28999999999996,NA,NA,NA
14,3,42,201,2000,305,TRUE,TRUE,TRUE,0.000726039046455948,0.000732140903031429,0.000736117938743784,4.44089209850063e-16,4.44089209850063e-16,7.26431803599326e-10,0.0179189839861169,0.801361325613752,0.00192267520215771,0.000122306867325506,0.0672918228511059,3.00938180449893,0.00722029324899507,0.00575279079761515,1.59746262236177e-06,0.0399999999999636,0.109999999999673,6.42000000000007,NA,NA,NA
14,3,42,201,2000,306,TRUE,TRUE,TRUE,0.00057951482278629,0.000553236947472713,0.000549491170100637,4.44089209850063e-16,4.44089209850063e-16,9.18243259206974e-12,0.00674789250223879,0.301774926797342,0.000733680892194307,4.87851287545027e-05,0.0769229065061749,3.44009695949336,0.0083636285932097,0.00572322071519693,2.26537578217763e-07,0.0300000000006548,0.109999999999673,6.30000000000018,NA,NA,NA
14,3,42,201,2000,307,TRUE,TRUE,TRUE,0.00101606380096874,0.000878963669394348,0.000892475689787441,4.44089209850063e-16,6.66133814775094e-16,5.90372195574673e-11,0.0166202381434377,0.743279645819231,0.00183056610479859,0.000243965233778454,0.143193143965701,6.40379207638443,0.0157714055310727,0.0170616669814336,1.37429012907752e-06,0.0299999999997453,0.110000000000582,6.36000000000058,NA,NA,NA
14,3,42,201,2000,308,TRUE,TRUE,TRUE,0.000596227505577879,0.000538920411234288,0.000546709893583365,5.55111512312578e-16,4.44089209850063e-16,2.36233255179741e-10,0.011712882800843,0.52381604310346,0.0012623316216067,6.81621146583211e-05,0.0755670717286322,3.37946218491648,0.00814408423760619,0.00627443677714012,6.82545390578521e-07,0.0299999999997453,0.089999999999236,6.27999999999975,NA,NA,NA
14,3,42,201,2000,309,TRUE,TRUE,TRUE,0.000904266621091824,0.000831915486880561,0.000836840119418294,4.44089209850063e-16,4.44089209850063e-16,3.11972669919669e-13,0.00955592846410154,0.427354112677124,0.00105721122394578,7.31796553949948e-05,0.100135286871231,4.47818616781028,0.011078373973915,0.00886849643310939,4.54307307517542e-07,0.0399999999999636,0.109999999999673,6.39000000000033,NA,NA,NA
14,3,42,201,2000,310,TRUE,TRUE,TRUE,0.000861634028554604,0.00082582258482931,0.00083807662221755,4.44089209850063e-16,5.55111512312578e-16,3.87432819159983e-09,0.0178010763657576,0.796088336529979,0.00196754468625318,0.000146907836374055,0.0788927582263352,3.52819140653082,0.00871997985080699,0.00684229258676083,1.57650905362952e-06,0.0299999999997453,0.109999999999673,6.28999999999996,NA,NA,NA
14,3,42,201,2000,311,TRUE,TRUE,TRUE,0.000581140667041261,0.000553539742474996,0.000556004991368206,6.66133814775094e-16,4.44089209850063e-16,2.69118061169138e-12,0.00573189136397693,0.256337974589928,0.000629617598591233,3.92406185341088e-05,0.0627822575389469,2.80770791275968,0.00689629508232374,0.00418658323087584,1.6345561496733e-07,0.0399999999999636,0.110000000000582,6.4399999999996,NA,NA,NA
14,3,42,201,2000,312,TRUE,TRUE,TRUE,0.000740520188192986,0.000766038779668221,0.000766223471254176,4.44089209850063e-16,4.44089209850063e-16,5.86167114846603e-10,0.00607934200775201,0.271876439756071,0.000646762732109758,4.42531376805277e-05,0.0530198366849779,2.37111917967095,0.00564061939378692,0.00332388355573698,1.83872633070737e-07,0.0300000000006548,0.110000000000582,6.28999999999996,NA,NA,NA
14,3,42,201,2000,313,TRUE,TRUE,TRUE,0.000577156515861985,0.000529426251733116,0.000531573136092078,4.44089209850063e-16,5.55111512312578e-16,1.37401201527609e-12,0.0067766432825575,0.303060700781318,0.000731000935412335,5.40898357144215e-05,0.0807090559960402,3.60941871213966,0.00870613856586029,0.00643615920340324,2.28472110343441e-07,0.0399999999999636,0.109999999999673,6.44999999999982,NA,NA,NA
14,3,42,201,2000,314,TRUE,TRUE,TRUE,0.000720001765226724,0.000558840503495251,0.000554855365877096,5.55111512312578e-16,4.44089209850063e-16,7.77625963621631e-10,0.0172186233594426,0.770040246213589,0.00185258003131477,0.000250407585113521,0.149956000707986,6.70623622434124,0.0161340129630683,0.0192976313931155,1.47502980295693e-06,0.0399999999999636,0.109999999999673,6.3100000000004,NA,NA,NA
14,3,42,201,2000,315,TRUE,TRUE,TRUE,0.000649574799348672,0.000629107293797641,0.000629155358641302,5.55111512312578e-16,4.44089209850063e-16,8.95199470107855e-11,0.00780293815193448,0.348958002639042,0.000858146699374244,4.55512841952554e-05,0.0513664687993339,2.29717831998865,0.00564914969212339,0.00337428713223176,3.02914645785645e-07,0.0299999999997453,0.109999999999673,6.39000000000033,NA,NA,NA
14,3,42,201,2000,316,TRUE,TRUE,TRUE,0.000618496268356628,0.000605990271243982,0.000607359622292984,4.44089209850063e-16,6.66133814775094e-16,1.02107211574776e-11,0.00668010680686888,0.298743458342357,0.000727950728577858,5.61834401793249e-05,0.0567343074361803,2.53723536167342,0.00618250300894303,0.00382890448574358,2.22009089309333e-07,0.0299999999997453,0.109999999999673,6.25,NA,NA,NA
14,3,42,201,2000,317,TRUE,TRUE,TRUE,0.000591442580957653,0.000588831681421124,0.000594841442509036,4.44089209850063e-16,6.66133814775094e-16,1.78881109924589e-09,0.0122583045462149,0.548208045084624,0.00133669158862094,0.000130279908191255,0.101390091261992,4.53430272613443,0.0110559565271416,0.00924799279718513,7.47592190784837e-07,0.0399999999999636,0.100000000000364,6.38999999999942,NA,NA,NA
14,3,42,201,2000,318,TRUE,TRUE,TRUE,0.000463837349825107,0.000469408734790401,0.000470351760495264,4.44089209850063e-16,4.44089209850063e-16,9.58491841451803e-09,0.00863958330093303,0.386373911163166,0.00094006445640011,3.9847114393865e-05,0.057903864382054,2.58953953836403,0.00630046182758637,0.00331643104864554,3.7135522195901e-07,0.0499999999992724,0.110000000000582,6.30000000000018,NA,NA,NA
14,3,42,201,2000,319,TRUE,TRUE,TRUE,0.000491879763259987,0.000493568192614665,0.000494819967165828,4.44089209850063e-16,4.44089209850063e-16,1.11521947232518e-09,0.00977226486833722,0.437028970794701,0.00104495421773831,8.74559109291795e-05,0.0752668691735638,3.36603671851344,0.00804833203546351,0.00599643406030026,4.75110252024567e-07,0.0299999999997453,0.110000000000582,6.40999999999985,NA,NA,NA
14,3,42,201,2000,320,TRUE,TRUE,TRUE,0.000575437158387345,0.000552827473673205,0.000549671029802367,5.55111512312578e-16,4.44089209850063e-16,9.10782560481493e-12,0.00960172318706215,0.429402114948138,0.00105867874653084,8.53545138497225e-05,0.068868448304753,3.07989063828716,0.00759338309450973,0.00530243516972462,4.58672080402821e-07,0.0500000000001819,0.109999999999673,6.30999999999949,NA,NA,NA
14,3,42,201,2000,321,TRUE,TRUE,TRUE,0.000539226295831155,0.000514693931255688,0.000514301779307446,6.66133814775094e-16,4.44089209850063e-16,3.54937856883453e-10,0.00535584794765331,0.239520801762111,0.000571530626078496,3.56240532966012e-05,0.0634665343725052,2.83830970306497,0.00677260976776674,0.00440822317423084,1.42711976310359e-07,0.0299999999997453,0.109999999999673,6.39000000000033,NA,NA,NA
14,3,42,201,2000,322,TRUE,TRUE,TRUE,0.000562199216539939,0.00052813458690471,0.000527801896977112,2.22044604925031e-16,4.44089209850063e-16,1.51429579986484e-09,0.00663404328830158,0.296683435166371,0.000716733993941685,4.20641551102108e-05,0.0638468798977591,2.85531927205308,0.00689793949800282,0.00455674229929315,2.18957862443081e-07,0.0299999999997453,0.109999999999673,6.3100000000004,NA,NA,NA
14,3,42,201,2000,323,TRUE,TRUE,TRUE,0.000534810986679157,0.000518562410535505,0.000520995509421595,4.44089209850063e-16,4.44089209850063e-16,1.30459576475062e-09,0.00684159009908753,0.305965210714985,0.000727869953448887,3.72224365392526e-05,0.0503158069101576,2.25019129187732,0.00535304856079058,0.00331278018872894,2.32872413352898e-07,0.0299999999997453,0.109999999999673,6.35000000000036,NA,NA,NA
14,3,42,201,2000,324,TRUE,TRUE,TRUE,0.000877649457808857,0.000854398621048892,0.000853523418043806,4.44089209850063e-16,6.66133814775094e-16,3.21778159673158e-11,0.00687925025951305,0.307649424290085,0.000761051203667185,4.76483006650597e-05,0.056870098304304,2.54330811391038,0.00629153688765865,0.00371883129600548,2.35443204641842e-07,0.0299999999997453,0.0999999999994543,6.27999999999975,NA,NA,NA
14,3,42,201,2000,325,TRUE,TRUE,TRUE,0.000506346892062851,0.000499941858448325,0.000503696574654711,4.44089209850063e-16,2.22044604925031e-16,3.75655062612168e-12,0.010108909478367,0.452084175440412,0.00109924251929751,5.91560148777148e-05,0.0677541082947161,3.03005583803735,0.00736757974280241,0.00502555772342816,5.08408213143377e-07,0.0399999999999636,0.109999999999673,6.40999999999985,NA,NA,NA
14,3,42,201,2000,326,TRUE,TRUE,TRUE,0.000552514177430168,0.000510662709889874,0.000522440749614129,4.44089209850063e-16,3.33066907387547e-16,7.91907428521199e-10,0.0120897674622787,0.540670837556405,0.00129732930224444,9.60008064865292e-05,0.074727344884772,3.34190845880843,0.00801884523423814,0.00681675827618733,7.27176503940161e-07,0.0299999999997453,0.100000000000364,6.28999999999996,NA,NA,NA
14,3,42,201,2000,327,TRUE,TRUE,TRUE,0.000542791701038499,0.000518024717500849,0.000516199912703364,4.44089209850063e-16,4.44089209850063e-16,4.95371743625128e-10,0.0167777368659154,0.750323202815824,0.00183760624029801,0.000103396493507546,0.0774445056489468,3.46342358229823,0.0084822230789906,0.00568212992555317,1.40045997185024e-06,0.0299999999997453,0.110000000000582,6.40999999999985,NA,NA,NA
14,3,42,201,2000,328,TRUE,TRUE,TRUE,0.000532075122570608,0.000469477026657241,0.000467634892087951,4.44089209850063e-16,4.44089209850063e-16,1.55281121294593e-10,0.0157570302874792,0.704675816926531,0.00168594178756372,0.000165188685755879,0.114386819066549,5.11553406325547,0.0122389507852903,0.0108708249128284,1.23524379841063e-06,0.0299999999997453,0.089999999999236,6.28999999999996,NA,NA,NA
14,3,42,201,2000,329,TRUE,TRUE,TRUE,0.000706297019325675,0.000693444147873166,0.000693467329316001,4.44089209850063e-16,4.44089209850063e-16,1.41100864325949e-09,0.00655505400180531,0.293150926884374,0.000708120345170648,6.1306350815471e-05,0.101770287267977,4.55130560841757,0.010993900420724,0.00926495499523838,2.13774790878526e-07,0.0299999999997453,0.110000000000582,6.41000000000076,NA,NA,NA
14,3,42,201,2000,330,TRUE,TRUE,TRUE,0.000841667592087751,0.000858662912279447,0.000862453380803549,3.33066907387547e-16,4.44089209850063e-16,6.64490684698649e-12,0.0125280468040327,0.560271285582323,0.00139030284010278,9.13559874149428e-05,0.0778476033082952,3.48145065765571,0.00863915546195739,0.00643335939479783,7.80855506089725e-07,0.0500000000001819,0.109999999999673,6.26000000000022,NA,NA,NA
14,3,42,201,2000,331,TRUE,TRUE,TRUE,0.000540467440129253,0.000520468402584108,0.000518048887281367,4.44089209850063e-16,4.44089209850063e-16,2.07688932718497e-09,0.0105153458497816,0.47026056254064,0.00113183722064083,8.63835571109917e-05,0.0778549614725255,3.48177972476388,0.00838005182758605,0.00505661069909991,5.50111932042385e-07,0.0299999999997453,0.0900000000001455,6.34000000000015,NA,NA,NA
14,3,42,201,2000,332,TRUE,TRUE,TRUE,0.000521227380573847,0.000510664010169951,0.000509045580179501,6.66133814775094e-16,4.44089209850063e-16,1.29346333643809e-09,0.00838430498434781,0.37495751778184,0.000910825766619662,6.51072584005874e-05,0.0619575654434357,2.77082656103828,0.0067307364353105,0.00455801307240478,3.4973417945552e-07,0.0500000000001819,0.109999999999673,6.3100000000004,NA,NA,NA
14,3,42,201,2000,333,TRUE,TRUE,TRUE,0.000595577822087866,0.000522581411307998,0.000526351864311053,6.66133814775094e-16,4.44089209850063e-16,1.20922782897992e-09,0.0143652160399165,0.642431991534475,0.00154102985329261,0.000143407589220601,0.112294554402442,5.02196514293817,0.0120464085061793,0.0112830910955779,1.02666384016655e-06,0.0300000000006548,0.109999999999673,6.40999999999985,NA,NA,NA
14,3,42,201,2000,334,TRUE,TRUE,TRUE,0.000491336959390684,0.000434829959872658,0.000435755773015203,4.44089209850063e-16,4.44089209850063e-16,2.78794010100114e-09,0.00812729873671977,0.363463848975071,0.000876554554536211,7.15652653653365e-05,0.0813771843894131,3.63929832224525,0.00877678351966954,0.00648027535147833,3.28621814705904e-07,0.0500000000001819,0.110000000000582,6.27999999999975,NA,NA,NA
14,3,42,201,2000,335,TRUE,TRUE,TRUE,0.000586362628774913,0.000498427739765405,0.000493604256149018,4.44089209850063e-16,4.44089209850063e-16,1.41681510967828e-09,0.00853661525125961,0.381769039991559,0.000910781779361267,9.34137940973301e-05,0.105754074325691,4.72946598179621,0.0112830297669611,0.00938337444769388,3.62556218646956e-07,0.0299999999997453,0.109999999999673,6.42000000000007,NA,NA,NA
14,3,42,201,2000,336,TRUE,TRUE,TRUE,0.000651136069407823,0.000664282731806321,0.00066221073451277,2.22044604925031e-16,4.44089209850063e-16,1.78268511064061e-11,0.00617343370643438,0.276084348443515,0.000677697025042242,3.24047708915032e-05,0.0551635142389767,2.46698735432259,0.00605564929800177,0.00358191590658663,1.89608376754926e-07,0.0300000000006548,0.109999999999673,6.3100000000004,NA,NA,NA
14,3,42,201,2000,337,TRUE,TRUE,TRUE,0.000686994466035837,0.000726375171130747,0.000745982006174935,4.44089209850063e-16,4.44089209850063e-16,5.70672398225724e-11,0.023030781290431,1.02996785080668,0.00252867272647322,0.000210269986638423,0.111526022648597,4.98759535804888,0.0122450388550524,0.00911630592867141,2.63888998431674e-06,0.0500000000001819,0.109999999999673,6.40999999999985,NA,NA,NA
14,3,42,201,2000,338,TRUE,TRUE,TRUE,0.000558001061743115,0.000493381704793628,0.000509027904412465,4.44089209850063e-16,4.44089209850063e-16,8.62021565239957e-12,0.0153568102499902,0.686777432730874,0.00166465204828001,0.00017132160348865,0.117895303940788,5.27243827679202,0.0127796499398534,0.0124259008758187,1.17329164703585e-06,0.0399999999999636,0.109999999999673,6.30000000000018,NA,NA,NA
14,3,42,201,2000,339,TRUE,TRUE,TRUE,0.000660474458668027,0.000629661826643341,0.000628690416603234,3.33066907387547e-16,5.55111512312578e-16,2.21670459765733e-10,0.00788803245177132,0.3527635354177,0.000838312232147794,5.81532158605569e-05,0.0886441959521947,3.96428895919838,0.00942079209612576,0.00769255643986355,3.09557492339291e-07,0.0500000000001819,0.119999999999891,6.43000000000029,NA,NA,NA
14,3,42,201,2000,340,TRUE,TRUE,TRUE,0.000462834056364456,0.000410972966289049,0.000408153757784572,4.44089209850063e-16,3.33066907387547e-16,9.9475983006414e-14,0.0129652241713899,0.579822451815022,0.0014038847345802,8.02640830315227e-05,0.098180715240798,4.39077506715948,0.0106310855512146,0.00872313583386841,8.36303670718367e-07,0.0299999999997453,0.110000000000582,6.28999999999996,NA,NA,NA
14,3,42,201,2000,341,TRUE,TRUE,TRUE,0.000625689060492785,0.000581959591951201,0.000573906444836121,4.44089209850063e-16,4.44089209850063e-16,2.89704549238934e-09,0.0127693975447732,0.571064818836635,0.00135782286724244,0.000123954464207543,0.110821473778568,4.95608697471175,0.0117841057693157,0.00980239742392541,8.11231411226165e-07,0.0299999999997453,0.109999999999673,6.43000000000029,NA,NA,NA
14,3,42,201,2000,342,TRUE,TRUE,TRUE,0.000470072298732749,0.000462690524042583,0.000468629925589854,6.66133814775094e-16,3.33066907387547e-16,1.15498721697804e-11,0.0093352003618539,0.417482851853719,0.00100653052595299,5.5691726352336e-05,0.0554825334464238,2.48125432700219,0.00598218157150975,0.00396756786501129,4.33562018885359e-07,0.0299999999997453,0.110000000000582,6.25999999999931,NA,NA,NA
14,3,42,201,2000,343,TRUE,TRUE,TRUE,0.000581028920834288,0.000582477251407117,0.000586786774991369,4.44089209850063e-16,4.44089209850063e-16,4.54782878023252e-11,0.0188051850046789,0.840993439998437,0.00204810010955262,0.00012476520227267,0.0788645821932537,3.5269313360247,0.00858925660075323,0.006158833493636,1.75937802517513e-06,0.0299999999997453,0.110000000000582,6.4399999999996,NA,NA,NA
14,3,42,201,2000,344,TRUE,TRUE,TRUE,0.000551677826711337,0.000532890557839312,0.000535413229562182,4.44089209850063e-16,4.44089209850063e-16,4.02988753478439e-12,0.0115572006159457,0.51685372413714,0.00123724101674591,0.000107970684688041,0.095791071108354,4.28390693271591,0.0102547880020149,0.00824972201527174,6.64521821279679e-07,0.0299999999997453,0.109999999999673,6.30000000000018,NA,NA,NA
14,3,42,201,2000,345,TRUE,TRUE,TRUE,0.000590793185830806,0.000577412320917179,0.000580908202379971,4.44089209850063e-16,4.44089209850063e-16,1.08049524882858e-09,0.0216063153064105,0.966263795368562,0.00235401998491612,0.000136483744761051,0.0805957715786439,3.60435247897786,0.00878095382323573,0.00497167499940332,2.32255154786084e-06,0.0299999999997453,0.110000000000582,6.35999999999967,NA,NA,NA
14,3,42,201,2000,346,TRUE,TRUE,TRUE,0.000567763031338555,0.00052228706058247,0.000523922365704364,4.44089209850063e-16,2.22044604925031e-16,4.34074998167944e-11,0.0145842033179227,0.652225400331062,0.00158508528084285,9.06206690700628e-05,0.0743595007442599,3.32545796874223,0.00808176816732265,0.0045467251851008,1.05820391252989e-06,0.0300000000006548,0.0900000000001455,6.27000000000044,NA,NA,NA
14,3,42,201,2000,347,TRUE,TRUE,TRUE,0.000564005612412019,0.000516245888178699,0.000524529794764121,4.44089209850063e-16,5.55111512312578e-16,3.90749432810367e-10,0.0115123498494386,0.514847936882084,0.00124429223989648,6.67803234506437e-05,0.0537109922707499,2.40202859712725,0.00580525885276957,0.00411049522839591,6.59374124656065e-07,0.0300000000006548,0.109999999999673,6.38000000000011,NA,NA,NA
14,3,42,201,2000,348,TRUE,TRUE,TRUE,0.000929424391271382,0.000907181397706804,0.000900836382960861,4.44089209850063e-16,6.66133814775094e-16,7.1299939286007e-09,0.0107622690701267,0.481303304658935,0.00112880428295815,5.69089649076204e-05,0.0560534121825492,2.5067848002199,0.00587918136350176,0.00414243090123989,5.76250923073661e-07,0.0299999999997453,0.109999999999673,6.25,NA,NA,NA
14,3,42,201,2000,349,TRUE,TRUE,TRUE,0.000641420790180846,0.000611569019022778,0.000617769299741443,4.44089209850063e-16,6.66133814775094e-16,2.42568187758252e-11,0.00755004684872781,0.337648359741269,0.000803851961029236,5.06303537903818e-05,0.0588117037300221,2.63013934825815,0.0062616702017968,0.00485772243767713,2.83598046855645e-07,0.0300000000006548,0.110000000000582,6.38999999999942,NA,NA,NA
14,3,42,201,2000,350,TRUE,TRUE,TRUE,0.000699712705900138,0.000646750772491143,0.000649944602438093,4.44089209850063e-16,4.44089209850063e-16,1.54539714358748e-10,0.0134309297191183,0.600649437059413,0.00148106473368877,6.99533676993269e-05,0.075661285122689,3.38367553598652,0.00834337335123379,0.00568744393452647,8.97462055322859e-07,0.0399999999999636,0.109999999999673,6.25,NA,NA,NA
14,3,42,201,2000,351,TRUE,TRUE,TRUE,0.000539659973969987,0.000473574239407953,0.00048132530352292,4.44089209850063e-16,6.66133814775094e-16,5.92064175464202e-11,0.0101700988588334,0.454820647724889,0.00110032511914631,5.66318992554216e-05,0.0902803477760501,4.0374598931914,0.00976762721799614,0.00530269857334531,5.14581645763401e-07,0.0500000000001819,0.109999999999673,6.36999999999989,NA,NA,NA
14,3,42,201,2000,352,TRUE,TRUE,TRUE,0.000651641245882381,0.000640928386805999,0.000626237742359676,4.44089209850063e-16,4.44089209850063e-16,2.17659223977762e-11,0.020524107858761,0.917866006994544,0.00222857637663182,0.000136497724206208,0.0861638136003008,3.85336288821787,0.00935595548569339,0.00731711641452648,2.09571643481619e-06,0.0399999999999636,0.109999999999673,6.26999999999953,NA,NA,NA
14,3,42,201,2000,353,TRUE,TRUE,TRUE,0.000553699713671093,0.000560082188886282,0.000556626804063024,4.44089209850063e-16,4.44089209850063e-16,1.53587365048224e-09,0.0202616154941121,0.906126991575952,0.00219895460027751,0.000127777713395005,0.0709607959341355,3.17346326892436,0.00770124024434603,0.00659483931983118,2.0424530469216e-06,0.0299999999997453,0.109999999999673,6.40999999999985,NA,NA,NA
14,3,42,201,2000,354,TRUE,TRUE,TRUE,0.000720177762334664,0.000718069022297405,0.000720473112785925,4.44089209850063e-16,4.44089209850063e-16,8.27116153345742e-13,0.00447053983699878,0.199928619433002,0.000490434892436203,2.43976848182115e-05,0.0393678454477592,1.7605835709779,0.00431879946305959,0.00251119105013942,9.94314747969803e-08,0.0300000000006548,0.0900000000001455,6.27999999999975,NA,NA,NA
14,3,42,201,2000,355,TRUE,TRUE,TRUE,0.00055126664264053,0.000530205228237756,0.000533379627888264,4.44089209850063e-16,4.44089209850063e-16,8.55759907381071e-12,0.0149955151145356,0.670619823074545,0.00164805894095228,0.000153980963254696,0.112218510341921,5.01856434916599,0.0123332021538946,0.0103342711738534,1.11873369925506e-06,0.0299999999997453,0.110000000000582,6.4399999999996,NA,NA,NA
14,3,42,201,2000,356,TRUE,TRUE,TRUE,0.000372068807268965,0.000390024949775249,0.000387080548677362,4.44089209850063e-16,4.44089209850063e-16,2.15605311382205e-13,0.00652552882831272,0.291830520984836,0.000711632886664393,4.59877659366725e-05,0.0528572452038757,2.36384786758482,0.00576427673146724,0.00267215520485564,2.11853365617614e-07,0.0300000000006548,0.109999999999673,6.3100000000004,NA,NA,NA
14,3,42,201,2000,357,TRUE,TRUE,TRUE,0.00057897146490284,0.000561620807014933,0.000560348698807933,4.44089209850063e-16,4.44089209850063e-16,5.36827471364631e-10,0.0061523292993625,0.275140530666764,0.000665908743985018,3.52385634627694e-05,0.0476558422396512,2.13123405545732,0.00515811825167462,0.00291344816923811,1.88314207998977e-07,0.0399999999999636,0.100000000000364,6.35999999999967,NA,NA,NA
14,3,42,201,2000,358,TRUE,TRUE,TRUE,0.000547027432959942,0.000550146932728307,0.000543929869022038,4.44089209850063e-16,2.22044604925031e-16,5.21843457335081e-10,0.00848145655872604,0.379302268270457,0.000900561632203801,7.20353052514611e-05,0.0687923186485253,3.07648601655858,0.00730437305623663,0.00493481389342065,3.57886096306254e-07,0.0299999999997453,0.109999999999673,6.27999999999975,NA,NA,NA
14,3,42,201,2000,359,TRUE,TRUE,TRUE,0.000866091263939235,0.000864097187844568,0.000852094974681677,4.44089209850063e-16,4.44089209850063e-16,5.80483661138942e-10,0.0159956682691175,0.715348031905661,0.00176091020766443,0.000115908188469405,0.0804990945603517,3.6000289512826,0.0088618790371356,0.00667354183941171,1.2729423053515e-06,0.0300000000006548,0.110000000000582,6.38999999999942,NA,NA,NA
14,3,42,201,2000,360,TRUE,TRUE,TRUE,0.000561680843981421,0.00057832102610595,0.000573479659092642,4.44089209850063e-16,3.33066907387547e-16,5.72231151352298e-12,0.013410666592542,0.599743242490188,0.0014472465069875,7.64837919859929e-05,0.0778870497970601,3.48321475826275,0.0084053808944176,0.00624631005138099,8.94756111722996e-07,0.0299999999997453,0.109999999999673,6.25,NA,NA,NA
14,3,42,201,2000,361,TRUE,TRUE,TRUE,0.000532893697731533,0.000524022297373441,0.000529147043555934,4.44089209850063e-16,4.44089209850063e-16,7.81726239296177e-10,0.0141215273963419,0.631533904086921,0.00151818407885452,6.66669576006029e-05,0.0618171527741083,2.76454711556792,0.00664586871573681,0.00411964934112774,9.9212704480415e-07,0.0299999999997453,0.110000000000582,6.39000000000033,NA,NA,NA
14,3,42,201,2000,362,TRUE,TRUE,TRUE,0.000747170026092764,0.000766847108353002,0.000764151804186686,4.44089209850063e-16,5.55111512312578e-16,7.88265230866614e-10,0.0112456085482246,0.50291890324366,0.00118827096062014,0.000136292142677519,0.114585016950604,5.12439774209034,0.0121076638565785,0.011456855263468,6.29172694626382e-07,0.0500000000001819,0.109999999999673,6.23000000000047,NA,NA,NA
14,3,42,201,2000,363,TRUE,TRUE,TRUE,0.000502702727454986,0.000477383589265561,0.000470902017369897,4.44089209850063e-16,6.66133814775094e-16,2.01399341648312e-10,0.010007712146378,0.447558493171031,0.0010813630901907,6.34511076924582e-05,0.0665461740410415,2.97603537596601,0.00719051221186782,0.00470188475284772,4.98280111466478e-07,0.0299999999997453,0.109999999999673,6.38000000000011,NA,NA,NA
14,3,42,201,2000,364,TRUE,TRUE,TRUE,0.000642198234462634,0.000590475799780233,0.000588338569733193,4.44089209850063e-16,2.22044604925031e-16,2.08882955377021e-09,0.00955122411887236,0.427143727962683,0.00102048313323041,5.17940696269648e-05,0.060118446167708,2.68857864665313,0.00642324581086359,0.00410574366475913,4.5386011029318e-07,0.0299999999997453,0.109999999999673,6.26000000000022,NA,NA,NA
14,3,42,201,2000,365,TRUE,TRUE,TRUE,0.000489951031688684,0.000458244164239411,0.000460092795958699,2.22044604925031e-16,5.55111512312578e-16,9.91446480469449e-10,0.00802202028490209,0.358755653478466,0.000873683462803812,5.43552048100082e-05,0.0749457094836652,3.35167402054852,0.00816238611453179,0.00568344316517511,3.20163231101396e-07,0.0299999999997453,0.109999999999673,6.36000000000058,NA,NA,NA
14,3,42,201,2000,366,TRUE,TRUE,TRUE,0.000393206484693389,0.000397786009632128,0.000391156149252461,4.44089209850063e-16,4.44089209850063e-16,8.55083115425259e-10,0.014786486272566,0.661271769076501,0.00160866630242802,7.0016609384993e-05,0.0785069897581633,3.51093931616266,0.00854101147500694,0.00594131242240081,1.08776207108847e-06,0.0500000000001819,0.109999999999673,6.3100000000004,NA,NA,NA
14,3,42,201,2000,367,TRUE,TRUE,TRUE,0.000478587405899328,0.000446551530290718,0.000450494073753574,6.66133814775094e-16,4.44089209850063e-16,2.76096923101932e-10,0.0157584185741906,0.70473790299571,0.00172219290991244,8.83079963145406e-05,0.069144707590291,3.09224532912473,0.00755662915090985,0.00539574203396853,1.2354614724348e-06,0.0500000000001819,0.109999999999673,6.36999999999989,NA,NA,NA
14,3,42,201,2000,368,TRUE,TRUE,TRUE,0.000654097605182945,0.000640785550282074,0.000645333544295924,4.44089209850063e-16,4.44089209850063e-16,1.30397914688274e-11,0.0108651857474008,0.485905878387001,0.0011568709034716,6.59849489110798e-05,0.0760414678625777,3.40067782499179,0.00809651704744497,0.00562355416384008,5.8732468321155e-07,0.0399999999999636,0.109999999999673,6.27999999999975,NA,NA,NA
14,3,42,201,2000,369,TRUE,TRUE,TRUE,0.000624930943573642,0.000563783949055686,0.000568955400606957,4.44089209850063e-16,4.44089209850063e-16,5.42219602550631e-11,0.0209328500860914,0.936145515106253,0.00229252710564197,0.000174072403723358,0.0890829906059194,3.98391245267622,0.00975620471057665,0.00785287664648848,2.18002095883968e-06,0.0299999999997453,0.109999999999673,6.38000000000011,NA,NA,NA
14,3,42,201,2000,370,TRUE,TRUE,TRUE,0.000530999850979146,0.000521429698777218,0.0005077906328482,4.44089209850063e-16,6.66133814775094e-16,7.47273354306799e-10,0.016303403208352,0.729110356769265,0.0017726286570469,0.000105900915109203,0.0887177675540374,3.96757918125706,0.00964606316520149,0.00762997221416128,1.32239281678658e-06,0.0299999999997453,0.0900000000001455,6.28000000000065,NA,NA,NA
14,3,42,201,2000,371,TRUE,TRUE,TRUE,0.000607780320675126,0.000585538406843965,0.000593681318030582,4.44089209850063e-16,4.44089209850063e-16,8.85425066599055e-12,0.0113514333933391,0.507651534191345,0.00123161486437433,6.22967879451153e-05,0.0608369908334284,2.72071294100155,0.00660072958347467,0.00467752942187616,6.41069851161259e-07,0.0500000000001819,0.109999999999673,6.39999999999964,NA,NA,NA
14,3,42,201,2000,372,TRUE,TRUE,TRUE,0.000503163744976536,0.000452143487080989,0.000457854485040517,4.44089209850063e-16,4.44089209850063e-16,1.53342893938202e-10,0.00925490229094885,0.413891812953603,0.000992420339136338,7.31316149185091e-05,0.0914164278808357,4.08826694003511,0.00980275312564431,0.00753383927553841,4.26135405049802e-07,0.0299999999997453,0.109999999999673,6.22999999999956,NA,NA,NA
14,3,42,201,2000,373,TRUE,TRUE,TRUE,0.000892542822313448,0.00084927727636148,0.000849923644910319,4.44089209850063e-16,3.33066907387547e-16,1.69309011255336e-12,0.00790995733843524,0.35374404615729,0.000882330802555285,6.06031720380429e-05,0.0818534535693964,3.66059772748586,0.00913049467774935,0.00618970387641582,3.11280721869977e-07,0.0299999999997453,0.110000000000582,6.38999999999942,NA,NA,NA
14,3,42,201,2000,374,TRUE,TRUE,TRUE,0.000572213651008311,0.000529256523960303,0.000531546590992606,3.33066907387547e-16,2.22044604925031e-16,5.21942711273482e-10,0.0122430233861415,0.547524650830642,0.00133594687517144,0.00013586417971112,0.11664591617131,5.2165639571358,0.0127282895977284,0.0109843058726398,7.45729460863722e-07,0.0299999999997453,0.110000000000582,6.22999999999956,NA,NA,NA
14,3,42,201,2000,375,TRUE,TRUE,TRUE,0.000719027257209012,0.000675091216120869,0.000671606262673477,5.55111512312578e-16,4.44089209850063e-16,4.21119583648988e-10,0.0101494611936772,0.453897703281169,0.00111687917530838,8.96957247533692e-05,0.0737855813760681,3.29979151432461,0.00811960139601208,0.00582761227325079,5.12495335930149e-07,0.0399999999999636,0.110000000000582,6.38000000000011,NA,NA,NA
14,3,42,201,2000,376,TRUE,TRUE,TRUE,0.000430202225518268,0.000439827435764275,0.000440256324052431,4.44089209850063e-16,4.44089209850063e-16,3.32747163156455e-11,0.00587499587207892,0.262737802749982,0.000634707806117012,3.31449016783836e-05,0.0627827885757988,2.80773166144967,0.00678276663788577,0.00389236402966731,1.71719286054449e-07,0.0299999999997453,0.110000000000582,6.25,NA,NA,NA
14,3,42,201,2000,377,TRUE,TRUE,TRUE,0.00049394099556581,0.000471566450183795,0.00046678350361539,4.44089209850063e-16,4.44089209850063e-16,3.9181990985071e-12,0.0121294226868248,0.54244427311137,0.00130436541049822,6.32898939869619e-05,0.0672415793010878,3.0071348446335,0.00723097813079604,0.00378202631323887,7.31954700077917e-07,0.0399999999999636,0.109999999999673,6.36999999999989,NA,NA,NA
14,3,42,201,2000,378,TRUE,TRUE,TRUE,0.000734419583269536,0.000717945664365074,0.000713739374155174,4.44089209850063e-16,4.44089209850063e-16,3.95071086956023e-10,0.00887753455781233,0.397015414877438,0.000975277857160064,5.78536053481571e-05,0.0589093770199834,2.63450743057694,0.00647173048018432,0.00402943324309035,3.92092635946031e-07,0.0500000000001819,0.110000000000582,6.25999999999931,NA,NA,NA
14,3,42,201,2000,379,TRUE,TRUE,TRUE,0.000487710998477223,0.00040800842210942,0.000403940043988917,3.33066907387547e-16,4.44089209850063e-16,5.88113824306902e-09,0.00775145418336518,0.346655569569593,0.000836887464551078,5.93963177948353e-05,0.0957138450502008,4.28045327840262,0.0103337664406761,0.00831149619495619,2.98930556999052e-07,0.0399999999999636,0.109999999999673,6.35000000000036,NA,NA,NA
14,3,42,201,2000,380,TRUE,TRUE,TRUE,0.000725655175220885,0.00070093635807506,0.000698300853508248,4.44089209850063e-16,4.44089209850063e-16,6.90201451547523e-10,0.0072305067903757,0.323358093901078,0.000763712515358203,3.43809694172137e-05,0.0599043929686191,2.67900589657386,0.00632732060994208,0.00346599120052105,2.60100639033179e-07,0.0299999999997453,0.109999999999673,6.27999999999975,NA,NA,NA
14,3,42,201,2000,381,TRUE,TRUE,TRUE,0.000581511740273529,0.000534411078965928,0.000535298858985074,4.44089209850063e-16,4.44089209850063e-16,5.27529131488791e-10,0.00573495166545299,0.256474835432571,0.000629408609268614,4.75098567846999e-05,0.077298991174381,3.45691597716145,0.00848353279523081,0.00604608588334798,1.63630202015334e-07,0.0399999999999636,0.109999999999673,6.38999999999942,NA,NA,NA
14,3,42,201,2000,382,TRUE,TRUE,TRUE,0.000621534793857393,0.000599751170066111,0.000599711263225498,4.44089209850063e-16,4.44089209850063e-16,6.54434062496989e-10,0.0113449546240232,0.507361794819327,0.00123142948430513,6.99770805994149e-05,0.0674529096677146,3.01658582594325,0.00732162485613698,0.00507569202727609,6.40338285677336e-07,0.0299999999997453,0.110000000000582,6.26000000000022,NA,NA,NA
14,3,42,201,2000,383,TRUE,TRUE,TRUE,0.000480119813808886,0.000438058490945061,0.000431150070132914,4.44089209850063e-16,3.33066907387547e-16,6.65803412402965e-10,0.0138306247846081,0.618524343793542,0.00148310430533276,0.000150404243228763,0.115972337368271,5.18644059729984,0.0124361028897119,0.0125794037258942,9.51672546928438e-07,0.0399999999999636,0.109999999999673,6.36999999999989,NA,NA,NA
14,3,42,201,2000,384,TRUE,TRUE,TRUE,0.000579540015957388,0.000546344643225886,0.000543903634847281,4.44089209850063e-16,4.44089209850063e-16,1.89318982712905e-09,0.00922097363927344,0.412374477522981,0.000997096936035643,6.32969633613811e-05,0.0698152927291606,3.122234808229,0.00754937788480247,0.00534108531353183,4.23016690826745e-07,0.0399999999999636,0.0900000000001455,6.22000000000025,NA,NA,NA
14,3,42,201,2000,385,TRUE,TRUE,TRUE,0.000525178950802807,0.000489062705794062,0.000487249808281217,4.44089209850063e-16,4.44089209850063e-16,4.42234693309729e-10,0.00886367060223304,0.396395399935192,0.000956953742018449,7.02757479231764e-05,0.0832347718096842,3.72237215716274,0.00898632518330072,0.00698768530850202,3.9086893803428e-07,0.0299999999997453,0.109999999999673,6.36999999999989,NA,NA,NA
14,3,42,201,2000,386,TRUE,TRUE,TRUE,0.000564642092608308,0.000529776364300513,0.000536941051482594,2.22044604925031e-16,4.44089209850063e-16,7.10908221179807e-10,0.0178020289808342,0.79613093877133,0.00188803416628355,0.000126529383479124,0.0811825318837148,3.63059319755061,0.00860999575199407,0.00698453684214684,1.57667779022119e-06,0.0299999999997453,0.110000000000582,6.22999999999956,NA,NA,NA
14,3,42,201,2000,387,TRUE,TRUE,TRUE,0.000768319072327126,0.000726808675273711,0.000726182225599771,4.44089209850063e-16,4.44089209850063e-16,6.88639367751875e-10,0.011279657873999,0.50444163538405,0.00120345142872128,9.85373855186822e-05,0.104429794776133,4.67024239991572,0.01114184376231,0.00900820412307723,6.32988466440136e-07,0.0499999999992724,0.110000000000582,6.35999999999967,NA,NA,NA
14,3,42,201,2000,388,TRUE,TRUE,TRUE,0.000411489357964618,0.000401283963524159,0.00040271078504926,4.44089209850063e-16,2.22044604925031e-16,7.6138362281597e-10,0.00683958604138357,0.305875586529847,0.000746504356772191,3.07634014831137e-05,0.0489227691567097,2.18789274963866,0.00533965946182558,0.00310295086495671,2.32736006057159e-07,0.0500000000001819,0.110000000000582,6.27999999999975,NA,NA,NA
14,3,42,201,2000,389,TRUE,TRUE,TRUE,0.000566568844518792,0.000540282611635316,0.000536223410058736,4.44089209850063e-16,4.44089209850063e-16,7.59999396748867e-10,0.00911310794750684,0.407550577138378,0.000987553624412959,4.30591866233954e-05,0.0517505283845964,2.3143539867898,0.00560801234506122,0.00334154124124098,4.13177793347823e-07,0.0299999999997453,0.109999999999673,6.42000000000007,NA,NA,NA
14,3,42,201,2000,390,TRUE,TRUE,TRUE,0.000611996633818498,0.000547759545952915,0.000562365559838483,5.55111512312578e-16,4.44089209850063e-16,7.70405961247889e-12,0.0182328702873179,0.815398747747577,0.00198777635168232,0.000107397865249936,0.092239630375631,4.12508167478731,0.0100561103687624,0.00775554380511778,1.65391820355303e-06,0.0300000000006548,0.110000000000582,6.25999999999931,NA,NA,NA
14,3,42,201,2000,391,TRUE,TRUE,TRUE,0.000451796270658463,0.000416290571232686,0.000413850335314723,5.55111512312578e-16,4.44089209850063e-16,1.40341960275236e-09,0.0115757544662192,0.517683477546259,0.00125775616192286,0.000103225765784032,0.0802033671671991,3.58680362020464,0.00871444531377085,0.00661310656388991,6.66657171453703e-07,0.0299999999997453,0.109999999999673,6.36999999999989,NA,NA,NA
14,3,42,201,2000,392,TRUE,TRUE,TRUE,0.000490843830048422,0.000462138287669993,0.000459590859583992,2.22044604925031e-16,4.44089209850063e-16,6.66850574759792e-10,0.00908683722456047,0.406375714691855,0.000977901094335381,7.6489720122197e-05,0.0823297792786239,3.68189966079113,0.00886011042823,0.00646886088677689,4.10799058436108e-07,0.0299999999997453,0.109999999999673,6.27000000000044,NA,NA,NA
14,3,42,201,2000,393,TRUE,TRUE,TRUE,0.000532458955914679,0.000515528666908974,0.000517021832875738,4.44089209850063e-16,4.44089209850063e-16,2.40667263895489e-10,0.00809717892458325,0.362116850026936,0.000875208368616883,6.48868345223264e-05,0.0973138176914043,4.35200623016003,0.0105184618518181,0.00779342900670343,3.26190579784652e-07,0.0299999999997453,0.110000000000582,6.35999999999967,NA,NA,NA
14,3,42,201,2000,394,TRUE,TRUE,TRUE,0.000502142959759159,0.000451084170964641,0.000450724419648617,2.22044604925031e-16,4.44089209850063e-16,8.83501583004431e-09,0.0132431245581338,0.592250534929679,0.00143483982989015,0.00013573615026985,0.0811462780827151,3.62897187828105,0.00879187621692425,0.00726302040520466,8.72539045085798e-07,0.0399999999999636,0.109999999999673,6.27000000000044,NA,NA,NA
14,3,42,201,2000,395,TRUE,TRUE,TRUE,0.000700006207484882,0.000666046092346409,0.000667697034784661,4.44089209850063e-16,4.44089209850063e-16,4.20541601542368e-10,0.0110958376598562,0.496220945494813,0.00121675865060149,8.54452609360123e-05,0.0863369823229652,3.86110722892696,0.00946762861251679,0.00752460033174884,6.12525439671061e-07,0.0299999999997453,0.1200000000008,6.39999999999964,NA,NA,NA
14,3,42,201,2000,396,TRUE,TRUE,TRUE,0.000938129098327695,0.000866718293758124,0.000862216856769392,4.44089209850063e-16,4.44089209850063e-16,1.81476433880334e-09,0.0244554588503308,1.09368136820577,0.00258466218047597,0.000182984936330399,0.0972401556622488,4.34871196406899,0.0102771718290786,0.00684986473439864,2.9754699879613e-06,0.0399999999999636,0.110000000000582,6.31999999999971,NA,NA,NA
14,3,42,201,2000,397,TRUE,TRUE,TRUE,0.000521508896567466,0.000496262489506594,0.000501489636446244,4.44089209850063e-16,3.33066907387547e-16,3.45105055643558e-10,0.0123614865556211,0.552822484826371,0.00133148526529312,7.54593884195742e-05,0.076022316802485,3.39982136354762,0.00818854546340351,0.00580290109717652,7.60230596342295e-07,0.0300000000006548,0.109999999999673,6.42000000000007,NA,NA,NA
14,3,42,201,2000,398,TRUE,TRUE,TRUE,0.000605053244589582,0.000527774765979108,0.000537276456544406,4.44089209850063e-16,4.44089209850063e-16,4.02389233045142e-11,0.0195565220005961,0.874594251936062,0.0021242605313984,0.000222774661764902,0.119196138915872,5.33061338542797,0.0129472742334424,0.0139748220140206,1.90277389432736e-06,0.0299999999997453,0.0900000000001455,6.25,NA,NA,NA
14,3,42,201,2000,399,TRUE,TRUE,TRUE,0.000935164367044085,0.000915416714374795,0.000913258093070768,4.44089209850063e-16,4.44089209850063e-16,6.27120577689766e-12,0.0136562093022112,0.610724246294183,0.00152194949182689,7.56660453191671e-05,0.0875268671496544,3.91432049608441,0.00975464479429495,0.00679388261420399,9.27821156745267e-07,0.0299999999997453,0.109999999999673,6.39000000000033,NA,NA,NA
14,3,42,201,2000,400,TRUE,TRUE,TRUE,0.000615492083572045,0.000579606410085645,0.000583482051917847,4.44089209850063e-16,4.44089209850063e-16,2.95904634128874e-10,0.00757997435721711,0.338986758608855,0.000831456488766661,3.99399962205393e-05,0.0585133921207367,2.61679844752136,0.00641840424067031,0.0040495582788509,2.85850802269e-07,0.0500000000001819,0.109999999999673,6.26000000000022,NA,NA,NA
14,3,42,201,2000,401,TRUE,TRUE,TRUE,0.000513530042528261,0.000474593789644736,0.000481971934539222,4.44089209850063e-16,4.44089209850063e-16,8.21086310054397e-10,0.0143378385643532,0.641207633606236,0.00153680482434201,9.12428866470805e-05,0.0828836173534137,3.70666805246629,0.00888390132417351,0.00750660475584652,1.02275430197739e-06,0.0300000000006548,0.109999999999673,6.36000000000058,NA,NA,NA
14,3,42,201,2000,402,TRUE,TRUE,TRUE,0.000615383306943654,0.000634502411420869,0.000631150481092852,6.66133814775094e-16,4.44089209850063e-16,7.26529947314702e-13,0.0118268733091782,0.528913853612007,0.00129063590127943,9.1801265682534e-05,0.0892530876881388,3.99151942544856,0.00973995715173155,0.00668804747444796,6.9589518542961e-07,0.0299999999997453,0.109999999999673,6.28000000000065,NA,NA,NA
14,3,42,201,2000,403,TRUE,TRUE,TRUE,0.000690499787753488,0.000671540383695267,0.000676294638055275,4.44089209850063e-16,4.44089209850063e-16,4.29367874588138e-10,0.0128700877778713,0.575567822954189,0.0014198052944114,0.000109405540200669,0.0795171113618793,3.55611332759166,0.00877218692338791,0.00620584868069329,8.24075419950807e-07,0.0500000000001819,0.109999999999673,6.42000000000007,NA,NA,NA
14,3,42,201,2000,404,TRUE,TRUE,TRUE,0.000496294890919323,0.000481273607418629,0.000489176419858097,2.22044604925031e-16,3.33066907387547e-16,5.46673817325427e-13,0.0167728192895847,0.75010328211662,0.00182133245341986,0.000117969634857218,0.0977547658423686,4.37172603096221,0.0106150268736112,0.00840270865732862,1.39963913891076e-06,0.0500000000001819,0.100000000000364,6.34999999999945,NA,NA,NA
14,3,42,201,2000,405,TRUE,TRUE,TRUE,0.000581274890327466,0.000558793011670621,0.000555545120950129,4.44089209850063e-16,2.22044604925031e-16,5.10705699952041e-09,0.0182635370230503,0.816770205862493,0.00195494027332749,0.00017044230715868,0.0873617660712026,3.90693695139288,0.00935125735097531,0.00814529784088336,1.6594864905091e-06,0.0300000000006548,0.110000000000582,6.44999999999982,NA,NA,NA
14,3,42,201,2000,406,TRUE,TRUE,TRUE,0.000519970558420578,0.000481578660331327,0.000487552960593202,2.22044604925031e-16,4.44089209850063e-16,1.98463467881993e-12,0.0109179642768241,0.488266205977858,0.00117826194644603,9.22445340236777e-05,0.0916195402294874,4.09735040040821,0.0098875408515889,0.00725781298178418,5.93044497263713e-07,0.0299999999997453,0.0900000000001455,6.32000000000062,NA,NA,NA
14,3,42,201,2000,407,TRUE,TRUE,TRUE,0.000548517883300814,0.000526138711954739,0.000524153251567794,4.44089209850063e-16,4.44089209850063e-16,6.17350370823999e-09,0.0100111928327133,0.447714154196114,0.00106618762742418,5.02789334788645e-05,0.0540312391238296,2.41635047178858,0.00575430316954656,0.00354228697728587,4.98626775789905e-07,0.0299999999997453,0.109999999999673,6.40000000000055,NA,NA,NA
14,3,42,201,2000,408,TRUE,TRUE,TRUE,0.000807719924668944,0.000728215695558403,0.000737255957141705,4.44089209850063e-16,3.33066907387547e-16,4.52715864796005e-10,0.0101307974478021,0.453063035191337,0.00107025985747883,5.67098022159485e-05,0.0683209501837573,3.05540577796516,0.00721771121999389,0.0059477421973213,5.10612223524345e-07,0.0500000000001819,0.109999999999673,6.27000000000044,NA,NA,NA
14,3,42,201,2000,409,TRUE,TRUE,TRUE,0.000659157713814281,0.000626395813118493,0.000624630845433795,4.44089209850063e-16,4.44089209850063e-16,1.44676226554452e-09,0.00716973126087679,0.320640129594516,0.000767268895521758,3.99529717753921e-05,0.062034309445987,2.77425865716968,0.00663860253072536,0.00401560150108793,2.55746499269622e-07,0.0299999999997453,0.119999999999891,6.39000000000033,NA,NA,NA
14,3,42,201,2000,410,TRUE,TRUE,TRUE,0.000497851408286623,0.000496082837699746,0.000488713592532514,4.44089209850063e-16,5.55111512312578e-16,1.06779030062398e-11,0.00788201960229412,0.35249463261431,0.000848393477531026,5.15361654507274e-05,0.0706587109953772,3.1599536197635,0.00760546060070441,0.00507875650303191,3.09085736372879e-07,0.0399999999999636,0.109999999999673,6.30000000000018,NA,NA,NA
14,3,42,201,2000,411,TRUE,TRUE,TRUE,0.000633959277327499,0.000606879836840509,0.000604991151689396,6.66133814775094e-16,6.66133814775094e-16,1.03870734236011e-09,0.00664802155216217,0.297308562130365,0.000709385979217488,5.8549020465648e-05,0.0524640532970968,2.34626379094961,0.0055982465655177,0.00350459455236773,2.1988154506474e-07,0.0300000000006548,0.110000000000582,6.42000000000007,NA,NA,NA
14,3,42,201,2000,412,TRUE,TRUE,TRUE,0.000578997024904155,0.000543974709165769,0.000545009903938199,4.44089209850063e-16,3.33066907387547e-16,6.84496903602394e-12,0.0129427605619454,0.578817848660267,0.00142220613291966,7.49440061440509e-05,0.0736177486696811,3.29228580751803,0.00808943448722978,0.00599144299738441,8.33408213750497e-07,0.0299999999997453,0.089999999999236,6.26000000000022,NA,NA,NA
14,3,42,201,2000,413,TRUE,TRUE,TRUE,0.000643542820611304,0.000637872208897254,0.000637777359026266,5.55111512312578e-16,4.44089209850063e-16,1.7320811451782e-10,0.00806205610461339,0.360546109766654,0.000881812618983275,4.15920485465904e-05,0.056618060079496,2.5320366218384,0.00619277752382337,0.00296964988218917,3.23366908626537e-07,0.0500000000001819,0.109999999999673,6.36999999999989,NA,NA,NA
14,3,42,201,2000,414,TRUE,TRUE,TRUE,0.00050380457660247,0.00048443370448425,0.000486777173678298,4.44089209850063e-16,4.44089209850063e-16,2.47353248994386e-11,0.00875972184752581,0.391746670301155,0.000941772851853698,5.80595119714644e-05,0.0656406780381083,2.93554036364775,0.00705714286704438,0.00491096889238207,3.81754859930453e-07,0.0399999999999636,0.109999999999673,6.3100000000004,NA,NA,NA
14,3,42,201,2000,415,TRUE,TRUE,TRUE,0.000636954568824919,0.000628796332254488,0.000630633461975393,4.44089209850063e-16,4.44089209850063e-16,2.65440980307119e-09,0.0093064583638193,0.416197470625428,0.000991584759757382,3.98885749746114e-05,0.0682091384178362,3.05040540377949,0.00726754899524971,0.00501000602544366,4.30896354614438e-07,0.0299999999997453,0.109999999999673,6.36999999999989,NA,NA,NA
14,3,42,201,2000,416,TRUE,TRUE,TRUE,0.000728224260390887,0.00070676303246612,0.000704555609427576,4.44089209850063e-16,4.44089209850063e-16,3.1115892085154e-09,0.0209278667914138,0.935922655393235,0.00220018094311829,0.000157833339770264,0.0693928592797213,3.10334301005068,0.00729538505273608,0.00675917319061625,2.178983126563e-06,0.0300000000006548,0.110000000000582,6.27999999999975,NA,NA,NA
14,3,42,201,2000,417,TRUE,TRUE,TRUE,0.000699166794189714,0.000671287095932341,0.000670254056718877,4.44089209850063e-16,4.44089209850063e-16,2.07991668332852e-09,0.0068156971154136,0.304807241282281,0.000737352640432417,4.95202200809786e-05,0.0643184866413591,2.87641016679982,0.0069582619577345,0.00445200717324212,2.31113070492822e-07,0.0299999999997453,0.110000000000582,6.36000000000058,NA,NA,NA
14,3,42,201,2000,418,TRUE,TRUE,TRUE,0.000721455903558426,0.0007272664479293,0.000728622907584799,3.33066907387547e-16,5.55111512312578e-16,2.51798581984986e-13,0.00367022175835644,0.164137306883676,0.000397065594369085,2.11602285844492e-05,0.0361374107365738,1.6161141387562,0.00390955190661368,0.00189367378229122,6.70175510224531e-08,0.0299999999997453,0.110000000000582,6.25,NA,NA,NA
14,3,42,201,2000,419,TRUE,TRUE,TRUE,0.00054271339917328,0.000549411474151359,0.000568156592812461,4.44089209850063e-16,4.44089209850063e-16,2.63877808492907e-12,0.0189055691971176,0.845482757561622,0.00202023159249279,0.000128302078223896,0.105415392502827,4.71431967022287,0.0112645910868268,0.00796268965805069,1.77821167496021e-06,0.0399999999999636,0.110000000000582,6.38000000000011,NA,NA,NA
14,3,42,201,2000,420,TRUE,TRUE,TRUE,0.000511979151715914,0.000488159539433283,0.000487450553669632,4.44089209850063e-16,6.66133814775094e-16,2.3648616398475e-10,0.00660728571542487,0.295486800129067,0.000717369715711427,3.81462502758723e-05,0.0541583941619752,2.42203701796809,0.00588011378600801,0.00295136220788095,2.17195146891829e-07,0.0399999999999636,0.109999999999673,6.24000000000069,NA,NA,NA
14,3,42,201,2000,421,TRUE,TRUE,TRUE,0.000515679772102936,0.000481793712729301,0.000492587188102768,4.44089209850063e-16,4.44089209850063e-16,9.85096892947013e-10,0.0181755687081838,0.812836143224341,0.00194994380793757,0.000114158170958945,0.0842145436404183,3.76618888548196,0.00903485500489359,0.00795606934180881,1.64353879535279e-06,0.0299999999997453,0.109999999999673,6.39999999999964,NA,NA,NA
14,3,42,201,2000,422,TRUE,TRUE,TRUE,0.00071154426935955,0.000683012190122562,0.00067752975296671,4.44089209850063e-16,3.33066907387547e-16,1.29806632109819e-09,0.00715756774595382,0.320096160670254,0.000773243139802398,4.45435825611185e-05,0.0521496554212012,2.33220349049993,0.00563380812152259,0.00337696935231691,2.54879482775714e-07,0.0299999999997453,0.109999999999673,6.25,NA,NA,NA
14,3,42,201,2000,423,TRUE,TRUE,TRUE,0.000571318892485311,0.0005827533490681,0.000581642337711432,4.44089209850063e-16,2.22044604925031e-16,7.52797824077334e-12,0.0104101563853831,0.465556346682402,0.00111954497596777,5.57105958662873e-05,0.059162184845991,2.64581334026088,0.00636251026013464,0.0041833474729458,5.39160974965832e-07,0.0299999999997453,0.110000000000582,6.36999999999989,NA,NA,NA
14,3,42,201,2000,424,TRUE,TRUE,TRUE,0.000444299754432326,0.000416901368449547,0.000414070334680303,4.44089209850063e-16,4.44089209850063e-16,5.92192961335058e-13,0.0112162873064812,0.501607617449198,0.00120807094387776,6.68163504968788e-05,0.0798778013820957,3.57224387567185,0.00860338615388252,0.00643805833853861,6.25896024584729e-07,0.0499999999992724,0.110000000000582,6.26000000000022,NA,NA,NA
14,3,42,201,2000,425,TRUE,TRUE,TRUE,0.000517331475530244,0.000489403063926064,0.000495620198544807,5.55111512312578e-16,6.66133814775094e-16,1.74760206306246e-11,0.0118596888953156,0.530381411238502,0.00127991043479038,7.22856183372755e-05,0.0755059007387293,3.376726535083,0.00814867835883268,0.00627908239589203,6.9976229200832e-07,0.0299999999997453,0.109999999999673,6.38000000000011,NA,NA,NA
14,3,42,201,2000,426,TRUE,TRUE,TRUE,0.000526956878525893,0.000489155436282294,0.000487511862111666,4.44089209850063e-16,4.44089209850063e-16,3.07895353657273e-09,0.00941803351996335,0.421187263300194,0.00101597300377177,8.42495092641116e-05,0.0965080679426344,4.31597200593798,0.0104108348593211,0.00825449018500279,4.4129032528932e-07,0.0299999999997453,0.110000000000582,6.26000000000022,NA,NA,NA
14,3,42,201,2000,427,TRUE,TRUE,TRUE,0.000675930154898979,0.000614018022911957,0.00062313438148574,4.44089209850063e-16,2.22044604925031e-16,5.87974113841483e-12,0.018554114029241,0.829765204633307,0.00199340514883668,0.000151252123963275,0.0931992562040242,4.16799744649234,0.010013082645286,0.00844390962551245,1.71271217616954e-06,0.0399999999999636,0.109999999999673,6.35999999999967,NA,NA,NA
14,3,42,201,2000,428,TRUE,TRUE,TRUE,0.000605287509089944,0.000580676050123453,0.000577282081942183,4.44089209850063e-16,4.44089209850063e-16,3.61322749498072e-10,0.0176262061635593,0.788267903342887,0.00189134150747118,0.000153385865040434,0.0741197634004025,3.31473658879002,0.00795325912690996,0.00509945623598185,1.54568728219053e-06,0.0499999999992724,0.110000000000582,6.26000000000022,NA,NA,NA
14,3,42,201,2000,429,TRUE,TRUE,TRUE,0.000737433345056188,0.00068944631763625,0.000694205153548602,4.44089209850063e-16,4.44089209850063e-16,2.64144262018817e-12,0.0173264267998115,0.774861362631052,0.00183110147115943,0.000132648728232709,0.0779993336116611,3.48823624310717,0.00824317074581828,0.006457577692764,1.49355754054341e-06,0.0299999999997453,0.109999999999673,6.40000000000055,NA,NA,NA
14,3,42,201,2000,430,TRUE,TRUE,TRUE,0.000492464045560597,0.000466979465414929,0.000467469266652108,4.44089209850063e-16,4.44089209850063e-16,5.33195709806478e-12,0.0102636406401794,0.459003963361413,0.00111293208354876,5.86427733964001e-05,0.0778390341016208,3.48106743108297,0.00844043175722736,0.00569430294964945,5.2409114025245e-07,0.0399999999999636,0.100000000000364,6.30000000000018,NA,NA,NA
14,3,42,201,2000,431,TRUE,TRUE,TRUE,0.00059766624072539,0.000557412316318047,0.000553188685199418,3.33066907387547e-16,4.44089209850063e-16,1.86075155284016e-10,0.00843800785632282,0.377359183228302,0.000901324806379217,6.40450178082119e-05,0.102491649314859,4.5835658998819,0.0109478762697502,0.00836998985531778,3.54228739220724e-07,0.0500000000001819,0.100000000000364,6.40999999999985,NA,NA,NA
14,3,42,201,2000,432,TRUE,TRUE,TRUE,0.000706953786269631,0.000621775086207046,0.000620883842227817,4.44089209850063e-16,2.22044604925031e-16,2.73945310880208e-11,0.00947696292525403,0.423822666422265,0.00101399036878843,8.47513259714106e-05,0.0908004207270411,4.06071826262489,0.00971521708223729,0.00699706712615011,4.46829981525569e-07,0.0299999999997453,0.110000000000582,6.30000000000018,NA,NA,NA
14,3,42,201,2000,433,TRUE,TRUE,TRUE,0.000415579147222327,0.000409650866208507,0.000414473052644531,4.44089209850063e-16,4.44089209850063e-16,1.22185817019727e-09,0.0109130170670641,0.488044960031415,0.00118096735397571,6.60908388425696e-05,0.0702188852255791,3.14028401337301,0.00759883454542107,0.00544494065606216,5.92507171671803e-07,0.0300000000006548,0.110000000000582,6.42000000000007,NA,NA,NA
14,3,42,201,2000,434,TRUE,TRUE,TRUE,0.000620938414261036,0.000623372612899404,0.000621640243223705,4.44089209850063e-16,4.44089209850063e-16,1.02691188885728e-11,0.00685217490136635,0.306438577463462,0.000727868281296566,3.73754805877979e-05,0.0644983245794384,2.88445276388939,0.00685129689973071,0.00416979576594656,2.3359353671102e-07,0.0299999999997453,0.109999999999673,6.25,NA,NA,NA
14,3,42,201,2000,435,TRUE,TRUE,TRUE,0.000560681557771079,0.000552622015273263,0.000557742721703896,6.66133814775094e-16,2.22044604925031e-16,6.3193672517059e-10,0.0238159654313713,1.06508235308663,0.00259050641732063,0.000168326344443415,0.0860566415406751,3.84857000800564,0.00936053937458812,0.00688000163818003,2.82189158919538e-06,0.0300000000006548,0.109999999999673,6.38000000000011,NA,NA,NA
14,3,42,201,2000,436,TRUE,TRUE,TRUE,0.000498519700241249,0.000448724749503377,0.000456409714274007,5.55111512312578e-16,3.33066907387547e-16,3.60749208283551e-11,0.0121729423492136,0.544390531580551,0.00131387821706899,6.33974915231761e-05,0.071645235126028,3.20407232011508,0.0077329795121354,0.00547554931691963,7.37216544464067e-07,0.0299999999997453,0.0900000000001455,6.36000000000058,NA,NA,NA
14,3,42,201,2000,437,TRUE,TRUE,TRUE,0.000540564989916637,0.000465303216773862,0.000465895307183724,4.44089209850063e-16,5.55111512312578e-16,6.89670986986357e-10,0.0286146462420174,1.2796858829852,0.00308391321230612,0.000283723346690579,0.13151317820953,5.88144812827106,0.0141736935848327,0.0136670608288654,4.07362178883484e-06,0.0299999999997453,0.110000000000582,6.49000000000069,NA,NA,NA
14,3,42,201,2000,438,TRUE,TRUE,TRUE,0.000553851000946938,0.000534132635992412,0.000533782983152027,4.44089209850063e-16,4.44089209850063e-16,2.45807818544108e-11,0.00854402080261777,0.382100226316513,0.000925552364280029,6.05885701716602e-05,0.066499360795154,2.97394182396498,0.00720370912348526,0.00422373078195193,3.6318552972918e-07,0.0299999999997453,0.089999999999236,6.27999999999975,NA,NA,NA
14,3,42,201,2000,439,TRUE,TRUE,TRUE,0.000679832783359556,0.000655453385937848,0.000659268520327311,4.44089209850063e-16,5.55111512312578e-16,1.48598622295992e-09,0.0100044383542155,0.447412084734638,0.00105933272511693,8.17384919500341e-05,0.0834554245219626,3.73224004644422,0.00883678415064544,0.00665485096312324,4.97954163100982e-07,0.0399999999999636,0.109999999999673,6.36000000000058,NA,NA,NA
14,3,42,201,2000,440,TRUE,TRUE,TRUE,0.00047556931660282,0.00043676432169979,0.00043118140542696,4.44089209850063e-16,4.44089209850063e-16,3.64716701284351e-10,0.0121706293138891,0.544287089496155,0.00132572219556284,7.89444699265118e-05,0.0892338033551602,3.99065700385974,0.00972005889353825,0.00696990665740316,7.36936407443271e-07,0.0299999999997453,0.109999999999673,6.26000000000022,NA,NA,NA
14,3,42,201,2000,441,TRUE,TRUE,TRUE,0.000513199113091279,0.000478742398440985,0.000475509732129757,2.22044604925031e-16,4.44089209850063e-16,8.58058957220464e-10,0.0191513798965052,0.85647574623017,0.00207007360807997,0.000185491291048834,0.0835726627590407,3.7374830997976,0.00903337328533844,0.00642023405747238,1.82475299472768e-06,0.0300000000006548,0.109999999999673,6.39000000000033,NA,NA,NA
14,3,42,201,2000,442,TRUE,TRUE,TRUE,0.000512157063028976,0.000498668660223626,0.000501366744561569,4.44089209850063e-16,4.44089209850063e-16,1.45330414369482e-11,0.00955948068205599,0.427512972693465,0.00104506887063729,5.15972503194462e-05,0.0518723034157235,2.31979993174105,0.00567082369336047,0.00375466344265618,4.54645128908466e-07,0.0300000000006548,0.109999999999673,6.25,NA,NA,NA
14,3,42,201,2000,443,TRUE,TRUE,TRUE,0.000906335258268246,0.000866886703037238,0.000869710368243853,3.33066907387547e-16,6.66133814775094e-16,8.85136408612652e-12,0.011544966529412,0.5163065991545,0.00128378885797981,0.00012461981420131,0.101676677909881,4.54711927065692,0.0113063460066832,0.0091001158108952,6.63115682414142e-07,0.0300000000006548,0.109999999999673,6.3700000000008,NA,NA,NA
14,3,42,201,2000,444,TRUE,TRUE,TRUE,0.000558553729486706,0.000551116388057387,0.000549981869551374,7.7715611723761e-16,6.66133814775094e-16,1.48618894968422e-11,0.0139147824833093,0.62228799049606,0.00150813330943917,9.65127704191104e-05,0.0777451845032291,3.47687034944967,0.00842629789854451,0.0058358854614653,9.63289410735385e-07,0.0299999999997453,0.109999999999673,6.23000000000047,NA,NA,NA
14,3,42,201,2000,445,TRUE,TRUE,TRUE,0.000498318398013702,0.000483578431935852,0.000486090767860165,2.22044604925031e-16,4.44089209850063e-16,4.62261118272522e-10,0.0057276155759983,0.256146755538376,0.000625657117006941,4.32612320935277e-05,0.0531365643389625,2.37633939905423,0.00580438215708542,0.00363137946836645,1.63211841723475e-07,0.0299999999997453,0.109999999999673,6.36999999999989,NA,NA,NA
14,3,42,201,2000,446,TRUE,TRUE,TRUE,0.00056053602430223,0.000504961187618048,0.000510420159564175,4.44089209850063e-16,4.44089209850063e-16,3.24436255638716e-10,0.0157466332053025,0.704210845276237,0.00171972306093929,7.05707687984614e-05,0.0692395938866235,3.09648877329938,0.00756180224587951,0.004271736323048,1.23361421543451e-06,0.0299999999997453,0.110000000000582,6.25,NA,NA,NA
14,3,42,201,2000,447,TRUE,TRUE,TRUE,0.000682799401206745,0.000606344985622409,0.000614653400661261,4.44089209850063e-16,4.44089209850063e-16,3.31801253139474e-12,0.020112422182827,0.899454863859517,0.00220295959181089,0.000130413189673106,0.102517937910709,4.58474156162895,0.0112290241622864,0.00664770709333595,2.01248520427996e-06,0.0500000000001819,0.109999999999673,6.36999999999989,NA,NA,NA
14,3,42,201,2000,448,TRUE,TRUE,TRUE,0.000551154391583382,0.000460701619521234,0.000481327596230274,4.44089209850063e-16,4.44089209850063e-16,8.43973113617835e-10,0.0205111518220796,0.917286595419775,0.0022135490684804,0.000182482500022729,0.110586288882601,4.9455691864185,0.0119343944633709,0.0124679251414861,2.0930713884e-06,0.0399999999999636,0.110000000000582,6.25,NA,NA,NA
14,3,42,201,2000,449,TRUE,TRUE,TRUE,0.000492027298637368,0.000483901811015439,0.000487289173616634,4.44089209850063e-16,5.55111512312578e-16,5.51729550934965e-10,0.00616726428299285,0.27580844343957,0.000663943328971809,3.15292926771349e-05,0.0444080577826313,1.98598871901405,0.00478079621116293,0.00265972048197227,1.89229595702882e-07,0.0500000000001819,0.109999999999673,6.36000000000058,NA,NA,NA
14,3,42,201,2000,450,TRUE,TRUE,TRUE,0.000545761954370126,0.00049731417236106,0.00049917970978448,2.22044604925031e-16,4.44089209850063e-16,1.98967997633304e-09,0.0131974314636234,0.590207077621131,0.00143566167561169,9.39084925022371e-05,0.0934972291519212,4.18132320183141,0.0101709479635701,0.0088833289872241,8.66528344462875e-07,0.0500000000001819,0.109999999999673,6.27999999999975,NA,NA,NA
14,3,42,201,2000,451,TRUE,TRUE,TRUE,0.000733538504729207,0.000721301556581242,0.000716584262496982,4.44089209850063e-16,4.44089209850063e-16,6.71410038677323e-10,0.0100939743139377,0.451416254582032,0.0010753127377557,8.09489768798244e-05,0.067667967716701,3.02620351427609,0.00720867968955866,0.00486526455139824,5.06907051992214e-07,0.0399999999999636,0.109999999999673,6.36000000000058,NA,NA,NA
14,3,42,201,2000,452,TRUE,TRUE,TRUE,0.000607345966998512,0.000525636582945482,0.000517943890991044,4.44089209850063e-16,4.44089209850063e-16,1.66828950654008e-09,0.0189528112993086,0.847595488599604,0.00205392584020831,0.000130254353187809,0.0858335607155227,3.83859353021528,0.00930182681221186,0.0071570989892038,1.78710973207562e-06,0.0500000000001819,0.109999999999673,6.23000000000047,NA,NA,NA
14,3,42,201,2000,453,TRUE,TRUE,TRUE,0.000512774762925581,0.000469330474907063,0.000468689436331508,4.44089209850063e-16,2.22044604925031e-16,5.18343146183042e-11,0.0137107036734298,0.613161308662904,0.00148380157656517,0.000101468675907768,0.0874043993506983,3.908843569614,0.00945909040442813,0.00697196369480935,9.35240772241805e-07,0.0500000000001819,0.109999999999673,6.39000000000033,NA,NA,NA
14,3,42,201,2000,454,TRUE,TRUE,TRUE,0.000552447217216581,0.000542880806495834,0.000543096380011224,2.22044604925031e-16,4.44089209850063e-16,2.30734142903088e-09,0.00675291153075284,0.30199938457611,0.000721955538263777,3.06494109310051e-05,0.0568692655077261,2.54327087011519,0.00607990805200417,0.00341020777945289,2.2687469722475e-07,0.0500000000001819,0.109999999999673,6.23000000000047,NA,NA,NA
14,3,42,201,2000,455,TRUE,TRUE,TRUE,0.000704264691209651,0.000640143550989891,0.000639739235959213,2.22044604925031e-16,4.44089209850063e-16,3.76809694557778e-13,0.00945052657732431,0.422640397001312,0.00102820586426727,9.81456619371102e-05,0.11338136007844,5.07056857033545,0.0123357548785666,0.0105074255690667,4.44340560142851e-07,0.0500000000001819,0.109999999999673,6.40000000000055,NA,NA,NA
14,3,42,201,2000,456,TRUE,TRUE,TRUE,0.000634258689656418,0.000545532630993605,0.000552737739672638,4.44089209850063e-16,4.44089209850063e-16,1.54247281614062e-10,0.0105681537556125,0.472622203884386,0.00113275782251615,9.84794545786372e-05,0.106936119364451,4.78232864297887,0.0114620517945504,0.0118753578556436,5.55651113444114e-07,0.0299999999997453,0.0999999999994543,6.27999999999975,NA,NA,NA
14,3,42,201,2000,457,TRUE,TRUE,TRUE,0.000534374120118802,0.000518083736822865,0.000514687630249734,6.66133814775094e-16,6.66133814775094e-16,6.04740924003977e-10,0.0139456427202864,0.62366810224971,0.00149038986013286,9.28262268118374e-05,0.0685861663174533,3.06726660403864,0.00732989714961085,0.00507851548126581,9.67566919810335e-07,0.0499999999992724,0.110000000000582,6.4399999999996,NA,NA,NA
14,3,42,201,2000,458,TRUE,TRUE,TRUE,0.00047952916119315,0.000471766295571464,0.000471674515528788,4.44089209850063e-16,3.33066907387547e-16,8.81072992342524e-13,0.00836459848983467,0.374076216555248,0.000908523030214835,5.58057213240204e-05,0.0753288998615886,3.36881081521573,0.00818186795793865,0.00485624247455263,3.48092079085296e-07,0.0300000000006548,0.0900000000001455,6.30999999999949,NA,NA,NA
14,3,42,201,2000,459,TRUE,TRUE,TRUE,0.000525281568325115,0.000520338549440936,0.000517624555967545,6.66133814775094e-16,8.88178419700125e-16,9.41335898119178e-12,0.0128389018944306,0.574173147847951,0.00138550399130139,9.77971531099797e-05,0.0793996680533847,3.55086110316573,0.00856837741268907,0.00682892154255654,8.20086576392103e-07,0.0500000000001819,0.110000000000582,6.50999999999931,NA,NA,NA
14,3,42,201,2000,460,TRUE,TRUE,TRUE,0.000594522675726985,0.000518177048767789,0.000527653236743193,4.44089209850063e-16,6.66133814775094e-16,2.02642347346682e-11,0.0171231083860017,0.76576868674393,0.00186746157233156,0.000107046544997047,0.0972123278959271,4.34746746852584,0.0106020637497658,0.00873418974482121,1.45871065074011e-06,0.0499999999992724,0.110000000000582,6.35999999999967,NA,NA,NA
14,3,42,201,2000,461,TRUE,TRUE,TRUE,0.00067414225294505,0.000595852158238679,0.000597438976402571,4.44089209850063e-16,2.22044604925031e-16,8.64056159954885e-10,0.0096873119747705,0.433229761896691,0.00103259276286556,7.60840337790114e-05,0.0786684560278898,3.5181603072663,0.00838545084248004,0.00634918195980561,4.66885638291204e-07,0.0300000000006548,0.110000000000582,6.36999999999989,NA,NA,NA
14,3,42,201,2000,462,TRUE,TRUE,TRUE,0.000547732164696792,0.000499865993264288,0.000497563282903882,4.44089209850063e-16,8.88178419700125e-16,4.18509671362699e-11,0.00825866362394904,0.369338665329096,0.000896654909144193,5.66536382180516e-05,0.0787639661076847,3.52243164788545,0.00855151633362591,0.00627087561489503,3.39330969420592e-07,0.0500000000001819,0.109999999999673,6.3100000000004,NA,NA,NA
14,3,42,201,2000,463,TRUE,TRUE,TRUE,0.000617422307694683,0.000590868612335737,0.000580945936036037,2.22044604925031e-16,4.44089209850063e-16,1.51921453195314e-09,0.0127022521364137,0.568061984887257,0.00136204287243289,8.55074798380429e-05,0.0682633599276137,3.05283026341359,0.00731977462257952,0.0048883892544751,8.02722434512564e-07,0.0299999999997453,0.0900000000001455,6.42000000000007,NA,NA,NA
14,3,42,201,2000,464,TRUE,TRUE,TRUE,0.000450577190085469,0.000436234869387787,0.00043891860543271,4.44089209850063e-16,4.44089209850063e-16,9.02177688111294e-09,0.01255737807567,0.56158301992727,0.00133952466579122,8.57474872830721e-05,0.0828145140989753,3.70357766097847,0.00883401643660189,0.0055425421362969,7.84516139976698e-07,0.0500000000001819,0.110000000000582,6.28999999999996,NA,NA,NA
14,3,42,201,2000,465,TRUE,TRUE,TRUE,0.000594564839636428,0.000598692896758467,0.000602314061148284,4.44089209850063e-16,4.44089209850063e-16,7.61966045814688e-11,0.0175892239953141,0.786614010499856,0.00192854920556433,0.000113151337728823,0.0953895913991734,4.26595221428962,0.0104588764553224,0.00602505325564096,1.53920796396684e-06,0.0299999999997453,0.0999999999994543,6.35999999999967,NA,NA,NA
14,3,42,201,2000,466,TRUE,TRUE,TRUE,0.000557843268451016,0.000553540410901342,0.000564802695776451,4.44089209850063e-16,4.44089209850063e-16,1.28244082020501e-11,0.0111336601744211,0.497912419767754,0.00120148000507322,8.36116466871317e-05,0.0698675278597165,3.12457083428373,0.00753969821354908,0.00612937223981191,6.16708402385524e-07,0.0299999999997453,0.109999999999673,6.25,NA,NA,NA
14,3,42,201,2000,467,TRUE,TRUE,TRUE,0.000464654976102493,0.000389886943576154,0.000386872694802483,5.55111512312578e-16,5.55111512312578e-16,1.4154455385551e-11,0.0124363234622157,0.556169293033796,0.00135179345657392,0.000154207590689737,0.125584757360892,5.61632108793543,0.0136507106591157,0.0133005233599874,7.69463389337592e-07,0.0299999999997453,0.109999999999673,6.64000000000033,NA,NA,NA
14,3,42,201,2000,468,TRUE,TRUE,TRUE,0.000579099793909462,0.00054034618647739,0.000536179073167052,4.44089209850063e-16,4.44089209850063e-16,2.30748753438093e-12,0.015335933491113,0.685843795690887,0.00164413247440671,0.000111774252026464,0.0782400582003105,3.49900177398868,0.00838794851067563,0.00617570919632016,1.17010376141215e-06,0.0300000000006548,0.109999999999673,6.38000000000011,NA,NA,NA
14,3,42,201,2000,469,TRUE,TRUE,TRUE,0.000590604927290646,0.000550163757988775,0.000546843488864286,6.66133814775094e-16,6.66133814775094e-16,5.49322587417578e-10,0.0100278547451534,0.448459297573139,0.00109608368553131,5.99380578734099e-05,0.062571466190839,2.79828103709092,0.0068393056156602,0.00420628777546028,5.00287914377595e-07,0.0300000000006548,0.109999999999673,6.43000000000029,NA,NA,NA
14,3,42,201,2000,470,TRUE,TRUE,TRUE,0.000539819325967806,0.000494119586717224,0.000495261689562209,4.44089209850063e-16,4.44089209850063e-16,2.60145238684117e-11,0.00970218462835243,0.433894887184991,0.00103671033702031,8.71787653622391e-05,0.087480384635157,3.91224173484079,0.00934756681219541,0.00707879804115663,4.68320331157404e-07,0.0299999999997453,0.109999999999673,6.27000000000044,NA,NA,NA
14,3,42,201,2000,471,TRUE,TRUE,TRUE,0.000531204421605661,0.000484807548761036,0.000478641559681488,6.66133814775094e-16,4.44089209850063e-16,4.91837903737746e-10,0.0118089954801072,0.528114332790148,0.00126739592604468,7.58388742809757e-05,0.0857174728369102,3.83340192245646,0.00919959500766609,0.00715281230330334,6.93792906712396e-07,0.0299999999997453,0.109999999999673,6.39000000000033,NA,NA,NA
14,3,42,201,2000,472,TRUE,TRUE,TRUE,0.000700362908473319,0.00070727987226713,0.000705370796726033,4.44089209850063e-16,4.44089209850063e-16,1.22712728867214e-10,0.0109060339022951,0.487732663408981,0.00119893338734588,7.08764332912892e-05,0.0778345080729847,3.480865020929,0.00855658356212387,0.0051323794300302,5.91749131731389e-07,0.0300000000006548,0.0900000000001455,6.25999999999931,NA,NA,NA
14,3,42,201,2000,473,TRUE,TRUE,TRUE,0.000841342401056841,0.000802589503602253,0.000803951778258868,4.44089209850063e-16,4.44089209850063e-16,5.56414914143488e-11,0.00942815512600175,0.42163991528306,0.000993296856626996,6.97754264606942e-05,0.0882873457347544,3.94833013231874,0.00930145312908761,0.00598566048983429,4.42239348656483e-07,0.0399999999999636,0.110000000000582,6.5,NA,NA,NA
14,3,42,201,2000,474,TRUE,TRUE,TRUE,0.000761007951266191,0.000745225699847296,0.000741442625683057,2.22044604925031e-16,4.44089209850063e-16,1.68707980918725e-09,0.0153975329822787,0.688598608683406,0.00163249330213632,8.14559386697056e-05,0.067784433039024,3.03141200183081,0.00718671186174256,0.00469545123185355,1.17952249721573e-06,0.0299999999997453,0.109999999999673,6.36000000000058,NA,NA,NA
14,3,42,201,2000,475,TRUE,TRUE,TRUE,0.00091685805198196,0.000900330474828948,0.000904292138594341,4.44089209850063e-16,4.44089209850063e-16,7.13034520316569e-10,0.0109933383106659,0.491637035246034,0.00115253722147487,5.57125305249428e-05,0.0747356704135503,3.34228078777437,0.00783525799801181,0.00598603565335765,6.01261130411715e-07,0.0500000000001819,0.109999999999673,6.39999999999964,NA,NA,NA
14,3,42,201,2000,476,TRUE,TRUE,TRUE,0.000547712871849428,0.000552093020361963,0.000553575845995358,4.44089209850063e-16,4.44089209850063e-16,6.53708198683489e-11,0.00708805791089955,0.316987586344531,0.000773912976328154,5.90389783141632e-05,0.092285229440169,4.12712092694766,0.0100762066965257,0.00731136761627482,2.49953059444108e-07,0.0299999999997453,0.0900000000001455,6.27999999999975,NA,NA,NA
14,3,42,201,2000,477,TRUE,TRUE,TRUE,0.000597141817180762,0.00058483584506489,0.000601709823112327,6.66133814775094e-16,4.44089209850063e-16,2.24761986800104e-10,0.0136949443043026,0.612456528249883,0.00147919565292144,8.96474167575434e-05,0.0776411012866642,3.47221560649855,0.00838604210133115,0.00592247901441567,9.33092037303233e-07,0.0300000000006548,0.109999999999673,6.38999999999942,NA,NA,NA
14,3,42,201,2000,478,TRUE,TRUE,TRUE,0.00047614956749326,0.000453641480664112,0.000458378801318436,4.44089209850063e-16,4.44089209850063e-16,2.64451083253903e-09,0.018172401501412,0.812694501431531,0.00196397717880514,0.000123016505241935,0.0744240092321785,3.32834287602446,0.00804335385589099,0.00681942793023183,1.64296605138568e-06,0.0300000000006548,0.110000000000582,6.25,NA,NA,NA
14,3,42,201,2000,479,TRUE,TRUE,TRUE,0.00064647598968825,0.000613276892763615,0.000614668974418418,2.22044604925031e-16,2.22044604925031e-16,1.65836233634309e-11,0.00577744962047929,0.258375401759441,0.000629223879877202,2.98183675084829e-05,0.0553253266844178,2.47422382687483,0.00602549896557213,0.00355574289043403,1.66064299090429e-07,0.0299999999997453,0.110000000000582,6.38000000000011,NA,NA,NA
14,3,42,201,2000,480,TRUE,TRUE,TRUE,0.000511851402754378,0.000466345955773147,0.000465357463113977,4.44089209850063e-16,4.44089209850063e-16,1.77902137465935e-12,0.0109397174964419,0.48923903953376,0.00117747825579402,0.000125539486191428,0.119323204514709,5.33629593175999,0.0128431542015075,0.0113299582591821,5.95410044288347e-07,0.0300000000006548,0.0900000000001455,6.25,NA,NA,NA
14,3,42,201,2000,481,TRUE,TRUE,TRUE,0.000726449629341137,0.000674444994971272,0.000664533752865931,4.44089209850063e-16,4.44089209850063e-16,7.37188088351104e-13,0.0164607799137424,0.736148456995825,0.00181470798842357,0.000110164847633598,0.0916306016274934,4.09784508116556,0.0101017561518241,0.00777450821550474,1.34804614611277e-06,0.0399999999999636,0.109999999999673,6.38000000000011,NA,NA,NA
14,3,42,201,2000,482,TRUE,TRUE,TRUE,0.000566180998959017,0.000471210971895376,0.000477788955354432,4.44089209850063e-16,4.44089209850063e-16,7.33910709982410e-11,0.015232598042954,0.681222493959509,0.00164423509707642,0.000132243559711753,0.0857612281337989,3.83535871882084,0.00925722722206247,0.00647093847863545,1.15438827431944e-06,0.0300000000006548,0.0900000000001455,6.25999999999931,NA,NA,NA
14,3,42,201,2000,483,TRUE,TRUE,TRUE,0.000516370589666904,0.000480572944851546,0.000480461782903742,2.22044604925031e-16,4.44089209850063e-16,2.24422924688383e-10,0.0058054034773941,0.259625536245337,0.000635876444196132,2.40769024841825e-05,0.0639230621215554,2.8587262446748,0.00700160972484699,0.00387586284539054,1.67675171817609e-07,0.0299999999997453,0.109999999999673,6.35999999999967,NA,NA,NA
14,3,42,201,2000,484,TRUE,TRUE,TRUE,0.000569440221167299,0.000517932677046512,0.000519244275711561,2.22044604925031e-16,3.33066907387547e-16,5.62883073484954e-12,0.0106111812158907,0.474546450406009,0.00114447875566053,7.77353979657391e-05,0.0771456981629228,3.45006050527952,0.00832062056445178,0.00617839702237433,5.60184909435181e-07,0.0300000000006548,0.110000000000582,6.27999999999975,NA,NA,NA
14,3,42,201,2000,485,TRUE,TRUE,TRUE,0.000424773714425684,0.000416327668303674,0.000417586207537474,4.44089209850063e-16,4.44089209850063e-16,2.01563210566746e-11,0.01028303697725,0.459871393925501,0.00111032530710377,7.24279092310098e-05,0.0904821585949149,4.04648514738293,0.00976993768976781,0.00743950622648981,5.2607387798752e-07,0.0299999999997453,0.110000000000582,6.3799999999992,NA,NA,NA
14,3,42,201,2000,486,TRUE,TRUE,TRUE,0.000563914732684905,0.000487244279982106,0.00048537404188011,4.44089209850063e-16,2.22044604925031e-16,2.55538923354948e-09,0.0087536593492225,0.391475547134762,0.000954819667788691,7.53500178305444e-05,0.0755726782210314,3.37971291487888,0.00824321311056226,0.00494386592981044,3.81226626876769e-07,0.0500000000001819,0.109999999999673,6.26000000000022,NA,NA,NA
14,3,42,201,2000,487,TRUE,TRUE,TRUE,0.000593854217767064,0.000528447372015011,0.000541491154274805,4.44089209850063e-16,4.44089209850063e-16,7.54590168128288e-10,0.0119756479871526,0.535567259477634,0.00128995477583432,8.89592932864502e-05,0.0820738951959699,3.67045617672764,0.00884057490608824,0.00795914654197816,7.13513157772097e-07,0.0399999999999636,0.109999999999673,6.38000000000011,NA,NA,NA
14,3,42,201,2000,488,TRUE,TRUE,TRUE,0.000594458128154051,0.000523932052727767,0.000526521991906213,4.44089209850063e-16,3.33066907387547e-16,1.26791022125872e-10,0.0114023298005819,0.509927690719456,0.00125500796491852,7.17783956076801e-05,0.082033117829393,3.66863255745545,0.00902905091008098,0.00707102266170523,6.46831467070838e-07,0.0300000000006548,0.110000000000582,6.26999999999953,NA,NA,NA
14,3,42,201,2000,489,TRUE,TRUE,TRUE,0.000573206325848067,0.000570218026632271,0.000560196032279,4.44089209850063e-16,4.44089209850063e-16,8.81672512775822e-10,0.013139429879789,0.587613167936001,0.00142062951011112,7.66081882801473e-05,0.0622900167377247,2.78569423490304,0.00673476983191212,0.00464764889920133,8.5892844560145e-07,0.0300000000006548,0.110000000000582,6.38999999999942,NA,NA,NA
14,3,42,201,2000,490,TRUE,TRUE,TRUE,0.000660353964114673,0.000634976772799881,0.000641344857462074,3.33066907387547e-16,4.44089209850063e-16,1.48481227313368e-12,0.012243996891502,0.547568187313893,0.00133807001162075,0.000116773497744305,0.113565090794823,5.0787852577632,0.01241082007012,0.011089761742106,7.45848059100055e-07,0.0299999999997453,0.109999999999673,6.26000000000022,NA,NA,NA
14,3,42,201,2000,491,TRUE,TRUE,TRUE,0.000733128154589537,0.000705340637042793,0.000719117758455187,4.44089209850063e-16,4.44089209850063e-16,1.66511915367096e-09,0.0194721429518467,0.870820706158454,0.00206850487742777,0.000139709517370079,0.0940634477415165,4.2066452669606,0.00999225924553652,0.00816263816855667,1.88638980665251e-06,0.0399999999999636,0.109999999999673,6.41000000000076,NA,NA,NA
14,3,42,201,2000,492,TRUE,TRUE,TRUE,0.000523804171857259,0.000518183822742341,0.000520065855491234,4.44089209850063e-16,4.44089209850063e-16,6.27281115939127e-10,0.00655805195516738,0.293284999434593,0.00070880228914168,4.33045078409577e-05,0.0505177262928228,2.2592214011896,0.00546001774358796,0.00319524428194029,2.13970375356591e-07,0.0500000000001819,0.109999999999673,6.34000000000015,NA,NA,NA
14,3,42,201,2000,493,TRUE,TRUE,TRUE,0.000584312620879186,0.000466815732523046,0.000474419631077199,3.33066907387547e-16,4.44089209850063e-16,6.40489883352302e-11,0.0253771187196724,1.1348992506054,0.00276990786925823,0.000222205401726683,0.117605400793524,5.25947341390856,0.0128366079980831,0.0109985255727096,3.20397091797187e-06,0.0500000000001819,0.109999999999673,6.43000000000029,NA,NA,NA
14,3,42,201,2000,494,TRUE,TRUE,TRUE,0.000486159043016889,0.000500503872592795,0.000490540813552744,4.44089209850063e-16,4.44089209850063e-16,7.89283305380195e-10,0.01454234683508,0.650353521512355,0.00157593599493057,6.30501869878231e-05,0.065389504270277,2.92430753126704,0.00708617904928608,0.0044420062440409,1.05213856453612e-06,0.0299999999997453,0.109999999999673,6.28000000000065,NA,NA,NA
14,3,42,201,2000,495,TRUE,TRUE,TRUE,0.000486390774503784,0.000477843098389399,0.000481432234378287,2.22044604925031e-16,4.44089209850063e-16,3.01740854524724e-11,0.0133866609877927,0.598669679208979,0.00143316139045643,0.00011384553041438,0.109392068878179,4.89216204421893,0.0117113961189666,0.00916613845402026,8.91555683592492e-07,0.0399999999999636,0.100000000000364,6.38000000000011,NA,NA,NA
14,3,42,201,2000,496,TRUE,TRUE,TRUE,0.000569201724627987,0.00054359910887843,0.000543361024751473,6.66133814775094e-16,4.44089209850063e-16,6.27463192515165e-10,0.00604279684772187,0.270242090514551,0.000648210958455976,4.14187693564827e-05,0.0714777283050426,3.19658118734672,0.00766741757839084,0.00496211577411998,1.81668625586256e-07,0.0399999999999636,0.110000000000582,6.31999999999971,NA,NA,NA
14,3,42,201,2000,497,TRUE,TRUE,TRUE,0.000539762166911277,0.000510539732846976,0.000506667176602701,3.33066907387547e-16,6.66133814775094e-16,1.89395166216855e-11,0.0153088676061344,0.684633372517219,0.00164309973665227,8.61155329658914e-05,0.0700420184494254,3.13237429068419,0.00751760515733564,0.00554497556375111,1.16597725065747e-06,0.0300000000006548,0.109999999999673,6.42000000000007,NA,NA,NA
14,3,42,201,2000,498,TRUE,TRUE,TRUE,0.000552129063559979,0.000531145765444963,0.000538122292998718,4.44089209850063e-16,4.44089209850063e-16,3.27959881474271e-12,0.00816983105301323,0.365365951984525,0.000890111321766971,4.9679162970051e-05,0.052381260018538,2.34256116297086,0.0057069910367025,0.00382298917949697,3.32070345446663e-07,0.0299999999997453,0.109999999999673,6.3100000000004,NA,NA,NA
14,3,42,201,2000,499,TRUE,TRUE,TRUE,0.000460220925953804,0.000418532013158078,0.000418663889365791,4.44089209850063e-16,4.44089209850063e-16,4.87411888627776e-10,0.0103602341191817,0.46332375506606,0.00111360325752499,5.4885351488565e-05,0.0684146626356437,3.05959672622029,0.00735377118867113,0.00552297111791233,5.34002243802274e-07,0.0299999999997453,0.109999999999673,6.43000000000029,NA,NA,NA
14,3,42,201,2000,500,TRUE,TRUE,TRUE,0.00053574510100841,0.000510532118230104,0.000506159879868552,4.44089209850063e-16,4.44089209850063e-16,4.01589872467412e-12,0.018629849267551,0.833152187456375,0.00203399671773889,0.000162372719067605,0.0858769441738256,3.84053369745257,0.0093759976299566,0.00652052650578838,1.72672280463518e-06,0.0299999999997453,0.119999999999891,6.36000000000058,NA,NA,NA
18,3,54,295,2000,1,TRUE,TRUE,TRUE,0.000617012924651983,0.000530489091984824,0.000542237282967794,4.44089209850063e-16,4.44089209850063e-16,2.63534660760456e-09,0.0293071865870015,1.31065722875611,0.00263484367122791,0.0002750160362055,0.0881444580905816,3.94194000260844,0.00792457054396312,0.00947847988355477,2.91156334117057e-06,0.0399999999999636,0.170000000000073,8.77999999999975,NA,NA,NA
18,3,54,295,2000,2,TRUE,TRUE,TRUE,0.000447786916467558,0.000415535697260919,0.000413699497730219,4.44089209850063e-16,4.44089209850063e-16,1.18629550627247e-11,0.0167314941404083,0.748255165261847,0.00152307941930854,0.000125002282217679,0.0798683819475595,3.5718226257532,0.00727047374113555,0.00593550417892175,9.48958970069549e-07,0.0500000000001819,0.170000000000073,8.75,NA,NA,NA
18,3,54,295,2000,3,TRUE,TRUE,TRUE,0.000486984876639674,0.000476015016255141,0.000470847949097212,4.44089209850063e-16,4.44089209850063e-16,1.79048242898716e-09,0.0192626658925618,0.861452607272697,0.00177091899162187,0.000167508308166475,0.0788348993087351,3.52560387707366,0.00724771021659816,0.006891516956685,1.257797617927e-06,0.0600000000004002,0.179999999999382,8.60000000000036,NA,NA,NA
18,3,54,295,2000,4,TRUE,TRUE,TRUE,0.000456195753889739,0.000434330585789855,0.000433383496544564,6.66133814775094e-16,4.44089209850063e-16,2.1239232594894e-11,0.0176396499127771,0.788869126085359,0.0016010579218833,0.000133339424237988,0.0703167596047909,3.14466108867647,0.00638228114294189,0.00577130453110897,1.05477033574691e-06,0.0499999999992724,0.180000000000291,8.69999999999982,NA,NA,NA
18,3,54,295,2000,5,TRUE,TRUE,TRUE,0.000520132757075575,0.000517297144383982,0.000510308644027726,5.55111512312578e-16,5.55111512312578e-16,5.90727466942553e-11,0.0168242043777351,0.752401293119304,0.00153257685932867,0.000145261294903776,0.0742365058034374,3.31995746777087,0.00676246842687742,0.00654283628485075,9.59504586250171e-07,0.0500000000001819,0.170000000000073,8.73000000000047,NA,NA,NA
18,3,54,295,2000,6,TRUE,TRUE,TRUE,0.000486788898246828,0.000468831613597738,0.000466832185429607,2.22044604925031e-16,4.44089209850063e-16,9.0756469006692e-10,0.0121651150494158,0.544040484091989,0.00112061871642056,8.91275821359727e-05,0.0700335808417845,3.13199694939914,0.00645131107683401,0.00609937796092908,5.01661098866179e-07,0.0600000000004002,0.170000000000073,8.61000000000058,NA,NA,NA
18,3,54,295,2000,7,TRUE,TRUE,TRUE,0.000673383657367024,0.000677875971933274,0.000672350911114673,6.66133814775094e-16,4.44089209850063e-16,1.07893693979122e-11,0.0124212168812853,0.555493706196436,0.00111746019003524,6.80631986824665e-05,0.0905614196119718,4.05002980782503,0.00814725176580153,0.00794608349291082,5.23005521396359e-07,0.0399999999999636,0.170000000000073,8.75,NA,NA,NA
18,3,54,295,2000,8,TRUE,TRUE,TRUE,0.000439459275056131,0.00040235464136743,0.000401011996209915,4.44089209850063e-16,2.22044604925031e-16,3.7624037219075e-10,0.0116679735313798,0.521807639516671,0.00107095075857086,0.000108641052463554,0.0936103624872115,4.18638267839603,0.00859207371752726,0.00761525233443194,4.61496970606712e-07,0.0499999999992724,0.170000000000073,8.82999999999993,NA,NA,NA
18,3,54,295,2000,9,TRUE,TRUE,TRUE,0.000488693055478329,0.000444519353177073,0.000455768981074849,4.44089209850063e-16,4.44089209850063e-16,2.5794477664931e-11,0.0233989147361,1.04643127899282,0.00212614715661792,0.00020175608591444,0.0872020037973204,3.89979216530006,0.00792362784838967,0.0101250660415531,1.85596342653315e-06,0.0600000000004002,0.1899999999996,8.65999999999985,NA,NA,NA
18,3,54,295,2000,10,TRUE,TRUE,TRUE,0.0005903192382055,0.000563582492997722,0.000563756226601861,4.44089209850063e-16,5.55111512312578e-16,9.22382392687382e-10,0.020999640047196,0.939132452971141,0.00189035837828045,0.000175835792298074,0.104139604344679,4.65726468929269,0.00937450228391231,0.01113430546269,1.49486400715863e-06,0.0399999999999636,0.169999999999163,8.67000000000007,NA,NA,NA
18,3,54,295,2000,11,TRUE,TRUE,TRUE,0.00075579025539749,0.000761271881817633,0.000763604191588542,4.44089209850063e-16,3.33066907387547e-16,1.81626091944054e-09,0.0085572878542132,0.38269354690108,0.000765193540605413,7.17372283318696e-05,0.0662596030746324,2.96321953274064,0.00592494037124442,0.00571126426783053,2.48227713287677e-07,0.0500000000001819,0.180000000000291,8.81999999999971,NA,NA,NA
18,3,54,295,2000,12,TRUE,TRUE,TRUE,0.000445284330898474,0.000420402901989964,0.000419406807287872,4.44089209850063e-16,2.22044604925031e-16,9.72473657157025e-10,0.0170502613346159,0.762510867566747,0.00156798958054789,0.000200337843978105,0.119299645338091,5.33524233335176,0.0109711280772812,0.0118565245188407,9.85462412131175e-07,0.0500000000001819,0.170000000000073,8.57000000000062,NA,NA,NA
18,3,54,295,2000,13,TRUE,TRUE,TRUE,0.000552210440764918,0.000520128571415841,0.000518619790145978,6.66133814775094e-16,4.44089209850063e-16,2.88939761006191e-09,0.0103891067366852,0.464614977774584,0.000954464208893893,0.000101332967552992,0.0733080296976378,3.27843475400983,0.0067349284538442,0.0065674743566646,3.65876402665216e-07,0.069999999999709,0.180000000000291,8.73999999999978,NA,NA,NA
18,3,54,295,2000,14,TRUE,TRUE,TRUE,0.000559105006401573,0.000535555340990617,0.000544053334063388,6.66133814775094e-16,4.44089209850063e-16,1.63024704846748e-09,0.0181928655998273,0.813609683734625,0.00167161483489556,0.000147125731544406,0.0729734602144295,3.26347235185682,0.00670501950221956,0.00758947246404063,1.12196731774026e-06,0.069999999999709,0.180000000000291,8.6200000000008,NA,NA,NA
18,3,54,295,2000,15,TRUE,TRUE,TRUE,0.000423222905288186,0.000404491621589345,0.000404285617025896,4.44089209850063e-16,4.44089209850063e-16,8.22809820277826e-10,0.0159259513365372,0.712230195897018,0.0014571243987889,0.000111158136277822,0.0858361947471991,3.83871132769295,0.00785347204837902,0.0060794429050901,8.59782799911024e-07,0.0500000000001819,0.289999999999964,8.55999999999949,NA,NA,NA
18,3,54,295,2000,16,TRUE,TRUE,TRUE,0.000453939183794539,0.0004281305128864,0.000432271625945749,4.44089209850063e-16,4.44089209850063e-16,3.39975603225184e-10,0.00802446266052641,0.358864879836918,0.000732415786677932,6.31512189670502e-05,0.0749869781406897,3.35351961099746,0.00684427716957078,0.00595072186902712,2.18277969458246e-07,0.0600000000004002,0.170000000000073,8.69999999999982,NA,NA,NA
18,3,54,295,2000,17,TRUE,TRUE,TRUE,0.000482529555150839,0.000457885345743666,0.00045357666572494,4.44089209850063e-16,4.44089209850063e-16,1.66708558069217e-09,0.0139952066147932,0.625884666996648,0.0012654806038295,0.00012113169965744,0.0716193423705038,3.20291436088555,0.00647599504055168,0.00591815610542312,6.63951892172043e-07,0.0500000000001819,0.170000000000073,8.64000000000033,NA,NA,NA
18,3,54,295,2000,18,TRUE,TRUE,TRUE,0.000483923962156523,0.000469114305425741,0.000467289784460042,4.44089209850063e-16,4.44089209850063e-16,5.71027669593605e-11,0.0205609540631379,0.919513819348536,0.00190811300387879,0.000161373820930066,0.0841333680655232,3.7625586034104,0.00780780761306003,0.00804110930495483,1.43306044741175e-06,0.0600000000004002,0.1899999999996,8.72000000000025,NA,NA,NA
18,3,54,295,2000,19,TRUE,TRUE,TRUE,0.000489417914000382,0.000467519930115437,0.000448220797348874,4.44089209850063e-16,4.44089209850063e-16,1.32966881949415e-09,0.035174950126544,1.57307159176235,0.00321031416854732,0.000320699707472727,0.101093817108202,4.52105294317743,0.00922653514070186,0.00994783800087617,4.19415971662664e-06,0.0599999999994907,0.190000000000509,8.6899999999996,NA,NA,NA
18,3,54,295,2000,20,TRUE,TRUE,TRUE,0.000502612031474874,0.00045178714620448,0.000462391369226101,4.44089209850063e-16,4.44089209850063e-16,2.13340789478877e-09,0.0277466838280742,1.24086942379536,0.00255321803806249,0.000219692825353945,0.090513126010515,4.04787005231032,0.00832891409450676,0.00931207882280205,2.60975750323768e-06,0.0500000000001819,0.179999999999382,8.71000000000004,NA,NA,NA
18,3,54,295,2000,21,TRUE,TRUE,TRUE,0.000501145709907407,0.00048915270874604,0.00049836088932005,4.44089209850063e-16,4.44089209850063e-16,1.98447236421373e-09,0.016472067106829,0.73665323561616,0.00148178708310036,7.02709049775763e-05,0.057840559369643,2.58670845214268,0.00520319600432562,0.00457832557474802,9.19759304311454e-07,0.0500000000001819,0.179999999999382,8.6899999999996,NA,NA,NA
18,3,54,295,2000,22,TRUE,TRUE,TRUE,0.000668613840569385,0.000652928183387487,0.000650243615450821,6.66133814775094e-16,4.44089209850063e-16,3.35455885291935e-09,0.0192512863731825,0.860943699695031,0.00172139362765647,0.000140791656377814,0.0645550783735243,2.88699087072054,0.00577232598336118,0.00596731581060794,1.25631195600774e-06,0.0399999999999636,0.170000000000073,8.73000000000047,NA,NA,NA
18,3,54,295,2000,23,TRUE,TRUE,TRUE,0.000465760412428396,0.000458100796006864,0.000451243778855145,4.44089209850063e-16,4.44089209850063e-16,1.38964617590887e-09,0.0165676666398964,0.74092857670728,0.00150247159591056,8.55830910779787e-05,0.0825259790743335,3.6906739823987,0.00748403152833297,0.00737292262577682,9.30466365731314e-07,0.0399999999999636,0.170000000000073,8.61999999999989,NA,NA,NA
18,3,54,295,2000,24,TRUE,TRUE,TRUE,0.000374538109043086,0.000351974378441852,0.000354383141849012,4.44089209850063e-16,4.44089209850063e-16,7.19544201999156e-10,0.0225078653819503,1.0065823404491,0.00204196503647,0.000181724252080073,0.0884339617703524,3.95488700076251,0.00802293131344191,0.00831825829113342,1.71730170865084e-06,0.0500000000001819,0.170000000000073,8.64000000000033,NA,NA,NA
18,3,54,295,2000,25,TRUE,TRUE,TRUE,0.000692040238106247,0.000668158054787362,0.000675585186259793,4.44089209850063e-16,4.44089209850063e-16,3.21647286583016e-09,0.0144831283906797,0.647705192168337,0.00129427652491065,0.000114608186933651,0.0868000133876785,3.88181460765482,0.00775683379026719,0.00825464482834093,7.11054264342072e-07,0.0599999999994907,0.180000000000291,8.77999999999975,NA,NA,NA
18,3,54,295,2000,26,TRUE,TRUE,TRUE,0.000565252282576685,0.000506170358575632,0.00050727138510235,4.44089209850063e-16,6.66133814775094e-16,4.19113632688095e-11,0.0202756231668035,0.906753433742845,0.00185290901105647,0.000384092137068137,0.149945629977262,6.70577243116378,0.013702938088152,0.0188579604111254,1.39356235526176e-06,0.0600000000004002,0.1899999999996,8.63999999999942,NA,NA,NA
18,3,54,295,2000,27,TRUE,TRUE,TRUE,0.000565106043520261,0.000581748973851851,0.000572191836224994,6.66133814775094e-16,5.55111512312578e-16,4.7832160454675e-10,0.0157867704627325,0.706005837997115,0.00141838391136845,9.82912866902552e-05,0.0689777653805642,3.08477944653946,0.00619740135507142,0.00600134925235096,8.44820751332219e-07,0.069999999999709,0.180000000000291,8.69000000000051,NA,NA,NA
18,3,54,295,2000,28,TRUE,TRUE,TRUE,0.000508064799840431,0.000478567775830056,0.00048699693282464,5.55111512312578e-16,4.44089209850063e-16,2.34051533709589e-09,0.0243933322570365,1.09090298248944,0.00219270802419987,0.000193153046112116,0.0848278767737055,3.79361797705962,0.00762514789359651,0.00842785757130571,2.01706663932942e-06,0.0499999999992724,0.180000000000291,8.76999999999953,NA,NA,NA
18,3,54,295,2000,29,TRUE,TRUE,TRUE,0.00047915961839219,0.00047063108951416,0.000460053144538966,4.44089209850063e-16,4.44089209850063e-16,5.4358517687092e-10,0.0196326586518585,0.877999186492099,0.00180246744410355,0.000153172373103416,0.0745278184539598,3.33298536555635,0.00684237264170057,0.00601273977866867,1.30658062962845e-06,0.0399999999999636,0.169999999999163,8.59000000000015,NA,NA,NA
18,3,54,295,2000,30,TRUE,TRUE,TRUE,0.000711581418079385,0.000696749146485946,0.000703273553404178,4.44089209850063e-16,4.44089209850063e-16,8.04617750205239e-09,0.0169088874624412,0.756188435798249,0.00151087551793021,0.000137254492145189,0.124036719995693,5.54709075232955,0.0110831681849044,0.0105112317757659,9.69188051584751e-07,0.0399999999999636,0.170000000000073,8.69999999999982,NA,NA,NA
18,3,54,295,2000,31,TRUE,TRUE,TRUE,0.000404604695156987,0.000403319179778905,0.000403449287213026,4.44089209850063e-16,6.66133814775094e-16,1.69223124402151e-09,0.0149419490673955,0.66822427662072,0.00136155516538182,0.000115444728464809,0.0624500676721187,2.79285193028639,0.00569063726786202,0.00576418629582065,7.56819803161499e-07,0.0600000000004002,0.1899999999996,8.69999999999982,NA,NA,NA
18,3,54,295,2000,32,TRUE,TRUE,TRUE,0.000431492317848289,0.000426022295595058,0.000424214304493947,4.44089209850063e-16,4.44089209850063e-16,1.33337785257481e-12,0.01309135934558,0.585463388291881,0.0011937226188856,6.74949360899291e-05,0.0589880238558203,2.63802462399987,0.00537876445533751,0.00481383070308539,5.80961659373238e-07,0.0600000000004002,0.1899999999996,8.67000000000007,NA,NA,NA
18,3,54,295,2000,33,TRUE,TRUE,TRUE,0.000599057337803103,0.000550500054784074,0.000550364713994619,3.33066907387547e-16,4.44089209850063e-16,6.41750430574461e-10,0.0143182389348267,0.640331111527135,0.00131025807608576,0.00016314072620105,0.0993246180626004,4.44193195654356,0.00908916826734257,0.0101544440754537,6.9495581760945e-07,0.0700000000006185,0.179999999999382,8.75,NA,NA,NA
18,3,54,295,2000,34,TRUE,TRUE,TRUE,0.000645778432036849,0.00061196275312,0.000614737263572249,4.44089209850063e-16,4.44089209850063e-16,2.86183943210006e-09,0.0152179162591668,0.680565904627923,0.00140097143700288,0.000111975162695899,0.0800651537649083,3.58062252894617,0.00737085101623645,0.00704991784612474,7.85033814478006e-07,0.0500000000001819,0.1899999999996,8.77999999999975,NA,NA,NA
18,3,54,295,2000,35,TRUE,TRUE,TRUE,0.000517837012044171,0.000491294672009855,0.00049172622784268,4.44089209850063e-16,4.44089209850063e-16,1.10064490854711e-09,0.0116770757811899,0.522214704503141,0.00107564345953024,0.000110006844735722,0.067414423576813,3.01486467563437,0.0062099351890145,0.00605663453097804,4.62217284066615e-07,0.0500000000001819,0.170000000000073,8.65000000000055,NA,NA,NA
18,3,54,295,2000,36,TRUE,TRUE,TRUE,0.000475103445635528,0.000468764431303151,0.000481195554627408,4.44089209850063e-16,4.44089209850063e-16,3.49097484253491e-09,0.0233886520009762,1.04597231552539,0.00214927586569391,0.000215267681269893,0.116249318445974,5.19882756766437,0.0106826102901899,0.0133592958333821,1.85433573702634e-06,0.0600000000004002,0.1899999999996,8.67000000000007,NA,NA,NA
18,3,54,295,2000,37,TRUE,TRUE,TRUE,0.000484562280829507,0.000473678274527302,0.000486440553450465,4.44089209850063e-16,5.55111512312578e-16,7.67963470593713e-12,0.0161347300536695,0.721567063972276,0.00148584982968666,8.93717048455756e-05,0.0752952819662649,3.36730737723164,0.00693395436512678,0.00705135584799166,8.82472928490798e-07,0.069999999999709,0.180000000000291,8.77999999999975,NA,NA,NA
18,3,54,295,2000,38,TRUE,TRUE,TRUE,0.000599447921199773,0.000597450684418104,0.000582374329572875,4.44089209850063e-16,4.44089209850063e-16,4.40708713966842e-09,0.0250487323273482,1.12021336468294,0.0022559563653044,0.00022890527519337,0.0875622250103213,3.91590174768422,0.00788609005400967,0.00827303548354053,2.12691183460047e-06,0.069999999999709,0.180000000000291,8.60999999999967,NA,NA,NA
18,3,54,295,2000,39,TRUE,TRUE,TRUE,0.000558782740006224,0.000564913949843081,0.000560885503524274,4.44089209850063e-16,4.44089209850063e-16,5.89073678725072e-10,0.00814896803074638,0.36443292926443,0.000733005257854628,5.50987651308787e-05,0.0529964234291866,2.37007210704048,0.00476706459940867,0.00425622080761912,2.25103999885174e-07,0.0500000000001819,0.179999999999382,8.71000000000004,NA,NA,NA
18,3,54,295,2000,40,TRUE,TRUE,TRUE,0.000747442270646568,0.000715501456711093,0.000725932659401861,4.44089209850063e-16,4.44089209850063e-16,7.20271398080286e-10,0.015827437167334,0.707824508315313,0.00148035092897608,0.000119575953519302,0.0781615685481076,3.49549161003156,0.00731050449843034,0.00750013225140833,8.49178872155617e-07,0.0599999999994907,0.190000000000509,8.75,NA,NA,NA
18,3,54,295,2000,41,TRUE,TRUE,TRUE,0.000516300362530708,0.00050189821022284,0.000497562134575515,6.66133814775094e-16,2.22044604925031e-16,1.07110809111077e-09,0.0170638676014494,0.763119358317945,0.00157167647680209,0.000140836675704747,0.0807768948415445,3.61245255754091,0.00743999827335672,0.00757327211509562,9.87035855999307e-07,0.0599999999994907,0.170000000000073,8.59000000000015,NA,NA,NA
18,3,54,295,2000,42,TRUE,TRUE,TRUE,0.000557424214250734,0.00054660435213249,0.000543512363540358,4.44089209850063e-16,4.44089209850063e-16,7.72809150006992e-10,0.0223708009596039,1.00045263313584,0.00204950134891825,0.000170556871466943,0.0859650022669542,3.84447177509666,0.0078756852928078,0.00796796229683139,1.69644995109904e-06,0.0500000000001819,0.170000000000073,8.69000000000051,NA,NA,NA
18,3,54,295,2000,43,TRUE,TRUE,TRUE,0.000535699067678412,0.000518590429558371,0.000511983534103897,4.44089209850063e-16,6.66133814775094e-16,2.60202082102978e-09,0.0263757924298189,1.17956129666999,0.00241569638053083,0.000182262456881688,0.0806884122692388,3.60849549661092,0.00739006063943753,0.0068577671912351,2.35824551288439e-06,0.069999999999709,0.180000000000291,8.78999999999996,NA,NA,NA
18,3,54,295,2000,44,TRUE,TRUE,TRUE,0.000433498288507405,0.000447961277341361,0.000444223513913527,4.44089209850063e-16,4.44089209850063e-16,4.69957628368434e-10,0.0120633955695019,0.53949145065752,0.00110907375655231,9.95694804259983e-05,0.0630283592622687,2.81871391641423,0.00579464536113356,0.00551656121400868,4.93306822597551e-07,0.0500000000001819,0.179999999999382,8.60999999999967,NA,NA,NA
18,3,54,295,2000,45,TRUE,TRUE,TRUE,0.000814423261568219,0.000792301044505458,0.000803985327860597,6.66133814775094e-16,4.44089209850063e-16,1.30566668588017e-11,0.0194537036267753,0.869996074472075,0.001725967699765,0.000120216619393432,0.0755471166746948,3.37856976777451,0.00670267655416703,0.00741003453465794,1.28286977897766e-06,0.0600000000004002,0.1899999999996,8.72000000000025,NA,NA,NA
18,3,54,295,2000,46,TRUE,TRUE,TRUE,0.000451611319346867,0.000431968051324345,0.000433137759309886,7.7715611723761e-16,4.44089209850063e-16,3.50080187061508e-10,0.0135748751345299,0.607086871737609,0.00124282528457908,0.000108517891355575,0.076360061955858,3.41492578598788,0.00699101942303444,0.00605619596548479,6.24668592942638e-07,0.069999999999709,0.180000000000291,8.71000000000004,NA,NA,NA
18,3,54,295,2000,47,TRUE,TRUE,TRUE,0.000433465334777113,0.000416127789201357,0.000418138024451753,4.44089209850063e-16,4.44089209850063e-16,1.15773524100860e-09,0.014002886527757,0.626228123145612,0.00127378763879155,0.000111419278397307,0.0698113939379255,3.12206044898436,0.00635046856008347,0.00646230027955141,6.64680783421146e-07,0.0500000000001819,0.280000000000655,8.57000000000062,NA,NA,NA
18,3,54,295,2000,48,TRUE,TRUE,TRUE,0.000804956847184714,0.000784688374472632,0.00078014762234253,4.44089209850063e-16,4.44089209850063e-16,4.15143475152036e-11,0.0140180640343768,0.62690688187623,0.00131064103887143,0.000133172685167438,0.0895002918104758,4.00257472988583,0.008367971151374,0.00819227755174978,6.66122438209793e-07,0.0599999999994907,0.190000000000509,8.73999999999978,NA,NA,NA
18,3,54,295,2000,49,TRUE,TRUE,TRUE,0.000554067745870508,0.000545336237046069,0.000550903043288388,4.44089209850063e-16,4.44089209850063e-16,2.38038988520373e-09,0.0206440920611228,0.923231863648687,0.00190638189736642,0.000189798389470752,0.0879477854171428,3.93314453326592,0.00812155194504534,0.00906975284887324,1.44467300687496e-06,0.0600000000004002,0.1899999999996,8.67000000000007,NA,NA,NA
18,3,54,295,2000,50,TRUE,TRUE,TRUE,0.000452736658053372,0.000412869193834955,0.000406135296879335,4.44089209850063e-16,4.44089209850063e-16,1.24222854225309e-09,0.0134593004008727,0.601918212518829,0.00123727094414108,0.000104906084985146,0.0755060432662915,3.37673290910936,0.00694103190046823,0.00586625892169224,6.14077177223494e-07,0.0399999999999636,0.170000000000073,8.67000000000007,NA,NA,NA
18,3,54,295,2000,51,TRUE,TRUE,TRUE,0.000412308582753569,0.00036399534185193,0.000364395265452902,4.44089209850063e-16,4.44089209850063e-16,4.59397186958199e-10,0.0210964760282311,0.943463089696391,0.00193235988245056,0.000195937592366136,0.110192524379727,4.92795950250743,0.0100932313611238,0.0120309220178569,1.5086823756262e-06,0.0399999999999636,0.170000000000073,8.77000000000044,NA,NA,NA
18,3,54,295,2000,52,TRUE,TRUE,TRUE,0.000628229292136566,0.000599162705391451,0.00060352016171261,4.44089209850063e-16,4.44089209850063e-16,1.65129687701437e-10,0.0135709226486985,0.606910111197627,0.0012460784441262,0.000138342352840937,0.100879614382375,4.51147350605914,0.00926273888575268,0.0104434175199088,6.2430488656596e-07,0.0499999999992724,0.170000000000073,8.69999999999982,NA,NA,NA
18,3,54,295,2000,53,TRUE,TRUE,TRUE,0.000389357361395632,0.000371591508836452,0.000370267180735757,4.44089209850063e-16,4.44089209850063e-16,2.65283017775175e-09,0.013366017029039,0.597746453307019,0.00120908793049959,0.00010276732012926,0.0783066751476549,3.501980974443,0.00708361029264597,0.0052263531222394,6.05594614306984e-07,0.0599999999994907,0.190000000000509,8.72999999999956,NA,NA,NA
18,3,54,295,2000,54,TRUE,TRUE,TRUE,0.00062854770328553,0.000640726641338537,0.000641819678038825,4.44089209850063e-16,4.44089209850063e-16,4.12572642716214e-09,0.0101906092664973,0.455737901040545,0.000915847015656649,8.07983299182524e-05,0.0846265111939614,3.78461263456689,0.00760552541026465,0.00789976218048594,3.52028871940409e-07,0.0500000000001819,0.180000000000291,8.72000000000025,NA,NA,NA
18,3,54,295,2000,55,TRUE,TRUE,TRUE,0.000790823672850697,0.000549919532196029,0.000555834223444781,5.55111512312578e-16,4.44089209850063e-16,1.39841738189261e-09,0.0425631662209507,1.90348266015337,0.00391574537131268,0.00065708555200672,0.19054022837881,8.52121806206709,0.0175294059058025,0.0257316421808724,6.14109531780433e-06,0.0500000000001819,0.180000000000291,8.60999999999967,NA,NA,NA
18,3,54,295,2000,56,TRUE,TRUE,TRUE,0.000705593490177212,0.00060458322576646,0.000612195134364796,5.55111512312578e-16,3.33066907387547e-16,8.3662943239915e-10,0.0219424240164581,0.981295033838484,0.00202771340939378,0.000216507769181362,0.0974583328786103,4.35846914580751,0.00900618674978191,0.010247699103104,1.63210159904419e-06,0.0600000000004002,0.1899999999996,8.69000000000051,NA,NA,NA
18,3,54,295,2000,57,TRUE,TRUE,TRUE,0.0006237916360861,0.000530498686632471,0.000529444690237842,4.44089209850063e-16,6.66133814775094e-16,2.78912981599433e-09,0.0156062443719103,0.697932465781299,0.00142453096742934,0.000265173722212353,0.13598164372955,6.08128398142865,0.0124123432824971,0.016474175277736,8.2560970642638e-07,0.0499999999992724,0.180000000000291,8.81999999999971,NA,NA,NA
18,3,54,295,2000,58,TRUE,TRUE,TRUE,0.000594212606486533,0.000564955927383232,0.000563943239819965,3.33066907387547e-16,4.44089209850063e-16,1.15013776280648e-10,0.00865980502336752,0.387278254082879,0.000777936819671157,6.71004911509954e-05,0.06937003700502,3.10232236689801,0.00623172298019826,0.00493540313838992,2.54210925568615e-07,0.0500000000001819,0.180000000000291,8.6899999999996,NA,NA,NA
18,3,54,295,2000,59,TRUE,TRUE,TRUE,0.000441562515913937,0.000440446869759159,0.000439299025176217,4.44089209850063e-16,4.44089209850063e-16,1.86313076078193e-09,0.0130603131122049,0.584074958526441,0.00119299801417645,0.000192644336962644,0.115722774760469,5.17527981818613,0.0105707297595502,0.0126690267891405,5.78209418945192e-07,0.0500000000001819,0.1899999999996,8.69000000000051,NA,NA,NA
18,3,54,295,2000,60,TRUE,TRUE,TRUE,0.000486794316528415,0.000474715627546879,0.000471940505476821,6.66133814775094e-16,4.44089209850063e-16,2.81994472217661e-09,0.0119364442677691,0.533814015847388,0.0010711642012553,8.74594514996829e-05,0.0645222665305153,2.88552348049183,0.00579016167134153,0.0051160534359127,4.8297865002562e-07,0.0499999999992724,0.170000000000073,8.78999999999996,NA,NA,NA
18,3,54,295,2000,61,TRUE,TRUE,TRUE,0.000723428782989864,0.000715394466402725,0.000710973252195012,4.44089209850063e-16,6.66133814775094e-16,4.33894786766587e-09,0.0178667534526484,0.799025505147016,0.00158796944986214,0.000120131868136752,0.080470420694243,3.59874661700666,0.00715208669659404,0.00709885396683774,1.08210467436516e-06,0.0600000000004002,0.169999999999163,8.60000000000036,NA,NA,NA
18,3,54,295,2000,62,TRUE,TRUE,TRUE,0.000370159689383256,0.000359235716327806,0.000365872468512103,4.44089209850063e-16,3.33066907387547e-16,1.10497189176328e-09,0.0230514073333376,1.0308902754876,0.00210622535636736,0.000246488244428633,0.108801667933878,4.8657585113102,0.00994129462481779,0.0116641659525101,1.80124535609306e-06,0.0500000000001819,0.180000000000291,8.72000000000025,NA,NA,NA
18,3,54,295,2000,63,TRUE,TRUE,TRUE,0.000789912634158927,0.000753166628274951,0.000753815541129993,4.44089209850063e-16,6.66133814775094e-16,1.67043179288839e-09,0.0162078819960752,0.724838518290382,0.00143637004293971,0.000150287050232123,0.106554023293101,4.7652407871894,0.0094429986009259,0.00760332250080609,8.90493012876943e-07,0.0399999999999636,0.170000000000073,8.75,NA,NA,NA
18,3,54,295,2000,64,TRUE,TRUE,TRUE,0.00072382310316629,0.000687865227774061,0.000686474193499678,4.44089209850063e-16,4.44089209850063e-16,4.88741780380053e-09,0.0304191487216028,1.36038568718359,0.00272227437035892,0.000251304506555527,0.110089527161293,4.9233533268692,0.00985214612607766,0.012491967889126,3.1366935896508e-06,0.0500000000001819,0.170000000000073,8.64000000000033,NA,NA,NA
18,3,54,295,2000,65,TRUE,TRUE,TRUE,0.000601949659070772,0.000588218823785661,0.000592282174809882,6.66133814775094e-16,3.33066907387547e-16,1.02004071855788e-09,0.0115497960082577,0.5165225800144,0.00103223188033402,8.04095518276426e-05,0.0612801089892439,2.74052978737091,0.00547674453157573,0.00502034839444576,4.52195890957173e-07,0.0599999999994907,0.190000000000509,8.75,NA,NA,NA
18,3,54,295,2000,66,TRUE,TRUE,TRUE,0.000650095755143932,0.000621958169114941,0.000617530082154282,4.44089209850063e-16,4.44089209850063e-16,5.12488051995774e-10,0.023022151770884,1.02958192696028,0.0020664580719186,0.000191141586327603,0.0978567054849933,4.37628491037243,0.00878357422682652,0.0102761266166169,1.79667617681905e-06,0.0499999999992724,0.170000000000073,8.71000000000004,NA,NA,NA
18,3,54,295,2000,67,TRUE,TRUE,TRUE,0.000561556374455706,0.000537541924466065,0.000542325766886623,4.44089209850063e-16,6.66133814775094e-16,1.45049705579936e-09,0.013712599084565,0.613246074025775,0.00125963913058411,8.86977396561406e-05,0.0607007039808385,2.71461800766494,0.00557596568795857,0.00534660975056056,6.37408046284791e-07,0.069999999999709,0.170000000000073,8.65000000000055,NA,NA,NA
18,3,54,295,2000,68,TRUE,TRUE,TRUE,0.000453107030851002,0.000439355200645476,0.000433950243306234,4.44089209850063e-16,4.44089209850063e-16,7.46643413762627e-10,0.0140125792157599,0.626661593330797,0.00127056997241852,9.50767075948988e-05,0.0536238490924167,2.39813143571668,0.00486226350004844,0.00474017315391251,6.65601275518462e-07,0.0500000000001819,0.1899999999996,8.69000000000051,NA,NA,NA
18,3,54,295,2000,69,TRUE,TRUE,TRUE,0.000558094094770838,0.00051965213402399,0.000514658399410185,4.44089209850063e-16,4.44089209850063e-16,2.22244800340832e-09,0.010955242471335,0.489933337517957,0.000991297589618567,0.000118771258279082,0.0810978297946254,3.6268052049698,0.00733822947406771,0.00780975343317181,4.06838432561839e-07,0.0399999999999636,0.1899999999996,8.72999999999956,NA,NA,NA
18,3,54,295,2000,70,TRUE,TRUE,TRUE,0.000455098174772087,0.000414601104025748,0.000427273321690935,4.44089209850063e-16,4.44089209850063e-16,4.98265873005721e-11,0.0329769679834089,1.47477484205473,0.00298637916850844,0.000376944975542415,0.100545070325368,4.49651224100039,0.00910531567568499,0.0114822183265062,3.68637429619924e-06,0.0399999999999636,0.170000000000073,8.63000000000011,NA,NA,NA
18,3,54,295,2000,71,TRUE,TRUE,TRUE,0.000460645388376681,0.000450491496522842,0.000466074858708165,4.44089209850063e-16,4.44089209850063e-16,2.86883072853072e-09,0.0396308569885337,1.77234580465868,0.00361439092921833,0.000310833615507988,0.0990532230435504,4.42979480231655,0.00903379583696696,0.00934138284679165,5.32408415473088e-06,0.0599999999994907,0.190000000000509,8.6899999999996,NA,NA,NA
18,3,54,295,2000,72,TRUE,TRUE,TRUE,0.000554821903996733,0.000518759157164847,0.000522439752291829,4.44089209850063e-16,2.22044604925031e-16,5.49315704034825e-10,0.0177369798185326,0.793221851795616,0.0016327472771444,0.000115713937930195,0.0792203474475241,3.54284164187632,0.00729249330566577,0.00740755833778906,1.06644221384079e-06,0.0500000000001819,0.179999999999382,8.77999999999975,NA,NA,NA
18,3,54,295,2000,73,TRUE,TRUE,TRUE,0.000459457482092178,0.000444581559837575,0.000446812251313472,4.44089209850063e-16,4.44089209850063e-16,7.34404981272974e-10,0.0152963882991396,0.684075280942173,0.00140182167460511,0.000162350104673692,0.0871406453834679,3.89704813361275,0.00798591425954413,0.00834334337804421,7.93150830501886e-07,0.0500000000001819,0.170000000000073,8.57999999999993,NA,NA,NA
18,3,54,295,2000,74,TRUE,TRUE,TRUE,0.000601647497732611,0.00060283265931032,0.000592645643201432,4.44089209850063e-16,4.44089209850063e-16,1.52176116152702e-09,0.0379198806562568,1.69582861692139,0.00351372063809935,0.000373527075552715,0.0943481054392945,4.2193755462116,0.00874245592312862,0.00834645317766558,4.87429609825342e-06,0.0600000000004002,0.1899999999996,8.70000000000073,NA,NA,NA
18,3,54,295,2000,75,TRUE,TRUE,TRUE,0.000581456049572571,0.000556139575664358,0.000555714492176474,6.66133814775094e-16,4.44089209850063e-16,1.48889012230313e-09,0.0162460879604484,0.726547140960071,0.00146117388831958,0.000115289231004567,0.0607103517475822,2.71504946891034,0.00546029179087467,0.00547172916154182,8.94696183113988e-07,0.0500000000001819,0.170000000000073,8.72000000000025,NA,NA,NA
18,3,54,295,2000,76,TRUE,TRUE,TRUE,0.000609429035513935,0.000568370622258709,0.000575557512488988,4.44089209850063e-16,4.44089209850063e-16,5.50803846977033e-12,0.0187976589858474,0.840656866204289,0.00174150956341487,0.000126971726828629,0.0758380353224183,3.39158004521915,0.00702601658451314,0.00749383207256216,1.19780333338376e-06,0.0600000000004002,0.169999999999163,8.61999999999989,NA,NA,NA
18,3,54,295,2000,77,TRUE,TRUE,TRUE,0.000671959945844546,0.000621531890147881,0.000614544350285207,4.44089209850063e-16,4.44089209850063e-16,1.51403334314182e-11,0.0137761136700895,0.616086532641685,0.00127818941210795,9.21305651857551e-05,0.0707118109530066,3.16232832206074,0.00656085527715633,0.00569307564778399,6.43326467292294e-07,0.0399999999999636,0.170000000000073,8.69999999999982,NA,NA,NA
18,3,54,295,2000,78,TRUE,TRUE,TRUE,0.000517688025412951,0.000516398330675028,0.000513834462452265,4.44089209850063e-16,4.44089209850063e-16,6.12161432655967e-11,0.0167668301014248,0.749835437479513,0.0015517877447304,0.000118168683862052,0.0797186546302449,3.56512661656112,0.00737804525562032,0.00683504988257511,9.52971497118801e-07,0.0399999999999636,0.170000000000073,8.75,NA,NA,NA
18,3,54,295,2000,79,TRUE,TRUE,TRUE,0.000506780697888617,0.000481340044043027,0.000486459603300838,5.55111512312578e-16,4.44089209850063e-16,5.59370127994896e-09,0.0208774934857087,0.933669892677075,0.00187632265273203,0.000183168443363968,0.111390931949707,4.98155391833195,0.0100110355234567,0.0130505594318535,1.47752452286715e-06,0.069999999999709,0.180000000000291,8.68000000000029,NA,NA,NA
18,3,54,295,2000,80,TRUE,TRUE,TRUE,0.000462956133794863,0.000433639931075147,0.000432205312292588,4.44089209850063e-16,2.22044604925031e-16,2.82539791562897e-09,0.0187436242878238,0.838240361045801,0.0017036629069081,0.00013741605208395,0.0964407034079419,4.31295937236108,0.00876577798344849,0.00694593913493691,1.1909269540444e-06,0.069999999999709,0.170000000000073,8.73000000000047,NA,NA,NA
18,3,54,295,2000,81,TRUE,TRUE,TRUE,0.000473315007050405,0.000430245796290346,0.000428328434944323,3.33066907387547e-16,4.44089209850063e-16,3.89554211110976e-09,0.0164868009012771,0.737312150935209,0.00149332503755842,0.00015024785913198,0.110200067662434,4.92829684836558,0.00998159201208021,0.0114983192471456,9.21405437146957e-07,0.0600000000004002,0.1899999999996,8.72999999999956,NA,NA,NA
18,3,54,295,2000,82,TRUE,TRUE,TRUE,0.000708544135435582,0.000705325009888593,0.000707123966101515,4.44089209850063e-16,4.44089209850063e-16,1.98169924914282e-09,0.0148469570567207,0.663976104756953,0.00132795603416456,0.000169539777672867,0.0998051356724262,4.46342135734268,0.00892686842498922,0.0110010573538517,7.4722757235291e-07,0.0599999999994907,0.180000000000291,8.63999999999942,NA,NA,NA
18,3,54,295,2000,83,TRUE,TRUE,TRUE,0.000534121276643065,0.000502295007397546,0.000503876932920071,3.33066907387547e-16,4.44089209850063e-16,3.55368845461612e-10,0.0119328612737,0.533653779481357,0.00109170876562629,9.72159557903751e-05,0.0669689651698142,2.99494317005041,0.00612682948572808,0.00521331852797857,4.82688739584299e-07,0.0500000000001819,0.170000000000073,8.75,NA,NA,NA
18,3,54,295,2000,84,TRUE,TRUE,TRUE,0.000433565809632446,0.000414841609040412,0.000424025832475524,4.44089209850063e-16,4.44089209850063e-16,1.56748147794872e-09,0.0179695515102434,0.803622774041767,0.00164872408235608,0.000137675044335595,0.0826308725435313,3.69536496094914,0.0075814640911297,0.0073026894553081,1.09459247959082e-06,0.0399999999999636,0.169999999999163,8.78999999999996,NA,NA,NA
18,3,54,295,2000,85,TRUE,TRUE,TRUE,0.000532967198496895,0.000493082897979604,0.000491630828494994,4.44089209850063e-16,5.55111512312578e-16,1.77475811824479e-11,0.0163155770603289,0.72965478798063,0.00149932964126824,0.000102169876086577,0.0781565810657894,3.49526856304156,0.00718224542220148,0.0067867314939889,9.02366287496709e-07,0.0500000000001819,0.170000000000073,8.61000000000058,NA,NA,NA
18,3,54,295,2000,86,TRUE,TRUE,TRUE,0.000848203777336799,0.000819756767683364,0.000815275725297187,4.44089209850063e-16,5.55111512312578e-16,3.45374839838541e-11,0.0205282003873585,0.918049030437423,0.0019208213576595,0.000183997758689713,0.0853792746087394,3.81827723789526,0.00798892894045082,0.00757054826481607,1.42849834285948e-06,0.0500000000001819,0.1899999999996,8.72000000000025,NA,NA,NA
18,3,54,295,2000,87,TRUE,TRUE,TRUE,0.00062899075150065,0.000560305877890785,0.000563071669392834,5.55111512312578e-16,4.44089209850063e-16,3.85158571702959e-12,0.0271750571785858,1.21530550287523,0.0024929896447371,0.000242981794166042,0.106239903141289,4.75119290693832,0.00974625284681332,0.0105397604862745,2.50333468698104e-06,0.0399999999999636,0.1899999999996,8.72000000000025,NA,NA,NA
18,3,54,295,2000,88,TRUE,TRUE,TRUE,0.000428972604682887,0.000371137199840204,0.000381318832839091,4.44089209850063e-16,4.44089209850063e-16,6.06587646778678e-09,0.0206448172688482,0.923264295924124,0.00187306440669983,0.000169158915667822,0.109168857260613,4.88217971721404,0.0099046796196882,0.0126358269535132,1.44477450869198e-06,0.0399999999999636,0.169999999999163,8.66000000000076,NA,NA,NA
18,3,54,295,2000,89,TRUE,TRUE,TRUE,0.000498819600601172,0.000492744138353631,0.000498890260736536,4.44089209850063e-16,4.44089209850063e-16,1.79567116731505e-09,0.0182441927088552,0.815905101832125,0.00166052007811336,0.000116470909873101,0.0758716893340949,3.39308509837564,0.00690556526726962,0.00641347821962768,1.12830700880625e-06,0.069999999999709,0.180000000000291,8.6899999999996,NA,NA,NA
18,3,54,295,2000,90,TRUE,TRUE,TRUE,0.000653822068961063,0.000608894702220427,0.000605944574469768,4.44089209850063e-16,4.44089209850063e-16,1.17124088205856e-11,0.0179869289940474,0.804399918743038,0.00166108030491323,0.000153289748858754,0.0889197516436709,3.97661218435294,0.00821167683610463,0.00907208306428942,1.0967105580912e-06,0.0599999999994907,0.190000000000509,8.75,NA,NA,NA
18,3,54,295,2000,91,TRUE,TRUE,TRUE,0.000448231352530769,0.000422924785126683,0.000422721213194859,5.55111512312578e-16,6.66133814775094e-16,1.42971190442154e-09,0.0162359371420838,0.726093182562261,0.0014768335677779,0.000121833569920682,0.073978993614784,3.3084411725936,0.00672918724214263,0.00621435342249299,8.93578491124395e-07,0.069999999999709,0.180000000000291,8.68000000000029,NA,NA,NA
18,3,54,295,2000,92,TRUE,TRUE,TRUE,0.00053998392649439,0.000483157731136902,0.000486064026927896,2.22044604925031e-16,4.44089209850063e-16,7.86770648630863e-12,0.0119730878473866,0.53545276654666,0.0011041352292025,0.000164209704848872,0.105096373252895,4.70005269564326,0.0096917862500495,0.011436634184733,4.85948585088936e-07,0.069999999999709,0.170000000000073,8.75,NA,NA,NA
18,3,54,295,2000,93,TRUE,TRUE,TRUE,0.000707795602690876,0.000706863601524292,0.00070518019539145,4.44089209850063e-16,4.44089209850063e-16,1.28101262930613e-09,0.00733659702626757,0.328102593485142,0.000654038340291949,6.55408545640057e-05,0.0615092554036014,2.75077752655698,0.00548338843918097,0.00471362517465934,1.82459850596062e-07,0.0600000000004002,0.199999999999818,8.77999999999975,NA,NA,NA
18,3,54,295,2000,94,TRUE,TRUE,TRUE,0.000637765071630615,0.000620296695148388,0.00061316377516394,4.44089209850063e-16,5.55111512312578e-16,3.4501002055265e-10,0.0119554139492049,0.534662365791429,0.00111019448403404,0.000100507533446148,0.0659085777885652,2.94752120471129,0.00612035181904004,0.00559919798310204,4.84514992192692e-07,0.0500000000001819,0.179999999999382,8.60000000000036,NA,NA,NA
18,3,54,295,2000,95,TRUE,TRUE,TRUE,0.000479605430270617,0.000475620725887569,0.000479061398696988,4.44089209850063e-16,4.44089209850063e-16,1.54933332829899e-09,0.0159967674998096,0.715397190996672,0.00144958248591219,0.000147830435025753,0.0958045291734636,4.28450879568453,0.0086815394149205,0.0103980348534449,8.67446001501573e-07,0.069999999999709,0.180000000000291,8.73999999999978,NA,NA,NA
18,3,54,295,2000,96,TRUE,TRUE,TRUE,0.000599516730096314,0.000585380150724895,0.00057921073318826,4.44089209850063e-16,4.44089209850063e-16,2.8058999568259e-10,0.0153113320431742,0.684743585492166,0.00141929563423052,0.000137354725296746,0.074232576273446,3.31978173384726,0.00688104543259215,0.00597721228540138,7.94701318428249e-07,0.0399999999999636,0.169999999999163,8.8100000000004,NA,NA,NA
18,3,54,295,2000,97,TRUE,TRUE,TRUE,0.00048862445468279,0.000439203676648989,0.000448573527703085,4.44089209850063e-16,4.44089209850063e-16,3.77600173351311e-11,0.0241559941862165,1.08028890128939,0.00219343472083945,0.000211897626527957,0.0797946619255777,3.56852576614412,0.00724558801662064,0.00852010031358219,1.97800696652381e-06,0.0500000000001819,0.170000000000073,8.57999999999993,NA,NA,NA
18,3,54,295,2000,98,TRUE,TRUE,TRUE,0.000610773379147708,0.000511440473084641,0.000526171013404254,4.44089209850063e-16,5.55111512312578e-16,5.09483344401929e-10,0.0309667690604566,1.38487601325436,0.00279343888986892,0.000309232949035732,0.108085411263354,4.8337265392176,0.00975012894180433,0.0129431239188591,3.25064673235136e-06,0.0500000000001819,0.170000000000073,8.69000000000051,NA,NA,NA
18,3,54,295,2000,99,TRUE,TRUE,TRUE,0.000506936407198822,0.000482000210057832,0.000479711357633615,4.44089209850063e-16,3.33066907387547e-16,6.65849375636185e-10,0.00957958295313155,0.428411973586006,0.000872323456077438,6.60127892260221e-05,0.06981047484599,3.12201934594345,0.00635699017232831,0.00560227855969941,3.11079354426876e-07,0.0499999999992724,0.190000000000509,8.73999999999978,NA,NA,NA
18,3,54,295,2000,100,TRUE,TRUE,TRUE,0.000493297423976722,0.000483878204143588,0.000485908020125156,4.44089209850063e-16,4.44089209850063e-16,3.49198447935350e-11,0.0185044410458862,0.827543761284777,0.001685854809406,0.000133841021082048,0.0751330873400192,3.36005381303423,0.00684503121837616,0.00679129719564742,1.16072657091755e-06,0.0600000000004002,0.1899999999996,8.69000000000051,NA,NA,NA
18,3,54,295,2000,101,TRUE,TRUE,TRUE,0.000580034887171028,0.000572757399848129,0.000580904432411265,6.66133814775094e-16,6.66133814775094e-16,1.57564516989339e-09,0.0157995740824955,0.706578433280074,0.00142750372592194,0.000159537345737704,0.0925849545352873,4.1405250406926,0.00836512217818985,0.00909983815225246,8.46191665044957e-07,0.0599999999994907,0.170000000000073,8.68000000000029,NA,NA,NA
18,3,54,295,2000,102,TRUE,TRUE,TRUE,0.000463240707328311,0.000454194505851003,0.000449392734070244,5.55111512312578e-16,4.44089209850063e-16,3.12206482888655e-09,0.0121304163401209,0.54248871063769,0.00109697765633548,8.35674946699783e-05,0.0662698330655095,2.96367703184085,0.00599291270172692,0.00538627009298409,4.98803391812446e-07,0.0600000000004002,0.1899999999996,8.72000000000025,NA,NA,NA
18,3,54,295,2000,103,TRUE,TRUE,TRUE,0.000522631445805542,0.000511224288480117,0.000510237077514721,6.66133814775094e-16,6.66133814775094e-16,9.25442389387854e-10,0.0164200827615784,0.734328425021236,0.00147253054093976,0.000127171880066612,0.0699364585894043,3.12765351023014,0.00627180585465985,0.0064080694098152,9.13963111515541e-07,0.0599999999994907,0.190000000000509,8.71000000000004,NA,NA,NA
18,3,54,295,2000,104,TRUE,TRUE,TRUE,0.000562112649157371,0.000489156899580962,0.000480388577185633,4.44089209850063e-16,4.44089209850063e-16,2.4793229691511e-09,0.0191955711560639,0.858452039437861,0.00174875450419027,0.000207490856823256,0.125427553003253,5.60929069533462,0.011426698194115,0.011908607122578,1.24905068477122e-06,0.170000000000073,0.179999999999382,8.53000000000065,NA,NA,NA
18,3,54,295,2000,105,TRUE,TRUE,TRUE,0.000525986796554969,0.000469870092319306,0.000470309797775491,4.44089209850063e-16,4.44089209850063e-16,2.97957214456801e-11,0.0158106254362086,0.707072664842995,0.00145175765342617,0.000227855380444453,0.133066390835481,5.9509099085738,0.0122183750471247,0.0129065987518828,8.47375853166398e-07,0.0499999999992724,0.170000000000073,8.73999999999978,NA,NA,NA
18,3,54,295,2000,106,TRUE,TRUE,TRUE,0.000385975470267382,0.000385633981662113,0.000382662343094242,5.55111512312578e-16,4.44089209850063e-16,1.47989398513459e-10,0.0193914242263574,0.867210855013428,0.00177110761032999,0.000165583471684272,0.108315865010451,4.8440327441012,0.0098929841666159,0.00806588797136243,1.27466892720868e-06,0.0599999999994907,0.190000000000509,8.69999999999982,NA,NA,NA
18,3,54,295,2000,107,TRUE,TRUE,TRUE,0.000842901993061038,0.000804136917849548,0.00080960130389135,4.44089209850063e-16,6.66133814775094e-16,5.6841975570876e-10,0.0179105122474602,0.800982457943273,0.00166031226022257,0.00012744280921595,0.082421530592431,3.68600290428509,0.00764051166478098,0.00779620585208818,1.0874116914116e-06,0.0600000000004002,0.1899999999996,8.72000000000025,NA,NA,NA
18,3,54,295,2000,108,TRUE,TRUE,TRUE,0.000579189648910681,0.000559518837338656,0.000561494349174349,4.44089209850063e-16,4.44089209850063e-16,2.17390505596882e-09,0.0150583013437271,0.673427708605006,0.00135678729172482,0.000137271571162501,0.0933974363325255,4.17686033127471,0.0084153220076471,0.00888006162040256,7.68652336808456e-07,0.0399999999999636,0.170000000000073,8.69999999999982,NA,NA,NA
18,3,54,295,2000,109,TRUE,TRUE,TRUE,0.000465137600990392,0.000414327762986989,0.000410886464661421,4.44089209850063e-16,3.33066907387547e-16,1.58499435798376e-09,0.0146295541318959,0.654253550388642,0.00132732165044012,0.000179971640818621,0.123046070791007,5.50278757305886,0.0111638203249415,0.0115733676731224,7.25504590162954e-07,0.0600000000004002,0.170000000000073,8.69000000000051,NA,NA,NA
18,3,54,295,2000,110,TRUE,TRUE,TRUE,0.000461018111667922,0.000439409992750595,0.000436665175430359,4.44089209850063e-16,4.44089209850063e-16,2.85161894097996e-10,0.0195603342158084,0.874764739383254,0.00179297316323939,0.000155597264409835,0.0852636457456429,3.81310615793437,0.00781558366719194,0.00733404863976261,1.29697177842077e-06,0.0499999999992724,0.180000000000291,8.71999999999935,NA,NA,NA
18,3,54,295,2000,111,TRUE,TRUE,TRUE,0.000478627996031579,0.000461877363321194,0.000458525471705656,4.44089209850063e-16,4.44089209850063e-16,1.76665193585279e-09,0.0211914259789199,0.9477093805804,0.0019469193212497,0.000175723347688006,0.096463586443062,4.31398273280228,0.00886239653857453,0.0083678932177591,1.52229333905099e-06,0.0500000000001819,0.1899999999996,8.75,NA,NA,NA
18,3,54,295,2000,112,TRUE,TRUE,TRUE,0.000450186157488039,0.0004285400022604,0.000428199228668734,4.44089209850063e-16,4.44089209850063e-16,1.27853372333675e-09,0.00885769758586586,0.396128278522637,0.000807062581763509,8.37830541584594e-05,0.0575034963034553,2.57163453356868,0.00523938864893618,0.0048636823438386,2.65962056008996e-07,0.0399999999999636,0.170000000000073,8.82999999999993,NA,NA,NA
18,3,54,295,2000,113,TRUE,TRUE,TRUE,0.000588011385052904,0.000540000048964176,0.000544736619962418,4.44089209850063e-16,4.44089209850063e-16,1.5394649999223e-09,0.0231669139728145,1.03605588944206,0.00209067194729674,0.000197288392456585,0.0782691368915579,3.5003022125952,0.00706330972827575,0.00851733993698645,1.81934204414844e-06,0.0500000000001819,0.179999999999382,8.5600000000004,NA,NA,NA
18,3,54,295,2000,114,TRUE,TRUE,TRUE,0.000435411281944593,0.000428164136844302,0.000432433285585722,4.44089209850063e-16,4.44089209850063e-16,2.24217533428828e-09,0.0214551441936346,0.959503217680538,0.00194990679297531,0.000174647337715328,0.0726817228051137,3.25042545828062,0.00660552936600103,0.0065957926062481,1.56041766904967e-06,0.0500000000001819,0.1899999999996,8.70000000000073,NA,NA,NA
18,3,54,295,2000,115,TRUE,TRUE,TRUE,0.000440518900952464,0.000453011810749254,0.00045838396170181,4.44089209850063e-16,3.33066907387547e-16,1.77369230414115e-12,0.0125981774995865,0.563407625633673,0.00115892473638207,7.81762617521053e-05,0.0608638570579798,2.72191443508946,0.00559895504714317,0.00460230832751307,5.38013818003682e-07,0.0600000000004002,0.1899999999996,8.78000000000065,NA,NA,NA
18,3,54,295,2000,116,TRUE,TRUE,TRUE,0.000406234562418297,0.000375800581708102,0.000377981584519213,5.55111512312578e-16,4.44089209850063e-16,6.10169692549789e-11,0.0191436848545199,0.856131613490794,0.00174465914955474,0.000197162851279131,0.128384797224889,5.74154267744755,0.0117003446747217,0.0146819354452106,1.24230735528534e-06,0.170000000000073,0.170000000000073,8.59000000000015,NA,NA,NA
18,3,54,295,2000,117,TRUE,TRUE,TRUE,0.000550725915503074,0.000557648418505515,0.000550714022353845,4.44089209850063e-16,4.44089209850063e-16,1.56093293846027e-09,0.0161167306551668,0.720762106400154,0.00144671524970915,0.000137065806171677,0.0813911096692036,3.63992107968959,0.00730605741750964,0.00716880975312506,8.8050510851252e-07,0.069999999999709,0.180000000000291,8.72000000000025,NA,NA,NA
18,3,54,295,2000,118,TRUE,TRUE,TRUE,0.000621510780860301,0.000602184336505192,0.00059981842616934,4.44089209850063e-16,4.44089209850063e-16,6.44128750337813e-10,0.0220503838939596,0.986123146337202,0.00205396398093392,0.000176686505966472,0.0863048224088437,3.85966899384443,0.0080391796107107,0.00723053598818524,1.6482014571898e-06,0.0399999999999636,0.1899999999996,8.61000000000058,NA,NA,NA
18,3,54,295,2000,119,TRUE,TRUE,TRUE,0.000685079440951909,0.00067624332668532,0.000680434625310827,6.66133814775094e-16,4.44089209850063e-16,2.71287436959256e-11,0.0172032293292798,0.769351804255757,0.00160229321637392,0.000133953629138261,0.0673358884985405,3.01135248016166,0.00627160373756634,0.00614692070760015,1.00322406561286e-06,0.0599999999994907,0.190000000000509,8.71000000000004,NA,NA,NA
18,3,54,295,2000,120,TRUE,TRUE,TRUE,0.000521789630766421,0.000506094491014271,0.000504807920792176,4.44089209850063e-16,4.44089209850063e-16,1.50683998612067e-09,0.0274033170636933,1.22551359526796,0.00250861770910603,0.000177760554578299,0.0917833511275334,4.10467624647793,0.00840224340376242,0.00944096831411656,2.54556537658748e-06,0.0500000000001819,0.180000000000291,8.72000000000025,NA,NA,NA
18,3,54,295,2000,121,TRUE,TRUE,TRUE,0.000560029522270604,0.000541604284852673,0.000542353744717553,4.44089209850063e-16,4.44089209850063e-16,1.87825621722482e-09,0.0140253295600448,0.627231806061948,0.00127675787084971,9.53659849187716e-05,0.0717827762925033,3.21022334807395,0.00653455052378855,0.00593073788915888,6.6681311616226e-07,0.0600000000004002,0.1899999999996,8.70000000000073,NA,NA,NA
18,3,54,295,2000,122,TRUE,TRUE,TRUE,0.000455975501765083,0.000433087287515165,0.000434926582072738,4.44089209850063e-16,6.66133814775094e-16,1.01818709019597e-09,0.00998983420630606,0.44675896738506,0.000919921806852283,0.000100083437885701,0.0764531772933382,3.41909003047495,0.0070402514739323,0.00725442291282263,3.38294194811806e-07,0.0500000000001819,0.180000000000291,8.74000000000069,NA,NA,NA
18,3,54,295,2000,123,TRUE,TRUE,TRUE,0.000643685027537228,0.000605162300606084,0.00060238384363212,5.55111512312578e-16,6.66133814775094e-16,6.94371649068160e-09,0.0209755206992506,0.938053802939567,0.0018837173317901,0.000244699796255077,0.12520367124491,5.59927839872309,0.0112439795373572,0.014948303044477,1.49143209696506e-06,0.0499999999992724,0.190000000000509,8.69999999999982,NA,NA,NA
18,3,54,295,2000,124,TRUE,TRUE,TRUE,0.000498565841965108,0.00048824844541454,0.000485387181061447,4.44089209850063e-16,2.22044604925031e-16,8.96578367104439e-11,0.0120772531670316,0.540111181259146,0.00110535886570858,9.4122333962332e-05,0.0574598514014492,2.56968267421354,0.0052589570898678,0.00422742029192591,4.94440827323983e-07,0.0399999999999636,0.170000000000073,8.82999999999993,NA,NA,NA
18,3,54,295,2000,125,TRUE,TRUE,TRUE,0.00040270014389702,0.000384529651418312,0.000386214132368415,4.44089209850063e-16,6.66133814775094e-16,8.09089151232456e-09,0.0120624875708643,0.539450843723976,0.0011077270065395,8.07541895966324e-05,0.0606547945514917,2.71256487556839,0.00557007446482934,0.00450448935202985,4.93232564058491e-07,0.0399999999999636,0.170000000000073,8.57999999999993,NA,NA,NA
18,3,54,295,2000,126,TRUE,TRUE,TRUE,0.000557267185183478,0.000527984556608127,0.000532889115373759,4.44089209850063e-16,5.55111512312578e-16,6.9349161968546e-09,0.0147773869076432,0.66086483310611,0.00136576253167618,0.000135049788937636,0.103785547253382,4.64143077481159,0.00959211616059553,0.0104613367625745,7.40241233281978e-07,0.0399999999999636,0.170000000000073,8.69999999999982,NA,NA,NA
18,3,54,295,2000,127,TRUE,TRUE,TRUE,0.000375155804185988,0.000369530229250804,0.000374750869056071,4.44089209850063e-16,4.44089209850063e-16,7.18314296932476e-12,0.014290513038817,0.639091171762838,0.00130592320646543,0.000109658839207327,0.0776344461399336,3.47191797928875,0.00709454059205861,0.00737819303216725,6.92266992924063e-07,0.0599999999994907,0.170000000000073,8.67000000000007,NA,NA,NA
18,3,54,295,2000,128,TRUE,TRUE,TRUE,0.000691678503148391,0.000641634879900715,0.000641154141029903,4.44089209850063e-16,4.44089209850063e-16,2.79085643484223e-11,0.010790423695337,0.482562417775961,0.000978561233553881,0.000109995082993919,0.0859861716412829,3.84541849829746,0.00779790827177907,0.00767978864755037,3.94688961101325e-07,0.179999999999382,0.170000000000073,8.64000000000033,NA,NA,NA
18,3,54,295,2000,129,TRUE,TRUE,TRUE,0.000448359528137126,0.000447329167449731,0.000443368150034317,5.55111512312578e-16,4.44089209850063e-16,8.1477047331191e-12,0.0111109871653463,0.496898451976839,0.00101930889952498,6.25609767439528e-05,0.0455470410901301,2.03692560103014,0.00417843200062349,0.0036219463435998,4.18488256910134e-07,0.0599999999994907,0.190000000000509,8.75999999999931,NA,NA,NA
18,3,54,295,2000,130,TRUE,TRUE,TRUE,0.000513695315902231,0.000503302271492192,0.000504970426590593,6.66133814775094e-16,4.44089209850063e-16,3.24419602293347e-10,0.00796990488104,0.356424981764257,0.000735327802814762,5.87317308884394e-05,0.0701799644315129,3.13854342254761,0.00647501818620306,0.00570199915415515,2.15319945128221e-07,0.0500000000001819,0.170000000000073,8.69000000000051,NA,NA,NA
18,3,54,295,2000,131,TRUE,TRUE,TRUE,0.000551267830317795,0.000498666400714108,0.000496704078317281,4.44089209850063e-16,4.44089209850063e-16,8.8965879108116e-10,0.00934332780943179,0.417846322359074,0.000856330638726875,8.38892205337061e-05,0.0839716628388747,3.75532692582833,0.00769613451870789,0.00587343880516755,2.95924659506785e-07,0.0599999999994907,0.190000000000509,8.75,NA,NA,NA
18,3,54,295,2000,132,TRUE,TRUE,TRUE,0.000575044041146582,0.000554170513026438,0.000553966526617253,4.44089209850063e-16,2.22044604925031e-16,1.6788135326351e-09,0.0135423787986938,0.605633591418626,0.00121470433462923,8.06882935222575e-05,0.071491560864827,3.19719979822634,0.0064125446616728,0.00593408685689667,6.21681435685801e-07,0.0500000000001819,0.170000000000073,8.80000000000018,NA,NA,NA
18,3,54,295,2000,133,TRUE,TRUE,TRUE,0.000452389445027956,0.000438408797872987,0.000445615811456656,2.22044604925031e-16,3.33066907387547e-16,4.11574330172471e-10,0.0181291573486871,0.810760564129085,0.00165696153936711,0.000158024528523981,0.0834279358500269,3.73101071566304,0.00762511342107646,0.00819481931731758,1.11412320736765e-06,0.0600000000004002,0.179999999999382,8.6899999999996,NA,NA,NA
18,3,54,295,2000,134,TRUE,TRUE,TRUE,0.000530998105087885,0.000481898279187198,0.000482312419717822,4.44089209850063e-16,4.44089209850063e-16,1.77006764801035e-09,0.00913059559532979,0.408332648524352,0.000827910405571393,8.2115271169414e-05,0.083055092687613,3.71433666254097,0.00753096276730758,0.00746815347343954,2.82602630255783e-07,0.0600000000004002,0.1899999999996,8.75000000000091,NA,NA,NA
18,3,54,295,2000,135,TRUE,TRUE,TRUE,0.00054782094187009,0.000536258366593743,0.000537403540659084,6.66133814775094e-16,4.44089209850063e-16,2.65736477267353e-09,0.0123582516957696,0.552677817495857,0.00112796579048364,0.000112950705890569,0.0959831105726441,4.29249519864622,0.00876059719897211,0.00759231120758841,5.1771655924065e-07,0.0500000000010914,0.170000000000073,8.75,NA,NA,NA
18,3,54,295,2000,136,TRUE,TRUE,TRUE,0.000474496285312916,0.000458889849132882,0.000451714725261606,4.44089209850063e-16,4.44089209850063e-16,2.33238095503907e-10,0.0253668105501677,1.13443825525068,0.0022856837418409,0.00019032776386041,0.104046707001264,4.6531101937966,0.00937515838321663,0.0104406738720471,2.18127144911221e-06,0.0499999999992724,0.170000000000073,8.82999999999993,NA,NA,NA
18,3,54,295,2000,137,TRUE,TRUE,TRUE,0.000515053373827054,0.000487971271391263,0.000488993836746027,4.44089209850063e-16,4.44089209850063e-16,1.63193303315268e-09,0.00894997001928161,0.400254827193976,0.000825411983745366,7.81225222681314e-05,0.0771188692503158,3.44886067983249,0.00711229632221853,0.00649950261481536,2.71532079139118e-07,0.0500000000010914,0.169999999998254,8.63000000000102,NA,NA,NA
18,3,54,295,2000,138,TRUE,TRUE,TRUE,0.00052145668944405,0.000474305558095191,0.000475325722138119,4.44089209850063e-16,4.44089209850063e-16,1.47502166036872e-09,0.0100889702241384,0.451192464882893,0.000915659773690475,0.000124368218521909,0.119708943100032,5.35354668572653,0.0108646037516741,0.0126486428530654,3.45041763334069e-07,0.0400000000008731,0.170000000000073,8.75,NA,NA,NA
18,3,54,295,2000,139,TRUE,TRUE,TRUE,0.0007784409551595,0.000719057013097382,0.000719276783366367,4.44089209850063e-16,6.66133814775094e-16,6.38224140203647e-10,0.0130987351625728,0.585793244855592,0.00122063679243449,9.2010725467162e-05,0.0962471793816533,4.30430471479986,0.00896902234171235,0.0096012660248519,5.81616484268548e-07,0.0499999999992724,0.170000000000073,8.65999999999985,NA,NA,NA
18,3,54,295,2000,140,TRUE,TRUE,TRUE,0.000575559698384692,0.000566869041290739,0.000560274035263246,4.44089209850063e-16,4.44089209850063e-16,9.93605020482846e-09,0.0219061294128829,0.979671889822272,0.00198809555592224,0.000161115832497671,0.0732602966028844,3.27630006511693,0.00664875420739935,0.00640263159718302,1.62670679950499e-06,0.170000000000073,0.190000000000509,8.55999999999949,NA,NA,NA
18,3,54,295,2000,141,TRUE,TRUE,TRUE,0.000409350724644396,0.000411756100449723,0.000406652740711616,6.66133814775094e-16,4.44089209850063e-16,2.39219977160587e-10,0.014045385342847,0.628128727935702,0.00129307330345726,8.70019219689766e-05,0.0770427303369361,3.44545564411149,0.00709285615114035,0.00614705972809304,6.68721523488344e-07,0.0499999999992724,0.170000000000073,8.69000000000051,NA,NA,NA
18,3,54,295,2000,142,TRUE,TRUE,TRUE,0.000697349327445224,0.000630069275743352,0.000639659770010138,4.44089209850063e-16,4.44089209850063e-16,1.18705045792922e-12,0.0172258020442706,0.770361286758877,0.00160114832821231,0.000132213741508735,0.0879988345256592,3.93542751880259,0.0081795428986864,0.00980193024518883,1.00585849514711e-06,0.0499999999992724,0.170000000000073,8.68000000000029,NA,NA,NA
18,3,54,295,2000,143,TRUE,TRUE,TRUE,0.000594252458856808,0.000563504948259054,0.000554589532371551,4.44089209850063e-16,4.44089209850063e-16,3.14653680888455e-09,0.0146723023371612,0.65616530824643,0.00132598515868826,0.000123773810173589,0.0910849299968334,4.07344190397458,0.00823165053313153,0.00707745152163142,7.29750697874801e-07,0.0499999999992724,0.180000000000291,8.75,NA,NA,NA
18,3,54,295,2000,144,TRUE,TRUE,TRUE,0.000572636425928072,0.000549629078330173,0.000543920816391065,4.44089209850063e-16,4.44089209850063e-16,2.06002481739631e-09,0.0183145625765744,0.819052137987881,0.00168268406375687,0.000124242451576606,0.0865105362715536,3.8688687974631,0.00794831436036576,0.00769075922173101,1.13702780464834e-06,0.0499999999992724,0.180000000000291,8.73999999999978,NA,NA,NA
18,3,54,295,2000,145,TRUE,TRUE,TRUE,0.000482036001716182,0.000463780728199469,0.00046917180000418,4.44089209850063e-16,3.33066907387547e-16,1.27980026576324e-09,0.0109522345616581,0.489798819707802,0.000987994319473254,8.13100861378757e-05,0.0648411485840734,2.89978431946305,0.0058492799901728,0.00543053103499602,4.06615057266367e-07,0.0499999999992724,0.170000000000073,8.67000000000007,NA,NA,NA
18,3,54,295,2000,146,TRUE,TRUE,TRUE,0.000517739749017644,0.000509091005351351,0.000505451578706339,5.55111512312578e-16,4.44089209850063e-16,7.93665355658391e-10,0.0199849917327205,0.893756000882688,0.00184669115203457,0.000173691405059628,0.0895945479460655,4.00678999241533,0.00827888553447069,0.00771714047225203,1.35389794765054e-06,0.0400000000008731,0.18999999999869,8.64999999999964,NA,NA,NA
18,3,54,295,2000,147,TRUE,TRUE,TRUE,0.000555826090991993,0.000472764519171685,0.000470797381024978,8.88178419700125e-16,4.44089209850063e-16,4.49827730619745e-10,0.0219386372435681,0.981125684206536,0.00198441364945881,0.000423694406386232,0.154320983855901,6.90144420512884,0.0139587825516075,0.0198997630445774,1.63153831899956e-06,0.0499999999992724,0.180000000000291,8.69000000000051,NA,NA,NA
18,3,54,295,2000,148,TRUE,TRUE,TRUE,0.000537785908818149,0.000474566023387184,0.000478935339687023,5.55111512312578e-16,4.44089209850063e-16,1.45833189968414e-09,0.0152025219587423,0.679877450583621,0.00139159974664007,0.000162501205849708,0.109787377751828,4.9098407944907,0.010049654095442,0.0119493598510303,7.83446352223871e-07,0.0400000000008731,0.170000000000073,8.75,NA,NA,NA
18,3,54,295,2000,149,TRUE,TRUE,TRUE,0.000877549767103377,0.000845644208153686,0.000852397093113332,4.44089209850063e-16,4.44089209850063e-16,6.7267591497e-09,0.0163989978679617,0.73338547991273,0.00145893249972049,0.000127992036802027,0.108339261674966,4.84507907474724,0.00963837370587919,0.0112531673843606,9.11617393469195e-07,0.0499999999992724,0.170000000000073,8.59000000000015,NA,NA,NA
18,3,54,295,2000,150,TRUE,TRUE,TRUE,0.000462741402077578,0.000452282979749386,0.000448624915587009,4.44089209850063e-16,4.44089209850063e-16,6.34448049652292e-12,0.00856968735704043,0.383248069525258,0.000776595918994846,6.52842580848301e-05,0.0516610449660284,2.31035216665426,0.00468158930660014,0.00400921713909952,2.48947597957351e-07,0.0599999999994907,0.190000000000509,8.77000000000044,NA,NA,NA
18,3,54,295,2000,151,TRUE,TRUE,TRUE,0.000542890381501771,0.000538861515658807,0.000542161173328446,2.22044604925031e-16,3.33066907387547e-16,1.2573053709275e-11,0.0268991679047468,1.20296735946389,0.00246966980465553,0.000213520646639154,0.0736339486635048,3.29301029326653,0.00676048940457086,0.00727974042860069,2.45276350497546e-06,0.0599999999994907,0.190000000000509,8.69999999999891,NA,NA,NA
18,3,54,295,2000,152,TRUE,TRUE,TRUE,0.000467744068169468,0.000456306809493741,0.00045565167097324,4.44089209850063e-16,3.33066907387547e-16,2.65515631703295e-09,0.0119175066535864,0.532967099994507,0.00108158563238561,0.000105086487650397,0.0815277708300361,3.6460327525997,0.00739913709581672,0.00677721170747958,4.81447338434838e-07,0.170000000000073,0.18999999999869,8.57999999999993,NA,NA,NA
18,3,54,295,2000,153,TRUE,TRUE,TRUE,0.000747499806728571,0.000739650539425532,0.000729968669004321,4.44089209850063e-16,4.44089209850063e-16,5.52000933851104e-09,0.0175196084967476,0.783500710758212,0.00155864465567719,0.000138630887278168,0.0813363833544487,3.63747364449059,0.00723615023994726,0.00711067515904062,1.04046332840445e-06,0.0599999999994907,0.190000000000509,8.68000000000029,NA,NA,NA
18,3,54,295,2000,154,TRUE,TRUE,TRUE,0.000439200428877286,0.000413440680542286,0.000408551445435776,6.66133814775094e-16,4.44089209850063e-16,1.5275625209199e-09,0.0184529307101039,0.825240149037714,0.00167963149730782,0.000133160575792601,0.0780503502995765,3.49051777875048,0.00710433636795139,0.00736142448750599,1.15427339590473e-06,0.0500000000010914,0.180000000000291,8.65000000000146,NA,NA,NA
18,3,54,295,2000,155,TRUE,TRUE,TRUE,0.000679911706577047,0.000654214760444338,0.000650732069762863,6.66133814775094e-16,4.44089209850063e-16,1.11155129545182e-09,0.0152472556563097,0.681878002356533,0.00138866572153925,0.000136951634459592,0.0972966025353051,4.35123634497441,0.0088614279060176,0.00804611049916559,7.88063745928365e-07,0.0499999999992724,0.170000000000073,8.65999999999985,NA,NA,NA
18,3,54,295,2000,156,TRUE,TRUE,TRUE,0.0004752583776821,0.0004582017893412,0.000457600417666755,2.22044604925031e-16,4.44089209850063e-16,1.62581059726108e-12,0.0083542290256329,0.37361248001834,0.000764479681124472,8.37727467484228e-05,0.0616592916096278,2.7574873496722,0.00564232503603384,0.00545832523206968,2.3658692411094e-07,0.0599999999994907,0.190000000000509,8.75,NA,NA,NA
18,3,54,295,2000,157,TRUE,TRUE,TRUE,0.000539911490044373,0.000508355266820459,0.000506328483544217,5.55111512312578e-16,4.44089209850063e-16,2.60635957261002e-12,0.0132093817665315,0.590741511414212,0.00121216825762226,9.88258683634058e-05,0.0786028137258202,3.51522469427375,0.00721304277840197,0.00692549096386585,5.91483954759233e-07,0.0499999999992724,0.170000000000073,8.67000000000007,NA,NA,NA
18,3,54,295,2000,158,TRUE,TRUE,TRUE,0.000492735427703629,0.000446177455846485,0.000467455392456693,4.44089209850063e-16,4.44089209850063e-16,1.61841473556024e-09,0.0357429925727965,1.59847522224086,0.00321325856096167,0.00032134453965682,0.115835567130079,5.18032404630195,0.0104134992890288,0.013888816343524,4.33071701036944e-06,0.0400000000008731,0.170000000000073,8.64999999999964,NA,NA,NA
18,3,54,295,2000,159,TRUE,TRUE,TRUE,0.000561790130816443,0.000524847118358449,0.000528009746675781,4.44089209850063e-16,4.44089209850063e-16,5.6242255297434e-10,0.0123447792807092,0.552075312777933,0.001150701453608,0.000122185089935556,0.0927715574139689,4.14887017512318,0.00864757186356102,0.00879321528669408,5.16588391489581e-07,0.0499999999992724,0.180000000000291,8.67000000000007,NA,NA,NA
18,3,54,295,2000,160,TRUE,TRUE,TRUE,0.000469823631919811,0.00045017312932611,0.000447022569556409,4.44089209850063e-16,6.66133814775094e-16,6.08535444257541e-12,0.020475763580528,0.915703985145504,0.00187979673707269,0.000131071028604879,0.0902575319672262,4.03643953920156,0.00828617762756227,0.00847167034527274,1.42120981086671e-06,0.0500000000010914,0.170000000000073,8.83000000000175,NA,NA,NA
18,3,54,295,2000,161,TRUE,TRUE,TRUE,0.000470391213261919,0.000453389905887717,0.000456507080802989,3.33066907387547e-16,4.44089209850063e-16,1.2669718607583e-09,0.0351006048203243,1.56974676859204,0.00322829109917434,0.000323833220342351,0.10122477619259,4.52690961147667,0.0093098978114826,0.011262083778476,4.17644901272059e-06,0.0499999999992724,0.170000000000073,8.65999999999985,NA,NA,NA
18,3,54,295,2000,162,TRUE,TRUE,TRUE,0.000610724899273355,0.0005502017318928,0.000555021134073073,3.33066907387547e-16,4.44089209850063e-16,6.97764068746665e-10,0.0168781938896646,0.754815777494233,0.00153747766883883,0.000137105324455433,0.0899876819222383,4.02437147831508,0.00819720713782854,0.00908743099917331,9.65672640600378e-07,0.0499999999992724,0.180000000000291,8.73999999999978,NA,NA,NA
18,3,54,295,2000,163,TRUE,TRUE,TRUE,0.000572727123651514,0.000511870764203551,0.000517276278190856,3.33066907387547e-16,2.22044604925031e-16,3.25166560344314e-11,0.0160717247521842,0.718749381230998,0.00147933152591389,0.000126942378685158,0.104888315994594,4.6907480921878,0.00965450783555342,0.00965952992609687,8.75594361050751e-07,0.0600000000013097,0.170000000000073,8.71000000000095,NA,NA,NA
18,3,54,295,2000,164,TRUE,TRUE,TRUE,0.000617312271417613,0.00059803453135979,0.000592140424889503,4.44089209850063e-16,4.44089209850063e-16,4.0719205784967e-11,0.0184268739453503,0.824074855092462,0.00164449134225446,0.000147531735045447,0.0786182386945562,3.51591451984664,0.00701622061668876,0.00620470422300201,1.15101587592485e-06,0.0500000000010914,0.280000000000655,8.56999999999971,NA,NA,NA
18,3,54,295,2000,165,TRUE,TRUE,TRUE,0.000454774121272727,0.000430598162422054,0.000433784395782478,4.44089209850063e-16,6.66133814775094e-16,6.65656418874505e-10,0.0144756179175866,0.647369313600753,0.00131778509830545,0.00010127286907391,0.0644032064742719,2.88019895290853,0.00586293353817907,0.00569457728592226,7.10316996935441e-07,0.0499999999992724,0.180000000000291,8.70999999999913,NA,NA,NA
18,3,54,295,2000,166,TRUE,TRUE,TRUE,0.000602178385705674,0.000602542716539641,0.000589462805075103,6.66133814775094e-16,4.44089209850063e-16,1.59244661901425e-09,0.0205006201684231,0.916815605549945,0.00183600174895578,0.000123660980690943,0.0662038973039751,2.96072829494207,0.00592911191169769,0.00652429998499571,1.42466246538968e-06,0.0499999999992724,0.180000000000291,8.70999999999913,NA,NA,NA
18,3,54,295,2000,167,TRUE,TRUE,TRUE,0.000444305797697786,0.000420932336421293,0.00041876057182392,5.55111512312578e-16,4.44089209850063e-16,1.69045710762816e-09,0.0175776316113958,0.786095583330603,0.00161368571930064,0.000166284137904427,0.107165323889627,4.79257898095978,0.00983813727514951,0.0108797741605144,1.0473665527659e-06,0.0599999999994907,0.190000000000509,8.72999999999956,NA,NA,NA
18,3,54,295,2000,168,TRUE,TRUE,TRUE,0.000450568426309412,0.000450056366735516,0.00044110213279023,4.44089209850063e-16,4.44089209850063e-16,1.99258787247913e-09,0.0231753147987528,1.03643158579936,0.00211020536174004,0.000192756050950038,0.0794923962731935,3.55500803522423,0.00723810150109738,0.00618216083373113,1.82066174922471e-06,0.0400000000008731,0.190000000000509,8.71999999999935,NA,NA,NA
18,3,54,295,2000,169,TRUE,TRUE,TRUE,0.000471860238251997,0.000448043718771963,0.000449896483453645,4.44089209850063e-16,4.44089209850063e-16,5.5140292332112e-10,0.00981265184225315,0.438835131176332,0.000895276640527226,9.01894604083964e-05,0.0554314239172759,2.47896863937273,0.00505739526705802,0.00494053584191079,3.26400461617878e-07,0.0400000000008731,0.190000000000509,8.76999999999862,NA,NA,NA
18,3,54,295,2000,170,TRUE,TRUE,TRUE,0.000579668702722847,0.000561448831519077,0.000570633588660179,4.44089209850063e-16,4.44089209850063e-16,2.60794319473234e-09,0.027202655768519,1.2165397493387,0.00250769985208928,0.000255568508968906,0.111338986968709,4.97923086815991,0.0102638787745246,0.0129155530059109,2.50842196901877e-06,0.0499999999992724,0.170000000000073,8.61000000000058,NA,NA,NA
18,3,54,295,2000,171,TRUE,TRUE,TRUE,0.000434663947216739,0.000399957129871971,0.000397123887183598,4.44089209850063e-16,2.22044604925031e-16,2.22951435091545e-10,0.0107795207580727,0.482074823598414,0.000989178019815864,9.81384955451858e-05,0.083122169608331,3.7173364336299,0.00762766963219503,0.00693444393982645,3.93891755165155e-07,0.0599999999994907,0.190000000000509,8.76000000000022,NA,NA,NA
18,3,54,295,2000,172,TRUE,TRUE,TRUE,0.000327805253762315,0.000319598750279438,0.00031800368359426,4.44089209850063e-16,4.44089209850063e-16,6.83774814547178e-10,0.00989221019874158,0.442393089042057,0.000906625243342552,7.57221624354543e-05,0.0521403470409356,2.33178720707924,0.00477868483121871,0.0039694271998485,3.31714652935888e-07,0.0499999999992724,0.190000000000509,8.76999999999862,NA,NA,NA
18,3,54,295,2000,173,TRUE,TRUE,TRUE,0.000499908883331187,0.000443281187541256,0.000440641726022699,4.44089209850063e-16,4.44089209850063e-16,2.57506060918899e-09,0.0188819747505424,0.844427581832948,0.00172140097265306,0.000128410679025137,0.0934938881688682,4.18117378852706,0.00852349778861893,0.00528486166692232,1.20857278128854e-06,0.069999999999709,0.170000000000073,8.65999999999985,NA,NA,NA
18,3,54,295,2000,174,TRUE,TRUE,TRUE,0.000398051534992401,0.000380984004488985,0.000382657553430062,6.66133814775094e-16,4.44089209850063e-16,3.72015307448237e-10,0.0145816867401833,0.652112855553145,0.00133315429067968,7.049118583069e-05,0.0535364410506888,2.39422242925501,0.00489465569835361,0.00432955132157531,7.20764705724876e-07,0.0600000000013097,0.18999999999869,8.73999999999978,NA,NA,NA
18,3,54,295,2000,175,TRUE,TRUE,TRUE,0.000471594382965249,0.000454182802410506,0.000456838288023622,2.22044604925031e-16,4.44089209850063e-16,5.12292430698835e-11,0.0172290829211953,0.770508012035466,0.00158336308090452,0.000152540869819973,0.105746864254627,4.72914353761576,0.00971820041426684,0.0105993849038981,1.00624168917093e-06,0.069999999999709,0.180000000000291,8.76999999999862,NA,NA,NA
18,3,54,295,2000,176,TRUE,TRUE,TRUE,0.000501260362147871,0.000467442648816142,0.000469408306064033,4.44089209850063e-16,4.44089209850063e-16,1.31341493236903e-09,0.0292329734088978,1.30733831453478,0.00264570155168423,0.000278452956905539,0.0968076543170849,4.32936991590606,0.00876148168915531,0.0083528193575404,2.89683638754347e-06,0.0499999999992724,0.190000000000509,8.63999999999942,NA,NA,NA
18,3,54,295,2000,177,TRUE,TRUE,TRUE,0.000424695413854257,0.000433604470442121,0.000434774328885633,4.44089209850063e-16,6.66133814775094e-16,1.06165121138702e-09,0.0179760544564685,0.803913594638034,0.00162381457115883,0.000130462904444073,0.0644204620978241,2.88097064785367,0.00581923498777507,0.00584312287406163,1.0953848604133e-06,0.0499999999992724,0.170000000000073,8.71999999999935,NA,NA,NA
18,3,54,295,2000,178,TRUE,TRUE,TRUE,0.000550269075430671,0.0005110468500622,0.000529631810375339,4.44089209850063e-16,2.22044604925031e-16,3.52494655686542e-09,0.0342798073793764,1.53303959111769,0.00315127739428659,0.000262916393403145,0.0813571822586828,3.63840379976509,0.00747901079131748,0.00878006169629231,3.98340743717679e-06,0.069999999999709,0.180000000000291,8.81999999999971,NA,NA,NA
18,3,54,295,2000,179,TRUE,TRUE,TRUE,0.000601774830825865,0.000527285669414602,0.000530835463364048,4.44089209850063e-16,4.44089209850063e-16,4.11072731409945e-10,0.0134471483813822,0.601374757685939,0.00123863349054209,0.000117579945865032,0.104057540824129,4.65359469708424,0.00958486895159613,0.0114261165653318,6.12968812172579e-07,0.0599999999994907,0.170000000000073,8.63999999999942,NA,NA,NA
18,3,54,295,2000,180,TRUE,TRUE,TRUE,0.000680006744097192,0.000644179569086395,0.000651801743656803,4.44089209850063e-16,4.44089209850063e-16,1.71827130301949e-09,0.0244733614591188,1.09448199721026,0.00226484569418107,0.000198047393922707,0.0933147385320706,4.17316197320658,0.00863565408131726,0.00858421407887278,2.03032346138537e-06,0.0400000000008731,0.18999999999869,8.71000000000095,NA,NA,NA
18,3,54,295,2000,181,TRUE,TRUE,TRUE,0.000450391573881826,0.000439316225477911,0.000440752007090715,8.88178419700125e-16,6.66133814775094e-16,2.25064411552012e-12,0.0159217622381441,0.712042853721588,0.00145389041208025,0.000104820782667048,0.0656486959221789,2.93589893432411,0.00599468878753671,0.00552196988087417,8.59330551755902e-07,0.0500000000010914,0.180000000000291,8.80000000000109,NA,NA,NA
18,3,54,295,2000,182,TRUE,TRUE,TRUE,0.000556009798718263,0.000510156486126603,0.000514223995474751,4.44089209850063e-16,5.55111512312578e-16,5.14630560388696e-11,0.020320936875042,0.908779924381522,0.00187958172933766,0.000222087377814262,0.0969754968836505,4.33687606367323,0.0089697327075415,0.00809614380252555,1.39979822196421e-06,0.0400000000008731,0.170000000000073,8.68000000000029,NA,NA,NA
18,3,54,295,2000,183,TRUE,TRUE,TRUE,0.000524532612654377,0.000498464861378585,0.000486702507524529,4.44089209850063e-16,4.44089209850063e-16,1.98454586097796e-11,0.0224370833217393,1.00341687048472,0.00203492454152224,0.000221077472374986,0.110504212833551,4.94189863391849,0.0100221464355269,0.0119099318213784,1.7065176541921e-06,0.0600000000013097,0.18999999999869,8.72000000000116,NA,NA,NA
18,3,54,295,2000,184,TRUE,TRUE,TRUE,0.0004738790967996,0.000481011443390658,0.000481843468741243,7.7715611723761e-16,4.44089209850063e-16,2.5019464278131e-09,0.0136320617565334,0.609644335221678,0.00123462759870173,0.000226568612930578,0.138575221183538,6.19727229126921,0.012550470767006,0.0170612543442985,6.29942738081155e-07,0.0599999999994907,0.180000000000291,8.70999999999913,NA,NA,NA
18,3,54,295,2000,185,TRUE,TRUE,TRUE,0.00051948999980303,0.000484195731838871,0.000467949809942606,2.22044604925031e-16,4.44089209850063e-16,1.43714684597285e-09,0.017836571374074,0.797675721559124,0.00163270612761041,0.000132957281316237,0.0730309825844077,3.26604483044678,0.00668503661775983,0.00579547472903386,1.0784517911269e-06,0.0599999999994907,0.190000000000509,8.6299999999992,NA,NA,NA
18,3,54,295,2000,186,TRUE,TRUE,TRUE,0.000511442427774646,0.000469893106376337,0.000479795555635884,4.44089209850063e-16,4.44089209850063e-16,7.00782543106016e-10,0.0138191795321195,0.618012496541857,0.00126437622630834,0.000130608848408542,0.0880504230971095,3.93773462985509,0.00805611226206432,0.00942438459746597,6.47354993020167e-07,0.0499999999992724,0.180000000000291,8.69000000000051,NA,NA,NA
18,3,54,295,2000,187,TRUE,TRUE,TRUE,0.0004607645500436,0.000432284954655567,0.000434255694719818,4.44089209850063e-16,4.44089209850063e-16,9.21841492029785e-10,0.0248309062073166,1.11047188444963,0.0022684041943271,0.000200409640513044,0.0891948956169025,3.98891699690784,0.00814831620081315,0.00885227265241895,2.09008102737815e-06,0.0599999999994907,0.190000000000509,8.77000000000044,NA,NA,NA
18,3,54,295,2000,188,TRUE,TRUE,TRUE,0.00050423890404495,0.000515910516622999,0.000523084398945007,4.44089209850063e-16,4.44089209850063e-16,8.64385008014779e-09,0.0133211946515325,0.595741935646664,0.00121530064516971,0.000111759433792713,0.0691989523212426,3.0946712272413,0.00631306227414068,0.00540783968714464,6.01539752352601e-07,0.0500000000010914,0.170000000000073,8.59000000000015,NA,NA,NA
18,3,54,295,2000,189,TRUE,TRUE,TRUE,0.000438946458392354,0.000425889805766666,0.000425414864458117,5.55111512312578e-16,4.44089209850063e-16,3.725231234597e-09,0.0146414938777805,0.654787512057282,0.00133242054847738,0.00011641130613782,0.0672615417731872,3.00802759352577,0.00612100521497129,0.0060129209148414,7.26689298213839e-07,0.0599999999994907,0.190000000000509,8.71999999999935,NA,NA,NA
18,3,54,295,2000,190,TRUE,TRUE,TRUE,0.00068280633957566,0.000681209015357524,0.000675550916175609,4.44089209850063e-16,4.44089209850063e-16,9.31784427393723e-10,0.0266065698898169,1.18988197843459,0.00246911981670006,0.000258567239768581,0.118591085980893,5.30355459557599,0.0110053870789061,0.00939565859678737,2.3996934281414e-06,0.0499999999992724,0.170000000000073,8.77000000000044,NA,NA,NA
18,3,54,295,2000,191,TRUE,TRUE,TRUE,0.000633510596123127,0.000614339594714356,0.000609975625884847,3.33066907387547e-16,6.66133814775094e-16,7.04539027118756e-09,0.00896758305419004,0.401042506060882,0.000801656426889845,6.84731221696211e-05,0.075694370926335,3.38515517810738,0.00676669271595177,0.00600102291120663,2.72601850284056e-07,0.0599999999994907,0.180000000000291,8.64000000000124,NA,NA,NA
18,3,54,295,2000,192,TRUE,TRUE,TRUE,0.000549239019317475,0.000532613083665349,0.000529932924089688,4.44089209850063e-16,3.33066907387547e-16,4.17788026396693e-11,0.0176376607347563,0.788780167339881,0.00160914876718104,0.000131428822875534,0.0683997110339424,3.05892807026475,0.0062403576268431,0.00668277096690417,1.05453246167582e-06,0.0599999999994907,0.190000000000509,8.75,NA,NA,NA
18,3,54,295,2000,193,TRUE,TRUE,TRUE,0.000440656759768175,0.00042085342379224,0.000420893590266121,6.66133814775094e-16,4.44089209850063e-16,3.42594863589341e-09,0.0315632494466097,1.41155142706804,0.00284714815865539,0.000230328874053498,0.0908222285975665,4.06169354024368,0.00819257666590839,0.00919299962907871,3.37708039196239e-06,0.0400000000008731,0.170000000000073,8.81000000000131,NA,NA,NA
18,3,54,295,2000,194,TRUE,TRUE,TRUE,0.000600331272863563,0.000588288129231839,0.000581578706002109,4.44089209850063e-16,3.33066907387547e-16,1.30325350511384e-09,0.0161922639989827,0.724140060226959,0.00146549160955819,0.000134465233244896,0.0771868252866226,3.45189976616576,0.00698584489686467,0.00742098101372335,8.887776725856e-07,0.0400000000008731,0.170000000000073,8.70000000000073,NA,NA,NA
18,3,54,295,2000,195,TRUE,TRUE,TRUE,0.000686544598731383,0.000673524662227066,0.000672336406123611,6.66133814775094e-16,4.44089209850063e-16,1.27670696237203e-09,0.00984198012202167,0.440146731720843,0.000878144403343534,9.00722423438083e-05,0.0899754318651452,4.02382363910731,0.0080280005599691,0.00778312501974199,3.28354483804304e-07,0.0500000000010914,0.179999999998472,8.81000000000131,NA,NA,NA
18,3,54,295,2000,196,TRUE,TRUE,TRUE,0.000433354961744598,0.000427849938909171,0.00043025089554746,6.66133814775094e-16,4.44089209850063e-16,1.05159458918536e-09,0.0167549816957592,0.749305560669645,0.00152217916303401,0.000129423306603371,0.0655619901400551,2.93202133386668,0.0059562640586765,0.00536987814221845,9.51625124153308e-07,0.0599999999994907,0.170000000000073,8.80999999999949,NA,NA,NA
18,3,54,295,2000,197,TRUE,TRUE,TRUE,0.000544849097775321,0.000512922894560058,0.000518775895538275,4.44089209850063e-16,4.44089209850063e-16,5.02215891096114e-09,0.0252902614015135,1.13101487325047,0.00229619336776965,0.000190840116857771,0.0702502677073924,3.14168748062575,0.0063782732899749,0.00766629394480844,2.16812651443011e-06,0.0499999999992724,0.170000000000073,8.64999999999964,NA,NA,NA
18,3,54,295,2000,198,TRUE,TRUE,TRUE,0.000506183338006433,0.000492487390592193,0.00048536545911977,4.44089209850063e-16,4.44089209850063e-16,8.92574902877641e-12,0.00940430325960547,0.420573227390014,0.000859096345597177,5.58779543098353e-05,0.0618611117727509,2.76651302175167,0.0056510996712348,0.00457791886361747,2.99799728130936e-07,0.0599999999994907,0.190000000000509,8.80000000000109,NA,NA,NA
18,3,54,295,2000,199,TRUE,TRUE,TRUE,0.000617207696284906,0.00057077746450984,0.000576596190472701,2.22044604925031e-16,5.55111512312578e-16,8.96421159524152e-10,0.0194888870810271,0.871569526379881,0.00179376530357216,0.000171250395226252,0.0930724042707635,4.16232445557538,0.00856642294692481,0.00925086068879466,1.28751430392212e-06,0.0400000000008731,0.170000000000073,8.81999999999971,NA,NA,NA
18,3,54,295,2000,200,TRUE,TRUE,TRUE,0.000565660444845459,0.00053447754381307,0.000535681149799258,4.44089209850063e-16,4.44089209850063e-16,4.38880043418521e-11,0.0114834259302229,0.513554419891245,0.00103159743564274,9.41221736781017e-05,0.0802089300463617,3.5870523997238,0.00720545654704878,0.00716605454488928,4.47013800321751e-07,0.069999999999709,0.170000000000073,8.6299999999992,NA,NA,NA
18,3,54,295,2000,201,TRUE,TRUE,TRUE,0.000555082661274166,0.00052949955644368,0.000531436453843255,5.55111512312578e-16,4.44089209850063e-16,3.28933014159816e-09,0.0156202594156687,0.698559237592327,0.00143072852690514,9.85874984991142e-05,0.0651015890207954,2.91143156987505,0.00596294197684545,0.00581743809111401,8.27093234619615e-07,0.0399999999990541,0.170000000000073,8.75,NA,NA,NA
18,3,54,295,2000,202,TRUE,TRUE,TRUE,0.000738090771285719,0.000776835023371686,0.000764556539289833,4.44089209850063e-16,4.44089209850063e-16,1.45012890584439e-10,0.0125549019533759,0.561472284371867,0.00117048294717102,5.91118285555581e-05,0.0730177131457546,3.26545140310974,0.00680737996966595,0.00540443558706727,5.34323942572479e-07,0.069999999999709,0.170000000000073,8.69000000000051,NA,NA,NA
18,3,54,295,2000,203,TRUE,TRUE,TRUE,0.000423515536167805,0.000413931128503533,0.000417259541911472,4.44089209850063e-16,4.44089209850063e-16,1.13502274246002e-09,0.0158592191605071,0.70924584225922,0.00144464931986088,0.000129224568254926,0.0672647698309607,3.00817195665811,0.00612728804636741,0.00608355212942513,8.52592652138968e-07,0.0400000000008731,0.299999999999272,8.57999999999993,NA,NA,NA
18,3,54,295,2000,204,TRUE,TRUE,TRUE,0.000882557768175664,0.000711771360458199,0.000758826778098896,6.66133814775094e-16,4.44089209850063e-16,2.79186451734859e-10,0.0481142999768048,2.15173690875904,0.00449816737654146,0.000511627143225724,0.126264224190133,5.64670776830821,0.0118043412114522,0.0122402328367741,7.84740970256936e-06,0.0599999999994907,0.190000000000509,8.72999999999956,NA,NA,NA
18,3,54,295,2000,205,TRUE,TRUE,TRUE,0.000609088296207368,0.000587030382397394,0.000588132442141237,4.44089209850063e-16,6.66133814775094e-16,4.62935112466312e-09,0.0158612836258881,0.709338167957802,0.00143061909948576,0.000208446178234567,0.116148017460329,5.19429724986257,0.0104760482231683,0.0133840063811306,8.52814638172424e-07,0.0400000000008731,0.170000000000073,8.64999999999964,NA,NA,NA
18,3,54,295,2000,206,TRUE,TRUE,TRUE,0.000577858549828183,0.000517531947388606,0.000522460259073123,4.44089209850063e-16,4.44089209850063e-16,3.06813729977762e-09,0.0286519707606661,1.28135508620372,0.00257788095455956,0.000363010998100322,0.113637061366845,5.08200387959162,0.0102241768524999,0.0124164221309968,2.78283196091548e-06,0.0499999999992724,0.280000000000655,8.54999999999927,NA,NA,NA
18,3,54,295,2000,207,TRUE,TRUE,TRUE,0.000426970122133177,0.000412501057258307,0.000412675856126878,4.44089209850063e-16,4.44089209850063e-16,1.56489532443516e-09,0.00748389368996176,0.334689900542725,0.000684642498518606,6.48976224084663e-05,0.069440032199658,3.10545264716419,0.00635252171021008,0.00561147666348916,1.89859880551354e-07,0.070000000001528,0.170000000000073,8.71000000000095,NA,NA,NA
18,3,54,295,2000,208,TRUE,TRUE,TRUE,0.000543608252753853,0.000571495044190235,0.000540835283529544,4.44089209850063e-16,4.44089209850063e-16,7.81867681709514e-10,0.0302397278473956,1.3523617417574,0.00278212605054337,0.000265716627822599,0.103966936271789,4.64954273832217,0.0095652025460222,0.0108528838405419,3.09980047554085e-06,0.0500000000010914,0.170000000000073,8.82000000000153,NA,NA,NA
18,3,54,295,2000,209,TRUE,TRUE,TRUE,0.000531966217194589,0.000469719129073933,0.000466421361445073,6.66133814775094e-16,4.44089209850063e-16,4.00371646946951e-09,0.0159172145639179,0.711839475547404,0.00143526065041486,0.000145821995978679,0.106330359259938,4.75523822754392,0.00958784465569837,0.010196941317794,8.58839727029835e-07,0.0500000000010914,0.170000000000073,8.57999999999993,NA,NA,NA
18,3,54,295,2000,210,TRUE,TRUE,TRUE,0.00053088193575171,0.000506520776017052,0.000502226402898175,4.44089209850063e-16,4.44089209850063e-16,8.31354096675341e-10,0.0111257186509936,0.49755726404318,0.0010022035625696,0.000134550971480962,0.112715010439488,5.04076850854585,0.0101533562515025,0.0105119556599789,4.19598696613787e-07,0.0599999999994907,0.190000000000509,8.72999999999956,NA,NA,NA
18,3,54,295,2000,211,TRUE,TRUE,TRUE,0.000557787931278926,0.000533260344709714,0.000529775724099447,4.44089209850063e-16,4.44089209850063e-16,2.05604111513935e-09,0.0107595341345021,0.481180994619523,0.000969738814664195,7.52626240085874e-05,0.0862712235282578,3.85816640622528,0.00777548107549116,0.00714347033848384,3.92432456920395e-07,0.069999999999709,0.180000000000291,8.63999999999942,NA,NA,NA
18,3,54,295,2000,212,TRUE,TRUE,TRUE,0.000547590599984629,0.000507128997110814,0.000505412476734325,4.44089209850063e-16,4.44089209850063e-16,1.90870763638884e-09,0.0126221473949136,0.564479591940975,0.00114041105729441,0.000118045822546264,0.0952765958731924,4.26089890074468,0.00860824074031529,0.00949357232715897,5.40063067318389e-07,0.170000000000073,0.18999999999869,8.59000000000015,NA,NA,NA
18,3,54,295,2000,213,TRUE,TRUE,TRUE,0.000480544357644871,0.000466803530831561,0.000463116862726307,4.44089209850063e-16,4.44089209850063e-16,5.99781624366358e-09,0.0185008383719523,0.827382644808439,0.00170315863304059,0.000125735070540145,0.0683237553197225,3.05553122745925,0.0062897794886394,0.00660105575596504,1.16027464564442e-06,0.0499999999992724,0.180000000000291,8.75,NA,NA,NA
18,3,54,295,2000,214,TRUE,TRUE,TRUE,0.000518485648784373,0.000501103179666471,0.000499125687386889,4.44089209850063e-16,4.44089209850063e-16,2.20338680634313e-09,0.0179735542937057,0.803801783960183,0.00163761628933349,0.000133828773954292,0.0697341597960299,3.11860643315511,0.00635365683041084,0.00610371449421621,1.09508018287724e-06,0.0500000000010914,0.18999999999869,8.71000000000095,NA,NA,NA
18,3,54,295,2000,215,TRUE,TRUE,TRUE,0.000486088175303186,0.000472509884491867,0.000477443254175369,4.44089209850063e-16,4.44089209850063e-16,3.13273607055464e-09,0.0221997167697079,0.992801515566178,0.00200578777973648,0.000167919082969092,0.0757574274526438,3.38797515169241,0.00684483157083022,0.00736138028250366,1.67060143950932e-06,0.0500000000010914,0.180000000000291,8.72000000000116,NA,NA,NA
18,3,54,295,2000,216,TRUE,TRUE,TRUE,0.000594711036524579,0.000561971414512685,0.000562839026594601,4.44089209850063e-16,6.66133814775094e-16,1.20011178772472e-09,0.012433175062913,0.556028492336574,0.00114833381170626,0.000107724495322259,0.0867793003900916,3.88088829424238,0.00801497640706496,0.0076927812882488,5.24013024220481e-07,0.0399999999990541,0.170000000000073,8.72999999999956,NA,NA,NA
18,3,54,295,2000,217,TRUE,TRUE,TRUE,0.000583035521906787,0.000585471452939289,0.000589080408632243,4.44089209850063e-16,2.22044604925031e-16,5.75146597014964e-11,0.0206231066234395,0.922293366344736,0.00189912147157658,0.000161120154146488,0.0834321756650225,3.73120032595388,0.00768302463440242,0.00819987170864067,1.44173737898899e-06,0.069999999999709,0.180000000000291,8.69000000000051,NA,NA,NA
18,3,54,295,2000,218,TRUE,TRUE,TRUE,0.000427286063662075,0.00043197228810443,0.000444695561871983,3.33066907387547e-16,4.44089209850063e-16,2.05584438361939e-11,0.0241370807838633,1.07944306822245,0.00219574199881758,0.000191093549645416,0.0856249747284162,3.82926528128881,0.0077892747197735,0.00726004723773599,1.97491074158218e-06,0.0399999999990541,0.190000000000509,8.75,NA,NA,NA
18,3,54,295,2000,219,TRUE,TRUE,TRUE,0.000478942573203683,0.000430808775021947,0.000427551417374327,4.44089209850063e-16,4.44089209850063e-16,3.83471032705529e-13,0.0277024872924143,1.23889289463325,0.00252521775072364,0.000232849165882953,0.0799255242811663,3.57437810859996,0.00728560401527414,0.00798925915744775,2.60145017690297e-06,0.0500000000010914,0.170000000000073,8.75,NA,NA,NA
18,3,54,295,2000,220,TRUE,TRUE,TRUE,0.000509007930532034,0.00050460124458903,0.000512077882046856,4.44089209850063e-16,4.44089209850063e-16,5.32396393637669e-09,0.0244131711509678,1.09179020479802,0.00224362221037603,0.000210331555607013,0.102939668624424,4.6036019325103,0.00946037388696022,0.00808200299272954,2.02034890049644e-06,0.0599999999994907,0.170000000000073,8.67000000000007,NA,NA,NA
18,3,54,295,2000,221,TRUE,TRUE,TRUE,0.000867927573155691,0.000842464284993036,0.000847550101913434,4.44089209850063e-16,6.66133814775094e-16,7.0913155347796e-09,0.0351743621359376,1.57304529602302,0.00312193164466241,0.000316708258644383,0.0985764565307023,4.40847315567407,0.00874924065069147,0.00847135454918657,4.19401949718671e-06,0.0500000000010914,0.170000000000073,8.66000000000167,NA,NA,NA
18,3,54,295,2000,222,TRUE,TRUE,TRUE,0.000518763484825474,0.000486593338351511,0.000490900234119364,5.55111512312578e-16,4.44089209850063e-16,1.51105394863293e-09,0.0191563142336615,0.85669641649628,0.00173381356429812,0.000175102961925688,0.0906842221390319,4.05552170379134,0.00820771326334754,0.0089788081878055,1.24394703396198e-06,0.0399999999990541,0.170000000000073,8.75,NA,NA,NA
18,3,54,295,2000,223,TRUE,TRUE,TRUE,0.000505919789288525,0.000478291926018873,0.00048214146259458,4.44089209850063e-16,4.44089209850063e-16,1.05213660006598e-09,0.0147277785755146,0.658646281048313,0.00135957493216989,0.000136109193164202,0.0674537780218161,3.01662465991924,0.0062269041599445,0.00577499922599145,7.35279531421651e-07,0.0500000000010914,0.190000000000509,8.72999999999956,NA,NA,NA
18,3,54,295,2000,224,TRUE,TRUE,TRUE,0.000588752514039111,0.000514304961644814,0.000520605202477464,4.44089209850063e-16,4.44089209850063e-16,1.12809783736623e-09,0.0235048341458389,1.05116813899908,0.0021256431851471,0.000210354336445562,0.113705897335363,5.08508231768968,0.010282913050239,0.0129853141883558,1.87280416346913e-06,0.0500000000010914,0.18999999999869,9.3700000000008,NA,NA,NA
18,3,54,295,2000,225,TRUE,TRUE,TRUE,0.000524964431520757,0.000463150869679553,0.000467871499312335,4.44089209850063e-16,4.44089209850063e-16,1.55481849617445e-09,0.0169450457353622,0.757805482922256,0.00152692732164377,0.00016370156963319,0.0808439930753455,3.6154532817799,0.00728489634937454,0.00847667835976296,9.73337542283108e-07,0.069999999999709,0.190000000000509,9.22999999999956,NA,NA,NA
18,3,54,295,2000,226,TRUE,TRUE,TRUE,0.000431166155355665,0.000393202111967804,0.000394392283192353,4.44089209850063e-16,2.22044604925031e-16,2.14219042504737e-09,0.0101023349750718,0.451790154714682,0.000928408051284304,0.000103380369843364,0.100249884134653,4.48331111323125,0.00921299875727686,0.00955047803270759,3.45956515079858e-07,0.069999999999709,0.200000000000728,9.02999999999884,NA,NA,NA
18,3,54,295,2000,227,TRUE,TRUE,TRUE,0.000691482620731539,0.000663034498339113,0.000657787630520227,4.44089209850063e-16,4.44089209850063e-16,1.26212462703279e-09,0.013086780202884,0.58525860280494,0.00116933395733639,0.000137903620696989,0.0858759059644559,3.84048726731806,0.00767321001839212,0.00849876808946703,5.80555308741001e-07,0.0399999999990541,0.190000000000509,9.04999999999927,NA,NA,NA
18,3,54,295,2000,228,TRUE,TRUE,TRUE,0.000480323417952654,0.000477981259356937,0.000483634765982939,5.55111512312578e-16,4.44089209850063e-16,3.72735509124311e-09,0.0194414238212943,0.869446904875957,0.0017607534840481,0.000160755950425084,0.0720973709441681,3.22429244860356,0.00652965020708038,0.00747209495037282,1.28125071253963e-06,0.0400000000008731,0.18999999999869,9.11000000000058,NA,NA,NA
18,3,54,295,2000,229,TRUE,TRUE,TRUE,0.000502410623186235,0.000495917297239824,0.000498020011807812,4.44089209850063e-16,4.44089209850063e-16,4.15454337598931e-11,0.0132749648499316,0.593674476067349,0.00119683058943187,0.000115596113268168,0.0841627794252255,3.7638739194025,0.00758786106377044,0.00787417550708369,5.97371836498036e-07,0.0599999999994907,0.190000000000509,9.01999999999862,NA,NA,NA
18,3,54,295,2000,230,TRUE,TRUE,TRUE,0.000491226852417554,0.000500086508319901,0.000492429447633019,4.44089209850063e-16,4.44089209850063e-16,7.45087547215917e-10,0.0213634976219125,0.955404658395028,0.00196642157505665,0.000180540933165219,0.0782695463857683,3.50032052573302,0.00720438794277796,0.00717411903290355,1.54711535810665e-06,0.0499999999992724,0.180000000000291,9.07999999999993,NA,NA,NA
18,3,54,295,2000,231,TRUE,TRUE,TRUE,0.000639056167989287,0.000596587653192314,0.000595929138025206,4.44089209850063e-16,4.44089209850063e-16,2.03034744572506e-09,0.010970540787984,0.490617499037325,0.000981386053880821,0.000128082688235054,0.115333989631223,5.1578928186334,0.0103173736965174,0.0121716184591207,4.0797547518922e-07,0.0500000000010914,0.209999999999127,9.11000000000058,NA,NA,NA
18,3,54,295,2000,232,TRUE,TRUE,TRUE,0.000488103942462719,0.00046748865587779,0.000464297781738827,4.44089209850063e-16,4.44089209850063e-16,1.40470191034581e-09,0.0196281734058978,0.877798600194821,0.00179508351987278,0.000149614997468461,0.0680077551239088,3.04139926908439,0.00621961085843017,0.00534873441614536,1.3059836991593e-06,0.0399999999990541,0.170000000000073,8.95000000000073,NA,NA,NA
18,3,54,295,2000,233,TRUE,TRUE,TRUE,0.000490534473902277,0.000482955542747801,0.000476204427312069,5.55111512312578e-16,4.44089209850063e-16,4.24100754514711e-11,0.0196812375535188,0.880171701019793,0.00180490931131075,0.000120629765262947,0.0610719568038245,2.73122093864565,0.00560073233176756,0.00551206350921518,1.31305461572216e-06,0.0399999999990541,0.190000000000509,9.07999999999993,NA,NA,NA
18,3,54,295,2000,234,TRUE,TRUE,TRUE,0.000469644162401055,0.000468433962622947,0.000469877571598836,4.44089209850063e-16,4.44089209850063e-16,8.47020742433813e-09,0.0132826949057014,0.594020174670769,0.00122616840124591,0.00010347690036383,0.070300864498439,3.14395023791022,0.00648969951054558,0.0065399418757579,5.98067742230324e-07,0.0499999999992724,0.190000000000509,9.16999999999825,NA,NA,NA
18,3,54,295,2000,235,TRUE,TRUE,TRUE,0.000429676913579522,0.000417147456872658,0.000418170815009469,4.44089209850063e-16,4.44089209850063e-16,9.65839408451075e-10,0.0184521386866981,0.825204728674211,0.00169013511993115,0.000128272455540923,0.0640672443543152,2.86517427014677,0.00586827909539278,0.00625438538190792,1.15417431224793e-06,0.0499999999992724,0.180000000000291,8.59000000000015,NA,NA,NA
18,3,54,295,2000,236,TRUE,TRUE,TRUE,0.000490556267996039,0.000446932794453194,0.000446229651521798,4.44089209850063e-16,4.44089209850063e-16,1.92903404361289e-09,0.0139417562882061,0.623494295723281,0.00127901049692511,0.000168543473350269,0.117365110848814,5.24872732089491,0.0107670228660787,0.0148934023624037,6.58890062371984e-07,0.0500000000010914,0.180000000000291,8.72000000000116,NA,NA,NA
18,3,54,295,2000,237,TRUE,TRUE,TRUE,0.000537509132213874,0.00051876841550514,0.000526189336540428,4.44089209850063e-16,3.33066907387547e-16,1.57637680686662e-09,0.0196757810214677,0.879927677488039,0.00178070462364263,0.000197494213793448,0.115288364335278,5.15585239336887,0.0104338690901283,0.0115251611717895,1.31232664001609e-06,0.0599999999994907,0.180000000000291,8.69000000000051,NA,NA,NA
18,3,54,295,2000,238,TRUE,TRUE,TRUE,0.000467080657171975,0.000468828985809021,0.000458407667050403,4.44089209850063e-16,4.44089209850063e-16,4.96763963298008e-10,0.0237676592008154,1.06292203278143,0.00216041274037948,0.000182543412293512,0.0969439091843469,4.33546341881532,0.00881192610237649,0.00891343210273021,1.91492075893595e-06,0.0400000000008731,0.299999999999272,8.56999999999971,NA,NA,NA
18,3,54,295,2000,239,TRUE,TRUE,TRUE,0.000589710379675708,0.00060120350355628,0.000593202386422966,4.44089209850063e-16,4.44089209850063e-16,2.15326734220866e-09,0.01563497492916,0.699217335362133,0.00141229549582529,0.000107931630076052,0.0616144432172216,2.75548166859017,0.00556558619554759,0.005138940921249,8.28652342493087e-07,0.0499999999992724,0.170000000000073,8.72999999999956,NA,NA,NA
18,3,54,295,2000,240,TRUE,TRUE,TRUE,0.000478164424258553,0.000477398328540651,0.000465059975249019,4.44089209850063e-16,4.44089209850063e-16,5.78151970742624e-10,0.0276993153856575,1.23875104265072,0.00249531353857183,0.000203825451023931,0.084395661775212,3.77428873470909,0.00760284629754638,0.00824022999813678,2.60085448418347e-06,0.0500000000010914,0.180000000000291,8.70000000000073,NA,NA,NA
18,3,54,295,2000,241,TRUE,TRUE,TRUE,0.000480091216320767,0.000463035472878094,0.000463490370316,4.44089209850063e-16,4.44089209850063e-16,6.34982288971742e-10,0.0133896538931199,0.598803526004216,0.00122692038307505,9.32552990420277e-05,0.0775658367008161,3.46884967189346,0.00710751053299463,0.00699746392621137,6.07738411449291e-07,0.0500000000010914,0.300000000001091,8.61000000000058,NA,NA,NA
18,3,54,295,2000,242,TRUE,TRUE,TRUE,0.000526628341758538,0.000515018455413035,0.000511284554196681,4.44089209850063e-16,6.66133814775094e-16,9.97879556763337e-10,0.0262839883805976,1.17545569477662,0.00237994362673398,0.000202780256273627,0.0899367255304265,4.02209263919549,0.00814352577074891,0.008468177922623,2.3418577803098e-06,0.0399999999990541,0.170000000000073,8.72999999999956,NA,NA,NA
18,3,54,295,2000,243,TRUE,TRUE,TRUE,0.00116283471642288,0.00115098356095444,0.00114686802674412,4.44089209850063e-16,4.44089209850063e-16,2.66147637262293e-09,0.0184967851955097,0.827201381247431,0.00161848031608643,0.000199517515341086,0.100269078972878,4.484169532493,0.00877360735470476,0.0106769618068228,1.15976631379264e-06,0.069999999999709,0.180000000000291,8.77999999999884,NA,NA,NA
18,3,54,295,2000,244,TRUE,TRUE,TRUE,0.000392430250856291,0.000376228467509846,0.000376471860475308,4.44089209850063e-16,4.44089209850063e-16,1.45265088846713e-09,0.0281598094914921,1.2593449651284,0.00259264276505738,0.000212117624172947,0.0907695160549621,4.05933616367308,0.00835704975769665,0.00646396156641771,2.68805040880382e-06,0.0400000000008731,0.170000000000073,8.59000000000015,NA,NA,NA
18,3,54,295,2000,245,TRUE,TRUE,TRUE,0.000483406118189166,0.000427706148163387,0.000443228033642778,4.44089209850063e-16,4.44089209850063e-16,5.36304334275428e-12,0.0470241384862832,2.10298340477387,0.00428448799372429,0.000525146685966149,0.10998151468617,4.91852286213336,0.0100206935070583,0.0118391005242842,7.49582915382081e-06,0.0599999999994907,0.170000000000073,8.70000000000073,NA,NA,NA
18,3,54,295,2000,246,TRUE,TRUE,TRUE,0.000905961182972766,0.000824876309690017,0.00080444771153858,4.44089209850063e-16,4.44089209850063e-16,1.69435043773092e-09,0.0190648280899222,0.852605031768271,0.00172365034010361,0.000167040436664934,0.0954586403881892,4.26904017895396,0.00863041183455022,0.00842780693653822,1.23209379694335e-06,0.0400000000008731,0.170000000000073,8.68000000000029,NA,NA,NA
18,3,54,295,2000,247,TRUE,TRUE,TRUE,0.000579609202727628,0.000533251132947508,0.000534539234143151,4.44089209850063e-16,4.44089209850063e-16,5.18700193907762e-10,0.0183672573851074,0.821408721466706,0.0016996704210248,0.000176980323274734,0.0862786150183355,3.85849696371065,0.00798405591204672,0.00791855170983524,1.14358014864673e-06,0.180000000000291,0.169999999998254,8.60000000000036,NA,NA,NA
18,3,54,295,2000,248,TRUE,TRUE,TRUE,0.000561647157153026,0.000564977179758283,0.000572551319894304,5.55111512312578e-16,4.44089209850063e-16,1.50146561850306e-12,0.0123048923601379,0.550291515461724,0.00114330656261745,0.000100741015202743,0.0639249296907219,2.85880976490697,0.00593957179723287,0.00527212323579818,5.13255511846035e-07,0.0599999999994907,0.190000000000509,8.72999999999956,NA,NA,NA
18,3,54,295,2000,249,TRUE,TRUE,TRUE,0.000371299173459858,0.000349054860176396,0.000347760777613474,4.44089209850063e-16,5.55111512312578e-16,9.68758406827419e-12,0.0200608986279053,0.89715066043457,0.00183177269827373,0.000213335830480332,0.0979347674574367,4.37977594790925,0.00894248241655416,0.0100786935490049,1.36420221613252e-06,0.069999999999709,0.180000000000291,8.68000000000029,NA,NA,NA
18,3,54,295,2000,250,TRUE,TRUE,TRUE,0.000702797748710931,0.000695686157604584,0.000691575069570298,4.44089209850063e-16,4.44089209850063e-16,1.20988152829682e-09,0.0132611436254127,0.593056372116218,0.00117997341990609,0.000113437444490216,0.0810307154998594,3.62380376246263,0.00721009387927735,0.00663743782354231,5.9612857713161e-07,0.0600000000013097,0.18999999999869,8.69000000000051,NA,NA,NA
18,3,54,295,2000,251,TRUE,TRUE,TRUE,0.000714042994945233,0.000673859527401613,0.000696796506403009,3.33066907387547e-16,4.44089209850063e-16,3.75998343571382e-10,0.0359007766487486,1.60553154063278,0.00334653480826134,0.00027190852530623,0.093190999218452,4.16762818287177,0.00868691298108937,0.0109470962411962,4.36903648807911e-06,0.0499999999992724,0.180000000000291,8.76999999999862,NA,NA,NA
18,3,54,295,2000,252,TRUE,TRUE,TRUE,0.00073207782240751,0.000705108476871969,0.000707992815301412,4.44089209850063e-16,4.44089209850063e-16,5.68312064075371e-11,0.00734243701577018,0.328363765755457,0.000676421743440428,6.09098913031403e-05,0.0588295721388445,2.63093844779368,0.00541967219692078,0.00459191367173162,1.82750445188312e-07,0.0599999999994907,0.190000000000509,8.78000000000065,NA,NA,NA
18,3,54,295,2000,253,TRUE,TRUE,TRUE,0.000487276696901163,0.000414509235286001,0.000420951070233028,4.44089209850063e-16,4.44089209850063e-16,9.63356949768013e-10,0.0204514637195355,0.91461726232504,0.00185953283246074,0.000249335080141577,0.117575086384485,5.25811771232239,0.0106904198354525,0.0136312635701046,1.41783853651348e-06,0.0399999999990541,0.180000000000291,8.63000000000102,NA,NA,NA
18,3,54,295,2000,254,TRUE,TRUE,TRUE,0.000439124800336262,0.000396969550347822,0.000390955652101356,4.44089209850063e-16,4.44089209850063e-16,1.66311409088848e-12,0.0166370271949709,0.744030475029352,0.00151039333001703,0.000200737889684888,0.113903552173497,5.09392171077269,0.0103407395715565,0.0106581224430471,9.38273470800683e-07,0.0600000000013097,0.18999999999869,8.72000000000116,NA,NA,NA
18,3,54,295,2000,255,TRUE,TRUE,TRUE,0.000625348568858316,0.000597255687751294,0.000598213629582185,5.55111512312578e-16,4.44089209850063e-16,6.38203712099994e-10,0.0241250258709505,1.07890395612773,0.00220550627959729,0.000192765297988728,0.0807855753133923,3.61284076004348,0.00738540528858497,0.00671370476588606,1.97293855347129e-06,0.0500000000010914,0.18999999999869,8.79000000000087,NA,NA,NA
18,3,54,295,2000,256,TRUE,TRUE,TRUE,0.00066958458520037,0.00063831930486482,0.000640370826960812,4.44089209850063e-16,6.66133814775094e-16,2.66968669393464e-11,0.0185241996237914,0.828427391751474,0.00172495401347828,0.000140503462290553,0.0786960272385866,3.51939332929309,0.0073280914040491,0.00657848899794544,1.16320668373585e-06,0.0400000000008731,0.170000000000073,8.64000000000124,NA,NA,NA
18,3,54,295,2000,257,TRUE,TRUE,TRUE,0.000707299477579515,0.000630422555826596,0.000634987844237484,6.66133814775094e-16,4.44089209850063e-16,4.68145522347641e-11,0.0195061844706102,0.872343089158705,0.00180848857103613,0.000269285394949748,0.144339048677319,6.45503849300271,0.0133821927235671,0.0159246984254793,1.28980078847958e-06,0.0600000000013097,0.18999999999869,8.73000000000138,NA,NA,NA
18,3,54,295,2000,258,TRUE,TRUE,TRUE,0.000400250403964544,0.000398268858050588,0.000405542197447508,6.66133814775094e-16,4.44089209850063e-16,2.17347806419355e-09,0.0265866688377045,1.18899197632765,0.00241916437054744,0.000210848455608925,0.0927998496430488,4.15013544207233,0.00844400971099643,0.00961019332859792,2.39610494876531e-06,0.0599999999994907,0.170000000000073,8.69000000000051,NA,NA,NA
18,3,54,295,2000,259,TRUE,TRUE,TRUE,0.000578670121437333,0.000514106783264771,0.000511016903063471,2.22044604925031e-16,2.22044604925031e-16,1.78956627294724e-09,0.0212434923637291,0.950037860095921,0.00194579997092691,0.000463818987299192,0.158667993159526,7.09584837116343,0.0145332119215938,0.0217900849229125,1.52978294172142e-06,0.0600000000013097,0.299999999999272,8.55999999999949,NA,NA,NA
18,3,54,295,2000,260,TRUE,TRUE,TRUE,0.000583223893015549,0.000555682593605958,0.000559571189951112,6.66133814775094e-16,4.44089209850063e-16,3.06156122675816e-09,0.0186151410754327,0.832494417108321,0.0017049923967279,0.000179729038855214,0.105011488162205,4.69625651898209,0.00961818060685741,0.0112110147363751,1.17465585511275e-06,0.0599999999994907,0.190000000000509,8.75,NA,NA,NA
18,3,54,295,2000,261,TRUE,TRUE,TRUE,0.00047488417414608,0.000431557690347223,0.000417476963653326,4.44089209850063e-16,3.33066907387547e-16,5.49657475090726e-09,0.0235685451506569,1.05401738175284,0.00214333831326216,0.000158627165276926,0.0781871214990009,3.49663437273603,0.00711038598442388,0.005040498576804,1.88297057802899e-06,0.0500000000010914,0.170000000000073,8.68000000000029,NA,NA,NA
18,3,54,295,2000,262,TRUE,TRUE,TRUE,0.000592535030822492,0.000578273338948038,0.000577714757400611,6.66133814775094e-16,6.66133814775094e-16,3.29540839061337e-11,0.0168386137230568,0.753045698632317,0.00151561834123372,0.000108340648232286,0.0648616661324407,2.90070189212067,0.00583810119111509,0.00593426510270234,9.61148854624803e-07,0.0499999999992724,0.190000000000509,8.70999999999913,NA,NA,NA
18,3,54,295,2000,263,TRUE,TRUE,TRUE,0.000485468275790869,0.000466018029899645,0.000476261654921666,4.44089209850063e-16,4.44089209850063e-16,5.42214717569323e-10,0.024598885852967,1.10009561875984,0.0022272572133585,0.000178172064437376,0.0904746062667061,4.04614739699767,0.00819184334761188,0.00997861872329509,2.05120401765186e-06,0.0499999999992724,0.180000000000291,8.75,NA,NA,NA
18,3,54,295,2000,264,TRUE,TRUE,TRUE,0.000433447044450647,0.000410025571938638,0.000408642981894279,4.44089209850063e-16,4.44089209850063e-16,1.6194139362824e-09,0.0398040245920897,1.78009009531972,0.00366044448133443,0.000375155674717575,0.104460164420221,4.67160057168838,0.00960633092481996,0.0116766569295095,5.37071313128029e-06,0.0599999999994907,0.170000000000073,8.70000000000073,NA,NA,NA
18,3,54,295,2000,265,TRUE,TRUE,TRUE,0.00048258141259043,0.000488462333929667,0.000485010475366055,4.44089209850063e-16,4.44089209850063e-16,9.78686021113617e-11,0.0184937278808429,0.827064653978955,0.00167640921424886,0.000141872393811582,0.0831267993569105,3.71754348228075,0.00753523212252381,0.00764241318864833,1.15938295230734e-06,0.0499999999992724,0.170000000000073,8.71999999999935,NA,NA,NA
18,3,54,295,2000,266,TRUE,TRUE,TRUE,0.000440719969091261,0.000397287238850589,0.00039214700143167,4.44089209850063e-16,3.33066907387547e-16,1.70157865575504e-09,0.0203094577823772,0.908266563751152,0.00184447356878259,0.000182411601258536,0.115207827077633,5.15225065771255,0.0104629968086078,0.011855325777077,1.39821720479377e-06,0.0499999999992724,0.170000000000073,8.69000000000051,NA,NA,NA
18,3,54,295,2000,267,TRUE,TRUE,TRUE,0.0004973268733836,0.000472468688244507,0.000468568404772664,4.44089209850063e-16,4.44089209850063e-16,6.94971635795127e-10,0.0239524299859716,1.07118523349874,0.002201143391829,0.000210455143957233,0.0799892868438204,3.57722965709024,0.007350731857123,0.00817599701819915,1.94480983807754e-06,0.069999999999709,0.170000000000073,8.81999999999971,NA,NA,NA
18,3,54,295,2000,268,TRUE,TRUE,TRUE,0.000699219948664087,0.000686100974105427,0.000683774839210174,5.55111512312578e-16,4.44089209850063e-16,1.2920480241263e-09,0.0154232229303024,0.689747498085795,0.00137999083799331,0.000102660731677418,0.0964190661471163,4.31199172464002,0.00862708322976192,0.00739783104748426,8.0635866290782e-07,0.0499999999992724,0.170000000000073,8.60000000000036,NA,NA,NA
18,3,54,295,2000,269,TRUE,TRUE,TRUE,0.000629112597672194,0.000612783497678644,0.000617493028788705,6.66133814775094e-16,4.44089209850063e-16,6.52440323989367e-10,0.00865213207303434,0.386935109312219,0.000783432151817141,7.98564657600309e-05,0.0681274880105899,3.04675388655962,0.00616879909824523,0.00618669170804509,2.53760642065185e-07,0.0600000000013097,0.18999999999869,8.72000000000116,NA,NA,NA
18,3,54,295,2000,270,TRUE,TRUE,TRUE,0.00043890612364488,0.000384658837672533,0.000397760050970755,4.44089209850063e-16,6.66133814775094e-16,1.62866808928186e-09,0.0180131976177007,0.805574687306321,0.00165265297179736,0.000162558313981265,0.109927295828591,4.91609812110917,0.0100854759931268,0.0121757059895344,1.09991623191301e-06,0.0500000000010914,0.170000000000073,8.69000000000051,NA,NA,NA
18,3,54,295,2000,271,TRUE,TRUE,TRUE,0.000484476835936367,0.000481866072607466,0.000477536564934342,4.44089209850063e-16,4.44089209850063e-16,6.59827747995223e-12,0.0133318352514937,0.596217797743359,0.00122185253206692,7.73976298233947e-05,0.0605036396489706,2.70580502282499,0.00554511242524366,0.00526431602543198,6.02501122620238e-07,0.170000000000073,0.170000000000073,8.57999999999993,NA,NA,NA
18,3,54,295,2000,272,TRUE,TRUE,TRUE,0.000623776650662639,0.000618722827155454,0.000626419467761517,4.44089209850063e-16,4.44089209850063e-16,1.02797748091632e-09,0.0113521114653327,0.507681858492774,0.00102876981625431,9.46421640293238e-05,0.0738044503491859,3.30063536045575,0.00668842893732606,0.00716362368244461,4.36848931258775e-07,0.0599999999994907,0.190000000000509,8.75,NA,NA,NA
18,3,54,295,2000,273,TRUE,TRUE,TRUE,0.000467055854906739,0.000445934457267587,0.000450565255820271,4.44089209850063e-16,4.44089209850063e-16,3.54383855594165e-09,0.0197866694972541,0.884886760883635,0.0017965542583361,0.000119171737509305,0.0788580471158867,3.52663907848008,0.0071600104489427,0.00612680406587174,1.32716030438497e-06,0.069999999999709,0.180000000000291,8.63999999999942,NA,NA,NA
18,3,54,295,2000,274,TRUE,TRUE,TRUE,0.000838361842777696,0.000782658942646633,0.000760255120420399,4.44089209850063e-16,4.44089209850063e-16,2.94234769881996e-09,0.0229485390522993,1.026289866105,0.00212667640202448,0.000214213097024185,0.103003923311175,4.60647548945924,0.00954553196273582,0.00828008919819467,1.78520489706748e-06,0.0499999999992724,0.190000000000509,8.70999999999913,NA,NA,NA
18,3,54,295,2000,275,TRUE,TRUE,TRUE,0.000541812219458655,0.000529179892698305,0.000528305901067548,5.55111512312578e-16,6.66133814775094e-16,4.99480634630345e-09,0.0150709723193292,0.673994371860756,0.00134872427446357,7.5693211144312e-05,0.0809208206348067,3.61888911468991,0.00724172752674356,0.00707911317891785,7.69946463220298e-07,0.0599999999994907,0.190000000000509,8.79000000000087,NA,NA,NA
18,3,54,295,2000,276,TRUE,TRUE,TRUE,0.000400809102684479,0.000391355748003265,0.000383617822421415,5.55111512312578e-16,4.44089209850063e-16,3.37285754881123e-12,0.0194152973719105,0.868278494539299,0.00177043293363242,0.00012538390565453,0.0710377172398899,3.17690329429605,0.00647775368681837,0.00658921181720018,1.2778093967448e-06,0.069999999999709,0.180000000000291,8.65999999999985,NA,NA,NA
18,3,54,295,2000,277,TRUE,TRUE,TRUE,0.000569221100051868,0.000540926299217902,0.000537142428590214,4.44089209850063e-16,4.44089209850063e-16,1.21803234165441e-09,0.0149012015988786,0.66640199443042,0.00135670191153818,0.000120809977659064,0.0793907188297607,3.55046088171835,0.00722824527136339,0.00582805355604421,7.52697657933631e-07,0.0399999999990541,0.170000000000073,8.69999999999891,NA,NA,NA
18,3,54,295,2000,278,TRUE,TRUE,TRUE,0.00052005231446314,0.000472645527679066,0.000479682113693926,4.44089209850063e-16,4.44089209850063e-16,1.23743237878671e-10,0.0184491303088134,0.825070189925171,0.00168789991507322,0.000178767760608878,0.116215377504762,5.19730968262896,0.0106324754900117,0.0119280692434955,1.15379799712399e-06,0.0599999999994907,0.190000000000509,8.69999999999891,NA,NA,NA
18,3,54,295,2000,279,TRUE,TRUE,TRUE,0.000511964039182717,0.000509347743034901,0.000509197888923121,2.22044604925031e-16,4.44089209850063e-16,9.88970683124535e-10,0.0115241477732586,0.515375556075181,0.00105266274328458,9.01227729031007e-05,0.0759655304187389,3.39728179926256,0.00693900193046953,0.00649938248980675,4.50189769152207e-07,0.0399999999990541,0.170000000000073,8.77999999999884,NA,NA,NA
18,3,54,295,2000,280,TRUE,TRUE,TRUE,0.000523981896761981,0.00049432440050235,0.000496025927670823,6.66133814775094e-16,4.44089209850063e-16,1.20038223805352e-09,0.00803865195303217,0.359499444288828,0.000729684840905904,0.000107142764996127,0.0827274128433518,3.69968237440848,0.00750933607175127,0.00833882075026082,2.1905059397284e-07,0.0499999999992724,0.170000000000073,8.57999999999993,NA,NA,NA
18,3,54,295,2000,281,TRUE,TRUE,TRUE,0.000606144204643121,0.000600194280415388,0.000595208113995772,6.66133814775094e-16,4.44089209850063e-16,1.16985487963461e-09,0.00897076067970447,0.401184613794028,0.000820885942872584,5.78872876388914e-05,0.0608268097013409,2.72025762693284,0.00556606901202736,0.00471500021508575,2.72795075161125e-07,0.0500000000010914,0.169999999998254,8.72999999999956,NA,NA,NA
18,3,54,295,2000,282,TRUE,TRUE,TRUE,0.000427150066237345,0.0004050435280309,0.000393518679703396,4.44089209850063e-16,4.44089209850063e-16,1.21881349457453e-09,0.0293519250336779,1.31265799291563,0.00266978151028091,0.000302650268750426,0.0846931878612652,3.78759450577898,0.00770349156790622,0.00692760227849476,2.92045933282254e-06,0.0499999999992724,0.190000000000509,8.67000000000007,NA,NA,NA
18,3,54,295,2000,283,TRUE,TRUE,TRUE,0.000515632981071071,0.000514806805811077,0.000526046190436566,2.22044604925031e-16,6.66133814775094e-16,3.19669801740474e-09,0.031448738598109,1.40643034623986,0.00287318025448368,0.000315271189364807,0.100927444351575,4.51361252730897,0.00922080672144611,0.0109816698877978,3.35262087936336e-06,0.180000000000291,0.180000000000291,8.60000000000036,NA,NA,NA
18,3,54,295,2000,284,TRUE,TRUE,TRUE,0.000717412489814844,0.000707397230512054,0.000712704679125708,4.44089209850063e-16,4.44089209850063e-16,3.12025205673194e-09,0.0181212210637356,0.810405642676278,0.00161653592910694,0.000139912732464609,0.0653696865764909,2.92342125705778,0.0058314197842236,0.00575961825973081,1.11314797573144e-06,0.0500000000010914,0.170000000000073,8.75,NA,NA,NA
18,3,54,295,2000,285,TRUE,TRUE,TRUE,0.000688183906457328,0.000672957020153938,0.000658455836002963,4.44089209850063e-16,4.44089209850063e-16,4.10207867673762e-09,0.0267615397530677,1.19681244140844,0.00238121868577859,0.000189336146448227,0.0887407353903805,3.96860633412424,0.00789607396476823,0.00841590133016723,2.42772884730515e-06,0.0499999999992724,0.190000000000509,8.63999999999942,NA,NA,NA
18,3,54,295,2000,286,TRUE,TRUE,TRUE,0.000399219549763363,0.000387592727684111,0.000390958009379332,6.66133814775094e-16,4.44089209850063e-16,7.36850580551618e-10,0.0264918195200146,1.18475018588817,0.00240651069386819,0.000184072021752968,0.0878048845829546,3.92675381368019,0.00797617519487867,0.00846320119859456,2.37903898807127e-06,0.069999999999709,0.290000000000873,8.61000000000058,NA,NA,NA
18,3,54,295,2000,287,TRUE,TRUE,TRUE,0.00113922953313321,0.00111234467918265,0.00111196235440461,4.44089209850063e-16,4.44089209850063e-16,3.11014991538627e-09,0.00934655738890781,0.417990753544016,0.000821332902214134,0.000107293025692456,0.0996978685073031,4.45862422388331,0.00876099469338786,0.00933402499117619,2.96129271268295e-07,0.070000000001528,0.179999999998472,8.72000000000116,NA,NA,NA
18,3,54,295,2000,288,TRUE,TRUE,TRUE,0.000667324959209955,0.000649538126884694,0.000638163226374093,4.44089209850063e-16,4.44089209850063e-16,2.23020446554756e-09,0.0141574811973338,0.633141806948271,0.00127475503766706,0.00010474802947158,0.0728190173202846,3.25656545565782,0.00655670368712755,0.00625078960581504,6.79438216450376e-07,0.0500000000010914,0.169999999998254,8.69000000000051,NA,NA,NA
18,3,54,295,2000,289,TRUE,TRUE,TRUE,0.000505095825957153,0.000497215707868879,0.00049669139104281,4.44089209850063e-16,4.44089209850063e-16,4.8944226449521e-10,0.00654987870338663,0.292919480503014,0.000594849247276773,4.42837186795941e-05,0.0521863085199606,2.33384266690817,0.00473947499595697,0.00406719419916612,1.45426817047721e-07,0.0599999999994907,0.190000000000509,8.77999999999884,NA,NA,NA
18,3,54,295,2000,290,TRUE,TRUE,TRUE,0.000469180617244668,0.000451990607665664,0.000452746892100556,4.44089209850063e-16,5.55111512312578e-16,5.24637888688062e-10,0.0200541670434996,0.896849614828023,0.00183465684278978,0.000117872661107299,0.0688312864684949,3.07822871044632,0.00629703494757619,0.00572690459466685,1.36328683324945e-06,0.0599999999994907,0.190000000000509,8.71999999999935,NA,NA,NA
18,3,54,295,2000,291,TRUE,TRUE,TRUE,0.000503603176432016,0.000483299967625279,0.000478794139747062,4.44089209850063e-16,4.44089209850063e-16,2.60963961551397e-09,0.0133825902343241,0.59848762957947,0.00121272570576869,0.00011939929659377,0.0828369977077072,3.70458315852855,0.00750666012706416,0.0066829401614541,6.07097360609582e-07,0.0499999999992724,0.180000000000291,8.69999999999891,NA,NA,NA
18,3,54,295,2000,292,TRUE,TRUE,TRUE,0.00049631763372207,0.000486976874558358,0.000480377998668427,4.44089209850063e-16,7.7715611723761e-16,9.79905934173075e-10,0.0138298884177143,0.618491412464923,0.00126916939542077,0.00017999259624446,0.108239312462263,4.8406092100692,0.00993312589438765,0.0119415362665265,6.48358690326874e-07,0.0399999999990541,0.190000000000509,8.64999999999964,NA,NA,NA
18,3,54,295,2000,293,TRUE,TRUE,TRUE,0.000497934173929996,0.00046231377933067,0.000484466543564567,3.33066907387547e-16,4.44089209850063e-16,7.21541271175852e-10,0.0301066103503205,1.34640854630831,0.00272010187177967,0.00023854596338424,0.0837270517502166,3.74438758538254,0.00756465465671173,0.00891351717272926,3.07256944673228e-06,0.0600000000013097,0.169999999998254,8.77000000000044,NA,NA,NA
18,3,54,295,2000,294,TRUE,TRUE,TRUE,0.00053104088981012,0.00055700322133282,0.000558351646752608,4.44089209850063e-16,4.44089209850063e-16,6.85451695403572e-12,0.00810072960950571,0.362275641484002,0.000740052165705769,7.83856234107816e-05,0.0731065211277836,3.26942301680498,0.00667873659483026,0.00583560695277896,2.22446848157026e-07,0.0599999999994907,0.190000000000509,8.78999999999905,NA,NA,NA
18,3,54,295,2000,295,TRUE,TRUE,TRUE,0.000507123000413941,0.000404293447302757,0.000406939004035408,4.44089209850063e-16,4.44089209850063e-16,2.50452059091799e-09,0.0124355760980298,0.556135869891323,0.00113024775806717,0.000188006811711716,0.11463686045791,5.12671625422088,0.0104191437134094,0.0123492718887945,5.24215433525049e-07,0.0499999999992724,0.180000000000291,8.60999999999876,NA,NA,NA
18,3,54,295,2000,296,TRUE,TRUE,TRUE,0.000681231957053867,0.000668254140236476,0.000663899682853676,4.44089209850063e-16,4.44089209850063e-16,3.98487376429557e-09,0.0166585790294395,0.744994302367583,0.00149012435567346,9.89668134820931e-05,0.062389634264519,2.79014926613629,0.00558080694606802,0.00460740577278784,9.4070595010197e-07,0.0499999999992724,0.180000000000291,8.69999999999891,NA,NA,NA
18,3,54,295,2000,297,TRUE,TRUE,TRUE,0.000555540333167348,0.000487645341883086,0.000483237000601015,4.44089209850063e-16,4.44089209850063e-16,2.81622103415202e-09,0.0205107329659002,0.917267863601975,0.0018451332253379,0.000212576804642595,0.117078888319494,5.23592706024991,0.0105323465125832,0.0110284310086115,1.4260683620287e-06,0.0499999999992724,0.180000000000291,8.75,NA,NA,NA
18,3,54,295,2000,298,TRUE,TRUE,TRUE,0.000600930602291065,0.000594552975188676,0.000584215054758947,4.44089209850063e-16,5.55111512312578e-16,8.18065615248997e-11,0.0235230701294508,1.05198367697893,0.00214513011493067,0.00015701330010387,0.0878568193649579,3.92907640773932,0.00801189249467224,0.0073353218103378,1.87571128242393e-06,0.170000000000073,0.170000000000073,8.63999999999942,NA,NA,NA
18,3,54,295,2000,299,TRUE,TRUE,TRUE,0.000512971775019054,0.000525672172756862,0.000517386862104271,4.44089209850063e-16,4.44089209850063e-16,7.4646955283697e-12,0.0161032719239413,0.720160213641931,0.001457402852125,0.000136271885722294,0.0597916925263259,2.67396577957262,0.00541135886128169,0.00573852318028401,8.7903514120812e-07,0.0499999999992724,0.190000000000509,8.78999999999905,NA,NA,NA
18,3,54,295,2000,300,TRUE,TRUE,TRUE,0.000453732085729837,0.000443027001233419,0.000437858125377345,5.55111512312578e-16,4.44089209850063e-16,5.84740700304565e-10,0.0194027425121548,0.867717024142065,0.0017545210399678,9.9784193388075e-05,0.0602341112210907,2.69375134509283,0.00544675658067202,0.00533582412256095,1.27615734573892e-06,0.069999999999709,0.180000000000291,8.67000000000007,NA,NA,NA
18,3,54,295,2000,301,TRUE,TRUE,TRUE,0.000529384759023972,0.000525438854362041,0.000526145882595602,4.44089209850063e-16,4.44089209850063e-16,2.64305466401993e-10,0.01422896746904,0.63633877020813,0.00129366662314979,0.000106285242139847,0.0690765836973863,3.08919873601619,0.0062802920145091,0.00607100724244702,6.86317000796603e-07,0.0599999999994907,0.190000000000509,8.67000000000007,NA,NA,NA
18,3,54,295,2000,302,TRUE,TRUE,TRUE,0.000492102501159378,0.000441222085803113,0.00044080755023412,6.66133814775094e-16,4.44089209850063e-16,2.08245354293979e-09,0.00812181538791349,0.363218626161568,0.0007437151842828,8.40124288430388e-05,0.0954637776594211,4.26926992470783,0.00874162457570316,0.00868051918296686,2.23606390492706e-07,0.0400000000008731,0.190000000000509,8.75,NA,NA,NA
18,3,54,295,2000,303,TRUE,TRUE,TRUE,0.000540884147015327,0.000499050066584463,0.000507318226827156,3.33066907387547e-16,4.44089209850063e-16,1.93239646506527e-09,0.0270626212509659,1.2102772153298,0.00245367972117808,0.000261762043194835,0.0936850701838835,4.18972370816005,0.00849412016506479,0.0105433284931493,2.48266260668892e-06,0.0399999999990541,0.190000000000509,8.70000000000073,NA,NA,NA
18,3,54,295,2000,304,TRUE,TRUE,TRUE,0.000505283544289994,0.00052468408192327,0.000521312530340331,4.44089209850063e-16,4.44089209850063e-16,3.69188013493726e-10,0.00852946854891173,0.381449429746263,0.000776839555455168,7.93716805489453e-05,0.0617170325580091,2.76006960338552,0.00562101048399938,0.00456529636611691,2.46616385514829e-07,0.0500000000010914,0.180000000000291,8.67000000000007,NA,NA,NA
18,3,54,295,2000,305,TRUE,TRUE,TRUE,0.000663076449598113,0.000629794100413139,0.000629526474501963,4.44089209850063e-16,4.44089209850063e-16,1.80300219199125e-12,0.0216460719936826,0.968041768474573,0.0020006900881898,0.000153496450764123,0.0825886042791117,3.69347466669848,0.0076334497098075,0.00784116313157313,1.58831333137522e-06,0.0499999999992724,0.170000000000073,8.70999999999913,NA,NA,NA
18,3,54,295,2000,306,TRUE,TRUE,TRUE,0.000476396795003642,0.000440865278000698,0.000441801843674241,6.66133814775094e-16,4.44089209850063e-16,8.82147777048203e-09,0.00970952053852064,0.434222959061251,0.000883213876894557,0.00011657757532646,0.0927130031906395,4.1462515506485,0.0084335174596601,0.00857988798761511,3.19575556230353e-07,0.069999999999709,0.170000000000073,8.85000000000036,NA,NA,NA
18,3,54,295,2000,307,TRUE,TRUE,TRUE,0.000748030325902208,0.00070384207317973,0.000699459832949125,4.44089209850063e-16,6.66133814775094e-16,2.29537011620096e-09,0.0132547628608503,0.592771015650015,0.00118062829361754,0.000174279603740501,0.113497054202054,5.07574256883544,0.0101094100920485,0.0118442773540437,5.95555045753815e-07,0.0400000000008731,0.18999999999869,8.6200000000008,NA,NA,NA
18,3,54,295,2000,308,TRUE,TRUE,TRUE,0.000618262219899746,0.000596394971630761,0.000592331507276802,4.44089209850063e-16,3.33066907387547e-16,1.0425120766655e-09,0.019552529633849,0.87441570786731,0.00179281197852774,0.000205361380295699,0.113007379515848,5.05384365113107,0.0103618809152603,0.0120186888996443,1.29593700027981e-06,0.0599999999994907,0.190000000000509,8.75,NA,NA,NA
18,3,54,295,2000,309,TRUE,TRUE,TRUE,0.000729450724411188,0.000700892143081237,0.000697166454611864,4.44089209850063e-16,5.55111512312578e-16,8.57451398772469e-09,0.0249336949972993,1.11506873888415,0.00221773702065249,0.000177899380517488,0.103009681617492,4.60673300874646,0.00916223545822161,0.00700919779923481,2.10742083463847e-06,0.0499999999992724,0.180000000000291,8.70999999999913,NA,NA,NA
18,3,54,295,2000,310,TRUE,TRUE,TRUE,0.000606292102799643,0.000596248075676112,0.000603725623807519,4.44089209850063e-16,4.44089209850063e-16,3.93941546050769e-10,0.0103809193499004,0.464248826706406,0.000959620310762138,6.52273555274974e-05,0.0622142833663109,2.78230733557011,0.00575113705496571,0.00520504283591805,3.65299954403856e-07,0.170000000000073,0.170000000000073,8.6200000000008,NA,NA,NA
18,3,54,295,2000,311,TRUE,TRUE,TRUE,0.000423359564369996,0.000398798148746081,0.000402138521742825,4.44089209850063e-16,4.44089209850063e-16,9.02964369942083e-10,0.01175624293929,0.525755167445088,0.00107554852847326,9.56048061624415e-05,0.0770356550042756,3.44513922561564,0.0070477945894529,0.00735488314855104,4.68505925585106e-07,0.0500000000010914,0.169999999998254,8.72000000000116,NA,NA,NA
18,3,54,295,2000,312,TRUE,TRUE,TRUE,0.000424670225915445,0.000400358972563025,0.000401428646106381,4.44089209850063e-16,4.44089209850063e-16,1.95023996951704e-11,0.00773677162245108,0.345998945483839,0.000703942926533876,8.48015393870583e-05,0.0742018179793181,3.31840618111643,0.00675137479189892,0.0063228172770522,2.02907237755811e-07,0.0500000000010914,0.169999999998254,8.65999999999985,NA,NA,NA
18,3,54,295,2000,313,TRUE,TRUE,TRUE,0.000534073637798834,0.000523621835292304,0.000525195164133638,4.44089209850063e-16,4.44089209850063e-16,1.40850842100804e-09,0.0145553484952977,0.6509349734337,0.00133789225419137,0.000102718427463344,0.0740321781450534,3.31081965709427,0.00680485786604017,0.00585167193924008,7.18163287523953e-07,0.069999999999709,0.180000000000291,8.81999999999971,NA,NA,NA
18,3,54,295,2000,314,TRUE,TRUE,TRUE,0.000596008597352842,0.000539346808202891,0.00054035769470211,4.44089209850063e-16,4.44089209850063e-16,6.71515065775452e-10,0.0122013503885143,0.545660977720231,0.00110798414192882,0.000144524467430074,0.0886013135037094,3.96237119780129,0.00804573651196713,0.00853508463546859,5.04654072214573e-07,0.0599999999994907,0.190000000000509,8.75,NA,NA,NA
18,3,54,295,2000,315,TRUE,TRUE,TRUE,0.00058086890209311,0.000546626832132375,0.00055436737335012,4.44089209850063e-16,4.44089209850063e-16,2.1634805058568e-10,0.0119694714972015,0.535291038449775,0.00110037400970725,9.72186872729708e-05,0.0654050552384825,2.92500299170751,0.00601279871920158,0.00537474331333954,4.85655077702778e-07,0.0600000000013097,0.18999999999869,8.64000000000124,NA,NA,NA
18,3,54,295,2000,316,TRUE,TRUE,TRUE,0.000488134888744597,0.000486355034149774,0.000484163041151911,4.44089209850063e-16,4.44089209850063e-16,4.40977698801248e-10,0.00685340597562265,0.30649363277791,0.000621545254973337,4.94063935860822e-05,0.0520857059745078,2.32934358430133,0.00472372766410507,0.0034150718474848,1.59217537175255e-07,0.0400000000008731,0.18999999999869,8.70000000000073,NA,NA,NA
18,3,54,295,2000,317,TRUE,TRUE,TRUE,0.000582694665574982,0.00057413515433688,0.000574246564473671,4.44089209850063e-16,4.44089209850063e-16,2.64464139476672e-09,0.0102862121490221,0.460013391923951,0.000947934583620905,9.63515698373385e-05,0.0699480389570347,3.12817140001466,0.00644612071219428,0.0058020893612607,3.58664950422675e-07,0.0599999999994907,0.170000000000073,8.70000000000073,NA,NA,NA
18,3,54,295,2000,318,TRUE,TRUE,TRUE,0.000430499873012135,0.000431714887404532,0.000431476027342349,8.88178419700125e-16,6.66133814775094e-16,1.43104861294319e-10,0.00917199648065285,0.410184152402572,0.00084073056602877,8.62676486690361e-05,0.0670154938540087,2.99702399606565,0.00614282552325706,0.00525705069890847,2.8517125234274e-07,0.0400000000008731,0.18999999999869,8.67000000000007,NA,NA,NA
18,3,54,295,2000,319,TRUE,TRUE,TRUE,0.000579449492163208,0.000596666037093868,0.000589296484066448,4.44089209850063e-16,4.44089209850063e-16,1.482617362214e-09,0.0139726886566626,0.624877633294757,0.00125858573094363,0.000119960368408556,0.0986600304624003,4.41221069552254,0.00888677258941368,0.00851530585251226,6.61817045071282e-07,0.0499999999992724,0.170000000000073,8.71999999999935,NA,NA,NA
18,3,54,295,2000,320,TRUE,TRUE,TRUE,0.000568994856689,0.000547903557303933,0.000546019296637055,4.44089209850063e-16,4.44089209850063e-16,9.24146759118116e-10,0.0201438121484391,0.90085866579792,0.00180674285010867,0.000153748432282441,0.0790036608642982,3.53315112327821,0.00708601223776012,0.00651717859859957,1.37550226397154e-06,0.0500000000010914,0.170000000000073,8.72000000000116,NA,NA,NA
18,3,54,295,2000,321,TRUE,TRUE,TRUE,0.000559527740405125,0.000537713255036204,0.00053465893692519,6.66133814775094e-16,4.44089209850063e-16,3.59471119537602e-10,0.0139610641069199,0.624357767626107,0.0012933907201796,9.33434981931214e-05,0.0651209359379627,2.91229679031387,0.00603297954844454,0.00574748100827094,6.60716308466196e-07,0.0600000000013097,0.18999999999869,8.82999999999993,NA,NA,NA
18,3,54,295,2000,322,TRUE,TRUE,TRUE,0.000490415713292003,0.000457219274052452,0.000454790021552519,4.44089209850063e-16,4.44089209850063e-16,2.17914575273426e-12,0.0172682624305461,0.772260172960138,0.00158752509243896,0.000172114801387124,0.104435060680965,4.67047789833907,0.00960104005995084,0.0108138047715158,1.01082334701767e-06,0.0499999999992724,0.170000000000073,8.63999999999942,NA,NA,NA
18,3,54,295,2000,323,TRUE,TRUE,TRUE,0.000576737278797174,0.000542313978342461,0.000539696148580016,4.44089209850063e-16,6.66133814775094e-16,1.51531076575395e-09,0.0175836616023604,0.786365252724615,0.00159996456371801,0.000163119219948271,0.0896020800832243,4.00712683982939,0.00815303184345505,0.00857948444057399,1.04808527236042e-06,0.0399999999990541,0.170000000000073,8.72999999999956,NA,NA,NA
18,3,54,295,2000,324,TRUE,TRUE,TRUE,0.000714968572283302,0.000697917766059481,0.000696265952970775,4.44089209850063e-16,4.44089209850063e-16,6.82734091483894e-10,0.0127055877043095,0.568211156018431,0.00113592632881107,8.96144655371245e-05,0.0813948405232555,3.64008792855508,0.00727699847747966,0.00720885571999474,5.47226979362375e-07,0.0600000000013097,0.18999999999869,8.73000000000138,NA,NA,NA
18,3,54,295,2000,325,TRUE,TRUE,TRUE,0.000508711652229397,0.000503385394451296,0.000507075954585095,6.66133814775094e-16,4.44089209850063e-16,1.32737398850225e-09,0.0152013549207446,0.679825259057718,0.00139779878268536,0.000113335195152331,0.0691483218372188,3.09240696316109,0.00635834375243083,0.00619238519601595,7.83326072632023e-07,0.170000000000073,0.190000000000509,8.63999999999942,NA,NA,NA
18,3,54,295,2000,326,TRUE,TRUE,TRUE,0.000450925389189132,0.0004129871063891,0.000412940056069428,4.44089209850063e-16,6.66133814775094e-16,1.20556520322168e-09,0.0187293933920959,0.837603936041234,0.00170655314953838,0.000209117503729317,0.104118735467819,4.65633140474723,0.00948691461697561,0.012082626065606,1.18911924351147e-06,0.0599999999994907,0.190000000000509,8.75,NA,NA,NA
18,3,54,295,2000,327,TRUE,TRUE,TRUE,0.000406502825407018,0.000385929651450535,0.000387106853289019,4.44089209850063e-16,4.44089209850063e-16,9.39402555744095e-10,0.0175728300848386,0.785880852535051,0.00160849820866515,0.000127760539513133,0.0830384482598696,3.71359230110335,0.00760077885186933,0.0071513338767204,1.04679443115461e-06,0.0599999999994907,0.190000000000509,8.71999999999935,NA,NA,NA
18,3,54,295,2000,328,TRUE,TRUE,TRUE,0.00063619967946555,0.000616312346506854,0.000614157645382454,5.55111512312578e-16,6.66133814775094e-16,3.85329546048752e-11,0.0237006097910296,1.05992349201878,0.00220457309693262,0.00022579903796327,0.0757838688710395,3.38915764787149,0.00704923122095356,0.00756110511768782,1.90413187954795e-06,0.0499999999992724,0.170000000000073,8.75,NA,NA,NA
18,3,54,295,2000,329,TRUE,TRUE,TRUE,0.000469315584889475,0.000449923658929951,0.000448599568879566,4.44089209850063e-16,4.44089209850063e-16,1.64074487329913e-09,0.0131765395273898,0.589272761829133,0.00120990355046632,0.000114876936962105,0.0713615814404358,3.19138694165403,0.0065526028721122,0.0059943313329569,5.88546420057176e-07,0.0500000000010914,0.169999999998254,8.80000000000109,NA,NA,NA
18,3,54,295,2000,330,TRUE,TRUE,TRUE,0.000574683107085771,0.000522921852843508,0.00053594280264514,4.44089209850063e-16,4.44089209850063e-16,1.10718101353768e-10,0.03702841450273,1.65596103854287,0.00342287402641294,0.000367932631519352,0.103430569269068,4.62555567674275,0.00956103073390022,0.00976741189381158,4.64780840876606e-06,0.0500000000010914,0.18999999999869,8.75,NA,NA,NA
18,3,54,295,2000,331,TRUE,TRUE,TRUE,0.00047522535474757,0.000468422302593589,0.000465072038454294,6.66133814775094e-16,4.44089209850063e-16,1.11988640583149e-10,0.014892463637085,0.666011220899316,0.00134697256644805,0.000129293094019545,0.0793118530373086,3.5469338962579,0.00717348672716486,0.00737455240876272,7.51815163328469e-07,0.0499999999992724,0.180000000000291,8.78999999999905,NA,NA,NA
18,3,54,295,2000,332,TRUE,TRUE,TRUE,0.000466912027377209,0.000461498683339315,0.000458852026021262,6.66133814775094e-16,4.44089209850063e-16,2.78952416721268e-11,0.00955228080693023,0.427190984489251,0.000883450574703546,9.06291525524239e-05,0.0738848288145643,3.30422999470602,0.00683329937607609,0.00607901055528259,3.09308707167619e-07,0.0499999999992724,0.170000000000073,8.70000000000073,NA,NA,NA
18,3,54,295,2000,333,TRUE,TRUE,TRUE,0.000415169806646243,0.000386036414952217,0.000392501903148128,6.66133814775094e-16,4.44089209850063e-16,6.41932729195105e-09,0.0266112272510019,1.1900902619587,0.00241326128869908,0.00019661288957451,0.0986215572458327,4.41049012097138,0.00894357799013676,0.00901535204418025,2.4005336128965e-06,0.0599999999994907,0.190000000000509,8.82999999999993,NA,NA,NA
18,3,54,295,2000,334,TRUE,TRUE,TRUE,0.000568303037303433,0.00057557941225339,0.000567082529192048,2.22044604925031e-16,2.22044604925031e-16,7.74772468403739e-10,0.0159095469487131,0.711496569370939,0.00143238649591464,9.26712181410494e-05,0.0583332154935326,2.60874070379366,0.00525192266037303,0.0046233921774359,8.58012488519686e-07,0.0599999999994907,0.170000000000073,8.56999999999971,NA,NA,NA
18,3,54,295,2000,335,TRUE,TRUE,TRUE,0.000421529193148406,0.000368723250785981,0.000367618916248675,4.44089209850063e-16,4.44089209850063e-16,1.64505187250086e-09,0.0129950109036404,0.581154554977817,0.00118697127660514,0.000140167300145322,0.104687660132292,4.68177448922399,0.00956222711265459,0.0109924416232587,5.72441723341464e-07,0.0600000000013097,0.18999999999869,8.70000000000073,NA,NA,NA
18,3,54,295,2000,336,TRUE,TRUE,TRUE,0.000517333424384938,0.000490744041222618,0.000491794202543183,4.44089209850063e-16,4.44089209850063e-16,4.96154228812884e-11,0.00814459353538178,0.36423729588438,0.000747459013380585,7.80046869124362e-05,0.0606778842108715,2.7135974765274,0.00556863043800177,0.00498434000279246,2.24862385954517e-07,0.0400000000008731,0.190000000000509,8.67000000000007,NA,NA,NA
18,3,54,295,2000,337,TRUE,TRUE,TRUE,0.000593220414415413,0.000539014513254978,0.000547446807529778,4.44089209850063e-16,4.44089209850063e-16,1.355631384925e-09,0.0232021957708922,1.03763373941946,0.00210557143661276,0.000238880104106443,0.0930816812824174,4.1627393361491,0.00844705093067207,0.00929514365243733,1.82488775793494e-06,0.159999999999854,0.170000000000073,8.55999999999949,NA,NA,NA
18,3,54,295,2000,338,TRUE,TRUE,TRUE,0.000745173662989648,0.000709884525131062,0.000701801568863785,4.44089209850063e-16,2.22044604925031e-16,6.73770461645518e-09,0.0218715154496527,0.978123906327208,0.00194749876497346,0.000170825752462633,0.0848339365331744,3.79388897774161,0.00755384266840172,0.00793110539901676,1.62157012903186e-06,0.0599999999994907,0.190000000000509,8.70999999999913,NA,NA,NA
18,3,54,295,2000,339,TRUE,TRUE,TRUE,0.000570420740938732,0.000604344226148039,0.00059562484479066,4.44089209850063e-16,4.44089209850063e-16,5.71120928327673e-12,0.0107401396499011,0.480313646900394,0.000983246515110608,8.38799985203309e-05,0.0637742549572645,2.85207138597693,0.00583845424589829,0.00553761201831549,3.91018982031791e-07,0.0499999999992724,0.180000000000291,8.70999999999913,NA,NA,NA
18,3,54,295,2000,340,TRUE,TRUE,TRUE,0.000550278713077098,0.000525469822694862,0.000516312691345196,4.44089209850063e-16,2.22044604925031e-16,1.43487133286158e-09,0.0183077744197043,0.818748562383813,0.00165521859606244,0.00013354925170006,0.0738650952140744,3.3033474812633,0.00667819454158609,0.00664290340228035,1.13618509899248e-06,0.0499999999992724,0.190000000000509,8.70999999999913,NA,NA,NA
18,3,54,295,2000,341,TRUE,TRUE,TRUE,0.000501450631226376,0.00046972532368066,0.000473072386693849,4.44089209850063e-16,4.44089209850063e-16,1.62143631854406e-10,0.0183003757086637,0.81841768196716,0.00165263651226309,0.00021616291547133,0.122361964418697,5.47219340601233,0.0110500381702459,0.0137870057169778,1.13526695280763e-06,0.0499999999992724,0.190000000000509,8.75,NA,NA,NA
18,3,54,295,2000,342,TRUE,TRUE,TRUE,0.000545927144109949,0.000513107572441147,0.000506270314966266,6.66133814775094e-16,4.44089209850063e-16,2.51658005545607e-09,0.0186401814198181,0.833614255352836,0.00168001021346286,0.000126331526814738,0.0819032821683589,3.66282613017594,0.00738181391371437,0.00742943366954307,1.177818180894e-06,0.069999999999709,0.170000000000073,8.69000000000051,NA,NA,NA
18,3,54,295,2000,343,TRUE,TRUE,TRUE,0.000454272293723269,0.000436932439610048,0.000439331632003881,4.44089209850063e-16,5.55111512312578e-16,1.51073997756157e-09,0.0242632601419415,1.08508598066285,0.00221351457558519,0.000166845997554788,0.0753009546333058,3.36756106661399,0.00686963580579096,0.00757534265153481,1.9956128566628e-06,0.0600000000013097,0.18999999999869,8.75,NA,NA,NA
18,3,54,295,2000,344,TRUE,TRUE,TRUE,0.000434903423489605,0.000419353675016322,0.000419231220025452,4.44089209850063e-16,5.55111512312578e-16,7.98971111493074e-10,0.0138339715037352,0.618674013622939,0.00126782660824508,0.000119843942840703,0.0911109623307901,4.07460610534139,0.00834994508370948,0.00854508796703612,6.48741584970028e-07,0.0599999999994907,0.170000000000073,8.67000000000007,NA,NA,NA
18,3,54,295,2000,345,TRUE,TRUE,TRUE,0.000639243732563514,0.000595878362098457,0.000603312450217291,4.44089209850063e-16,4.44089209850063e-16,2.67043720469928e-10,0.0168318120200575,0.752741517226931,0.00156457812963122,0.000127640948335284,0.0708741697303458,3.16958922731822,0.0065880117829103,0.00634055368842468,9.60372528401868e-07,0.0400000000008731,0.170000000000073,8.76000000000022,NA,NA,NA
18,3,54,295,2000,346,TRUE,TRUE,TRUE,0.000830765937305593,0.000829806447768948,0.0008285304933546,4.44089209850063e-16,4.44089209850063e-16,2.9422908554011e-10,0.0213714773582027,0.955761523050778,0.00200789622050102,0.000137481087605806,0.0694788538333527,3.10718880340297,0.00652768761272307,0.00617327049708649,1.5482713371938e-06,0.0499999999992724,0.170000000000073,8.57999999999993,NA,NA,NA
18,3,54,295,2000,347,TRUE,TRUE,TRUE,0.000726100278246013,0.00061172027471322,0.000629076924318665,4.44089209850063e-16,4.44089209850063e-16,6.26120932878393e-10,0.0306685473427777,1.37153913259243,0.00284673798730695,0.000300216060381331,0.130361882686093,5.82996062721916,0.0121005445543787,0.00937726996721722,3.18833829191931e-06,0.0599999999994907,0.190000000000509,8.72999999999956,NA,NA,NA
18,3,54,295,2000,348,TRUE,TRUE,TRUE,0.000592102448963619,0.000586303005869363,0.000583695344668509,4.44089209850063e-16,4.44089209850063e-16,1.32209976300146e-09,0.0136284720593538,0.609483799083431,0.00122441920323265,0.000101096038008563,0.0585907153386747,2.62025644695232,0.00526395010969505,0.00554210222230722,6.29611019229105e-07,0.0399999999990541,0.190000000000509,8.71999999999935,NA,NA,NA
18,3,54,295,2000,349,TRUE,TRUE,TRUE,0.000450581481699701,0.000414351861075369,0.000424066790552905,4.44089209850063e-16,6.66133814775094e-16,1.33129218760075e-09,0.0231346399221977,1.03461255002029,0.00212265629988764,0.000277042691379847,0.10720536859345,4.79436983455751,0.009836338572459,0.0128238146329664,1.81427648925337e-06,0.170000000000073,0.170000000000073,8.56000000000131,NA,NA,NA
18,3,54,295,2000,350,TRUE,TRUE,TRUE,0.000580294991144299,0.000530391271908502,0.000534100731945781,2.22044604925031e-16,4.44089209850063e-16,5.88196602535618e-10,0.0169520970349807,0.758120826627789,0.00152649733296985,0.000135935791206521,0.0774753654742647,3.46480367564192,0.00697647839811718,0.00704560281083388,9.74147775875937e-07,0.0599999999994907,0.170000000000073,8.70999999999913,NA,NA,NA
18,3,54,295,2000,351,TRUE,TRUE,TRUE,0.000550932739656362,0.000534619828326659,0.000534193202060134,6.66133814775094e-16,6.66133814775094e-16,1.46999079575494e-09,0.00995782982437837,0.445327687913697,0.000914420579395053,9.96488419247044e-05,0.0712674306199607,3.18717638895964,0.00654443853217479,0.00630400297777101,3.36130084106032e-07,0.0599999999994907,0.190000000000509,8.64999999999964,NA,NA,NA
18,3,54,295,2000,352,TRUE,TRUE,TRUE,0.000509907693172659,0.000483737560641693,0.000485777635109507,4.44089209850063e-16,4.44089209850063e-16,7.87547804748101e-12,0.0156562946979304,0.70017078440684,0.00144377041824476,0.000120399016857675,0.0733672446924986,3.28108292908575,0.00676567857202867,0.00644518573510311,8.30913775147271e-07,0.0499999999992724,0.170000000000073,8.68999999999869,NA,NA,NA
18,3,54,295,2000,353,TRUE,TRUE,TRUE,0.000561106322255748,0.000571309645635198,0.000554828550716326,5.55111512312578e-16,4.44089209850063e-16,2.86642465319176e-09,0.0221172499909022,0.98911348910028,0.00197913118103856,0.000142431287201816,0.0779815428642488,3.48744061669548,0.00697806929394996,0.00703507132823233,1.65821270223751e-06,0.0499999999992724,0.170000000000073,8.70999999999913,NA,NA,NA
18,3,54,295,2000,354,TRUE,TRUE,TRUE,0.00053944924103709,0.000516404132197475,0.000511689785243816,4.44089209850063e-16,4.44089209850063e-16,2.16697770838437e-11,0.0127326742095867,0.569422501359885,0.00114888377120657,9.56446776001485e-05,0.0769176479710256,3.43986179065224,0.00694036743724708,0.0059642609734567,5.4956268653381e-07,0.0499999999992724,0.170000000000073,8.71999999999935,NA,NA,NA
18,3,54,295,2000,355,TRUE,TRUE,TRUE,0.000513738167021079,0.000495365649814191,0.000509408711498517,4.44089209850063e-16,6.66133814775094e-16,1.41433309508443e-09,0.0261113978424661,1.16773721126591,0.00241098320492957,0.000191613880986097,0.082099077276298,3.67158235359621,0.00758057832244629,0.00713078166116077,2.31120371961879e-06,0.0499999999992724,0.170000000000073,8.71999999999935,NA,NA,NA
18,3,54,295,2000,356,TRUE,TRUE,TRUE,0.000482138167470689,0.00045893553362089,0.00045731169784287,4.44089209850063e-16,4.44089209850063e-16,6.09572725629448e-09,0.00771952960957501,0.345227859226643,0.00069769292598828,4.54265400833265e-05,0.0620508442256674,2.77499811499685,0.00560817009033175,0.00411112934807534,2.02003855569848e-07,0.0599999999994907,0.170000000000073,8.69999999999891,NA,NA,NA
18,3,54,295,2000,357,TRUE,TRUE,TRUE,0.000551579065823396,0.00050931880887129,0.000510862377032123,4.44089209850063e-16,4.44089209850063e-16,1.21585519430312e-09,0.0141061263191333,0.630845146975618,0.00128893927759848,0.000185939514658173,0.124669169724731,5.57537476405916,0.0113915745491262,0.0142088104140186,6.74517965190998e-07,0.069999999999709,0.180000000000291,8.77000000000044,NA,NA,NA
18,3,54,295,2000,358,TRUE,TRUE,TRUE,0.000570875881819183,0.000537762323392292,0.000536540769921122,2.22044604925031e-16,4.44089209850063e-16,6.41810604662396e-10,0.0097091622655006,0.434206936604704,0.000869856245177071,0.000103443641719991,0.100237931807112,4.48277658889379,0.00898044430628884,0.00967515031532429,3.19551972534986e-07,0.0400000000008731,0.169999999998254,8.61000000000058,NA,NA,NA
18,3,54,295,2000,359,TRUE,TRUE,TRUE,0.000448716812511019,0.000423321459388451,0.000420104883679177,4.44089209850063e-16,4.44089209850063e-16,1.36811340034626e-09,0.0285448427235031,1.27656417473587,0.00260539988061812,0.000265413417665172,0.0999597363037821,4.47033530776421,0.00912371763807465,0.0102795561575277,2.76206117325264e-06,0.0599999999994907,0.190000000000509,8.75,NA,NA,NA
18,3,54,295,2000,360,TRUE,TRUE,TRUE,0.000736459898887823,0.000671143430845847,0.000680871287331275,4.44089209850063e-16,4.44089209850063e-16,6.14459150227731e-10,0.0230840415448432,1.03234972179397,0.00214733451056171,0.000353924480108958,0.149058083591333,6.66608015012135,0.0138657507764435,0.0216790421335986,1.80634906455609e-06,0.0399999999990541,0.190000000000509,8.72999999999956,NA,NA,NA
18,3,54,295,2000,361,TRUE,TRUE,TRUE,0.000498719133751983,0.000440579518332063,0.000441286842234581,4.44089209850063e-16,6.66133814775094e-16,1.12310161171081e-12,0.0152342431836988,0.681296066890266,0.0013805143378825,0.000136142347514578,0.0858267068782577,3.83828701729466,0.00777754418056404,0.00865332527064311,7.86719204678213e-07,0.149999999999636,0.170000000000073,8.59000000000015,NA,NA,NA
18,3,54,295,2000,362,TRUE,TRUE,TRUE,0.000561370135480964,0.000520652776589229,0.000526138894425454,4.44089209850063e-16,4.44089209850063e-16,1.92259452802546e-09,0.0113456775442838,0.507394124796229,0.00105146703888802,0.000164659521139754,0.110190842222565,4.92788427415218,0.0102119981933305,0.0122134414980977,4.3635389470802e-07,0.0599999999994907,0.190000000000509,8.7599999999984,NA,NA,NA
18,3,54,295,2000,363,TRUE,TRUE,TRUE,0.000614311971896587,0.000607440227602564,0.000596473419888571,8.88178419700125e-16,4.44089209850063e-16,1.02770569831989e-09,0.017013381756535,0.760861562695339,0.00155530500638981,0.000132935949849866,0.0639194359971807,2.85856407946286,0.00584329560311208,0.00513157465485392,9.81203928113887e-07,0.0599999999994907,0.190000000000509,8.70000000000073,NA,NA,NA
18,3,54,295,2000,364,TRUE,TRUE,TRUE,0.000520352510602923,0.000508555404192016,0.00050242788434431,4.44089209850063e-16,4.44089209850063e-16,1.48577061764854e-09,0.0108302623873811,0.484344058246868,0.000986416258404886,9.06053583307198e-05,0.0758655788208495,3.39281182791575,0.0069098086200919,0.00687615410969755,3.97608757218721e-07,0.0400000000008731,0.170000000000073,8.70999999999913,NA,NA,NA
18,3,54,295,2000,365,TRUE,TRUE,TRUE,0.000490524891090581,0.000467525988625967,0.000475350823056838,4.44089209850063e-16,4.44089209850063e-16,8.23426282714479e-09,0.0158228387130774,0.707618859189126,0.00144939322932308,0.000136601978482531,0.112433103438508,5.0281612441954,0.0102990229395988,0.0107561087553876,8.4868550827139e-07,0.0499999999992724,0.180000000000291,8.69000000000051,NA,NA,NA
18,3,54,295,2000,366,TRUE,TRUE,TRUE,0.000462047130346342,0.000407686728374355,0.000418567390176041,2.22044604925031e-16,6.66133814775094e-16,8.73545680235566e-12,0.025302423838384,1.13155879396275,0.00230674786277579,0.000162924895342087,0.10005425873493,4.47456247939312,0.00912165367921356,0.0100805124811103,2.17021237999058e-06,0.0400000000008731,0.170000000000073,8.65999999999985,NA,NA,NA
18,3,54,295,2000,367,TRUE,TRUE,TRUE,0.000615246031844899,0.000552151496387831,0.000556668436045058,4.44089209850063e-16,4.44089209850063e-16,3.40882877480908e-12,0.0148811233569164,0.665504068152499,0.00134231692726656,0.00010788790910965,0.0884900041292873,3.95739329124647,0.0079820338550868,0.00877396771147687,7.50670618182247e-07,0.069999999999709,0.180000000000291,8.69000000000051,NA,NA,NA
18,3,54,295,2000,368,TRUE,TRUE,TRUE,0.000402081949650607,0.000372284631738193,0.000373680449121216,4.44089209850063e-16,6.66133814775094e-16,1.16784848458451e-09,0.0113676605360539,0.508377234075166,0.00103872680305299,9.45300901946666e-05,0.0966460139522066,4.32214113903054,0.00883108752077833,0.00910195809065328,4.38046461230366e-07,0.0399999999990541,0.170000000000073,8.68000000000029,NA,NA,NA
18,3,54,295,2000,369,TRUE,TRUE,TRUE,0.000596500398059841,0.000518365573502743,0.00051821778599289,6.66133814775094e-16,3.33066907387547e-16,4.00613320294951e-10,0.02985732523808,1.33526017717334,0.00269107916298027,0.000349398637908394,0.130318240401699,5.82800888492715,0.0117457507832612,0.0112890515719926,3.02189786566946e-06,0.0600000000013097,0.18999999999869,8.78000000000065,NA,NA,NA
18,3,54,295,2000,370,TRUE,TRUE,TRUE,0.000851440270907616,0.000818833502871866,0.000826047763286961,4.44089209850063e-16,4.44089209850063e-16,6.77882638910887e-10,0.0261102094800801,1.16768406608437,0.00246027807374396,0.000215872940572126,0.0858288135881881,3.83838123222692,0.00808736323343467,0.00819233088296301,2.31099335285988e-06,0.0500000000010914,0.170000000000073,8.61999999999898,NA,NA,NA
18,3,54,295,2000,371,TRUE,TRUE,TRUE,0.000659834690519489,0.000655260898598752,0.000652433915202247,4.44089209850063e-16,4.44089209850063e-16,1.08597797421339e-09,0.00934850866447727,0.418078017240339,0.000874696857628179,5.90787031313766e-05,0.054099834759274,2.41941816186485,0.0050618721296106,0.00366982996442289,2.96252929660362e-07,0.0499999999992724,0.190000000000509,8.75,NA,NA,NA
18,3,54,295,2000,372,TRUE,TRUE,TRUE,0.000495377898075652,0.000465473898215617,0.000464732437470609,3.33066907387547e-16,4.44089209850063e-16,7.30919103020256e-09,0.0103553536375063,0.463105493290277,0.000936330160231603,7.78673555714704e-05,0.0692423091757305,3.09661020471982,0.00626088347292122,0.00542696759598016,3.63502877823103e-07,0.0599999999994907,0.190000000000509,8.71999999999935,NA,NA,NA
18,3,54,295,2000,373,TRUE,TRUE,TRUE,0.000456546725747489,0.000435569239280753,0.000423084549076333,6.66133814775094e-16,4.44089209850063e-16,3.63405350256585e-09,0.0303441374996205,1.35703108335504,0.00275476669148004,0.000221052397108679,0.0744232000432275,3.32830668799444,0.00675644686078171,0.00680083619997163,3.12124298507075e-06,0.170000000000073,0.180000000000291,8.60999999999876,NA,NA,NA
18,3,54,295,2000,374,TRUE,TRUE,TRUE,0.000497272611067594,0.000488704706853316,0.000486082179004704,4.44089209850063e-16,4.44089209850063e-16,1.03839048470888e-09,0.0200673031752413,0.897437080498738,0.00184090614141528,0.000150614185457698,0.0752186211901441,3.36387900309937,0.00690030047827095,0.00601714439303436,1.36507341263406e-06,0.0499999999992724,0.170000000000073,8.77999999999884,NA,NA,NA
18,3,54,295,2000,375,TRUE,TRUE,TRUE,0.000505164733565523,0.000506249449515526,0.000510748306208552,4.44089209850063e-16,4.44089209850063e-16,1.83461157376996e-09,0.0174445413394525,0.780143605426419,0.0015824593955815,0.000126645126726999,0.0690924482604375,3.08990822084451,0.00626763362738488,0.00647602569422645,1.0315661781148e-06,0.0399999999990541,0.170000000000073,8.69999999999891,NA,NA,NA
18,3,54,295,2000,376,TRUE,TRUE,TRUE,0.000436522195742765,0.000394782964314504,0.000399046340657278,4.44089209850063e-16,6.66133814775094e-16,3.45270478874227e-11,0.0171144166050117,0.765379978481145,0.00155656335067103,0.00016716060014943,0.122106773341759,5.46078091410663,0.0111056621232896,0.0131221846840575,9.92892392304741e-07,0.0399999999990541,0.170000000000073,8.76000000000022,NA,NA,NA
18,3,54,295,2000,377,TRUE,TRUE,TRUE,0.000577005343642668,0.000525875540102572,0.000525280563298529,4.44089209850063e-16,4.44089209850063e-16,4.09149469859926e-09,0.0192420169483089,0.860529158412437,0.00174037325820492,0.000149424587448266,0.084849048100077,3.79456478755843,0.00767430018870734,0.0068876546849026,1.25510242792884e-06,0.0499999999992724,0.170000000000073,8.69000000000051,NA,NA,NA
18,3,54,295,2000,378,TRUE,TRUE,TRUE,0.000627167485785823,0.000611385248906143,0.000612363891495761,4.44089209850063e-16,4.44089209850063e-16,3.97530186546646e-09,0.0193741348027356,0.866437648483227,0.00173153703879915,0.000112943128186771,0.0711742449135168,3.18300899747685,0.00636110167143645,0.00542703725894,1.27239694696465e-06,0.069999999999709,0.170000000000073,8.63999999999942,NA,NA,NA
18,3,54,295,2000,379,TRUE,TRUE,TRUE,0.0004914213016356,0.00049308015555213,0.000496003580704705,4.44089209850063e-16,4.44089209850063e-16,7.59747820211487e-12,0.00782705364665653,0.350036480349232,0.000722495156867239,5.17079475201854e-05,0.0443485423451301,1.98332710773478,0.00409369968636478,0.00338400505225422,2.07670402669964e-07,0.0499999999992724,0.180000000000291,8.73999999999978,NA,NA,NA
18,3,54,295,2000,380,TRUE,TRUE,TRUE,0.000415016832971064,0.00035788345812502,0.000353308345221334,2.22044604925031e-16,4.44089209850063e-16,7.64755814230966e-10,0.0219402057792108,0.98119583125298,0.00200010422879958,0.000219481278307398,0.118485508783594,5.29883303977529,0.0108013283719557,0.0122160304453018,1.63177162587835e-06,0.0499999999992724,0.180000000000291,8.71999999999935,NA,NA,NA
18,3,54,295,2000,381,TRUE,TRUE,TRUE,0.000518947461062134,0.000471413349996067,0.000471543957886644,3.33066907387547e-16,4.44089209850063e-16,1.43926204287936e-09,0.0132380182333833,0.592022173144536,0.00119333097788002,0.000132151390864976,0.0954411009648887,4.26825579209824,0.00860346468304179,0.00926642318344761,5.94051277109794e-07,0.0599999999994907,0.170000000000073,8.75,NA,NA,NA
18,3,54,295,2000,382,TRUE,TRUE,TRUE,0.00045477610512369,0.000433646756857217,0.000431565420394207,4.44089209850063e-16,4.44089209850063e-16,1.83697501654478e-12,0.0121673400358666,0.544139988511047,0.00111828270573381,8.7969427141843e-05,0.0644324351073199,2.88150609711623,0.00592189234922622,0.00480435360526599,5.01844622197971e-07,0.0499999999992724,0.170000000000073,8.61000000000058,NA,NA,NA
18,3,54,295,2000,383,TRUE,TRUE,TRUE,0.000424968602828217,0.000415411904186635,0.000412732295323895,4.44089209850063e-16,4.44089209850063e-16,5.69226887847663e-10,0.0162638575714162,0.727341822121225,0.0014958848960998,0.000111973668765586,0.0755055595268622,3.37671127562441,0.00694470088488131,0.00661060148338777,8.96654451197666e-07,0.0599999999994907,0.170000000000073,8.72999999999956,NA,NA,NA
18,3,54,295,2000,384,TRUE,TRUE,TRUE,0.000533676479029767,0.000522415381417655,0.000525110060917087,4.44089209850063e-16,4.44089209850063e-16,6.37578878581735e-12,0.0139874956910752,0.625539824004591,0.00129654323587787,0.000105236663230812,0.0828191005963327,3.70378277537587,0.00767675265474275,0.00724098366941917,6.632204600266e-07,0.0599999999994907,0.170000000000073,8.77999999999884,NA,NA,NA
18,3,54,295,2000,385,TRUE,TRUE,TRUE,0.000588965008030466,0.000545184452941994,0.00056351756215001,4.44089209850063e-16,4.44089209850063e-16,7.61768426116305e-12,0.0220508196184896,0.986142632530574,0.00198986138483922,0.000156456258778803,0.0845737779271593,3.78225433118199,0.00763192016346237,0.00777259205597147,1.64826659609209e-06,0.0499999999992724,0.190000000000509,8.61000000000058,NA,NA,NA
18,3,54,295,2000,386,TRUE,TRUE,TRUE,0.00050770802543871,0.00048254134487731,0.000477869578768529,4.44089209850063e-16,4.44089209850063e-16,2.30717667193403e-11,0.0126487907232422,0.565671117806767,0.00116162467940876,0.000114213990123346,0.0789401236242099,3.53030965151941,0.00724960969027369,0.00669760184791812,5.4234544664535e-07,0.170000000000073,0.170000000000073,8.6299999999992,NA,NA,NA
18,3,54,295,2000,387,TRUE,TRUE,TRUE,0.000513732955436829,0.000495015918846323,0.000498720531166264,4.44089209850063e-16,4.44089209850063e-16,7.79398767747352e-12,0.0150882578411689,0.674767403897958,0.00139479445548546,0.00011845092771523,0.0891263288153125,3.98585059632074,0.00823904990078966,0.00777753791526692,7.71713642988458e-07,0.0499999999992724,0.190000000000509,8.63999999999942,NA,NA,NA
18,3,54,295,2000,388,TRUE,TRUE,TRUE,0.000596609949674559,0.000568509973488465,0.000562155931369017,4.44089209850063e-16,4.44089209850063e-16,3.13304937549219e-12,0.0205936237450031,0.920974851937615,0.00185970784959007,0.000142577260405119,0.0794315830917299,3.55228838707062,0.00717307164635847,0.00730495241248263,1.43761809813816e-06,0.0600000000013097,0.299999999999272,8.57999999999993,NA,NA,NA
18,3,54,295,2000,389,TRUE,TRUE,TRUE,0.000486760200794189,0.000465948095766152,0.00046523670170619,4.44089209850063e-16,3.33066907387547e-16,2.2003061594944e-09,0.0173623122610877,0.776466209247403,0.00159903664769418,0.000117697885002599,0.0858028513113312,3.83722016390887,0.00790228292523972,0.00797844666868741,1.02186402390344e-06,0.070000000001528,0.179999999998472,8.77000000000044,NA,NA,NA
18,3,54,295,2000,390,TRUE,TRUE,TRUE,0.000533794322978962,0.000535575167611027,0.000537874506809566,4.44089209850063e-16,4.44089209850063e-16,3.28904525837004e-09,0.0149106719230149,0.666825520201175,0.00134610730030384,0.00011502982680156,0.0594998023079615,2.66091205216802,0.00537152977859817,0.00596461377177349,7.5365470235859e-07,0.0599999999994907,0.190000000000509,8.69000000000051,NA,NA,NA
18,3,54,295,2000,391,TRUE,TRUE,TRUE,0.000771833845495785,0.000726654779584545,0.000721235717085689,4.44089209850063e-16,4.44089209850063e-16,1.59035762337112e-09,0.0103487214495628,0.462808892828651,0.0009216512757406,8.56533292292738e-05,0.0856829661786688,3.83185873778638,0.00763087647809334,0.0073412855385655,3.63037408951326e-07,0.0400000000008731,0.170000000000073,8.64999999999964,NA,NA,NA
18,3,54,295,2000,392,TRUE,TRUE,TRUE,0.000562971147853058,0.000540754080254744,0.00054432249004641,4.44089209850063e-16,4.44089209850063e-16,3.42690320564998e-11,0.012671973456461,0.566707881154396,0.00117208063198248,7.84317880686558e-05,0.0859511423142763,3.84385193916961,0.00794995898227422,0.00664486649580454,5.44335292478823e-07,0.0599999999994907,0.190000000000509,8.7400000000016,NA,NA,NA
18,3,54,295,2000,393,TRUE,TRUE,TRUE,0.000610196302470375,0.000582041632082814,0.000574634437222477,4.44089209850063e-16,6.66133814775094e-16,2.02572270069368e-09,0.0183718891457015,0.821615860097583,0.00166885817820684,9.75303177384035e-05,0.0753648430102724,3.37041824169138,0.00684596089218158,0.00620194755686754,1.14415698570151e-06,0.0400000000008731,0.190000000000509,8.63999999999942,NA,NA,NA
18,3,54,295,2000,394,TRUE,TRUE,TRUE,0.000575639460898395,0.000547537288711806,0.000550790535915124,3.33066907387547e-16,6.66133814775094e-16,5.56399371021143e-12,0.0229797008853728,1.02768346564611,0.00210761470208244,0.000157234401044093,0.0933531347749657,4.17487910539046,0.00856201045951993,0.00829347464693342,1.79005645010577e-06,0.0499999999992724,0.170000000000073,8.81999999999971,NA,NA,NA
18,3,54,295,2000,395,TRUE,TRUE,TRUE,0.000440989096509968,0.000449545084188204,0.000442870237591851,2.22044604925031e-16,4.44089209850063e-16,3.12234016419666e-10,0.0149915084729534,0.670440640615758,0.0013844294389517,8.50446256350779e-05,0.0719670600222395,3.2184647670107,0.00664598340516188,0.00575177723045783,7.61848563710623e-07,0.0499999999992724,0.180000000000291,8.75,NA,NA,NA
18,3,54,295,2000,396,TRUE,TRUE,TRUE,0.000524286730521143,0.000507219287703623,0.000510437446167334,6.66133814775094e-16,5.55111512312578e-16,5.59385426868175e-10,0.0105643477633858,0.47245199473757,0.000958411136176207,9.84910527250804e-05,0.0579626113377896,2.59216678209395,0.00525844220885311,0.0053693846161309,3.78323537850015e-07,0.0500000000010914,0.170000000000073,8.77000000000044,NA,NA,NA
18,3,54,295,2000,397,TRUE,TRUE,TRUE,0.00107410689085731,0.00100292896668565,0.00101791208432951,4.44089209850063e-16,6.66133814775094e-16,3.36410455048508e-10,0.0439863746129407,1.96713047436613,0.00414479161247601,0.000584946241630746,0.163834839502103,7.32691676418939,0.0154379913001489,0.0177272386538903,6.55864797149136e-06,0.0400000000008731,0.170000000000073,8.64000000000124,NA,NA,NA
18,3,54,295,2000,398,TRUE,TRUE,TRUE,0.000402286603133508,0.000388636299596381,0.000392627877044522,4.44089209850063e-16,5.55111512312578e-16,1.19772192164191e-09,0.0177899793951175,0.795592064916065,0.00160764284923344,0.000158468220533337,0.0986291871491141,4.41083134061936,0.00891291124763738,0.0105481028659185,1.07282497247018e-06,0.069999999999709,0.170000000000073,8.80000000000109,NA,NA,NA
18,3,54,295,2000,399,TRUE,TRUE,TRUE,0.000494498265767781,0.00046656745333538,0.000476546603259106,4.44089209850063e-16,6.66133814775094e-16,1.49993217846145e-09,0.0188303115816573,0.842117134681747,0.00169599061005318,0.000122689981679969,0.0740060270374738,3.30965014400958,0.00666550451906278,0.00740844460122503,1.2019682517366e-06,0.0599999999994907,0.190000000000509,8.67000000000007,NA,NA,NA
18,3,54,295,2000,400,TRUE,TRUE,TRUE,0.000772887721249193,0.000773456897649532,0.000771413744890693,4.44089209850063e-16,4.44089209850063e-16,8.22614287798729e-09,0.0169147539641209,0.756450793729166,0.00150827694643351,0.000159792749400367,0.105127587570208,4.70144864235094,0.00937415448682562,0.00898270524476175,9.69860683616075e-07,0.170000000000073,0.190000000000509,8.55999999999949,NA,NA,NA
18,3,54,295,2000,401,TRUE,TRUE,TRUE,0.000457461461411215,0.000434126233383701,0.000441339976471778,4.44089209850063e-16,4.44089209850063e-16,1.98258875983015e-09,0.0212645180568652,0.950978157678445,0.00192375907036452,0.000124261253148461,0.0911380687565939,4.07581834155587,0.00824508159353271,0.00841153337719902,1.53281263793473e-06,0.0499999999992724,0.180000000000291,8.77000000000044,NA,NA,NA
18,3,54,295,2000,402,TRUE,TRUE,TRUE,0.000513792114208724,0.000495798731327202,0.000499477043409715,4.44089209850063e-16,4.44089209850063e-16,7.81349651646224e-10,0.0120321345114055,0.538093413638477,0.00107901480440839,8.70092165712322e-05,0.0581366501884151,2.59995003610844,0.00521356424103706,0.00509396449501764,4.90753426781541e-07,0.0599999999994907,0.190000000000509,8.82999999999993,NA,NA,NA
18,3,54,295,2000,403,TRUE,TRUE,TRUE,0.000526715878804775,0.000524404836318202,0.000531719234772989,8.88178419700125e-16,4.44089209850063e-16,3.52959039773282e-09,0.0312829647452671,1.39901671416293,0.00284693446706717,0.000321109951165965,0.124228214168331,5.55565463207581,0.0113055008557503,0.00708519169074151,3.317369095775e-06,0.0399999999990541,0.190000000000509,8.72999999999956,NA,NA,NA
18,3,54,295,2000,404,TRUE,TRUE,TRUE,0.000414350909256853,0.00040897548189303,0.000397981808232202,4.44089209850063e-16,4.44089209850063e-16,1.47169854081142e-09,0.0370030492449811,1.654826669731,0.003365259671567,0.000317759830608111,0.0969392944889392,4.33525704336278,0.00881618961113134,0.00828575872614579,4.64144289297118e-06,0.0400000000008731,0.18999999999869,8.75,NA,NA,NA
18,3,54,295,2000,405,TRUE,TRUE,TRUE,0.000512925049639687,0.000466034811086044,0.000477188814671953,4.44089209850063e-16,4.44089209850063e-16,9.3571121961844e-09,0.0316092796668644,1.41360996109822,0.00290061797082786,0.000260361654085273,0.103973927622097,4.64985540101303,0.00954114254221238,0.0113121958100848,3.38693749511204e-06,0.0499999999992724,0.170000000000073,8.61999999999898,NA,NA,NA
18,3,54,295,2000,406,TRUE,TRUE,TRUE,0.000461638484149014,0.000452212802379741,0.000445616305803817,4.44089209850063e-16,4.44089209850063e-16,5.17275999811773e-10,0.0119311830904753,0.533578728845978,0.00108290838053712,7.26487767579442e-05,0.0615962013416292,2.75466586711293,0.0055906478122317,0.00457572085681335,4.82552982842186e-07,0.0599999999994907,0.190000000000509,8.70000000000073,NA,NA,NA
18,3,54,295,2000,407,TRUE,TRUE,TRUE,0.000617031587956476,0.000581923388479634,0.000584464533720536,4.44089209850063e-16,4.44089209850063e-16,1.53637613742319e-09,0.0114253901509727,0.510958980940632,0.00102666225616363,0.000138953007507325,0.0928235451225568,4.15119513613112,0.00834093444524669,0.0100767227390008,4.42506915599812e-07,0.0400000000008731,0.170000000000073,8.67000000000007,NA,NA,NA
18,3,54,295,2000,408,TRUE,TRUE,TRUE,0.000581954301642302,0.000559189819424946,0.000558304220375816,4.44089209850063e-16,4.44089209850063e-16,5.1183457472348e-09,0.0114889013939182,0.513799290071865,0.00103409969198819,0.000127114606883083,0.10201157940288,4.56209652073915,0.00918191733246045,0.00991750327506224,4.47440187251445e-07,0.070000000001528,0.170000000000073,8.7400000000016,NA,NA,NA
18,3,54,295,2000,409,TRUE,TRUE,TRUE,0.00049401234715157,0.000487933767570888,0.00048910766339725,4.44089209850063e-16,4.44089209850063e-16,2.33362751345112e-09,0.0115723999762818,0.517533460195659,0.00104363132084351,0.000151675706234755,0.118544581163495,5.30147483691632,0.010690681109542,0.0126130189081124,4.53967597325579e-07,0.0400000000008731,0.169999999998254,8.56000000000131,NA,NA,NA
18,3,54,295,2000,410,TRUE,TRUE,TRUE,0.000555631475690614,0.00053434119005558,0.000534676338168511,4.44089209850063e-16,4.44089209850063e-16,2.63607646822095e-09,0.0257046323689466,1.14954610627212,0.00233946176739398,0.000188394955621618,0.079902660746776,3.5733556202579,0.00727219970498238,0.00815506851337489,2.23975635668712e-06,0.0599999999994907,0.190000000000509,8.71999999999935,NA,NA,NA
18,3,54,295,2000,411,TRUE,TRUE,TRUE,0.000518420814512099,0.000465177176116815,0.000466223325515195,6.66133814775094e-16,4.44089209850063e-16,1.34886879443741e-09,0.0162658218434174,0.727429667035643,0.00147700914582468,0.000184918528226774,0.121452690485542,5.43152943951829,0.0110284458024331,0.0117969397378985,8.96871051667095e-07,0.0499999999992724,0.170000000000073,8.75,NA,NA,NA
18,3,54,295,2000,412,TRUE,TRUE,TRUE,0.000545483946448078,0.000522162370369845,0.000531066105351546,4.44089209850063e-16,5.55111512312578e-16,8.21634760228562e-10,0.0118967413473953,0.532038447270168,0.00109082238052998,7.30465647791334e-05,0.0744356146816994,3.32886188750523,0.00682506511928836,0.00675135393356641,4.79771032836698e-07,0.0500000000010914,0.18999999999869,8.67000000000007,NA,NA,NA
18,3,54,295,2000,413,TRUE,TRUE,TRUE,0.000623860784138522,0.000602031928225579,0.000603993184686059,4.44089209850063e-16,6.66133814775094e-16,3.87687659753055e-11,0.0162592474556335,0.727135651475738,0.00150008912216713,0.000156879067809257,0.0999087391128219,4.46805464405123,0.00921764756711732,0.00726393462539221,8.96146196011943e-07,0.0499999999992724,0.170000000000073,8.77999999999884,NA,NA,NA
18,3,54,295,2000,414,TRUE,TRUE,TRUE,0.00089434495896417,0.000856217481885339,0.000848352172333442,4.44089209850063e-16,4.44089209850063e-16,9.35581168093336e-09,0.0255626366082938,1.14319586280539,0.00226494860898795,0.000191053221797688,0.0952793785735268,4.26102334688686,0.00844212196387159,0.0084519937916383,2.21507928938198e-06,0.0499999999992724,0.190000000000509,8.72999999999956,NA,NA,NA
18,3,54,295,2000,415,TRUE,TRUE,TRUE,0.000814053870540272,0.000796740939249539,0.00080277717778164,4.44089209850063e-16,4.44089209850063e-16,6.21099571773698e-09,0.0200803008176375,0.898018352737641,0.001785140666977,0.000148649297187831,0.086227145051553,3.85619515682014,0.00766560145820374,0.00821008924797439,1.36684230822648e-06,0.0500000000010914,0.169999999998254,8.6200000000008,NA,NA,NA
18,3,54,295,2000,416,TRUE,TRUE,TRUE,0.000606842921343537,0.000587260858951848,0.000588342886742431,2.22044604925031e-16,4.44089209850063e-16,3.37490035917654e-11,0.015837829333655,0.708289260121855,0.00146897828605737,0.00014631391118769,0.0992447299104188,4.43835924976606,0.00920507161510051,0.00946089176136411,8.50294366108414e-07,0.0500000000010914,0.190000000000509,8.77000000000044,NA,NA,NA
18,3,54,295,2000,417,TRUE,TRUE,TRUE,0.000515321924587013,0.000498254816190433,0.000497216354374924,4.44089209850063e-16,4.44089209850063e-16,2.08641992571756e-11,0.0124177614048839,0.555339172593876,0.00112443037976632,0.000118279043874736,0.0848619750464918,3.79514289817693,0.0076842660861335,0.00839021115470473,5.22714570537713e-07,0.0500000000010914,0.190000000000509,8.77999999999884,NA,NA,NA
18,3,54,295,2000,418,TRUE,TRUE,TRUE,0.00047124654934436,0.000450228910603361,0.000452410646449802,2.22044604925031e-16,2.22044604925031e-16,8.03588307007885e-10,0.011020395536757,0.492847071182477,0.0010125859564223,0.000105979955442592,0.070535624625689,3.15444902996898,0.00648101809823661,0.00597360644356826,4.11691924700247e-07,0.0399999999990541,0.180000000000291,8.59000000000015,NA,NA,NA
18,3,54,295,2000,419,TRUE,TRUE,TRUE,0.000503675096255809,0.000465238385164454,0.000478502888144161,3.33066907387547e-16,6.66133814775094e-16,1.12523768081019e-10,0.0219383655908058,0.981113535525683,0.00201072403070309,0.00018268919513531,0.0943113435695228,4.21773150541581,0.00864394770422683,0.0102384030849549,1.63149791456221e-06,0.0500000000010914,0.190000000000509,8.72000000000116,NA,NA,NA
18,3,54,295,2000,420,TRUE,TRUE,TRUE,0.000670035032972014,0.000601447869775352,0.000622684248094323,4.44089209850063e-16,4.44089209850063e-16,1.42766687361018e-09,0.029207585807126,1.30620294646783,0.00271328526280151,0.00024382853959537,0.104660148630035,4.68054413743981,0.00972257141537552,0.0122175260555863,2.8918070124767e-06,0.0599999999994907,0.190000000000509,8.78000000000065,NA,NA,NA
18,3,54,295,2000,421,TRUE,TRUE,TRUE,0.000441159647108607,0.000466752407345985,0.000460742635431739,4.44089209850063e-16,4.44089209850063e-16,6.61797949774723e-10,0.0172269195569052,0.770411263443212,0.00156188256351401,0.000132838722521456,0.0963016414410972,4.30674033214208,0.00873121013352253,0.00809454578352131,1.00598900820367e-06,0.0500000000010914,0.169999999998254,8.66000000000167,NA,NA,NA
18,3,54,295,2000,422,TRUE,TRUE,TRUE,0.000416211182770899,0.000406360824749176,0.000407876887507834,4.44089209850063e-16,4.44089209850063e-16,1.1383263220921e-09,0.0058271881782836,0.260599777686506,0.000527530781132286,5.35050966021799e-05,0.0613633251249232,2.74425132609498,0.00555517375544238,0.00435464283657439,1.15105498525858e-07,0.0599999999994907,0.190000000000509,8.75,NA,NA,NA
18,3,54,295,2000,423,TRUE,TRUE,TRUE,0.000596376800750921,0.000584698373884182,0.000586449178544941,4.44089209850063e-16,6.66133814775094e-16,2.59148258408004e-12,0.0118619312780565,0.530481693643304,0.00109741640645382,0.000118656214169732,0.0790846732972233,3.53677410941908,0.00731658411610975,0.00695188857667972,4.76967503882489e-07,0.069999999999709,0.170000000000073,8.77999999999884,NA,NA,NA
18,3,54,295,2000,424,TRUE,TRUE,TRUE,0.000515533850450478,0.000486802871235547,0.000497155500403337,4.44089209850063e-16,4.44089209850063e-16,6.1739502399405e-11,0.0242521997078081,1.08459134301119,0.00219847580132293,0.000298273427567608,0.121497440789593,5.43353073395572,0.0110138126321214,0.0150030763952245,1.99379386666917e-06,0.0499999999992724,0.190000000000509,8.6200000000008,NA,NA,NA
18,3,54,295,2000,425,TRUE,TRUE,TRUE,0.000919209295563507,0.00089032761828714,0.000888083136479136,4.44089209850063e-16,4.44089209850063e-16,2.79876122277756e-11,0.00970689494392432,0.434105538901276,0.000858028244571015,0.000115171981008189,0.0887359274121844,3.96839131480263,0.00784369589530928,0.00848674790908888,3.19402743906385e-07,0.0399999999990541,0.190000000000509,8.70000000000073,NA,NA,NA
18,3,54,295,2000,426,TRUE,TRUE,TRUE,0.000838499763707221,0.000824496380838427,0.000824689501664145,5.55111512312578e-16,6.66133814775094e-16,1.62542335147009e-09,0.0132528344438958,0.592684774222033,0.00117665740700694,7.74434127492896e-05,0.0634112787610162,2.83583859699642,0.00562999192043013,0.00520275933850201,5.95381765414614e-07,0.0599999999994907,0.170000000000073,8.63000000000102,NA,NA,NA
18,3,54,295,2000,427,TRUE,TRUE,TRUE,0.000640944104973173,0.000627320354692364,0.000634003503678075,4.44089209850063e-16,4.44089209850063e-16,3.27693427948361e-12,0.0147937538085962,0.661596783168348,0.0013707581981515,0.000112675698154874,0.0755607719747826,3.3791804513595,0.00700130264320775,0.0070164115059157,7.41881870336791e-07,0.180000000000291,0.180000000000291,8.61000000000058,NA,NA,NA
18,3,54,295,2000,428,TRUE,TRUE,TRUE,0.000498169870927534,0.000473085442367967,0.000476517589697109,4.44089209850063e-16,4.44089209850063e-16,1.78633352554414e-09,0.01159132110524,0.518379638806891,0.00106555496235503,0.000100618189833312,0.0841625427367304,3.76386333437121,0.00773680706826416,0.00762372688497237,4.55453304965361e-07,0.0499999999992724,0.170000000000073,8.69000000000051,NA,NA,NA
18,3,54,295,2000,429,TRUE,TRUE,TRUE,0.000482114068123252,0.000459069796012858,0.000458649127648773,4.44089209850063e-16,5.55111512312578e-16,8.96849261522448e-09,0.00664436189995197,0.297144897508045,0.000610264150579017,5.41888499583365e-05,0.0577136291344278,2.58103195945586,0.00530081885828776,0.00389274146758112,1.49652695110282e-07,0.0500000000010914,0.180000000000291,8.65999999999985,NA,NA,NA
18,3,54,295,2000,430,TRUE,TRUE,TRUE,0.000606778674980904,0.000564387767025198,0.000564013397429493,6.66133814775094e-16,4.44089209850063e-16,2.46702658301956e-11,0.0078720048516195,0.352046759348587,0.000710214635512892,7.3776161300998e-05,0.0732824161701953,3.27728928223973,0.00661156153620915,0.00621895406836614,2.10062577572614e-07,0.0499999999992724,0.190000000000509,8.73999999999978,NA,NA,NA
18,3,54,295,2000,431,TRUE,TRUE,TRUE,0.000480544091362248,0.000450866482265158,0.000460560906910667,4.44089209850063e-16,4.44089209850063e-16,2.40929654005129e-09,0.0304256344250683,1.36067573666021,0.00275129687706229,0.000309148214796551,0.0878330832408382,3.92801489599824,0.00794247653959077,0.00884681693142397,3.13803128870474e-06,0.0500000000010914,0.18999999999869,8.84000000000015,NA,NA,NA
18,3,54,295,2000,432,TRUE,TRUE,TRUE,0.000622865382250653,0.000533081622265942,0.000541307538605888,4.44089209850063e-16,6.66133814775094e-16,6.60422827536422e-11,0.0231368577997966,1.03471173652183,0.00208491465973582,0.00018059325130082,0.115140950763495,5.14925985802261,0.0103756118596554,0.012901060748618,1.8146243689763e-06,0.0499999999992724,0.180000000000291,8.67000000000007,NA,NA,NA
18,3,54,295,2000,433,TRUE,TRUE,TRUE,0.000569181915257333,0.000562948279858808,0.000561598899093902,2.22044604925031e-16,4.44089209850063e-16,2.70998734563932e-09,0.0239550975397906,1.0713045301322,0.00215095180422883,0.000209371638774769,0.0832736325577636,3.72411006264998,0.00747722149314096,0.00892625261762703,1.94524304454536e-06,0.0599999999994907,0.190000000000509,8.67000000000007,NA,NA,NA
18,3,54,295,2000,434,TRUE,TRUE,TRUE,0.000506200280624396,0.000471903420878126,0.000466121749187262,6.66133814775094e-16,6.66133814775094e-16,5.14230658055226e-10,0.0258553960490179,1.15628846301567,0.00235814301893883,0.000232751792410113,0.104262451339082,4.66275857389903,0.00950926341629352,0.0111768192033139,2.26610679610701e-06,0.0499999999992724,0.170000000000073,8.69999999999891,NA,NA,NA
18,3,54,295,2000,435,TRUE,TRUE,TRUE,0.000656403319529643,0.000627622683207216,0.000633464474888402,4.44089209850063e-16,4.44089209850063e-16,7.97669486019004e-10,0.0143242985865416,0.640602107390225,0.00132343550045155,0.000113666058936701,0.0732063292401206,3.2738865712828,0.0067636020283148,0.00681616925615458,6.95544169479317e-07,0.0499999999992724,0.170000000000073,8.60999999999876,NA,NA,NA
18,3,54,295,2000,436,TRUE,TRUE,TRUE,0.000443267450528845,0.000426983489998415,0.000427382177901418,4.44089209850063e-16,6.66133814775094e-16,1.46549439250521e-12,0.0235363407773755,1.05257715839624,0.00213686312923795,0.000165310879424396,0.0785665100542166,3.51360114472298,0.00713304927540564,0.00658497565932237,1.87782826165677e-06,0.0399999999990541,0.170000000000073,8.71999999999935,NA,NA,NA
18,3,54,295,2000,437,TRUE,TRUE,TRUE,0.000542788407502578,0.000524971768689578,0.000519459159095632,6.66133814775094e-16,6.66133814775094e-16,1.74689018805907e-09,0.0106022981297428,0.474149186716474,0.000969366121591369,7.67390962153058e-05,0.0540344888321413,2.41649580316243,0.00494036313923724,0.00407580893644877,3.81046527565921e-07,0.0499999999992724,0.180000000000291,8.76999999999862,NA,NA,NA
18,3,54,295,2000,438,TRUE,TRUE,TRUE,0.000400961715982306,0.000374242851989193,0.000372986421277221,4.44089209850063e-16,4.44089209850063e-16,9.353180452365e-10,0.0170180650443433,0.761071005693292,0.00155675848832453,0.000118419102108192,0.0717575013393265,3.20909301780533,0.00656414809908642,0.00666833905647479,9.81744196113558e-07,0.0499999999992724,0.190000000000509,8.61999999999898,NA,NA,NA
18,3,54,295,2000,439,TRUE,TRUE,TRUE,0.000519160664355446,0.000487236317192223,0.000488354957277111,3.33066907387547e-16,4.44089209850063e-16,2.43821096646002e-09,0.00857292970917537,0.383393071920873,0.000786957798257427,8.64123336299372e-05,0.0848928869316928,3.79652531970937,0.00779279915429375,0.00753435085820797,2.49136012876142e-07,0.0599999999994907,0.170000000000073,8.73999999999978,NA,NA,NA
18,3,54,295,2000,440,TRUE,TRUE,TRUE,0.000622224460089159,0.000574160537776536,0.000579517211374055,6.66133814775094e-16,4.44089209850063e-16,6.48752163101562e-11,0.0208410477318453,0.932039989014476,0.00193407229363764,0.000187407935371198,0.103851818441499,4.64439451244314,0.00963756368086416,0.00952302915129621,1.47237040868153e-06,0.0499999999992724,0.180000000000291,8.73999999999978,NA,NA,NA
18,3,54,295,2000,441,TRUE,TRUE,TRUE,0.000461044767823427,0.000478626665656587,0.000468516241332405,4.44089209850063e-16,2.22044604925031e-16,7.47727657568475e-10,0.0198687500542084,0.888557514983254,0.001793183196414,0.000156098688179895,0.0752665485889091,3.36602238153183,0.00679291398872482,0.00604297296658274,1.33819399564952e-06,0.0500000000010914,0.170000000000073,8.6200000000008,NA,NA,NA
18,3,54,295,2000,442,TRUE,TRUE,TRUE,0.000629456197181533,0.000579628255381695,0.000589617643421439,6.66133814775094e-16,4.44089209850063e-16,2.27745311498495e-09,0.0266725466632729,1.19283254944227,0.00240889497857666,0.000219390241689155,0.0962083371447538,4.30256763715775,0.0086889258521507,0.00879939194516766,2.41160930679482e-06,0.0500000000010914,0.169999999998254,8.69000000000051,NA,NA,NA
18,3,54,295,2000,443,TRUE,TRUE,TRUE,0.000624652260833366,0.000546807305555721,0.000548401904774628,5.55111512312578e-16,4.44089209850063e-16,2.52908805009611e-13,0.0172703272110596,0.772352512751872,0.00159990642470779,0.000211549654792975,0.127137211526028,5.68574894883936,0.0117778684245002,0.0134826702835369,1.01106509144768e-06,0.0599999999994907,0.190000000000509,8.75,NA,NA,NA
18,3,54,295,2000,444,TRUE,TRUE,TRUE,0.000519716311082169,0.000504373829182002,0.000504884358354776,4.44089209850063e-16,2.22044604925031e-16,9.34052835077637e-10,0.0122761601012571,0.549006569781629,0.00113335303840165,7.25646113437506e-05,0.057245047198668,2.56007633822811,0.00528494640351039,0.0044009212774796,5.10861379090493e-07,0.0400000000008731,0.169999999998254,8.56000000000131,NA,NA,NA
18,3,54,295,2000,445,TRUE,TRUE,TRUE,0.0006294955155565,0.000634206645401827,0.000619911972451621,4.44089209850063e-16,4.44089209850063e-16,1.11367426391951e-09,0.0198638106663826,0.888336618844337,0.0018370155114254,0.000198991891195988,0.124962328725504,5.58848523313802,0.0115565809636462,0.0127557583117266,1.33752872606744e-06,0.0499999999992724,0.170000000000073,8.70000000000073,NA,NA,NA
18,3,54,295,2000,446,TRUE,TRUE,TRUE,0.000479570935234571,0.000462580701796305,0.000462247462209921,5.55111512312578e-16,4.44089209850063e-16,4.7953441217885e-10,0.0134977237822353,0.603636558371876,0.00122980292224579,0.000106701825444588,0.0588593783502209,2.63227142208947,0.00536278832375724,0.00513530987370814,6.17588295937362e-07,0.0499999999992724,0.170000000000073,8.76000000000022,NA,NA,NA
18,3,54,295,2000,447,TRUE,TRUE,TRUE,0.000424299429553527,0.000398066051142392,0.000398069718224361,4.44089209850063e-16,4.44089209850063e-16,4.55203652549585e-10,0.0197443022389775,0.8829920394931,0.00179371954703474,0.000121252924515147,0.0668160248611834,2.98810347151844,0.00607006560161281,0.00550503847546224,1.32148295221726e-06,0.0500000000010914,0.18999999999869,8.6200000000008,NA,NA,NA
18,3,54,295,2000,448,TRUE,TRUE,TRUE,0.000623451616796019,0.00062157259651126,0.000624213201882546,2.22044604925031e-16,4.44089209850063e-16,3.12772030497399e-11,0.0142638083722337,0.637896902766904,0.00127682450481647,0.000148450198132366,0.0668420587211137,2.98926774112886,0.00598336547297108,0.00663129425245756,6.89682133151881e-07,0.0400000000008731,0.170000000000073,8.70000000000073,NA,NA,NA
18,3,54,295,2000,449,TRUE,TRUE,TRUE,0.000402345224920581,0.00039268995561737,0.000394323353894442,4.44089209850063e-16,4.44089209850063e-16,4.3109382730222e-10,0.00730046687762811,0.326486804117242,0.000665766025411487,6.9861624140799e-05,0.0590883271133831,2.64251032204537,0.00538855957432573,0.0049553434218268,1.80667175021509e-07,0.0400000000008731,0.190000000000509,8.68999999999869,NA,NA,NA
18,3,54,295,2000,450,TRUE,TRUE,TRUE,0.000561961921640803,0.000514914892440491,0.00051934265372548,4.44089209850063e-16,4.44089209850063e-16,1.31709909645394e-09,0.0153526552233402,0.686591614290117,0.00139407685371222,0.000132048327671441,0.0897555916982122,4.01399208795836,0.00815013371025859,0.00847057974809218,7.98996686124591e-07,0.0399999999990541,0.170000000000073,8.63999999999942,NA,NA,NA
18,3,54,295,2000,451,TRUE,TRUE,TRUE,0.000745083022311912,0.000722243758254869,0.000716327588934283,4.44089209850063e-16,5.55111512312578e-16,1.20841603390431e-09,0.0149039287242561,0.666523955184968,0.00133115929906395,0.000119668907288428,0.0835500039036884,3.7364697649804,0.00746235215498692,0.00595948634769172,7.52973191246464e-07,0.0499999999992724,0.180000000000291,8.69000000000051,NA,NA,NA
18,3,54,295,2000,452,TRUE,TRUE,TRUE,0.000475563543118503,0.000452496588555229,0.000450465104700666,4.44089209850063e-16,4.44089209850063e-16,1.3648193686322e-11,0.0181301346369518,0.810804269788952,0.00166579563674181,0.000160616639561795,0.108477849166532,4.85127689578671,0.0099669379981575,0.0114454183258488,1.11424332865762e-06,0.0399999999990541,0.170000000000073,8.72999999999956,NA,NA,NA
18,3,54,295,2000,453,TRUE,TRUE,TRUE,0.00055286687986803,0.000522313536179666,0.000521166304699396,4.44089209850063e-16,4.44089209850063e-16,2.58705723510388e-10,0.0224117966061932,1.00228601418694,0.00206680976692549,0.000147676489376636,0.0765053033261898,3.42142117753202,0.00705529819472265,0.00766221222848174,1.70267331226228e-06,0.0499999999992724,0.180000000000291,8.57999999999993,NA,NA,NA
18,3,54,295,2000,454,TRUE,TRUE,TRUE,0.000606249875477736,0.00046510875727496,0.000477134306338796,4.44089209850063e-16,4.44089209850063e-16,1.74902670124766e-09,0.0285142025831142,1.27519390600087,0.00261462716788072,0.000348409154319995,0.165042013151396,7.38090321099871,0.0151336278884022,0.0205544201148129,2.75613474220636e-06,0.0400000000008731,0.170000000000073,8.67000000000007,NA,NA,NA
18,3,54,295,2000,455,TRUE,TRUE,TRUE,0.000635484060556567,0.000637342883875973,0.000636702036380672,4.44089209850063e-16,4.44089209850063e-16,1.19988219360323e-09,0.0101457395282051,0.453731265341465,0.00091147854873174,5.59485407336524e-05,0.0568994284137725,2.54461979628157,0.00511176226139782,0.00428638850847562,3.48935696861639e-07,0.0599999999994907,0.190000000000509,8.75,NA,NA,NA
18,3,54,295,2000,456,TRUE,TRUE,TRUE,0.00047088061236334,0.000455559476606031,0.00045424903106303,4.44089209850063e-16,4.44089209850063e-16,4.5949910543186e-12,0.020728322402455,0.926998759028424,0.00188709425204362,0.000149928283093459,0.0805034570498688,3.60022404774483,0.00732898727252791,0.00703719581763096,1.45648593091566e-06,0.0500000000010914,0.170000000000073,8.60000000000036,NA,NA,NA
18,3,54,295,2000,457,TRUE,TRUE,TRUE,0.00057882204331098,0.000518553566226667,0.000512296608725513,4.44089209850063e-16,4.44089209850063e-16,6.76374511954236e-11,0.0165468574787505,0.739997962729737,0.00150100951163181,0.000173969804151852,0.09599082455652,4.2928401784927,0.00870758335072075,0.00949916165610887,9.28130482786713e-07,0.0500000000010914,0.179999999998472,8.71000000000095,NA,NA,NA
18,3,54,295,2000,458,TRUE,TRUE,TRUE,0.000426441209750652,0.000399075475619511,0.000403332453681381,4.44089209850063e-16,5.55111512312578e-16,2.78888023785839e-11,0.00901268405265936,0.403059484029493,0.000821438157465128,5.97581709058659e-05,0.063434728870535,2.8368873177757,0.00578159696914449,0.00497437065301654,2.75350758756137e-07,0.070000000001528,0.170000000000073,8.7400000000016,NA,NA,NA
18,3,54,295,2000,459,TRUE,TRUE,TRUE,0.000512783971984115,0.000517178173129793,0.000511830464837741,4.44089209850063e-16,4.44089209850063e-16,9.73156666361774e-10,0.0174294562413847,0.779468979331885,0.0016025802232317,0.000240250025186128,0.102409712205056,4.57990156093391,0.00941623061406728,0.010474466709951,1.02978286396727e-06,0.0600000000013097,0.169999999998254,8.61000000000058,NA,NA,NA
18,3,54,295,2000,460,TRUE,TRUE,TRUE,0.000435300434033962,0.000411762705894319,0.000408800213662335,3.33066907387547e-16,6.66133814775094e-16,3.74587028062479e-11,0.0217213366431233,0.971407705923618,0.00198899229339668,0.000171242548390182,0.0951892398616273,4.25699222114263,0.00871634502101434,0.00881553994858564,1.59937784936913e-06,0.0400000000008731,0.170000000000073,8.75,NA,NA,NA
18,3,54,295,2000,461,TRUE,TRUE,TRUE,0.00052986358651607,0.000464204185550459,0.000460291042325049,4.44089209850063e-16,2.22044604925031e-16,4.95878449413567e-10,0.0179947553636817,0.804749924633425,0.00164214878752803,0.000148120770177229,0.0989732354114045,4.4262176466598,0.009032008229275,0.0082449207783668,1.09766515457204e-06,0.0499999999992724,0.170000000000073,8.73999999999978,NA,NA,NA
18,3,54,295,2000,462,TRUE,TRUE,TRUE,0.0004582481898638,0.000381849470972482,0.000380896624780783,4.44089209850063e-16,4.44089209850063e-16,1.48432377500285e-11,0.0135452935913091,0.605763944907188,0.001237172411734,0.000176133537465262,0.130712924480397,5.84565969351929,0.0119387906163936,0.0154553849266819,6.21949079575456e-07,0.0500000000010914,0.170000000000073,8.59000000000015,NA,NA,NA
18,3,54,295,2000,463,TRUE,TRUE,TRUE,0.000383087588341307,0.000379485656148757,0.000379475980879488,6.66133814775094e-16,4.44089209850063e-16,7.23709980832155e-12,0.0103610178379916,0.463358804036741,0.000948768021286983,7.23428166793383e-05,0.0610384146722122,2.72972088891774,0.00558934429189969,0.00493836615606824,3.63900646234507e-07,0.0599999999994907,0.190000000000509,8.69000000000051,NA,NA,NA
18,3,54,295,2000,464,TRUE,TRUE,TRUE,0.000568712426103612,0.00060556528560841,0.000593390695032232,4.44089209850063e-16,3.33066907387547e-16,1.70122715914545e-09,0.0258876044537656,1.15772886666492,0.00235191601086914,0.00020799043012687,0.0997037825478593,4.45888870781741,0.00905819319579474,0.00873845430558617,2.27175615035466e-06,0.0600000000013097,0.170000000000073,8.79000000000087,NA,NA,NA
18,3,54,295,2000,465,TRUE,TRUE,TRUE,0.000565524154968902,0.000523741058363523,0.00053062671840572,6.66133814775094e-16,4.44089209850063e-16,1.57078128282251e-09,0.0206646652305951,0.924151923757742,0.00190434156891948,0.000153289816907431,0.0808318428006614,3.61490990497712,0.0074490167936406,0.00807536518476581,1.44755386133074e-06,0.0500000000010914,0.18999999999869,8.67000000000007,NA,NA,NA
18,3,54,295,2000,466,TRUE,TRUE,TRUE,0.000893915824826221,0.000858809823347931,0.000860937400152015,4.44089209850063e-16,4.44089209850063e-16,9.01172025891128e-09,0.0131067744256382,0.586152771629656,0.00122899933344695,0.000165282564594804,0.111889449440731,5.00384829828999,0.0104916781441982,0.0124940969839713,5.82330629981572e-07,0.0599999999994907,0.190000000000509,8.72999999999956,NA,NA,NA
18,3,54,295,2000,467,TRUE,TRUE,TRUE,0.000474464251509843,0.000474253104875921,0.000474012019894493,4.44089209850063e-16,4.44089209850063e-16,5.08926234488172e-12,0.0201234060516048,0.89994607740438,0.00185064255841182,0.000134330169700547,0.0791504084731314,3.53971387585594,0.00727904183121002,0.00699696955643958,1.37271685124666e-06,0.069999999999709,0.180000000000291,8.78999999999905,NA,NA,NA
18,3,54,295,2000,468,TRUE,TRUE,TRUE,0.000523897136629995,0.000488736457567505,0.000481568125724941,2.22044604925031e-16,6.66133814775094e-16,8.40305158789079e-10,0.0121338249830961,0.542641149785765,0.00109658170108774,0.00011362772320922,0.0943026991230475,4.21734491401688,0.00852250748346707,0.00904213426015588,4.99083758374265e-07,0.069999999999709,0.170000000000073,8.6299999999992,NA,NA,NA
18,3,54,295,2000,469,TRUE,TRUE,TRUE,0.000577445035933099,0.000573756198551197,0.000579207349459326,4.44089209850063e-16,4.44089209850063e-16,4.49418280368263e-13,0.0172270363946895,0.770416488587774,0.00159754550251896,0.000144816718915308,0.088128612776797,3.94123137863349,0.00817258788796705,0.00845668691112422,1.00600265404731e-06,0.069999999999709,0.180000000000291,8.77000000000044,NA,NA,NA
18,3,54,295,2000,470,TRUE,TRUE,TRUE,0.000449672740772402,0.000413829868639743,0.000417878330053547,2.22044604925031e-16,4.44089209850063e-16,4.89811746717805e-10,0.0147451109706488,0.65942140932297,0.00135492528591949,0.000117509499396817,0.0964749461942087,4.3144907563177,0.00886506343129302,0.00730825589532458,7.37011178090665e-07,0.0399999999990541,0.170000000000073,8.61000000000058,NA,NA,NA
18,3,54,295,2000,471,TRUE,TRUE,TRUE,0.000502408899771033,0.000507077328602716,0.000499986974968109,5.55111512312578e-16,2.22044604925031e-16,4.21485069068694e-12,0.0100155954681134,0.447911046036808,0.000910161123767376,7.25524705131875e-05,0.0633821173445934,2.83453445880758,0.0057598112196895,0.00489027146956289,3.4004119518947e-07,0.069999999999709,0.290000000000873,8.60999999999876,NA,NA,NA
18,3,54,295,2000,472,TRUE,TRUE,TRUE,0.000457113654786632,0.000423976672119847,0.000426225394706891,4.44089209850063e-16,6.66133814775094e-16,5.91935833682555e-10,0.0210331306286494,0.940630197305858,0.00194050481520828,0.000166824925472042,0.077899300084465,3.48376260777038,0.00718694566130623,0.00693840843239002,1.49963587810789e-06,0.069999999999709,0.180000000000291,8.75,NA,NA,NA
18,3,54,295,2000,473,TRUE,TRUE,TRUE,0.000422306647766227,0.000400812896959147,0.000408332756503785,4.44089209850063e-16,3.33066907387547e-16,1.81911796737211e-09,0.0237881596404772,1.06383884031448,0.00217505349829233,0.000184531762037921,0.081437044305609,3.64197533908008,0.00744613836398271,0.00779222256999645,1.91822555620619e-06,0.0399999999990541,0.170000000000073,8.6200000000008,NA,NA,NA
18,3,54,295,2000,474,TRUE,TRUE,TRUE,0.000599055136412528,0.000586341756824849,0.000580876152469716,4.44089209850063e-16,2.22044604925031e-16,7.83050513319949e-10,0.0199288928630419,0.891247183161441,0.00182501370769217,0.000191229848041985,0.0906321557775135,4.05319322531741,0.00829975492308446,0.00914659666518958,1.34630769744611e-06,0.0599999999994907,0.190000000000509,8.68000000000029,NA,NA,NA
18,3,54,295,2000,475,TRUE,TRUE,TRUE,0.000577582330612499,0.000566200241667627,0.000575130576533819,4.44089209850063e-16,4.44089209850063e-16,8.53295878400218e-10,0.0139106865052431,0.622104812788252,0.0012648119982287,0.000106868599530685,0.0845812231843183,3.78258729320434,0.00769044330544457,0.00795728454199462,6.55956606939502e-07,0.0600000000013097,0.18999999999869,8.72000000000116,NA,NA,NA
18,3,54,295,2000,476,TRUE,TRUE,TRUE,0.000542387005357068,0.000479657197323036,0.000491825548736944,4.44089209850063e-16,4.44089209850063e-16,1.34657884842682e-09,0.0210575780994245,0.941723521436478,0.00189526392758323,0.000158621878220799,0.0902219395158197,4.03484779638495,0.00812032545402754,0.00955084647588933,1.50312405224868e-06,0.0500000000010914,0.170000000000073,8.64000000000124,NA,NA,NA
18,3,54,295,2000,477,TRUE,TRUE,TRUE,0.000586532348298036,0.000478683563448849,0.000473907537584719,5.55111512312578e-16,2.22044604925031e-16,2.43240982911175e-10,0.0135886740586242,0.607703978383434,0.00124482588973954,0.000132976594457546,0.116397973239198,5.20547561212096,0.0106629395904455,0.00918049142256194,6.25939195496701e-07,0.0600000000013097,0.170000000000073,8.72999999999956,NA,NA,NA
18,3,54,295,2000,478,TRUE,TRUE,TRUE,0.00051150241381322,0.000505974614105302,0.000504676073093616,4.44089209850063e-16,4.44089209850063e-16,1.6134311664473e-09,0.00840702199866963,0.375973453547229,0.000760839282540488,7.8423014691964e-05,0.0647847661079645,2.89726281847666,0.0058630505514244,0.00489712544968768,2.39586504698695e-07,0.0399999999990541,0.170000000000073,8.77999999999884,NA,NA,NA
18,3,54,295,2000,479,TRUE,TRUE,TRUE,0.000580949376973335,0.000571520779479187,0.000564753031731967,4.44089209850063e-16,2.22044604925031e-16,1.16897136415162e-09,0.0155232654364641,0.694221534974134,0.00139133395295128,0.000106999639363892,0.0645465789832541,2.88661076643231,0.00578524198106535,0.0056210662877163,8.16853456986173e-07,0.0599999999994907,0.190000000000509,8.67000000000007,NA,NA,NA
18,3,54,295,2000,480,TRUE,TRUE,TRUE,0.00055211952127728,0.000510339855053619,0.000518322729969828,4.44089209850063e-16,5.55111512312578e-16,1.64824642823191e-09,0.0192569439994408,0.861196716433126,0.00174318881756407,0.000119907336774361,0.0696327235758476,3.11407006748095,0.00630333582927138,0.00694970495201375,1.25705048202576e-06,0.0400000000008731,0.190000000000509,8.66999999999825,NA,NA,NA
18,3,54,295,2000,481,TRUE,TRUE,TRUE,0.000530977049822235,0.000519768845678908,0.000519112826189927,4.44089209850063e-16,4.44089209850063e-16,2.95491187074504e-10,0.0104640457850158,0.467966353899308,0.000952742343870465,5.73840469400011e-05,0.0671326032931205,3.00226128939887,0.00611236563043357,0.0047913294050943,3.71173743020021e-07,0.0599999999994907,0.170000000000073,8.72999999999956,NA,NA,NA
18,3,54,295,2000,482,TRUE,TRUE,TRUE,0.000441095398420544,0.000429943930186727,0.000422761430852249,6.66133814775094e-16,4.44089209850063e-16,1.35003119794419e-13,0.0131716505298203,0.589054119210987,0.0012090258825911,0.000103030527256465,0.0597305633916757,2.67123200156295,0.00548266877858545,0.00476284368069457,5.88109754846494e-07,0.0399999999990541,0.190000000000509,8.61000000000058,NA,NA,NA
18,3,54,295,2000,483,TRUE,TRUE,TRUE,0.000510572170661186,0.000508120672935398,0.000508583480315674,5.55111512312578e-16,4.44089209850063e-16,6.48370246381091e-13,0.0117267915957865,0.524438063323035,0.0010803743601828,7.71822113279086e-05,0.0580982836132573,2.59823423070611,0.00535252080449225,0.00462284081247333,4.66161495359349e-07,0.0399999999990541,0.190000000000509,8.67000000000007,NA,NA,NA
18,3,54,295,2000,484,TRUE,TRUE,TRUE,0.000595771520337581,0.000579835757520378,0.000562603733205278,4.44089209850063e-16,4.44089209850063e-16,8.95772345188561e-12,0.020584719666556,0.92057664944392,0.00185752222718424,0.000130200800342095,0.0725009971194036,3.24234315991006,0.00654233896909049,0.00604611562322077,1.43637519915491e-06,0.0599999999994907,0.190000000000509,8.68999999999869,NA,NA,NA
18,3,54,295,2000,485,TRUE,TRUE,TRUE,0.000546422095649821,0.000487688373525769,0.000487726903133387,4.44089209850063e-16,4.44089209850063e-16,1.46361367470149e-10,0.0244434839921174,1.09314583626605,0.00221543398160611,0.00035570192949308,0.166063543678123,7.42658744497578,0.0150511611965417,0.0221662574207642,2.02536918533187e-06,0.0599999999994907,0.170000000000073,8.6299999999992,NA,NA,NA
18,3,54,295,2000,486,TRUE,TRUE,TRUE,0.000464718204368269,0.000464030073967319,0.000459461565315803,4.44089209850063e-16,4.44089209850063e-16,1.72938108278231e-10,0.0286065775251291,1.27932503899613,0.00260517943942155,0.000294733858858365,0.0880533354013709,3.93786487206108,0.0080189508429882,0.00844001547148565,2.77402128034313e-06,0.0499999999992724,0.309999999999491,8.64000000000124,NA,NA,NA
18,3,54,295,2000,487,TRUE,TRUE,TRUE,0.00052027150085731,0.000468647206978328,0.000473739427740309,4.44089209850063e-16,2.22044604925031e-16,1.33670852164869e-11,0.0301955502688064,1.35038606038126,0.00275414410200596,0.000332696277268951,0.095067174296157,4.25153328310056,0.0086711020349451,0.00938775025842631,3.09075002046106e-06,0.0599999999994907,0.190000000000509,8.70999999999913,NA,NA,NA
18,3,54,295,2000,488,TRUE,TRUE,TRUE,0.00044369278732784,0.000427025677152094,0.000415536114543039,4.44089209850063e-16,4.44089209850063e-16,1.96025418119916e-11,0.0192902382433124,0.862685680284251,0.00175719111895615,0.000112107923257554,0.0645735204766753,2.88781562664641,0.00588214698388624,0.0046327976053675,1.26140098808051e-06,0.0499999999992724,0.190000000000509,8.61999999999898,NA,NA,NA
18,3,54,295,2000,489,TRUE,TRUE,TRUE,0.000532720052125576,0.000506331048043829,0.000505961490642144,4.44089209850063e-16,4.44089209850063e-16,2.82490009162473e-09,0.0212303206304122,0.949448802274358,0.00193734776315386,0.000176480068930118,0.0893346811898497,3.99516839777551,0.00815213052069002,0.00828267633522728,1.52788648837324e-06,0.0599999999994907,0.190000000000509,8.65999999999985,NA,NA,NA
18,3,54,295,2000,490,TRUE,TRUE,TRUE,0.000547388555500305,0.000520190077303332,0.000522282912993711,4.44089209850063e-16,2.22044604925031e-16,5.99186700256382e-10,0.0131068555487817,0.586156399566926,0.00118715958939315,0.000107695635406913,0.0973175471621469,4.35217301716204,0.00881458248317243,0.00961284731520351,5.8233783856485e-07,0.070000000001528,0.179999999998472,8.75,NA,NA,NA
18,3,54,295,2000,491,TRUE,TRUE,TRUE,0.000517128146800993,0.000500552468715595,0.000498209992989159,4.44089209850063e-16,6.66133814775094e-16,2.33515429215458e-11,0.0255772455697661,1.14384919542405,0.00236506158489563,0.000266382514965358,0.119317906384877,5.33605899219082,0.0110330174533968,0.0106942417184257,2.21761183368177e-06,0.0599999999994907,0.180000000000291,8.69000000000051,NA,NA,NA
18,3,54,295,2000,492,TRUE,TRUE,TRUE,0.000603490217936428,0.000594572918882595,0.000575097218595555,4.44089209850063e-16,4.44089209850063e-16,7.6982309415996e-10,0.0225000161604261,1.00623131259113,0.0020626891074656,0.000135117814515695,0.0653862756445516,2.92416314273512,0.00599428718575666,0.00504410664496646,1.71610416006588e-06,0.0400000000008731,0.170000000000073,8.70999999999913,NA,NA,NA
18,3,54,295,2000,493,TRUE,TRUE,TRUE,0.000941680216391023,0.000906733965975712,0.000902695563445266,4.44089209850063e-16,4.44089209850063e-16,4.22478940720339e-10,0.0142582600582948,0.637648774624344,0.00134009049001701,0.000113506887565507,0.0826552091611866,3.69645332757753,0.00776851167634825,0.00749030671406814,6.8914569454225e-07,0.0499999999992724,0.180000000000291,8.77000000000044,NA,NA,NA
18,3,54,295,2000,494,TRUE,TRUE,TRUE,0.000433843273321311,0.000427177495328686,0.000423097764985839,4.44089209850063e-16,4.44089209850063e-16,4.82852691163771e-09,0.0171458472972064,0.766785601767692,0.00157096304439867,0.00013962963208769,0.0659824540040482,2.9508250495061,0.00604554531615263,0.00583747833512405,9.96542642505494e-07,0.0500000000010914,0.170000000000073,8.61000000000058,NA,NA,NA
18,3,54,295,2000,495,TRUE,TRUE,TRUE,0.000560096889274597,0.000534929917181219,0.000537575351897258,4.44089209850063e-16,4.44089209850063e-16,1.0717406961902e-09,0.0201823294996786,0.902581214111613,0.00184563726093171,0.000159443258780811,0.0994001925734824,4.44531175141753,0.00908996650561709,0.00901487600280859,1.38076753909694e-06,0.0400000000008731,0.18999999999869,8.72000000000116,NA,NA,NA
18,3,54,295,2000,496,TRUE,TRUE,TRUE,0.000532940626163853,0.000509880004389098,0.000502564450050041,4.44089209850063e-16,4.44089209850063e-16,5.70787861420285e-12,0.0140296709300218,0.627425958029629,0.00127934117074876,0.000150973999268444,0.101927665363175,4.55834377079821,0.00929460565310703,0.00984146051536072,6.67225987812539e-07,0.0600000000013097,0.18999999999869,8.78000000000065,NA,NA,NA
18,3,54,295,2000,497,TRUE,TRUE,TRUE,0.000444478046962433,0.000398326462703815,0.000408374312595256,4.44089209850063e-16,6.66133814775094e-16,6.7541527926096e-12,0.0147008183873249,0.657440584778748,0.00134134273950348,0.000166256145334387,0.065706913336622,2.93850249624749,0.00599527786937718,0.00716691102675782,7.32590038159698e-07,0.0500000000010914,0.170000000000073,8.65999999999985,NA,NA,NA
18,3,54,295,2000,498,TRUE,TRUE,TRUE,0.000491807284442194,0.000482886241569616,0.000489013244887447,4.44089209850063e-16,6.66133814775094e-16,2.19482343410959e-09,0.0175022139607144,0.782722803458064,0.00159149670259812,0.000122213566712048,0.0802434678982094,3.58859697941437,0.00729663200619598,0.00729957924203006,1.0383982831411e-06,0.170000000000073,0.18999999999869,8.64000000000124,NA,NA,NA
18,3,54,295,2000,499,TRUE,TRUE,TRUE,0.00056492950907044,0.000546653691928703,0.000554734534826916,4.44089209850063e-16,4.44089209850063e-16,3.21486615106892e-10,0.0236058899906948,1.05568749377151,0.00213392325765656,0.000227309465032022,0.0850849144517418,3.80511305147698,0.00769149893928431,0.00899409923978567,1.88894251611113e-06,0.069999999999709,0.170000000000073,8.71000000000095,NA,NA,NA
18,3,54,295,2000,500,TRUE,TRUE,TRUE,0.000494418736416558,0.000482885564623217,0.00046265716104751,3.33066907387547e-16,6.66133814775094e-16,1.63269353592455e-09,0.02450208341262,1.09576648201977,0.00222775833268109,0.000222213609774258,0.0906824263603838,4.05544139412874,0.00824495319643034,0.00880166136261096,2.03509183579318e-06,0.0500000000010914,0.18999999999869,8.63000000000102,NA,NA,NA
22,3,66,405,2000,1,TRUE,TRUE,TRUE,0.00062280183260507,0.000610025059448052,0.000624279400325602,3.33066907387547e-16,4.44089209850063e-16,5.27644594683352e-12,0.0421575766053306,1.88534414112348,0.0033126356344658,0.000475916291037493,0.105098057838539,4.70012803260358,0.00825833929612243,0.0144531344236469,4.38829942033164e-06,0.180000000000291,0.280000000000655,11.7100000000009,NA,NA,NA
22,3,66,405,2000,2,TRUE,TRUE,TRUE,0.000541818876931591,0.000504062899921575,0.000504272665604785,4.44089209850063e-16,4.44089209850063e-16,7.04661906603121e-09,0.0159673606478688,0.714082076597793,0.00125190997775507,0.000245399980826733,0.116723350611678,5.22002693058508,0.00915161437699895,0.0153512331892216,6.29522484096563e-07,0.200000000000728,0.279999999998836,11.6800000000003,NA,NA,NA
22,3,66,405,2000,3,TRUE,TRUE,TRUE,0.000646122762248464,0.000626724586685799,0.000626505332926846,4.44089209850063e-16,4.44089209850063e-16,1.94617988391599e-09,0.0267831773199694,1.19778010281765,0.0021543325287996,0.000221314833083852,0.0872488546096788,3.90188739732476,0.00701795172919957,0.00964052233459256,1.77120638852574e-06,0.200000000000728,0.279999999998836,11.6800000000003,NA,NA,NA
22,3,66,405,2000,4,TRUE,TRUE,TRUE,0.000571434823129272,0.00051535382570787,0.000522164400917111,4.44089209850063e-16,4.44089209850063e-16,1.77324599448525e-09,0.0225799828756751,1.00980753281581,0.00179853426228493,0.000246147590587498,0.100757349590185,4.50600565832727,0.00802549525447989,0.010338909008297,1.25890278189081e-06,0.200000000000728,0.299999999999272,11.7999999999993,NA,NA,NA
22,3,66,405,2000,5,TRUE,TRUE,TRUE,0.000506901999005033,0.000504889823614405,0.000497663908726403,4.44089209850063e-16,6.66133814775094e-16,1.62141855497566e-10,0.0322964442372437,1.44434089492017,0.00254060360424231,0.000258738538633452,0.0908776960186855,4.06417411872686,0.00714890470152927,0.0103631245697926,2.57545755646763e-06,0.0799999999999272,0.299999999999272,11.8500000000004,NA,NA,NA
22,3,66,405,2000,6,TRUE,TRUE,TRUE,0.000559352307592126,0.000526034071707708,0.000520198254616394,4.44089209850063e-16,7.7715611723761e-16,2.77340195253828e-09,0.0149469981730509,0.66845007949014,0.0011871328466148,0.000124829559069894,0.0817208758178923,3.65466867019252,0.00649050296349551,0.00735192712501487,5.51636430580709e-07,0.0799999999999272,0.299999999999272,11.8600000000006,NA,NA,NA
22,3,66,405,2000,7,TRUE,TRUE,TRUE,0.000962226815218786,0.000932083570475518,0.00093244555474916,4.44089209850063e-16,5.55111512312578e-16,4.82369255649928e-10,0.013692976227269,0.612368513169244,0.0011206351878116,0.00018399392399715,0.118793958320263,5.31262732240772,0.00972211501601811,0.0134384245298236,4.62957032001371e-07,0.0799999999999272,0.300000000001091,11.8599999999988,NA,NA,NA
22,3,66,405,2000,8,TRUE,TRUE,TRUE,0.000423196816106349,0.00040046652474375,0.000409739776217155,5.55111512312578e-16,4.44089209850063e-16,4.17714729472607e-09,0.023450076865585,1.04871931898086,0.0018572631704645,0.000204800180668485,0.0962208193609481,4.30312585883616,0.00762075898750144,0.00993174760635895,1.35779285185641e-06,0.0800000000017462,0.31000000000131,11.9099999999999,NA,NA,NA
22,3,66,405,2000,9,TRUE,TRUE,TRUE,0.000474354033909812,0.000453017405576743,0.000458741630631406,4.44089209850063e-16,4.44089209850063e-16,4.48632020422224e-09,0.0141292909488815,0.63188110071143,0.00111030443473969,0.000146547391253193,0.0922384292373223,4.12502795824913,0.00724825735460771,0.0104355941193148,4.92930525229986e-07,0.100000000000364,0.279999999998836,11.9099999999999,NA,NA,NA
22,3,66,405,2000,10,TRUE,TRUE,TRUE,0.000716886530914309,0.000695107629030688,0.000702180635817653,4.44089209850063e-16,4.44089209850063e-16,1.64330060670181e-09,0.0232176593757397,1.03832529285179,0.00188795715537238,0.00019627298109981,0.0728474478525158,3.25783690771193,0.00592363158568354,0.00847867462988461,1.33101162194537e-06,0.0799999999999272,0.299999999999272,11.8599999999988,NA,NA,NA
22,3,66,405,2000,11,TRUE,TRUE,TRUE,0.000532885423338633,0.000498608585259641,0.000501661721847831,4.44089209850063e-16,4.44089209850063e-16,2.06007788605689e-09,0.0230524750518804,1.03093802531245,0.00181029741732637,0.000171896311456976,0.084954650643682,3.79928747688038,0.00667143915367024,0.00938052417573942,1.31213976794461e-06,0.0900000000001455,0.299999999999272,11.8099999999995,NA,NA,NA
22,3,66,405,2000,12,TRUE,TRUE,TRUE,0.000509552347075935,0.000488022359931489,0.000501971650109489,4.44089209850063e-16,4.44089209850063e-16,1.95229143962194e-09,0.0355326221454912,1.58906717072266,0.00283942655605061,0.00037086470779002,0.101075748608293,4.52024489529645,0.00807700494480675,0.0128422061358151,3.11744996675124e-06,0.0999999999985448,0.31000000000131,11.7799999999988,NA,NA,NA
22,3,66,405,2000,13,TRUE,TRUE,TRUE,0.000484241454628676,0.000485894917166334,0.000477766790551423,5.55111512312578e-16,5.55111512312578e-16,9.08902730856198e-10,0.0279005935731251,1.24775247684203,0.00223884973923215,0.00020565636926051,0.0899766242897736,4.02387696595785,0.00722006653013242,0.00810262472374745,1.92208178205608e-06,0.0799999999999272,0.400000000001455,11.8100000000013,NA,NA,NA
22,3,66,405,2000,14,TRUE,TRUE,TRUE,0.000754728722546156,0.000725565790404007,0.000732664793798208,4.44089209850063e-16,4.44089209850063e-16,3.83265175152303e-09,0.0303672127257234,1.35806303883828,0.00235719600757198,0.000360044688520134,0.110533443990475,4.94320589099735,0.00857994427183049,0.0135973224609103,2.27695705859095e-06,0.0799999999999272,0.280000000000655,11.8600000000006,NA,NA,NA
22,3,66,405,2000,15,TRUE,TRUE,TRUE,0.000539237634209464,0.000576693877528443,0.000550367792238604,6.66133814775094e-16,4.44089209850063e-16,9.20268306003891e-11,0.033481158420983,1.49732292389515,0.00267474447683895,0.000236541273679336,0.0944942088037969,4.22590948730698,0.00754895813081613,0.0096990099273313,2.76787152891595e-06,0.0799999999999272,0.290000000000873,11.7399999999998,NA,NA,NA
22,3,66,405,2000,16,TRUE,TRUE,TRUE,0.000770817920070662,0.000744923646273002,0.000737324580430318,4.44089209850063e-16,4.44089209850063e-16,6.12422224044451e-09,0.0258638868455168,1.15666818297876,0.00210156424578174,0.000233720653781688,0.120312488303006,5.38053804775337,0.00977596388543039,0.0141574707855057,1.65170529075974e-06,0.0900000000001455,0.300000000001091,11.8099999999995,NA,NA,NA
22,3,66,405,2000,17,TRUE,TRUE,TRUE,0.000383299586609772,0.000371600463528849,0.000364900160570498,4.44089209850063e-16,4.44089209850063e-16,3.24891091807444e-09,0.0311317614719151,1.39225469821022,0.00246076787841402,0.000282312473672164,0.0859182984016772,3.84238311474523,0.00679129541274338,0.00981246611628706,2.39305326504745e-06,0.0900000000001455,0.299999999999272,11.8600000000006,NA,NA,NA
22,3,66,405,2000,18,TRUE,TRUE,TRUE,0.000479164098244804,0.00045112510552818,0.000442983730517875,5.55111512312578e-16,4.44089209850063e-16,5.55056778317464e-09,0.0442445592497079,1.97867684233728,0.00351045458830101,0.000489354430456501,0.0992804726009282,4.43995771147962,0.00787711746892182,0.0113254116948553,4.83353339061954e-06,0.069999999999709,0.280000000000655,11.8900000000012,NA,NA,NA
22,3,66,405,2000,19,TRUE,TRUE,TRUE,0.000463247768626814,0.000451273413360021,0.000450561126513046,4.44089209850063e-16,4.44089209850063e-16,3.73414654752935e-09,0.0182010495048163,0.813975679092161,0.00143348253983261,0.000162939178096622,0.07673337628977,3.43162091053993,0.00604338530614315,0.00769278718480848,8.179708717945e-07,0.0799999999999272,0.279999999998836,11.9700000000012,NA,NA,NA
22,3,66,405,2000,20,TRUE,TRUE,TRUE,0.000578755381719902,0.000564873262627333,0.000565374493360193,4.44089209850063e-16,4.44089209850063e-16,8.35828628531488e-09,0.0110619621492699,0.494705986605945,0.000860747958572227,0.000180511071363298,0.0960272838259647,4.29447068659046,0.00747202778359625,0.0107617946074754,3.02140757016989e-07,0.069999999999709,0.280000000000655,11.7900000000009,NA,NA,NA
22,3,66,405,2000,21,TRUE,TRUE,TRUE,0.00107020557600868,0.00103768022760841,0.00104736875813359,4.44089209850063e-16,4.44089209850063e-16,4.01635835700631e-09,0.0311671227031722,1.3938361005474,0.00257321732606472,0.000337902164886827,0.112609336002751,5.0360426040653,0.00929724239348629,0.013066506636136,2.39849268541875e-06,0.069999999999709,0.300000000001091,11.8599999999988,NA,NA,NA
22,3,66,405,2000,22,TRUE,TRUE,TRUE,0.0005279311380147,0.000459473025367534,0.000467141787763643,4.44089209850063e-16,5.55111512312578e-16,2.37947217485157e-10,0.0352244196889823,1.57528393785093,0.00276618848538572,0.000433825320499182,0.120929302305642,5.40812280854073,0.00949662894484038,0.0174536415514979,3.06360430228535e-06,0.0799999999999272,0.290000000000873,11.9399999999987,NA,NA,NA
22,3,66,405,2000,23,TRUE,TRUE,TRUE,0.000456229111348461,0.00045123247165811,0.000444105479442614,4.44089209850063e-16,5.55111512312578e-16,2.70797140267121e-09,0.0288889400238924,1.29195267382676,0.00228429383658844,0.00026389681951855,0.0913084956025941,4.08344006181282,0.00721990608034312,0.0099919920381808,2.06066877951618e-06,0.100000000000364,0.279999999998836,11.9400000000005,NA,NA,NA
22,3,66,405,2000,24,TRUE,TRUE,TRUE,0.000500395939476928,0.000432809293749191,0.000445549199025566,4.44089209850063e-16,6.66133814775094e-16,3.11194869873077e-09,0.0393727002218746,1.76080068307665,0.00309953773932562,0.000417748694331976,0.126214070519974,5.64446482799228,0.00993595238848312,0.0173764233739178,3.82767783397927e-06,0.100000000000364,0.289999999999054,11.9099999999999,NA,NA,NA
22,3,66,405,2000,25,TRUE,TRUE,TRUE,0.000414437798001499,0.00038907657380783,0.000401493333611115,4.44089209850063e-16,4.44089209850063e-16,7.44564077059806e-09,0.0412994175092009,1.84696609963437,0.00329995676170397,0.000461095674054945,0.0972495671690762,4.34913285944973,0.00777055431062389,0.0118448767104411,4.21146144839332e-06,0.0599999999994907,0.279999999998836,11.8600000000006,NA,NA,NA
22,3,66,405,2000,26,TRUE,TRUE,TRUE,0.000571396732111795,0.000506366137506155,0.000531654614083957,4.44089209850063e-16,4.44089209850063e-16,6.60389187778776e-09,0.0460136142041996,2.0577913850208,0.00361434922368099,0.000434263869834695,0.108241069234785,4.8406877753248,0.00850228853623583,0.0156253421646113,5.22778442501955e-06,0.069999999999709,0.280000000000655,11.9200000000001,NA,NA,NA
22,3,66,405,2000,27,TRUE,TRUE,TRUE,0.000454149792465474,0.000445153885701732,0.000459569872721813,5.55111512312578e-16,4.44089209850063e-16,6.63618449081582e-09,0.0340086253255292,1.52091196098408,0.0026839850734124,0.000294883751053021,0.12639937689783,5.65275198114331,0.00997552937335983,0.0106233203754158,2.85576937415364e-06,0.0799999999999272,0.279999999998836,11.75,NA,NA,NA
22,3,66,405,2000,28,TRUE,TRUE,TRUE,0.000483002311191934,0.000472648731129194,0.000471456338306904,6.66133814775094e-16,4.44089209850063e-16,1.98492910996606e-09,0.0173599585616669,0.776360948609334,0.00137187458113682,0.000193174440681787,0.0901262411005456,4.03056803314711,0.00712224622080979,0.00911984701457413,7.44118916698254e-07,0.0900000000001455,0.279999999998836,11.8299999999999,NA,NA,NA
22,3,66,405,2000,29,TRUE,TRUE,TRUE,0.00049343911694039,0.000488972698704404,0.000488809001696582,6.66133814775094e-16,4.44089209850063e-16,8.69567307049124e-10,0.0142883946671581,0.638996435302221,0.00114966821350958,0.00014208719184694,0.06741216882415,3.01476384002983,0.00542409623377806,0.00665925804437961,5.04094375714747e-07,0.0799999999999272,0.300000000001091,11.8400000000001,NA,NA,NA
22,3,66,405,2000,30,TRUE,TRUE,TRUE,0.000503617952894076,0.000494318413376152,0.000487794705474291,4.44089209850063e-16,4.44089209850063e-16,5.37457101046357e-09,0.0323891872159004,1.44848848701441,0.00254966004779461,0.000340751883456392,0.104607216788036,4.6781769535021,0.00823462594407156,0.0116927309816219,2.59027024322628e-06,0.0900000000001455,0.299999999999272,11.8899999999994,NA,NA,NA
22,3,66,405,2000,31,TRUE,TRUE,TRUE,0.000477479290098801,0.000484187020000634,0.00045731129352005,4.44089209850063e-16,4.44089209850063e-16,2.18702655985226e-09,0.0423425272053523,1.89361538340604,0.00336995212949283,0.000328869196948745,0.0772306858083646,3.45386126832863,0.00614662683783294,0.00869894805134663,4.42688792626172e-06,0.0799999999999272,0.289999999999054,11.9300000000003,NA,NA,NA
22,3,66,405,2000,32,TRUE,TRUE,TRUE,0.000676748687174718,0.000656671888650784,0.000647806084152982,4.44089209850063e-16,5.55111512312578e-16,8.51645043375981e-09,0.0208354297253679,0.931788744126848,0.00167854825762385,0.000238029758094171,0.098376260270622,4.39952010674645,0.00792540890422587,0.0102223456091508,1.07188921442159e-06,0.0799999999999272,0.280000000000655,11.8799999999992,NA,NA,NA
22,3,66,405,2000,33,TRUE,TRUE,TRUE,0.00048419058598083,0.000451491251741617,0.000456622324832711,6.66133814775094e-16,4.44089209850063e-16,6.0489568909361e-09,0.026376621402567,1.17959836945831,0.00210262450464004,0.00020748463178677,0.112980637777906,5.05264772425356,0.00900630349566169,0.01075026414928,1.71784236201076e-06,0.0799999999999272,0.279999999998836,11.8999999999996,NA,NA,NA
22,3,66,405,2000,34,TRUE,TRUE,TRUE,0.000550387459618331,0.000552257891720512,0.00051842019798019,4.44089209850063e-16,6.66133814775094e-16,9.88866188933457e-09,0.0463864180548134,2.07446368006573,0.00367812015392183,0.000396074516956446,0.0990679384441427,4.43045289503736,0.00785539811606723,0.0113567666674896,5.31283896285413e-06,0.0800000000017462,0.279999999998836,11.7299999999996,NA,NA,NA
22,3,66,405,2000,35,TRUE,TRUE,TRUE,0.000493324100287419,0.000480588305843525,0.000482771153183592,6.66133814775094e-16,4.44089209850063e-16,1.8103709642503e-09,0.022283002094403,0.996526148517108,0.00177403984196386,0.00023782671055983,0.0992363009116166,4.43798229347998,0.00790060292775997,0.0119464700399021,1.22600538849178e-06,0.0899999999983265,0.300000000001091,11.8799999999992,NA,NA,NA
22,3,66,405,2000,36,TRUE,TRUE,TRUE,0.000711733501991269,0.000704132612558929,0.000708375777614277,4.44089209850063e-16,4.44089209850063e-16,1.09019637761776e-09,0.0135668311130557,0.606727132161034,0.00110410865018637,0.000162836651767861,0.0982466494993511,4.39372373684289,0.00799560152699722,0.0112070771924664,4.54466435679448e-07,0.0799999999999272,0.299999999999272,11.7999999999993,NA,NA,NA
22,3,66,405,2000,37,TRUE,TRUE,TRUE,0.000523691868388483,0.000495886547786505,0.000489432363635406,4.44089209850063e-16,4.44089209850063e-16,1.69739400313063e-09,0.0426080396773008,1.90548946212905,0.00341128584672405,0.000564401982359186,0.104563181426101,4.6762076322481,0.00837153982179858,0.0107722033147866,4.48258035837639e-06,0.0599999999994907,0.289999999999054,11.9099999999999,NA,NA,NA
22,3,66,405,2000,38,TRUE,TRUE,TRUE,0.000494746367833975,0.000466181782693108,0.000473954618746381,4.44089209850063e-16,4.44089209850063e-16,1.80054815501762e-09,0.0224740844482138,1.00507161116554,0.00176568265924042,0.000166915244108168,0.0723198907799987,3.23424383818875,0.00568183221713194,0.00863383135067863,1.24712215255665e-06,0.0799999999999272,0.280000000000655,11.8799999999992,NA,NA,NA
22,3,66,405,2000,39,TRUE,TRUE,TRUE,0.0005907981522489,0.000537616367812267,0.000556325144834753,4.44089209850063e-16,4.44089209850063e-16,1.72713421342507e-09,0.0191579452334078,0.856769357022356,0.00152225343148212,0.0001543125632395,0.0806773252790588,3.60799967133675,0.00641046488820145,0.00980286727919122,9.06239174237656e-07,0.0799999999999272,0.299999999999272,11.9300000000003,NA,NA,NA
22,3,66,405,2000,40,TRUE,TRUE,TRUE,0.000594750926273698,0.000547143429239019,0.000545987230646633,5.55111512312578e-16,4.44089209850063e-16,6.19513329525034e-11,0.0307544103840265,1.37537904453217,0.00247253973575184,0.000622502163409422,0.170057195506458,7.60518898430826,0.0136719634026418,0.023653025381293,2.33539199523239e-06,0.0799999999999272,0.280000000000655,11.7299999999996,NA,NA,NA
22,3,66,405,2000,41,TRUE,TRUE,TRUE,0.000783228659024921,0.000747241746624753,0.000746028564092717,4.44089209850063e-16,3.33066907387547e-16,1.79572179348497e-09,0.0225440022305153,1.00819842944678,0.0018392453873337,0.000138951969375967,0.089879083126722,4.0195147925341,0.00733275695097496,0.00869774153763103,1.2548939174555e-06,0.200000000000728,0.279999999998836,11.7000000000007,NA,NA,NA
22,3,66,405,2000,42,TRUE,TRUE,TRUE,0.000428569699113353,0.000429198958481625,0.000424262742199581,6.66133814775094e-16,4.44089209850063e-16,1.17554277423437e-09,0.0244260762011263,1.09236733618617,0.00195259682664767,0.000207455342348339,0.0778981512006177,3.48371122812276,0.0062271026088518,0.00849975747792087,1.47316839156353e-06,0.0799999999999272,0.399999999999636,11.7199999999993,NA,NA,NA
22,3,66,405,2000,43,TRUE,TRUE,TRUE,0.00039734261856794,0.000366630748381413,0.00036364203047507,4.44089209850063e-16,4.44089209850063e-16,3.53429863153565e-09,0.0265529792529157,1.18748533229322,0.00209884701724282,0.000222103613992886,0.100831321048613,4.50931376251608,0.00797008559422935,0.00947959242689933,1.74089063507598e-06,0.0799999999999272,0.279999999998836,11.8099999999995,NA,NA,NA
22,3,66,405,2000,44,TRUE,TRUE,TRUE,0.000378511019568303,0.000356479503944366,0.000355833452277021,4.44089209850063e-16,6.66133814775094e-16,1.00977004535707e-11,0.0192020015532204,0.858739615541146,0.00151610176588453,0.000182664620609785,0.103492890479868,4.6283427660185,0.00817132284768027,0.0111776070123142,9.10412009012043e-07,0.0800000000017462,0.280000000000655,11.8999999999996,NA,NA,NA
22,3,66,405,2000,45,TRUE,TRUE,TRUE,0.000587027143026287,0.000540013376651681,0.000551601576008449,4.44089209850063e-16,3.33066907387547e-16,9.31525390157617e-09,0.075955434849993,3.39683031170282,0.00596093709269821,0.000779136119689383,0.143649975330856,6.42422219611925,0.0112735641367336,0.0140866456386703,1.42450076129667e-05,0.0600000000013097,0.280000000000655,11.8899999999994,NA,NA,NA
22,3,66,405,2000,46,TRUE,TRUE,TRUE,0.000742593879668965,0.000735220650096053,0.000735009218059348,4.44089209850063e-16,4.44089209850063e-16,3.9412375585357e-09,0.0204329455848725,0.913789106166582,0.00166347901957779,0.000198616380984618,0.10421796565497,4.66076911362501,0.00848455248950846,0.0115411118532052,1.0308771982083e-06,0.069999999999709,0.280000000000655,11.75,NA,NA,NA
22,3,66,405,2000,47,TRUE,TRUE,TRUE,0.000523573612472089,0.000508676271248018,0.000513690798404845,4.44089209850063e-16,4.44089209850063e-16,6.65059118887257e-11,0.0179772463759889,0.803966898899456,0.00144189804546947,0.00018830455107377,0.090670674618747,4.05491584026566,0.00727240789717322,0.0101628212422895,7.97978733982727e-07,0.190000000000509,0.279999999998836,11.7000000000007,NA,NA,NA
22,3,66,405,2000,48,TRUE,TRUE,TRUE,0.000389824270433308,0.000390705898796443,0.000390341834652894,4.44089209850063e-16,4.44089209850063e-16,8.90064244529754e-10,0.0116139606255298,0.519392108933811,0.000917464964739229,0.000128721911096363,0.0754728488129085,3.37524840802456,0.00596210860425108,0.00736210104228974,3.3304711459594e-07,0.0799999999999272,0.279999999998836,11.8199999999997,NA,NA,NA
22,3,66,405,2000,49,TRUE,TRUE,TRUE,0.000530575482967517,0.000512846751080772,0.000507832616297649,4.44089209850063e-16,6.66133814775094e-16,1.7466208479533e-09,0.0146044409722084,0.653130455744822,0.00116211482743805,0.000148586035663811,0.0749271078051395,3.35084212819494,0.00596215241124942,0.00705716540487344,5.26641224964738e-07,0.069999999999709,0.300000000001091,11.8999999999996,NA,NA,NA
22,3,66,405,2000,50,TRUE,TRUE,TRUE,0.0004992425091938,0.000474956386677213,0.000476597496848996,4.44089209850063e-16,4.44089209850063e-16,7.3375199249881e-09,0.0224533775315912,1.00414556970209,0.00175867433055933,0.000188242697902297,0.105234962632771,4.70625060113053,0.00824259188619761,0.0113884799625339,1.24482509278065e-06,0.069999999999709,0.280000000000655,11.8799999999992,NA,NA,NA
22,3,66,405,2000,51,TRUE,TRUE,TRUE,0.000647862465231917,0.000592045226319067,0.000603059797429803,5.55111512312578e-16,4.44089209850063e-16,6.63902266495597e-11,0.0280205176194373,1.25311564323585,0.00218757084507007,0.000315865656929759,0.10535685268215,4.71170168985437,0.00822524345859829,0.0132307043834601,1.93864051274369e-06,0.0799999999999272,0.280000000000655,11.8899999999994,NA,NA,NA
22,3,66,405,2000,52,TRUE,TRUE,TRUE,0.000438821837051764,0.000402795326020521,0.000409566888820641,6.66133814775094e-16,7.7715611723761e-16,3.84194320801612e-09,0.0277078785877357,1.23913400068976,0.0022195945323444,0.000307058554142259,0.113394831994091,5.07117105271912,0.00908371776977549,0.0142159261192489,1.89562107613013e-06,0.0799999999999272,0.280000000000655,11.8099999999995,NA,NA,NA
22,3,66,405,2000,53,TRUE,TRUE,TRUE,0.000618652829503242,0.00062107606889022,0.000611956280941601,4.44089209850063e-16,4.44089209850063e-16,2.29606711421582e-09,0.02754501514653,1.23185052617805,0.00214512763842481,0.00023762253728421,0.0745086500644109,3.33212812911534,0.00580252229685288,0.00743464403616656,1.87340212203103e-06,0.190000000000509,0.289999999999054,11.7700000000004,NA,NA,NA
22,3,66,405,2000,54,TRUE,TRUE,TRUE,0.000422417420593172,0.000449707388775875,0.000439714573862147,4.44089209850063e-16,3.33066907387547e-16,5.12722664325338e-09,0.0216227164480973,0.966997276722969,0.00170786451559537,0.000241965272650191,0.137561373345225,6.15193163756302,0.010865248536964,0.013812031599727,1.15442436196252e-06,0.190000000000509,0.279999999998836,11.7700000000004,NA,NA,NA
22,3,66,405,2000,55,TRUE,TRUE,TRUE,0.000409823375400396,0.000398623677885678,0.000389648698088268,3.33066907387547e-16,4.44089209850063e-16,1.53240620193174e-09,0.0218284746056415,0.976199061266848,0.00172449367224587,0.00023922452535885,0.0722253656433371,3.23001654556559,0.00570595006191539,0.00794121262589442,1.17649951508429e-06,0.0799999999999272,0.420000000000073,11.75,NA,NA,NA
22,3,66,405,2000,56,TRUE,TRUE,TRUE,0.000739242439518482,0.000695018018689703,0.000702512130749454,4.44089209850063e-16,3.33066907387547e-16,1.28089583384394e-09,0.0283042744542404,1.26580563466984,0.00230049408690307,0.000366259249943823,0.0948462308851201,4.24165239337537,0.00770884248133674,0.0119222547762377,1.97810358612584e-06,0.0799999999999272,0.300000000001091,11.8400000000001,NA,NA,NA
22,3,66,405,2000,57,TRUE,TRUE,TRUE,0.0005653026137194,0.000514186770101331,0.000513963205393465,4.44089209850063e-16,4.44089209850063e-16,9.9535268915929e-10,0.01826807405979,0.816973108313822,0.00143884581444966,0.000196604927111821,0.117066628165681,5.2353787695031,0.00922050279611472,0.0111929055944415,8.24006246553022e-07,0.0799999999999272,0.280000000000655,11.8999999999996,NA,NA,NA
22,3,66,405,2000,58,TRUE,TRUE,TRUE,0.000523057202189414,0.00051767784756283,0.000511264154513751,3.33066907387547e-16,4.44089209850063e-16,1.521552661643e-09,0.0188764733722776,0.844181552717547,0.00148559780399602,0.000133072446814708,0.0671251579073065,3.0019283216229,0.0052828187349038,0.00638764604892117,8.79805548084703e-07,0.069999999999709,0.279999999998836,11.8899999999994,NA,NA,NA
22,3,66,405,2000,59,TRUE,TRUE,TRUE,0.00070482699193023,0.000703958126818249,0.000687947060183722,5.55111512312578e-16,4.44089209850063e-16,4.0316145977215e-09,0.0410624152578621,1.83636703673809,0.00332999657454751,0.000364760839957512,0.0870312288060519,3.8921548755134,0.00705788229900391,0.00967348270316393,4.16326406619533e-06,0.0799999999999272,0.279999999998836,11.8099999999995,NA,NA,NA
22,3,66,405,2000,60,TRUE,TRUE,TRUE,0.00052440601336657,0.000524963895912618,0.000516454184793855,4.44089209850063e-16,4.44089209850063e-16,1.48458489945824e-09,0.0222597377872402,0.995485737071798,0.00178614673107826,0.000208657015463132,0.0974350479155885,4.3574278106041,0.00781829929850486,0.0103322954709313,1.22344673174492e-06,0.18999999999869,0.280000000000655,11.7999999999993,NA,NA,NA
22,3,66,405,2000,61,TRUE,TRUE,TRUE,0.00053348296073407,0.000488024755819272,0.000491608026418487,4.44089209850063e-16,6.66133814775094e-16,6.62349064484147e-09,0.0306584434809519,1.37108727415488,0.0024268037985488,0.000276018952007462,0.101227728263826,4.52704163211586,0.00801279541871551,0.0116318241338718,2.32083989302401e-06,0.0800000000017462,0.409999999999854,11.7700000000004,NA,NA,NA
22,3,66,405,2000,62,TRUE,TRUE,TRUE,0.000411145942106003,0.000411172478459006,0.00042436816640417,4.44089209850063e-16,4.44089209850063e-16,4.47892234411995e-09,0.0253625243038807,1.13424656848936,0.00201057717994509,0.000196546809178244,0.104877698107402,4.69027324583702,0.0083140267890309,0.0101802001267686,1.58829046682701e-06,0.069999999999709,0.299999999999272,11.8099999999995,NA,NA,NA
22,3,66,405,2000,63,TRUE,TRUE,TRUE,0.00048675525292284,0.000442938460815895,0.00045728650445002,4.44089209850063e-16,4.44089209850063e-16,1.98445415655613e-09,0.0371024475166734,1.659271895578,0.00293239672043379,0.000360601706631769,0.0990500697695264,4.42965378361516,0.0078284350276453,0.0113195807476529,3.39899163389507e-06,0.0799999999999272,0.299999999999272,11.9200000000001,NA,NA,NA
22,3,66,405,2000,64,TRUE,TRUE,TRUE,0.000430941683492328,0.000420974320475804,0.000425194502477013,4.44089209850063e-16,4.44089209850063e-16,1.3144596522352e-11,0.0203778641327699,0.911325788742566,0.0016152667169191,0.000197382585838568,0.0949286072407843,4.24533637599545,0.00752458740329634,0.00894120556496603,1.02532678176205e-06,0.0599999999994907,0.280000000000655,11.869999999999,NA,NA,NA
22,3,66,405,2000,65,TRUE,TRUE,TRUE,0.000440951488716365,0.00040796341838443,0.000408994060649042,4.44089209850063e-16,4.44089209850063e-16,2.06163974780793e-11,0.015567006844606,0.696177710214869,0.00123575727676456,0.000274291271210814,0.151631633992674,6.78117282293973,0.0120369893175113,0.0201334854378246,5.98349881728417e-07,0.070000000001528,0.279999999998836,11.8600000000006,NA,NA,NA
22,3,66,405,2000,66,TRUE,TRUE,TRUE,0.000668298561352381,0.000625731665632089,0.000627414455094918,4.44089209850063e-16,6.66133814775094e-16,3.05904634956278e-10,0.0305225285635433,1.36500897426524,0.00237863041399394,0.000349041453716836,0.124374707672109,5.56220602073001,0.00969256075179313,0.0144325494720476,2.30030802447486e-06,0.0799999999999272,0.289999999999054,11.8199999999997,NA,NA,NA
22,3,66,405,2000,67,TRUE,TRUE,TRUE,0.000414674931406425,0.000398160835708363,0.000403851834462987,5.55111512312578e-16,4.44089209850063e-16,5.62057289599238e-09,0.0258839754747784,1.15756657379084,0.00204769607919159,0.000208991655554769,0.098032767537761,4.38415864473737,0.00775542821522831,0.011118083424094,1.65427206513316e-06,0.069999999999709,0.299999999999272,11.8700000000008,NA,NA,NA
22,3,66,405,2000,68,TRUE,TRUE,TRUE,0.000564217919299059,0.00054200857852784,0.000551285840785241,4.44089209850063e-16,6.66133814775094e-16,2.71598787904281e-09,0.0496789487387684,2.22171012861227,0.00389457090747079,0.000583197510550804,0.0974689039992146,4.3589419006929,0.00764105456205382,0.0139992658572226,6.09382209330661e-06,0.0799999999999272,0.279999999998836,11.75,NA,NA,NA
22,3,66,405,2000,69,TRUE,TRUE,TRUE,0.000615439045528512,0.000561544263901506,0.000568394496296041,4.44089209850063e-16,4.44089209850063e-16,2.25596141767426e-09,0.0267608137924848,1.1967799754642,0.0021098610026205,0.000256885927441886,0.100281723287491,4.48473500343309,0.00790635512359778,0.0115655911719159,1.76824976502727e-06,0.0999999999985448,0.290000000000873,11.9399999999987,NA,NA,NA
22,3,66,405,2000,70,TRUE,TRUE,TRUE,0.000411432590282475,0.000392264861054795,0.000390098961707774,4.44089209850063e-16,4.44089209850063e-16,8.45742142985273e-10,0.0290025732386467,1.29703450568061,0.00227951593280682,0.000196215193412286,0.09365762604778,4.18849636908182,0.00736121064320908,0.00999699857763403,2.07691173941498e-06,0.0799999999999272,0.279999999998836,11.7800000000007,NA,NA,NA
22,3,66,405,2000,71,TRUE,TRUE,TRUE,0.000572658191242132,0.000537909707927653,0.000536456427972722,4.44089209850063e-16,4.44089209850063e-16,3.8549041736502e-09,0.00917681041137318,0.410399437929165,0.000714688755277456,0.000119244500780269,0.0808720652409275,3.61670870719024,0.00629830551714612,0.00821958382097421,2.07935430435277e-07,0.0799999999999272,0.279999999998836,11.8199999999997,NA,NA,NA
22,3,66,405,2000,72,TRUE,TRUE,TRUE,0.000497189394523464,0.000503577110753146,0.000497592465205812,4.44089209850063e-16,4.44089209850063e-16,8.19677659080753e-12,0.0203356413636502,0.909437529103568,0.00162586622773191,0.00020599321840109,0.0856945261458475,3.83237571523496,0.00685141095235235,0.007802069506468,1.02108224610124e-06,0.070000000001528,0.279999999998836,11.9099999999999,NA,NA,NA
22,3,66,405,2000,73,TRUE,TRUE,TRUE,0.000549435463334782,0.000551662830068433,0.000540717114035576,4.44089209850063e-16,4.44089209850063e-16,1.70574665503409e-12,0.0311356265205311,1.39242754843906,0.00244231587686881,0.000265314428332886,0.0776929656286069,3.47453505038239,0.00609432938022449,0.00912682360352335,2.39364750327407e-06,0.0900000000001455,0.280000000000655,11.9499999999989,NA,NA,NA
22,3,66,405,2000,74,TRUE,TRUE,TRUE,0.000445125865678961,0.000428298141466876,0.000434443023884865,4.44089209850063e-16,4.44089209850063e-16,1.13362719211807e-09,0.0225080418632334,1.00659023293202,0.00180856460389571,0.000175814362037841,0.0972952866474806,4.35117749668188,0.00781786406057634,0.0113261907193305,1.25089370004214e-06,0.0800000000017462,0.280000000000655,11.9400000000005,NA,NA,NA
22,3,66,405,2000,75,TRUE,TRUE,TRUE,0.000469384899515366,0.000422530964559364,0.000423547651000562,4.44089209850063e-16,6.66133814775094e-16,1.62567292960603e-09,0.0164916000395638,0.737526774924058,0.00131418690894486,0.000202690340657341,0.105632496861071,4.72402887228775,0.00841766985622637,0.0117670348884928,6.71537955222077e-07,0.0799999999999272,0.279999999998836,11.75,NA,NA,NA
22,3,66,405,2000,76,TRUE,TRUE,TRUE,0.000448959598103716,0.000414151780840925,0.000411802866501512,5.55111512312578e-16,4.44089209850063e-16,3.00933389318914e-09,0.0319686465114677,1.42968133496607,0.00253798344512392,0.000296253235021027,0.106914497403204,4.78136167947578,0.00848791719586061,0.0120585624823661,2.52344286364241e-06,0.0799999999999272,0.290000000000873,11.8899999999994,NA,NA,NA
22,3,66,405,2000,77,TRUE,TRUE,TRUE,0.000447411360905831,0.000437755622160586,0.000443349253070147,6.66133814775094e-16,4.44089209850063e-16,4.64346738837662e-09,0.0345950035001053,1.54713559016157,0.00276389806542037,0.000373587468430969,0.0976738681280195,4.36810817519203,0.00780345679572877,0.0112880437518186,2.95509695598098e-06,0.069999999999709,0.280000000000655,11.9099999999999,NA,NA,NA
22,3,66,405,2000,78,TRUE,TRUE,TRUE,0.00081828003217731,0.00070568290961483,0.000719991290479942,4.44089209850063e-16,4.44089209850063e-16,1.29636301693381e-11,0.034976736064584,1.56420718942957,0.0027106005667879,0.000504559612451771,0.146614751792507,6.55681103024612,0.0113622388485426,0.0228305623977292,3.02067176723844e-06,0.0799999999999272,0.290000000000873,11.7999999999993,NA,NA,NA
22,3,66,405,2000,79,TRUE,TRUE,TRUE,0.000596850723325038,0.000587470739631829,0.000590323613222057,4.44089209850063e-16,5.55111512312578e-16,1.55301571602706e-09,0.0124919908743113,0.558658815385344,0.000992229351279608,0.000202098944114937,0.122213482049102,5.46555307257485,0.00970732409519853,0.0137686969781186,3.85308237046611e-07,0.0600000000013097,0.280000000000655,11.9300000000003,NA,NA,NA
22,3,66,405,2000,80,TRUE,TRUE,TRUE,0.000445039694920522,0.00043609843162758,0.000431199414481095,4.44089209850063e-16,4.44089209850063e-16,6.69615030091109e-10,0.0217719613033256,0.973671709554621,0.00175006554989812,0.000235997187346015,0.0950378325042153,4.25022107827329,0.00763929506788208,0.00856652089485976,1.17041555307039e-06,0.100000000000364,0.279999999998836,11.9100000000017,NA,NA,NA
22,3,66,405,2000,81,TRUE,TRUE,TRUE,0.000563175416685628,0.000527661421506166,0.000536704006823119,4.44089209850063e-16,4.44089209850063e-16,3.19781978674882e-09,0.0384211561553735,1.71824633875099,0.0030128345456615,0.00041375160537882,0.102985431183205,4.60564849635545,0.00807570869324842,0.0119206972434682,3.64490182793974e-06,0.0799999999999272,0.299999999999272,11.8899999999994,NA,NA,NA
22,3,66,405,2000,82,TRUE,TRUE,TRUE,0.000599635640691329,0.000532617708658111,0.000537570538949738,4.44089209850063e-16,3.33066907387547e-16,2.34827712830565e-11,0.0226981778972042,1.01509337487064,0.00181338798808315,0.000425095956629207,0.151354932544246,6.76879835797657,0.0120919493122255,0.0218832595525953,1.2721167403781e-06,0.069999999999709,0.279999999998836,11.7899999999991,NA,NA,NA
22,3,66,405,2000,83,TRUE,TRUE,TRUE,0.000536596054366236,0.000516050893123636,0.00050970840178281,4.44089209850063e-16,3.33066907387547e-16,2.66977395746437e-09,0.0190106193549429,0.850180743440509,0.00149948972630316,0.000192961530416369,0.0820653465542365,3.67007386984702,0.00647302130172792,0.00879077614246171,8.92354687058095e-07,0.0799999999999272,0.289999999999054,11.8000000000011,NA,NA,NA
22,3,66,405,2000,84,TRUE,TRUE,TRUE,0.00051699654637995,0.000513936536074417,0.000523264543917979,4.44089209850063e-16,4.44089209850063e-16,1.93776283907710e-09,0.0186719731449776,0.835036024524407,0.00149667923837524,0.000177659329665403,0.0686521538222305,3.07021765496559,0.00550291351094376,0.00739582647169357,8.60845879325341e-07,0.0799999999999272,0.289999999999054,11.9099999999999,NA,NA,NA
22,3,66,405,2000,85,TRUE,TRUE,TRUE,0.000543676441944572,0.000504168105669301,0.000504200894424944,8.88178419700125e-16,4.44089209850063e-16,4.52593518218691e-11,0.0300088033373611,1.34203448371524,0.00241954933532861,0.000399978712778193,0.111333842769245,4.97900081256609,0.00897662336760124,0.0116621640698042,2.22352661170473e-06,0.100000000000364,0.279999999998836,11.8199999999997,NA,NA,NA
22,3,66,405,2000,86,TRUE,TRUE,TRUE,0.000385616735874132,0.000396839408570349,0.000392270050517289,4.44089209850063e-16,4.44089209850063e-16,1.64288382897837e-09,0.0122153861876433,0.546288677739649,0.000970637530486684,8.60109071965098e-05,0.0603251410952969,2.697822324827,0.004793450250327,0.00468610184817919,3.68433727687079e-07,0.069999999999709,0.300000000001091,11.8400000000001,NA,NA,NA
22,3,66,405,2000,87,TRUE,TRUE,TRUE,0.000455711540752238,0.000434346306287102,0.000438121765548163,4.44089209850063e-16,4.44089209850063e-16,2.60897436987761e-09,0.0310181580805302,1.387174200098,0.00247011288497769,0.000244958453237132,0.078267527949185,3.50023025850485,0.0062327888316484,0.00876560349414035,2.3756200758241e-06,0.0799999999999272,0.279999999998836,11.8500000000004,NA,NA,NA
22,3,66,405,2000,88,TRUE,TRUE,TRUE,0.0004926371921939,0.000477894486449634,0.000475531325991083,6.66133814775094e-16,4.44089209850063e-16,4.20912904530724e-09,0.03279057126706,1.46643892748395,0.00261011728554521,0.000263252316415219,0.103469067027396,4.62727734883481,0.00823609927890277,0.0111890240524417,2.65486805930899e-06,0.0799999999999272,0.280000000000655,11.9399999999987,NA,NA,NA
22,3,66,405,2000,89,TRUE,TRUE,TRUE,0.00053189246503228,0.000482177854420239,0.000492216478480269,4.44089209850063e-16,4.44089209850063e-16,2.43808084832153e-09,0.0333815782479917,1.49286956317476,0.00264062658652151,0.000324635709034737,0.101160269558672,4.52402478710785,0.00800221293648336,0.0129905439893605,2.75143152179456e-06,0.0799999999999272,0.299999999999272,11.9300000000003,NA,NA,NA
22,3,66,405,2000,90,TRUE,TRUE,TRUE,0.000469245098903008,0.000459058221371709,0.000459173521960977,4.44089209850063e-16,4.44089209850063e-16,1.55961576986385e-09,0.0343725770260359,1.53718837584128,0.0027264999591398,0.000379362547832329,0.0966086851694049,4.3204717451133,0.00766318964002653,0.0111351212239583,2.9172198800266e-06,0.069999999999709,0.300000000001091,11.75,NA,NA,NA
22,3,66,405,2000,91,TRUE,TRUE,TRUE,0.000458907327631185,0.000442698058342228,0.000447648090356577,4.44089209850063e-16,4.44089209850063e-16,3.50248829938948e-09,0.0150152873180718,0.671504062897981,0.00117800605362145,0.000132675147270334,0.0668124397343615,2.9879431397728,0.00524168847369105,0.00690337160247623,5.56688526529006e-07,0.209999999999127,0.280000000000655,11.6700000000001,NA,NA,NA
22,3,66,405,2000,92,TRUE,TRUE,TRUE,0.000674197701295719,0.000643716140793104,0.000635058803916272,6.66133814775094e-16,4.44089209850063e-16,7.50815964956075e-09,0.0163532975270312,0.73134169853442,0.0012713244991403,0.000158332485000301,0.0739842097522574,3.30867444535301,0.00575161910019105,0.00595627139145449,6.60321827179272e-07,0.0799999999999272,0.280000000000655,11.8299999999999,NA,NA,NA
22,3,66,405,2000,93,TRUE,TRUE,TRUE,0.000494240945976018,0.000473258781799065,0.000474902025463809,6.66133814775094e-16,4.44089209850063e-16,1.23929555506663e-09,0.01140985571207,0.510264259713055,0.000916627809615009,0.000136860653853432,0.054425344972532,2.43397542114916,0.00437234142206892,0.00595840816311011,3.21443968815447e-07,0.0799999999999272,0.289999999999054,11.8600000000006,NA,NA,NA
22,3,66,405,2000,94,TRUE,TRUE,TRUE,0.000443512760977923,0.000418275759310427,0.000421314627414253,4.44089209850063e-16,4.44089209850063e-16,1.15993437077577e-09,0.0170693217313923,0.763363274424154,0.00136016916596683,0.000126720260112734,0.0843671391287973,3.77301316318346,0.00672279678534496,0.00920676930715558,7.19411714493291e-07,0.0799999999999272,0.289999999999054,11.8500000000004,NA,NA,NA
22,3,66,405,2000,95,TRUE,TRUE,TRUE,0.000477579994904597,0.000455583719766726,0.000444050320386179,4.44089209850063e-16,6.66133814775094e-16,7.9676447661825e-09,0.0330613361865495,1.47854790280197,0.00263391746720338,0.000371574154968357,0.103008237399235,4.60666842134251,0.00820641955366758,0.0125183948560874,2.69889370479025e-06,0.0799999999999272,0.280000000000655,11.8599999999988,NA,NA,NA
22,3,66,405,2000,96,TRUE,TRUE,TRUE,0.000484573486330396,0.000474388341562901,0.000480833425625543,4.44089209850063e-16,4.44089209850063e-16,6.1837202025572e-12,0.0262412863907715,1.1735460037361,0.00209725375248611,0.000225271398434757,0.0925449356417259,4.13873534136485,0.00739636809941043,0.0110196052755498,1.7002595344259e-06,0.0599999999994907,0.279999999998836,11.8400000000001,NA,NA,NA
22,3,66,405,2000,97,TRUE,TRUE,TRUE,0.000598212650104196,0.00059302464886392,0.000586877429687573,4.44089209850063e-16,2.22044604925031e-16,3.54262619239876e-09,0.0281712424562893,1.25985626285782,0.0022019941889809,0.000243006040491878,0.0874985230878138,3.91305291110373,0.00683928796121533,0.00996917028128053,1.95955284328651e-06,0.0599999999994907,0.280000000000655,11.7799999999988,NA,NA,NA
22,3,66,405,2000,98,TRUE,TRUE,TRUE,0.00061853929683361,0.000617374818099308,0.000607456775403432,6.66133814775094e-16,4.44089209850063e-16,3.80509423969499e-09,0.0237513267845368,1.06219162492072,0.00184973639367771,0.000221619367593462,0.0731077960392232,3.26948003257786,0.00569358302473271,0.00802289184079541,1.39290252845891e-06,0.0799999999999272,0.279999999998836,11.8999999999996,NA,NA,NA
22,3,66,405,2000,99,TRUE,TRUE,TRUE,0.000560955378322815,0.00051729070302012,0.000525681120161501,4.44089209850063e-16,6.66133814775094e-16,4.39930092355212e-09,0.0258134654898423,1.15441327140265,0.00207429961270167,0.000243575961093256,0.0944497771316505,4.22392244252151,0.00758972623032872,0.0107676149486906,1.64527160640809e-06,0.0799999999999272,0.299999999999272,11.8400000000001,NA,NA,NA
22,3,66,405,2000,100,TRUE,TRUE,TRUE,0.000535282728553275,0.000524117105017326,0.000528154029434188,4.44089209850063e-16,4.44089209850063e-16,3.57778251469654e-11,0.0380947775431286,1.70365024348336,0.00298764720539778,0.000413032923106016,0.135745353006495,6.07071673904458,0.0106460583500308,0.0186279938469198,3.58323969397643e-06,0.0799999999999272,0.300000000001091,11.8599999999988,NA,NA,NA
22,3,66,405,2000,101,TRUE,TRUE,TRUE,0.000800067845681906,0.000782728922988073,0.000780988916342465,4.44089209850063e-16,4.44089209850063e-16,6.61251431388621e-09,0.0225646881458745,1.00912353170518,0.00183893532401777,0.000241340890326569,0.089336444496828,3.99524725526089,0.00728057673322668,0.00995326110034966,1.25719790400141e-06,0.0799999999999272,0.299999999999272,11.8099999999995,NA,NA,NA
22,3,66,405,2000,102,TRUE,TRUE,TRUE,0.000538545524365536,0.000537768783370805,0.000532123015716891,6.66133814775094e-16,6.66133814775094e-16,3.47111495102581e-09,0.0162776641951164,0.727959273103891,0.00129979918432058,0.000148461413985501,0.0748687739516066,3.34823335895716,0.00597839899797027,0.00780854835322486,6.54228028762896e-07,0.0799999999999272,0.280000000000655,11.8500000000004,NA,NA,NA
22,3,66,405,2000,103,TRUE,TRUE,TRUE,0.0005666576624783,0.000570616902308034,0.000560238599521372,3.33066907387547e-16,5.55111512312578e-16,3.13351278258267e-09,0.023502767873713,1.05107573250041,0.00189079185966552,0.000226695749404371,0.0961901628157498,4.30175485645578,0.00773847479621078,0.00973954963031076,1.36390147586577e-06,0.0599999999994907,0.289999999999054,11.8600000000006,NA,NA,NA
22,3,66,405,2000,104,TRUE,TRUE,TRUE,0.000602020074902305,0.000548075112082317,0.000534580443724221,4.44089209850063e-16,4.44089209850063e-16,3.34726646400441e-09,0.0460942851825247,2.06139910084773,0.00361227820331239,0.000596927535866598,0.153586187321784,6.86858310513052,0.0120361132534206,0.0195502161220844,5.24613117651337e-06,0.0799999999999272,0.300000000001091,11.8199999999997,NA,NA,NA
22,3,66,405,2000,105,TRUE,TRUE,TRUE,0.000575808718425193,0.000567926071238479,0.000565654284128156,3.33066907387547e-16,4.44089209850063e-16,9.14023301490374e-10,0.0140296840593006,0.627426545188825,0.00112107380942123,0.000126721039094946,0.0706505817783425,3.15959007012564,0.00564549540226932,0.00723577993736058,4.86005024206895e-07,0.0799999999999272,0.280000000000655,11.8700000000008,NA,NA,NA
22,3,66,405,2000,106,TRUE,TRUE,TRUE,0.000570729499607358,0.000551318310448981,0.000557218295634326,4.44089209850063e-16,4.44089209850063e-16,1.77662085043551e-09,0.0313891967727967,1.40376755486181,0.00253479405037077,0.000238898266843535,0.0796962063449884,3.56412269872488,0.00643576422622804,0.00903430493889346,2.43279425689223e-06,0.180000000000291,0.279999999998836,11.8700000000008,NA,NA,NA
22,3,66,405,2000,107,TRUE,TRUE,TRUE,0.000602119691013006,0.000519495133464542,0.000516826465610974,4.44089209850063e-16,4.44089209850063e-16,6.78931355579948e-09,0.0263683599636798,1.17922890667944,0.00209394406874194,0.000475464921876778,0.141144948078884,6.31219397170125,0.0112084948502585,0.0193247602483098,1.71676643746714e-06,0.0799999999999272,0.290000000000873,11.9400000000005,NA,NA,NA
22,3,66,405,2000,108,TRUE,TRUE,TRUE,0.000619404010604521,0.000623856637194293,0.000600530212008848,4.44089209850063e-16,4.44089209850063e-16,9.11278208448607e-09,0.0284926123703663,1.27422836233381,0.00222497043327253,0.000214654616058851,0.0747207817395666,3.34161494603192,0.00583489951572341,0.00782534069983853,2.0045159498468e-06,0.0799999999999272,0.280000000000655,11.8500000000004,NA,NA,NA
22,3,66,405,2000,109,TRUE,TRUE,TRUE,0.000641507611626389,0.000606053355046367,0.000609523703958642,6.66133814775094e-16,4.44089209850063e-16,5.72715208591035e-11,0.0178644364666325,0.79892188638233,0.00139398592316847,0.000205793546030009,0.0799855588729361,3.57706293716393,0.00624138037233329,0.00899493070770063,7.8799528461815e-07,0.0799999999999272,0.280000000000655,11.8200000000015,NA,NA,NA
22,3,66,405,2000,110,TRUE,TRUE,TRUE,0.000454049585760012,0.000444749255168003,0.000444618811278726,4.44089209850063e-16,4.44089209850063e-16,1.86650694899981e-12,0.0332771610783261,1.48819988538695,0.00264931806076086,0.000253942461043266,0.0829440494282029,3.70937065701128,0.00660348302144989,0.00785712494342761,2.73424555415521e-06,0.0799999999999272,0.279999999998836,11.8400000000001,NA,NA,NA
22,3,66,405,2000,111,TRUE,TRUE,TRUE,0.000466625259909112,0.000449465602346989,0.000456444452619486,4.44089209850063e-16,4.44089209850063e-16,2.92255109002326e-11,0.0186220860366092,0.832805005214155,0.00148252767270704,0.000206202991762439,0.0868698341874047,3.88493708874344,0.00691581667344446,0.0100102576456749,8.56252070012036e-07,0.180000000000291,0.280000000000655,11.8100000000013,NA,NA,NA
22,3,66,405,2000,112,TRUE,TRUE,TRUE,0.000685578131870267,0.000669542110564616,0.000668538424978697,6.66133814775094e-16,5.55111512312578e-16,8.63514681981314e-09,0.0242721439757493,1.08548327778875,0.00188856470418245,0.000181808167681652,0.0847183392465039,3.78871930992142,0.00659175660204374,0.00800338266958533,1.45465919303581e-06,0.0799999999999272,0.409999999999854,11.6900000000005,NA,NA,NA
22,3,66,405,2000,113,TRUE,TRUE,TRUE,0.000511351944908019,0.000511095065061889,0.000509315234883064,4.44089209850063e-16,4.44089209850063e-16,2.03412953148074e-09,0.0265313010216211,1.18651585231709,0.00210238811453948,0.00025485651190138,0.111873431398434,5.00313194966114,0.00886505235130167,0.011713860290044,1.73804921950586e-06,0.0599999999994907,0.299999999999272,11.8000000000011,NA,NA,NA
22,3,66,405,2000,114,TRUE,TRUE,TRUE,0.000505967951584492,0.000485936271440636,0.000492943467653263,5.55111512312578e-16,4.44089209850063e-16,3.17318238352016e-09,0.0358605888928333,1.60373428955098,0.00284861569788822,0.000355302606237728,0.119356793585849,5.33779808068738,0.00948120614734809,0.0103108970269119,3.17526379195258e-06,0.0799999999999272,0.299999999999272,11.9099999999999,NA,NA,NA
22,3,66,405,2000,115,TRUE,TRUE,TRUE,0.000392264845909588,0.000389550233206993,0.000382393359592551,5.55111512312578e-16,4.44089209850063e-16,1.09645958978888e-09,0.0345475808789436,1.5450147860698,0.00274933453639919,0.000248548690407802,0.0813540761029551,3.63826488825798,0.00647424697811552,0.0100584920937763,2.94700085083247e-06,0.0799999999999272,0.290000000000873,11.9200000000001,NA,NA,NA
22,3,66,405,2000,116,TRUE,TRUE,TRUE,0.000657832592052981,0.000657717172946411,0.000650757792081979,4.44089209850063e-16,4.44089209850063e-16,5.41593614400426e-09,0.0282012932088156,1.2612001733663,0.00219109790747928,0.000276381662558833,0.0945533018070918,4.22855220675422,0.00734631352543839,0.00947809590611826,1.96373565098664e-06,0.069999999999709,0.280000000000655,11.8099999999995,NA,NA,NA
22,3,66,405,2000,117,TRUE,TRUE,TRUE,0.000508484056726293,0.000486351329574239,0.000504901071356639,4.44089209850063e-16,4.44089209850063e-16,1.86339832453086e-12,0.0403011656158638,1.80232291779097,0.00315199812450495,0.000377174870678232,0.113934462631795,5.09530406849208,0.00891093860547142,0.0152831142095948,4.01033074073403e-06,0.069999999999709,0.280000000000655,11.8600000000006,NA,NA,NA
22,3,66,405,2000,118,TRUE,TRUE,TRUE,0.000421784540481945,0.000420956303803968,0.000421848471953154,4.44089209850063e-16,6.66133814775094e-16,2.97111668601246e-09,0.0230671379318102,1.03159376923783,0.00182499562649463,0.000159277456788232,0.0775801413940823,3.46948939722427,0.00613788408278374,0.00707088006271306,1.31380951201273e-06,0.0799999999999272,0.280000000000655,11.7599999999984,NA,NA,NA
22,3,66,405,2000,119,TRUE,TRUE,TRUE,0.00049383366641987,0.000486702970990874,0.000478318429124458,4.44089209850063e-16,4.44089209850063e-16,8.35741253979450e-09,0.033336999015062,1.49087591927045,0.00260547046177467,0.000262560141692347,0.085387610753777,3.81865004163475,0.00667351303936992,0.00807357710473866,2.74408766254382e-06,0.069999999999709,0.389999999999418,11.7600000000002,NA,NA,NA
22,3,66,405,2000,120,TRUE,TRUE,TRUE,0.000475762705692393,0.00047079495919173,0.000460573287268133,6.66133814775094e-16,7.7715611723761e-16,4.27960822335649e-09,0.020703817657988,0.925902873540435,0.00163174960301195,0.00017647917378838,0.0654902701527679,2.92881391852829,0.00516154672960492,0.00676336905048913,1.05839028546967e-06,0.0799999999999272,0.299999999999272,12.0200000000004,NA,NA,NA
22,3,66,405,2000,121,TRUE,TRUE,TRUE,0.000483112680928923,0.000470535575780106,0.000470010105417775,4.44089209850063e-16,4.44089209850063e-16,5.03406205609735e-10,0.0206401939863522,0.923057536445317,0.00165715907451323,0.000239000633186492,0.0931273030608295,4.16477960410478,0.00747700120717093,0.010549847777412,1.05189532788703e-06,0.100000000000364,0.289999999999054,11.9600000000009,NA,NA,NA
22,3,66,405,2000,122,TRUE,TRUE,TRUE,0.000585439157408848,0.00058234218416293,0.000580177777096031,4.44089209850063e-16,4.44089209850063e-16,8.93471074903118e-10,0.0198605194617231,0.888189431697406,0.00159693721557358,0.000141369673357872,0.0732246928581915,3.27470781724919,0.00588782369713735,0.0073325696226334,9.73926501949336e-07,0.0799999999999272,0.280000000000655,11.9200000000001,NA,NA,NA
22,3,66,405,2000,123,TRUE,TRUE,TRUE,0.00040641600588367,0.000387906637833805,0.000386156158228508,6.66133814775094e-16,4.44089209850063e-16,2.32632957342105e-09,0.0181412789175287,0.811302657167558,0.00144677236095833,0.000161570422207546,0.0748633792520828,3.34799210066009,0.0059703766444604,0.00714529409857789,8.12607409292766e-07,0.069999999999709,0.279999999998836,11.9099999999999,NA,NA,NA
22,3,66,405,2000,124,TRUE,TRUE,TRUE,0.000466748547269232,0.000453766431545613,0.000454903183854729,6.66133814775094e-16,5.55111512312578e-16,2.45572606694111e-09,0.0167835198552809,0.750581825962512,0.00133200530276471,0.000227437012284781,0.0988112913494642,4.41897528803878,0.00784204774596802,0.0117573107739588,6.95522317858294e-07,0.0799999999999272,0.279999999998836,11.7600000000002,NA,NA,NA
22,3,66,405,2000,125,TRUE,TRUE,TRUE,0.000641626751691038,0.000635593111549887,0.000642960342696053,4.44089209850063e-16,4.44089209850063e-16,1.23396848294988e-11,0.0255532421626425,1.14277573042365,0.00198822338938074,0.000296552949208717,0.131608599814379,5.88571551217036,0.0102400820502199,0.0122264240541625,1.61226712351271e-06,0.0799999999999272,0.389999999999418,11.75,NA,NA,NA
22,3,66,405,2000,126,TRUE,TRUE,TRUE,0.000411014828087236,0.000395488000936582,0.000385494860378465,5.55111512312578e-16,4.44089209850063e-16,9.83111281271931e-09,0.038995778233645,1.74394421931874,0.00305437857598364,0.000340062844330191,0.094361441504611,4.2199719531836,0.00739094277343973,0.0113761046991243,3.7547425186361e-06,0.0799999999999272,0.280000000000655,11.9200000000001,NA,NA,NA
22,3,66,405,2000,127,TRUE,TRUE,TRUE,0.000650252006359768,0.000630342629036651,0.000626879413746511,4.44089209850063e-16,4.44089209850063e-16,3.42337513892232e-09,0.0252718428868396,1.13019117223336,0.00196163198022118,0.00021516926727827,0.0818355844731094,3.65979859720598,0.00635218018493383,0.00916242151195945,1.57695319233853e-06,0.0799999999999272,0.279999999998836,11.9099999999999,NA,NA,NA
22,3,66,405,2000,128,TRUE,TRUE,TRUE,0.000453982384994569,0.00043069745481924,0.000431261013245457,4.44089209850063e-16,4.44089209850063e-16,3.46233530734708e-09,0.0154819578199424,0.692374202203513,0.0012294952129369,0.000162230893849369,0.0753713865614513,3.37071087819638,0.00598559691529153,0.00812101288673261,5.91829673922162e-07,0.070000000001528,0.279999999998836,11.9200000000001,NA,NA,NA
22,3,66,405,2000,129,TRUE,TRUE,TRUE,0.000500953504908282,0.000494033101166444,0.000480949583953077,4.44089209850063e-16,6.66133814775094e-16,5.21203480374766e-09,0.046183735807889,2.06539945442662,0.00363280270295011,0.000396007147713817,0.0801228240773727,3.58320162372524,0.0063024440700736,0.0095921656404272,5.26651223005651e-06,0.069999999999709,0.300000000001091,11.9200000000001,NA,NA,NA
22,3,66,405,2000,130,TRUE,TRUE,TRUE,0.000503141324612514,0.000502467264321713,0.000499861016030098,7.7715611723761e-16,4.44089209850063e-16,1.21776233541482e-09,0.0152393060304476,0.681522484280067,0.00120335300007587,0.000123565457130326,0.0792857114121461,3.54576480723979,0.00626069838746804,0.00711852073787611,5.73423329110214e-07,0.0799999999999272,0.279999999998836,11.8199999999997,NA,NA,NA
22,3,66,405,2000,131,TRUE,TRUE,TRUE,0.000496959105738464,0.000487366335000695,0.000492303178110562,4.44089209850063e-16,5.55111512312578e-16,1.91317184317086e-10,0.0282490475732037,1.26333581346618,0.00221369363718767,0.000246867856319,0.116576376870902,5.21345406507943,0.0091353304233273,0.0131898166441999,1.97039182418056e-06,0.0799999999999272,0.399999999999636,11.6999999999989,NA,NA,NA
22,3,66,405,2000,132,TRUE,TRUE,TRUE,0.000654433463651649,0.000622822994746154,0.000631176576095855,4.44089209850063e-16,5.55111512312578e-16,2.52190401894836e-09,0.0341620443187563,1.52777306694199,0.00277103783422083,0.000278576702910982,0.090453549590443,4.04520571380758,0.00733709627608763,0.0107618267832095,2.88159326428807e-06,0.0800000000017462,0.280000000000655,11.7899999999991,NA,NA,NA
22,3,66,405,2000,133,TRUE,TRUE,TRUE,0.000445387443394628,0.000425872320942257,0.000420904326406373,4.44089209850063e-16,5.55111512312578e-16,3.6559266725078e-09,0.0160663836443787,0.718510519628433,0.00127634834454092,0.000111909145672939,0.0805532832135076,3.60245234152391,0.00639932743750136,0.00686115033640533,6.37354773847803e-07,0.0599999999994907,0.279999999998836,11.8899999999994,NA,NA,NA
22,3,66,405,2000,134,TRUE,TRUE,TRUE,0.000458539997295425,0.000425935847478886,0.000421988599803951,6.66133814775094e-16,4.44089209850063e-16,3.31776339734802e-09,0.0381536334050502,1.70628235764598,0.00299015842556531,0.000389660150688087,0.102826235708344,4.59852905828545,0.00805864887908083,0.012455043343266,3.59432035063448e-06,0.0599999999994907,0.289999999999054,11.9200000000001,NA,NA,NA
22,3,66,405,2000,135,TRUE,TRUE,TRUE,0.000480115927558325,0.000454969724940998,0.000459058000365251,4.44089209850063e-16,7.7715611723761e-16,4.39206493396682e-09,0.0320895823824794,1.43508975153607,0.00252545559749263,0.000332502576156912,0.102001804431779,4.56165937074194,0.00802755937694073,0.0129230466950361,2.54257110489367e-06,0.069999999999709,0.300000000001091,11.9200000000001,NA,NA,NA
22,3,66,405,2000,136,TRUE,TRUE,TRUE,0.000378069160962133,0.000371157218306291,0.000373599216591346,6.66133814775094e-16,5.55111512312578e-16,4.79274042675115e-09,0.024260828221057,1.08497722185458,0.00190828618646957,0.000237381109499779,0.108750118694728,4.86345315925166,0.00855396804227627,0.0119551124451789,1.45330317523861e-06,0.069999999999709,0.280000000000655,11.8600000000006,NA,NA,NA
22,3,66,405,2000,137,TRUE,TRUE,TRUE,0.000484220925322309,0.000474437427490712,0.000469494703874641,4.44089209850063e-16,4.44089209850063e-16,9.84172743301315e-10,0.0206901947728058,0.92529363959409,0.00165460976323945,0.00022989433226428,0.119958059888687,5.3646875272019,0.00959313236296651,0.0112929085588291,1.05699792527565e-06,0.0999999999985448,0.390000000001237,11.7999999999993,NA,NA,NA
22,3,66,405,2000,138,TRUE,TRUE,TRUE,0.000577546984993858,0.000543514939382225,0.000549932826231651,4.44089209850063e-16,4.44089209850063e-16,4.25053281460919e-09,0.0183323406089052,0.819847195763837,0.00143780276320558,0.000310669229889982,0.110043887900552,4.92131227708001,0.00863072585616483,0.0148866592010251,8.29814104199787e-07,0.069999999999709,0.300000000001091,11.8499999999985,NA,NA,NA
22,3,66,405,2000,139,TRUE,TRUE,TRUE,0.00114285324921837,0.0011346638700329,0.00113340552933587,4.44089209850063e-16,6.66133814775094e-16,6.10069772477573e-11,0.0252167479589178,1.12772725215238,0.00192422185974426,0.000253026581930271,0.0882477370725424,3.94655877909466,0.00673394622592078,0.00998698873532078,1.57008488302119e-06,0.0900000000001455,0.299999999999272,11.9200000000001,NA,NA,NA
22,3,66,405,2000,140,TRUE,TRUE,TRUE,0.000545618370820573,0.000530509570134023,0.000534217116348293,4.44089209850063e-16,4.44089209850063e-16,1.63065161373765e-09,0.0196571410647197,0.879094073280316,0.00153365501426228,0.000166138319514175,0.0719956037588875,3.21974128172024,0.00561711483608529,0.00762973646928344,9.54081962563676e-07,0.0799999999999272,0.280000000000655,11.8600000000006,NA,NA,NA
22,3,66,405,2000,141,TRUE,TRUE,TRUE,0.000400921034031536,0.000362387408705327,0.000373506363406734,4.44089209850063e-16,4.44089209850063e-16,9.09589825681678e-09,0.0576527753199813,2.57831049414001,0.00460485798834571,0.000593251647813986,0.117207827797804,5.24169340901958,0.00936165516986496,0.0150451280688202,8.20701852369444e-06,0.0799999999999272,0.290000000000873,11.9200000000001,NA,NA,NA
22,3,66,405,2000,142,TRUE,TRUE,TRUE,0.00056725832807004,0.000551351956113024,0.000547799323116789,4.44089209850063e-16,4.44089209850063e-16,2.68183786289455e-09,0.0195202702051205,0.872973022356265,0.0015216384394445,0.000150400646774074,0.0738743576440788,3.30376170972583,0.00575863249326403,0.0077748456706388,9.40841849088682e-07,0.0799999999999272,0.280000000000655,11.9099999999999,NA,NA,NA
22,3,66,405,2000,143,TRUE,TRUE,TRUE,0.000446572036314926,0.000435502346864245,0.000427158843844195,8.88178419700125e-16,4.44089209850063e-16,4.76933159632154e-09,0.0360130517269058,1.61055263477155,0.00288058991730805,0.000313180387465195,0.0794705640736881,3.55403166958038,0.00635664278965892,0.00823426680757677,3.20232072761677e-06,0.0799999999999272,0.289999999999054,11.8400000000001,NA,NA,NA
22,3,66,405,2000,144,TRUE,TRUE,TRUE,0.000610640968264869,0.000586479317760224,0.000580488605252231,4.44089209850063e-16,4.44089209850063e-16,9.54312850964811e-10,0.0198752281861223,0.888847225849787,0.00160617647990493,0.000133197404167618,0.0735271412619417,3.28823372105862,0.00594194762563976,0.00599202887076444,9.75369618396127e-07,0.069999999999709,0.300000000001091,11.7600000000002,NA,NA,NA
22,3,66,405,2000,145,TRUE,TRUE,TRUE,0.000654229712843772,0.000618396028794098,0.000613562977238602,4.44089209850063e-16,4.44089209850063e-16,1.91880578093162e-09,0.0274937854079257,1.22955946261827,0.00213829733473255,0.000326184951120467,0.0927330486699102,4.14714801173431,0.00721220551737233,0.01032427784682,1.86644008902979e-06,0.0799999999999272,0.279999999998836,11.8700000000008,NA,NA,NA
22,3,66,405,2000,146,TRUE,TRUE,TRUE,0.000414029336460266,0.000396800804955928,0.000393833755700898,4.44089209850063e-16,7.7715611723761e-16,3.46008599549918e-09,0.0207750847156553,0.929090033250442,0.00163310795592742,0.000172654093390179,0.0694143528604525,3.10430423220257,0.00545659059703056,0.00712122632548073,1.06568924677198e-06,0.0799999999999272,0.279999999998836,11.8600000000006,NA,NA,NA
22,3,66,405,2000,147,TRUE,TRUE,TRUE,0.00052999056315588,0.000475415081153038,0.000480104287896222,4.44089209850063e-16,4.44089209850063e-16,7.38156646917787e-10,0.013375237696119,0.598158814074795,0.00106587237164852,0.000136406806859668,0.105853626493614,4.73391809009187,0.00843547295993722,0.0121442303206152,4.41720946735018e-07,0.069999999999709,0.299999999999272,11.8900000000012,NA,NA,NA
22,3,66,405,2000,148,TRUE,TRUE,TRUE,0.000491226406810712,0.000468061935090098,0.000452506277947587,6.66133814775094e-16,4.44089209850063e-16,4.91220131237924e-09,0.0334169928095067,1.49445335051357,0.00267637217707046,0.000213474356414167,0.0948553027128214,4.24205809784378,0.00759697601981617,0.00978536546031705,2.75727261340895e-06,0.0799999999999272,0.279999999998836,11.8600000000006,NA,NA,NA
22,3,66,405,2000,149,TRUE,TRUE,TRUE,0.000491609922708345,0.000502490123082358,0.000485904110710121,4.44089209850063e-16,4.44089209850063e-16,5.83652504104748e-09,0.0467362542196557,2.09010882897723,0.00371679088153163,0.00045829239638806,0.110792328233434,4.95478354630857,0.00881097388306532,0.0139103839520942,5.39327767526984e-06,0.0599999999994907,0.300000000001091,11.8599999999988,NA,NA,NA
22,3,66,405,2000,150,TRUE,TRUE,TRUE,0.000607709792746364,0.000568077638108111,0.000571167991444891,4.44089209850063e-16,6.66133814775094e-16,3.27195537330738e-09,0.0235703504765013,1.05409811837903,0.00184008393877513,0.000218918028167536,0.0865335377780051,3.86989745610331,0.006755477530529,0.0100508836195132,1.37175659650643e-06,0.070000000001528,0.279999999998836,11.9200000000001,NA,NA,NA
22,3,66,405,2000,151,TRUE,TRUE,TRUE,0.00046800428281171,0.00044425939241474,0.000462017259747559,5.55111512312578e-16,6.66133814775094e-16,3.01852010053949e-09,0.0455606466361779,2.03753405954682,0.00366336762903097,0.000470648888438063,0.11662217262896,5.21550211364139,0.00937716919269855,0.0142739527652083,5.12536425162141e-06,0.0799999999999272,0.260000000000218,11.869999999999,NA,NA,NA
22,3,66,405,2000,152,TRUE,TRUE,TRUE,0.000388298686972984,0.000390944617274999,0.000385020629080882,4.44089209850063e-16,4.44089209850063e-16,5.18443954433678e-09,0.0273276688905124,1.22213050611584,0.00216525156804807,0.000218452803551372,0.101260173663427,4.52849263449712,0.00802314133283702,0.0109075790732049,1.84395428886291e-06,0.0600000000013097,0.290000000000873,11.8199999999997,NA,NA,NA
22,3,66,405,2000,153,TRUE,TRUE,TRUE,0.000443929528556592,0.000417558431109515,0.000427275627575272,4.44089209850063e-16,4.44089209850063e-16,2.19816098656622e-09,0.0318188125673128,1.42298055727672,0.00253335371046572,0.000375807331479905,0.0982545490699764,4.39407701638112,0.00782284146933463,0.0139826115250372,2.49984403257724e-06,0.0799999999999272,0.270000000000437,11.7099999999991,NA,NA,NA
22,3,66,405,2000,154,TRUE,TRUE,TRUE,0.000597988521577497,0.00053630803348394,0.000538448918144968,6.66133814775094e-16,4.44089209850063e-16,2.45050268965485e-09,0.0264933864681036,1.18482026193706,0.00207117140966205,0.000258183915178734,0.0960468562702709,4.29534599290955,0.00750864759906795,0.00970746085324947,1.73308525073654e-06,0.0900000000001455,0.299999999999272,11.8099999999995,NA,NA,NA
22,3,66,405,2000,155,TRUE,TRUE,TRUE,0.000660200066432118,0.000638531492529891,0.000644832516349254,5.55111512312578e-16,4.44089209850063e-16,8.81775119587758e-09,0.0242840881296024,1.08601743658774,0.00189181101529141,0.000210407425726089,0.0999485758515692,4.46983619716806,0.00778632558692594,0.0119056843183927,1.45609120070691e-06,0.069999999999709,0.299999999999272,11.8700000000008,NA,NA,NA
22,3,66,405,2000,156,TRUE,TRUE,TRUE,0.000480563977463151,0.000444685578188528,0.000442985890991532,4.44089209850063e-16,4.44089209850063e-16,4.94620433499904e-09,0.0304477970933016,1.36166688131486,0.00239220420305041,0.000321885815822043,0.126031987374893,5.63632182219311,0.00990200535668118,0.0113679142651648,2.28905764897498e-06,0.0799999999999272,0.299999999999272,11.8899999999994,NA,NA,NA
22,3,66,405,2000,157,TRUE,TRUE,TRUE,0.000441630806128091,0.000434652786409781,0.000433046430779708,4.44089209850063e-16,4.44089209850063e-16,9.42687039540147e-10,0.0236953718952379,1.0596892461978,0.0018916873748264,0.000234067842981744,0.119624008119737,5.34974827793436,0.00955001790588964,0.0127527878570248,1.38634728210773e-06,0.0799999999999272,0.299999999999272,11.9099999999999,NA,NA,NA
22,3,66,405,2000,158,TRUE,TRUE,TRUE,0.000578242683396626,0.000575506664450373,0.000575697661314408,6.66133814775094e-16,4.44089209850063e-16,4.86461981807906e-09,0.0291324107592717,1.30284101612356,0.00227512805912759,0.00022897645041553,0.0819018476374465,3.66276197600322,0.0063962159944159,0.00891324584617337,2.09554902875785e-06,0.0799999999999272,0.280000000000655,11.8899999999994,NA,NA,NA
22,3,66,405,2000,159,TRUE,TRUE,TRUE,0.000421643638258883,0.000422086603929933,0.000416935429773294,2.22044604925031e-16,6.66133814775094e-16,5.73606850906572e-09,0.0174886990121202,0.782118396582682,0.00138617775128816,0.00016805208481685,0.0952790910672291,4.26101048921434,0.00755194861028945,0.0101861548374842,7.55196526263043e-07,0.069999999999709,0.280000000000655,11.8599999999988,NA,NA,NA
22,3,66,405,2000,160,TRUE,TRUE,TRUE,0.000499274314047188,0.000456322631526399,0.000472773053572648,6.66133814775094e-16,4.44089209850063e-16,6.92944945868135e-09,0.0334832542068196,1.49741665028709,0.00264215686631531,0.000321394834926991,0.114819021839359,5.1348627588568,0.00906034595868768,0.0134707796141811,2.76821805500865e-06,0.0799999999999272,0.279999999998836,11.8199999999997,NA,NA,NA
22,3,66,405,2000,161,TRUE,TRUE,TRUE,0.000520800601238336,0.000511126681793471,0.00050327318019818,4.44089209850063e-16,4.44089209850063e-16,8.27275736803301e-09,0.0252479671911348,1.12912341866124,0.00198738853650091,0.00033178143421253,0.106261064305179,4.75213926295713,0.00836431778755835,0.0125138901571944,1.57397493156697e-06,0.190000000000509,0.280000000000655,11.7399999999998,NA,NA,NA
22,3,66,405,2000,162,TRUE,TRUE,TRUE,0.000483772879437884,0.000470646719416932,0.000470141343052349,8.88178419700125e-16,4.44089209850063e-16,3.27637650343604e-09,0.0128216454706925,0.573401417117416,0.00102352676182583,0.000166481238267124,0.0875578185244759,3.91570468364637,0.00698956859100006,0.00917843800161222,4.05912574262051e-07,0.190000000000509,0.280000000000655,11.7700000000004,NA,NA,NA
22,3,66,405,2000,163,TRUE,TRUE,TRUE,0.000480460007762007,0.000469137871001205,0.000456161340817669,4.44089209850063e-16,6.66133814775094e-16,8.21653856064586e-12,0.0207744145325505,0.929060061750848,0.00164092934566124,0.000158574017731894,0.0730302979379772,3.26601421212759,0.00576851678881454,0.0064726385550955,1.06562049177838e-06,0.0799999999999272,0.409999999999854,11.7899999999991,NA,NA,NA
22,3,66,405,2000,164,TRUE,TRUE,TRUE,0.000373159331695174,0.000358243987678542,0.000358358567221107,4.44089209850063e-16,4.44089209850063e-16,2.3817412486693e-09,0.027471435859376,1.2285599604218,0.00217624499732886,0.00029355003674425,0.102498975367561,4.58389353091885,0.00811981155687779,0.011250990217178,1.86340688438471e-06,0.0600000000013097,0.300000000001091,11.8799999999992,NA,NA,NA
22,3,66,405,2000,165,TRUE,TRUE,TRUE,0.00037079860731819,0.000343581097889784,0.000335253504384674,4.44089209850063e-16,4.44089209850063e-16,7.17384995851944e-09,0.0418331366560699,1.87083474550021,0.00330095237289851,0.000477176200789131,0.137509078484853,6.1495929403097,0.0108505112263391,0.0166028282488639,4.32101561107511e-06,0.0799999999999272,0.279999999998836,11.9200000000001,NA,NA,NA
22,3,66,405,2000,166,TRUE,TRUE,TRUE,0.000418796338599048,0.000410205698419159,0.000413547545459381,4.44089209850063e-16,4.44089209850063e-16,3.76816622349452e-09,0.0220107906156069,0.984352481100229,0.0017406957670629,0.000217335681384156,0.0883466455519757,3.95098210076594,0.00698678364772088,0.0108253276429338,1.19623432968911e-06,0.0799999999999272,0.300000000001091,11.869999999999,NA,NA,NA
22,3,66,405,2000,167,TRUE,TRUE,TRUE,0.000417304393027727,0.000412540958070823,0.00041140734977372,8.88178419700125e-16,4.44089209850063e-16,9.8380508184448e-09,0.0141726634771918,0.633820779144589,0.00113319675910689,0.000130329857782385,0.0834830466917563,3.73347534743112,0.00667501335255099,0.00835767607368609,4.95961456883276e-07,0.069999999999709,0.280000000000655,11.8599999999988,NA,NA,NA
22,3,66,405,2000,168,TRUE,TRUE,TRUE,0.000577081874366071,0.000574085817498681,0.000568634592691216,4.44089209850063e-16,6.66133814775094e-16,1.60757540612622e-09,0.0177475900987632,0.793696357952734,0.00139029883143002,0.000142701842150927,0.0655138072891471,2.92986653126708,0.0051321767749741,0.00655365739288527,7.77720874848683e-07,0.0799999999999272,0.279999999998836,11.7999999999993,NA,NA,NA
22,3,66,405,2000,169,TRUE,TRUE,TRUE,0.000602244469912199,0.000582767414418263,0.000583388247340134,4.44089209850063e-16,3.33066907387547e-16,8.30743451807336e-09,0.0163241409352188,0.730037776108724,0.00131036459967263,0.000213985763579672,0.110127437516495,4.92504872949485,0.00884010350970055,0.010962201667212,6.57969326599717e-07,0.199999999998909,0.280000000000655,11.8299999999999,NA,NA,NA
22,3,66,405,2000,170,TRUE,TRUE,TRUE,0.000497726701113044,0.000470554799149703,0.000466290652573974,4.44089209850063e-16,6.66133814775094e-16,8.85280737605854e-11,0.0234116724136748,1.04700181967867,0.00184284350753647,0.000186932483870805,0.0794523331629426,3.55321635846601,0.00625406907036808,0.00751963762272112,1.35334914865487e-06,0.0799999999999272,0.289999999999054,11.9200000000001,NA,NA,NA
22,3,66,405,2000,171,TRUE,TRUE,TRUE,0.000504256686022974,0.000487793931737679,0.000487595702637873,4.44089209850063e-16,4.44089209850063e-16,4.81585082923175e-09,0.0278834339695053,1.24698507603881,0.00219731670495875,0.000173497823155344,0.0774296899378476,3.46276100355518,0.00610174311192373,0.0068514067805836,1.91971824674509e-06,0.0800000000017462,0.280000000000655,11.9400000000005,NA,NA,NA
22,3,66,405,2000,172,TRUE,TRUE,TRUE,0.000523186015827615,0.00049502882704092,0.000496823391171769,4.44089209850063e-16,4.44089209850063e-16,2.35242314516881e-09,0.0351056457806101,1.56997220718946,0.0028159309898229,0.000308272538688925,0.0839783077952645,3.75562409731224,0.006736156368449,0.0101999291391337,3.04297868067573e-06,0.0799999999999272,0.299999999999272,11.9200000000001,NA,NA,NA
22,3,66,405,2000,173,TRUE,TRUE,TRUE,0.000389029812363086,0.000352763462738229,0.000357829261415149,4.44089209850063e-16,4.44089209850063e-16,2.89989388058132e-09,0.032307700907174,1.44484430850345,0.00253770780303826,0.000304372525647523,0.098627184385655,4.41074177431461,0.00774697574817505,0.0118539571694498,2.5772531800183e-06,0.0799999999999272,0.280000000000655,11.8799999999992,NA,NA,NA
22,3,66,405,2000,174,TRUE,TRUE,TRUE,0.000768356291609699,0.000737651777381721,0.00074479162869762,4.44089209850063e-16,4.44089209850063e-16,6.92107926525409e-09,0.0238413229210329,1.06621637449907,0.00185200800643156,0.000187507712155366,0.0780799362338045,3.49184090195272,0.00606529543371524,0.00957451063422354,1.40347821882709e-06,0.0900000000001455,0.280000000000655,11.8899999999994,NA,NA,NA
22,3,66,405,2000,175,TRUE,TRUE,TRUE,0.00051951362017032,0.000505114276690073,0.000499617464644648,4.44089209850063e-16,4.44089209850063e-16,1.02406083613005e-09,0.012291112864414,0.549675277679039,0.000978570896999689,0.000116421164022995,0.0899895151089547,4.02445346091734,0.00716461735338032,0.00883459111722118,3.73015939372257e-07,0.0899999999983265,0.300000000001091,11.9699999999993,NA,NA,NA
22,3,66,405,2000,176,TRUE,TRUE,TRUE,0.000483015218811344,0.000452051892890741,0.000440801448791067,4.44089209850063e-16,4.44089209850063e-16,5.99170046911013e-09,0.0396549273124016,1.77342226226686,0.00313769461256349,0.000401504226886118,0.112559064918292,5.03379441282226,0.00890623172265552,0.0123235389757212,3.8827487904984e-06,0.0599999999994907,0.299999999999272,11.7600000000002,NA,NA,NA
22,3,66,405,2000,177,TRUE,TRUE,TRUE,0.000551775460392513,0.000569701349928314,0.000567115639363916,6.66133814775094e-16,6.66133814775094e-16,3.42157790989006e-09,0.0245525098819761,1.09802162228668,0.0019685176008011,0.000324149363848392,0.150954214302498,6.75087769340912,0.0121028778401066,0.0140211383510547,1.48845862099885e-06,0.069999999999709,0.430000000000291,11.7800000000007,NA,NA,NA
22,3,66,405,2000,178,TRUE,TRUE,TRUE,0.000355341363386955,0.000338382571128849,0.00034105945062443,4.44089209850063e-16,4.44089209850063e-16,2.38850939027202e-09,0.0193306384996824,0.86449243467529,0.00154076993241081,0.0001810807683853,0.0911569035027227,4.07666065700953,0.00726576186559879,0.00960725136701512,9.22650826680013e-07,0.0799999999999272,0.279999999998836,11.8900000000012,NA,NA,NA
22,3,66,405,2000,179,TRUE,TRUE,TRUE,0.000453925730852217,0.000444909363663961,0.000450329470162078,6.66133814775094e-16,6.66133814775094e-16,3.22112736483859e-09,0.0298168809599274,1.33345145406834,0.00234920907397301,0.00025867436012561,0.0903660641408455,4.04129324556073,0.00711975132959775,0.0103905730271379,2.19517627204564e-06,0.0799999999999272,0.279999999998836,11.8899999999994,NA,NA,NA
22,3,66,405,2000,180,TRUE,TRUE,TRUE,0.000445873653842565,0.000426956431243467,0.00042383917119737,5.55111512312578e-16,4.44089209850063e-16,1.01041686129122e-09,0.0257015796266618,1.14940958348679,0.00203417622315146,0.0002340330936903,0.0886652208592283,3.96522922162534,0.00701749412729541,0.00931827758971338,1.63103998840898e-06,0.069999999999709,0.289999999999054,11.9400000000005,NA,NA,NA
22,3,66,405,2000,181,TRUE,TRUE,TRUE,0.00052188034107391,0.000446341426696382,0.000455539983641371,6.66133814775094e-16,5.55111512312578e-16,1.95344540543374e-09,0.0280157326039725,1.25290165083879,0.00223557311440051,0.000305915265272461,0.133962394230134,5.9909803985441,0.0106898053002956,0.0172039262201054,1.93797845268466e-06,0.0799999999999272,0.300000000001091,12,NA,NA,NA
22,3,66,405,2000,182,TRUE,TRUE,TRUE,0.000527273986330049,0.000554932262275044,0.000541181926509643,4.44089209850063e-16,6.66133814775094e-16,5.28026600221665e-09,0.024233049011389,1.083734897831,0.00190656390664181,0.000238099368601752,0.0886417813887223,3.96418097663717,0.00697399740894117,0.00784195228169438,1.44997694910711e-06,0.0799999999999272,0.289999999999054,11.9100000000017,NA,NA,NA
22,3,66,405,2000,183,TRUE,TRUE,TRUE,0.000437557383392706,0.000443992954098686,0.000435852565177409,4.44089209850063e-16,4.44089209850063e-16,1.85474413605391e-09,0.0319298639354025,1.42794692543758,0.00250903027177765,0.000260857733920261,0.095315747945297,4.2626498346384,0.00748985643833949,0.0105319635881642,2.51732397761314e-06,0.069999999999709,0.299999999999272,11.8400000000001,NA,NA,NA
22,3,66,405,2000,184,TRUE,TRUE,TRUE,0.000414243041377773,0.000384797411412477,0.000378239946387744,4.44089209850063e-16,4.44089209850063e-16,1.80775705516112e-09,0.028248242092534,1.26329979127554,0.00225115333766328,0.00025411350358695,0.104265041337242,4.66287440213798,0.008309069110887,0.0100686081025287,1.97027946004546e-06,0.0799999999999272,0.299999999999272,11.9300000000003,NA,NA,NA
22,3,66,405,2000,185,TRUE,TRUE,TRUE,0.000619485494763501,0.000623795338081889,0.000617588206171874,4.44089209850063e-16,4.44089209850063e-16,3.25254467803404e-09,0.0126336190960805,0.564992622013508,0.000984416771030429,0.000142037808771533,0.0622930482728544,2.78582980927557,0.00485389981857463,0.00591777101352875,3.94094645592221e-07,0.0799999999999272,0.289999999999054,11.8700000000008,NA,NA,NA
22,3,66,405,2000,186,TRUE,TRUE,TRUE,0.000457069146287536,0.000449496327321092,0.000450504930650102,4.44089209850063e-16,5.55111512312578e-16,4.41932090922137e-09,0.0180700972239787,0.808119315056931,0.00143033361749388,0.000214876631758898,0.10292928447771,4.60313753935146,0.00814733944085798,0.0105240134976015,8.0624299675072e-07,0.0799999999999272,0.280000000000655,11.8599999999988,NA,NA,NA
22,3,66,405,2000,187,TRUE,TRUE,TRUE,0.000580944253240103,0.000515073430310352,0.000522786576939511,4.44089209850063e-16,4.44089209850063e-16,1.1869953908672e-09,0.0247832695844603,1.10834150991112,0.00198990817946051,0.000266944741227348,0.108884072538185,4.86944375724802,0.008742563438545,0.0131110087843638,1.51656901554576e-06,0.0800000000017462,0.299999999999272,11.9099999999999,NA,NA,NA
22,3,66,405,2000,188,TRUE,TRUE,TRUE,0.000478229975957166,0.00046241453906007,0.000465153452795841,6.66133814775094e-16,4.44089209850063e-16,9.20709952723087e-09,0.0260186240898039,1.1635882429163,0.00204190528047893,0.000188607870171609,0.0834773494147316,3.73322055745684,0.0065511857960668,0.00819849995986033,1.6715279000655e-06,0.0999999999985448,0.280000000000655,11.8999999999996,NA,NA,NA
22,3,66,405,2000,189,TRUE,TRUE,TRUE,0.000338846318391472,0.000320366782376877,0.000330423033235809,4.44089209850063e-16,4.44089209850063e-16,3.36921068821994e-09,0.0339081470215121,1.51641843462316,0.00268269561614848,0.000276260087574087,0.0920090591941554,4.11477021807867,0.00727943935094743,0.0111258210662299,2.83891959119131e-06,0.100000000000364,0.290000000000873,11.8799999999992,NA,NA,NA
22,3,66,405,2000,190,TRUE,TRUE,TRUE,0.000562612707401124,0.000552605387273844,0.000564363611937471,4.44089209850063e-16,4.44089209850063e-16,3.26109383941287e-09,0.0262520381811244,1.17402683841828,0.00204642034694443,0.000203084944885745,0.0850477676211687,3.80345179471078,0.00662971312632407,0.00973011073922692,1.70165310781041e-06,0.0799999999999272,0.409999999999854,11.7900000000009,NA,NA,NA
22,3,66,405,2000,191,TRUE,TRUE,TRUE,0.000791476722929051,0.0007729592446827,0.000777195187150565,4.44089209850063e-16,4.44089209850063e-16,1.24500232345781e-09,0.0291608407492349,1.3041124439267,0.00238216036016319,0.000254033548543475,0.082061971240793,3.66992292124092,0.00670367417207604,0.00857314766938089,2.09964106963516e-06,0.0799999999999272,0.399999999999636,11.75,NA,NA,NA
22,3,66,405,2000,192,TRUE,TRUE,TRUE,0.000445740544976591,0.000429788461073369,0.000432134131565635,4.44089209850063e-16,4.44089209850063e-16,3.63028451744185e-09,0.0124590367512813,0.557185062200664,0.000978635251404753,0.000113811719941737,0.0813333529480072,3.63733812059454,0.00638859069917091,0.00752517465883784,3.83278016715504e-07,0.0799999999999272,0.290000000000873,11.8999999999996,NA,NA,NA
22,3,66,405,2000,193,TRUE,TRUE,TRUE,0.000475243786582792,0.00047178712561739,0.000462109475831876,6.66133814775094e-16,4.44089209850063e-16,2.07596850820835e-09,0.0181811324430165,0.813084961010235,0.00142671876496066,0.000148247861275763,0.065057654433305,2.90946675539121,0.00510523624836003,0.00602851513293956,8.1618167138397e-07,0.069999999999709,0.279999999998836,11.9200000000001,NA,NA,NA
22,3,66,405,2000,194,TRUE,TRUE,TRUE,0.000572676842509601,0.000543819145543566,0.000553983774610301,4.44089209850063e-16,4.44089209850063e-16,2.65703503643522e-09,0.0403840173214137,1.8060281587042,0.00323026646630216,0.000392391263630998,0.109179444147918,4.88265317720775,0.00873312564308758,0.0137170859768787,4.02683667905244e-06,0.0799999999999272,0.280000000000655,11.8799999999992,NA,NA,NA
22,3,66,405,2000,195,TRUE,TRUE,TRUE,0.000472009965496366,0.000452390011484978,0.00045831945731761,5.55111512312578e-16,4.44089209850063e-16,4.58200455355495e-09,0.021581437445741,0.965151223616724,0.00172739548474714,0.000224904483630439,0.10736172680378,4.80136238630025,0.00859331833580457,0.0122845521474062,1.15002084499859e-06,0.100000000000364,0.290000000000873,11.9599999999991,NA,NA,NA
22,3,66,405,2000,196,TRUE,TRUE,TRUE,0.000536923301130271,0.000533553019074845,0.000534230584552912,4.44089209850063e-16,4.44089209850063e-16,1.00588226636944e-09,0.0166791091820609,0.745912438704583,0.00134578216063949,0.000176102821257018,0.0913410917126093,4.08489780416874,0.00737001061737615,0.00962768073742382,6.86895513844714e-07,0.0799999999999272,0.290000000000873,11.8500000000004,NA,NA,NA
22,3,66,405,2000,197,TRUE,TRUE,TRUE,0.000599976002575988,0.000556380855929242,0.000557965042931687,4.44089209850063e-16,4.44089209850063e-16,1.72082659233297e-09,0.0202601410634122,0.906061053030492,0.00163702355498261,0.000181349635681727,0.115140721750599,5.14924961625457,0.00930339394249431,0.0127842185874272,1.01351436027003e-06,0.0799999999999272,0.280000000000655,11.8599999999988,NA,NA,NA
22,3,66,405,2000,198,TRUE,TRUE,TRUE,0.000430024726450729,0.000414110739349477,0.000407085449855279,3.33066907387547e-16,4.44089209850063e-16,2.49539766628004e-09,0.0229700049946954,1.02724985223297,0.00182172298878436,0.000270828185250593,0.0974575999378283,4.35843636769927,0.00772924299665988,0.0106054719469313,1.30276822087983e-06,0.070000000001528,0.299999999999272,11.7999999999993,NA,NA,NA
22,3,66,405,2000,199,TRUE,TRUE,TRUE,0.000497482431877618,0.000479781975499294,0.000480494018040597,4.44089209850063e-16,4.44089209850063e-16,3.69485397833103e-09,0.0238308830530613,1.06574948940986,0.00187072555584679,0.000196973074878315,0.0819292619241986,3.66398798017787,0.00643145131097335,0.00856868627317908,1.40224935083626e-06,0.070000000001528,0.279999999998836,11.8299999999999,NA,NA,NA
22,3,66,405,2000,200,TRUE,TRUE,TRUE,0.000579855506545314,0.000557446234210143,0.000562717697455129,5.55111512312578e-16,2.22044604925031e-16,1.61733026970978e-09,0.0322074912184679,1.44036279498443,0.00259705522033357,0.00028172603246901,0.112568694613796,5.03422506589723,0.00907699125057157,0.0143083707268232,2.56129010021651e-06,0.0799999999999272,0.280000000000655,11.8799999999992,NA,NA,NA
22,3,66,405,2000,201,TRUE,TRUE,TRUE,0.000920634483328779,0.00090159929989399,0.000902315038937218,4.44089209850063e-16,4.44089209850063e-16,2.51408849294421e-09,0.0196555724480049,0.879023922608217,0.00161061467477677,0.000147568418313426,0.0717812918631261,3.21015696237405,0.00588189442739532,0.00729738288494275,9.53929699404367e-07,0.0799999999999272,0.280000000000655,11.869999999999,NA,NA,NA
22,3,66,405,2000,202,TRUE,TRUE,TRUE,0.000432920027373245,0.000402769906103322,0.000405700046639302,4.44089209850063e-16,6.66133814775094e-16,6.15055562036559e-09,0.0330776317994068,1.47927666476364,0.00264779537284499,0.000281235961509196,0.10280804654397,4.5977156141256,0.00822956950428475,0.00997687397867253,2.70155487767191e-06,0.0600000000013097,0.290000000000873,11.9400000000005,NA,NA,NA
22,3,66,405,2000,203,TRUE,TRUE,TRUE,0.000581395309548212,0.000571914153855513,0.000571445032014071,4.44089209850063e-16,4.44089209850063e-16,1.11322062679164e-09,0.0140713036474994,0.629287829756989,0.00109548095484827,0.000133890402196357,0.0659861822376715,2.95099178118245,0.0051371648096985,0.00676398997133276,4.88892805778101e-07,0.0900000000001455,0.299999999999272,11.9800000000014,NA,NA,NA
22,3,66,405,2000,204,TRUE,TRUE,TRUE,0.000382024745490073,0.00035341406341834,0.000355085490861146,6.66133814775094e-16,6.66133814775094e-16,3.85597687113659e-09,0.0190387442674954,0.851438527767083,0.00151330846550128,0.000258758300219597,0.109660287472715,4.90415714442319,0.00871642788149047,0.0130198112701265,8.94996995760714e-07,0.0799999999999272,0.299999999999272,11.8199999999997,NA,NA,NA
22,3,66,405,2000,205,TRUE,TRUE,TRUE,0.000464380628717586,0.000438529077198224,0.000435394475205079,4.44089209850063e-16,4.44089209850063e-16,3.47475248574369e-09,0.0151390213366021,0.677037616429241,0.00120143231596666,0.000117150837922964,0.0722519314333311,3.23120460381164,0.00573391128692964,0.00570385986057431,5.65901153160726e-07,0.0799999999999272,0.409999999999854,11.75,NA,NA,NA
22,3,66,405,2000,206,TRUE,TRUE,TRUE,0.000550298550482072,0.000555856737400069,0.00054531150746803,4.44089209850063e-16,4.44089209850063e-16,1.52807055897597e-09,0.0206160278223952,0.921976792738053,0.00164107591777203,0.000154029928026489,0.0624279278097739,2.79186180554208,0.00496938449092218,0.00553722347819985,1.04943358808339e-06,0.0799999999999272,0.289999999999054,11.8900000000012,NA,NA,NA
22,3,66,405,2000,207,TRUE,TRUE,TRUE,0.000416481393418738,0.000400095427376521,0.000386586937928643,3.33066907387547e-16,4.44089209850063e-16,7.92103449498427e-09,0.0233798473605599,1.04557856003562,0.00184630340198852,0.000198610772187635,0.0954027976575419,4.26654281611843,0.00753394610143952,0.0107084719820989,1.34967225334094e-06,0.0799999999999272,0.279999999998836,11.9099999999999,NA,NA,NA
22,3,66,405,2000,208,TRUE,TRUE,TRUE,0.000513346044422567,0.000472191878172759,0.000466897557807904,4.44089209850063e-16,4.44089209850063e-16,7.30549665206581e-09,0.0186587444130161,0.834444417645969,0.00148267925601772,0.000192439847580772,0.0947531799677286,4.23749102984225,0.00752936914028694,0.00929455501822929,8.59626526099409e-07,0.0799999999999272,0.279999999998836,11.9699999999993,NA,NA,NA
22,3,66,405,2000,209,TRUE,TRUE,TRUE,0.000588516278317961,0.00057550276123962,0.000569658409219886,4.44089209850063e-16,4.44089209850063e-16,1.99705629810865e-09,0.0271626906919324,1.21475245677923,0.00219012833337501,0.000307957614992915,0.114228927999515,5.10847296007688,0.00921028091584077,0.0145643838055207,1.82175744598912e-06,0.0799999999999272,0.299999999999272,11.8700000000008,NA,NA,NA
22,3,66,405,2000,210,TRUE,TRUE,TRUE,0.000993229278286008,0.000933262154184333,0.000920320870313226,8.88178419700125e-16,4.44089209850063e-16,5.88948179114368e-09,0.0275618009916951,1.23260121199503,0.00211700078332216,0.000216893573480093,0.111153096953304,4.97091761394426,0.00853758407840375,0.00962827400367416,1.8756861084094e-06,0.0599999999994907,0.289999999999054,11.8500000000004,NA,NA,NA
22,3,66,405,2000,211,TRUE,TRUE,TRUE,0.00065493195784436,0.000638179694021997,0.000629124490498138,4.44089209850063e-16,4.44089209850063e-16,2.82081469293871e-09,0.0216649415998179,0.968885642915117,0.0016864070367819,0.000210801620966095,0.078068262694332,3.49131884539675,0.00607686233311455,0.00810080544809466,1.15893751734202e-06,0.0799999999999272,0.280000000000655,11.8899999999994,NA,NA,NA
22,3,66,405,2000,212,TRUE,TRUE,TRUE,0.000493365550761292,0.000491472001843532,0.000485740576456176,4.44089209850063e-16,4.44089209850063e-16,8.14026224205122e-09,0.0368907788427991,1.64980578470819,0.00291051098941711,0.000360577504295634,0.0930829012365631,4.16279389415709,0.0073438082760545,0.0102567129641784,3.36031991019336e-06,0.0799999999999272,0.280000000000655,11.8400000000001,NA,NA,NA
22,3,66,405,2000,213,TRUE,TRUE,TRUE,0.000400403370112767,0.000388829543057802,0.000386224889076714,5.55111512312578e-16,4.44089209850063e-16,1.52199053360391e-09,0.0191515622015444,0.856483899159378,0.00151117977489939,0.000138374501560179,0.0595444347574207,2.66290807598788,0.00469843371346354,0.00585288463355482,9.05635394468212e-07,0.0799999999999272,0.299999999999272,11.8199999999997,NA,NA,NA
22,3,66,405,2000,214,TRUE,TRUE,TRUE,0.000657906732884869,0.000638657935779095,0.000638306195266839,5.55111512312578e-16,2.22044604925031e-16,1.38305145114259e-10,0.0481257248428929,2.15224784430318,0.00374843876927237,0.000599241147540397,0.119209378482935,5.33120547686685,0.00928503534076715,0.0124137797068471,5.71872936210824e-06,0.069999999999709,0.300000000001091,11.869999999999,NA,NA,NA
22,3,66,405,2000,215,TRUE,TRUE,TRUE,0.000514677876844874,0.000497186464680771,0.000496048532146324,4.44089209850063e-16,6.66133814775094e-16,1.91845828112491e-09,0.0393399975925235,1.75933817703121,0.00314321977299783,0.000347789688447619,0.0973586256027614,4.35401010087452,0.00777884025912219,0.0121222238797145,3.8213220014315e-06,0.0800000000017462,0.280000000000655,11.9500000000007,NA,NA,NA
22,3,66,405,2000,216,TRUE,TRUE,TRUE,0.000636091401067205,0.00062957627523223,0.00062409431165265,4.44089209850063e-16,4.44089209850063e-16,3.47641915254826e-11,0.0209741517057397,0.937992579688542,0.00164754039746208,0.000229857480832152,0.0817636954035977,3.65658362028063,0.00642261928459056,0.00930179612917925,1.08620997475403e-06,0.0799999999999272,0.299999999999272,11.8900000000012,NA,NA,NA
22,3,66,405,2000,217,TRUE,TRUE,TRUE,0.000508521561542118,0.000497073258981238,0.000496599402513054,6.66133814775094e-16,5.55111512312578e-16,8.657502270637e-09,0.0141576010579204,0.633147167276658,0.00110845120024927,0.000143809399929751,0.0693024917194486,3.09930164989607,0.00542594962327411,0.00674196038116293,4.94907821519081e-07,0.069999999999709,0.280000000000655,11.8600000000006,NA,NA,NA
22,3,66,405,2000,218,TRUE,TRUE,TRUE,0.000428116984816646,0.000415839587048944,0.000423631898663116,4.44089209850063e-16,4.44089209850063e-16,8.18176149053329e-09,0.0227732264609999,1.01844964867586,0.00180783239557903,0.000186636038989718,0.0797350141276901,3.56585823552842,0.00632969341647079,0.00845146813323083,1.28054282331849e-06,0.0799999999999272,0.300000000001091,11.9200000000001,NA,NA,NA
22,3,66,405,2000,219,TRUE,TRUE,TRUE,0.000588893931877597,0.000572792198249971,0.000573884935730924,4.44089209850063e-16,6.66133814775094e-16,1.25946852946868e-09,0.0359903760822886,1.6095385491156,0.00290703594880327,0.000346158761729498,0.115013836990853,5.14357515729254,0.00928996568354135,0.0146986720884286,3.19828930998659e-06,0.0799999999999272,0.279999999998836,11.9200000000001,NA,NA,NA
22,3,66,405,2000,220,TRUE,TRUE,TRUE,0.000566785133192728,0.000556807213502963,0.000556563292525247,4.44089209850063e-16,4.44089209850063e-16,1.14884302071516e-09,0.00943269282328678,0.421842847274873,0.000739406608927478,0.000100784176311208,0.0601914438112084,2.69184320051442,0.00471826573690826,0.00577588073387858,2.19693071354286e-07,0.0800000000017462,0.299999999999272,11.7999999999993,NA,NA,NA
22,3,66,405,2000,221,TRUE,TRUE,TRUE,0.000575943724353338,0.000563968781069409,0.00055868834863909,5.55111512312578e-16,4.44089209850063e-16,7.10837100292849e-09,0.00990582738883446,0.443002068296262,0.00077346216747312,0.000107862997808184,0.0493969829453179,2.20910023498257,0.00385699205081887,0.00457014477429141,2.42284978413291e-07,0.0799999999999272,0.279999999998836,11.8600000000006,NA,NA,NA
22,3,66,405,2000,222,TRUE,TRUE,TRUE,0.000696751736055971,0.000624305413554797,0.000637648819455222,4.44089209850063e-16,4.44089209850063e-16,3.45388162514837e-11,0.0323487476396068,1.44667997418293,0.0025224638669823,0.000288821412041784,0.110063443274336,4.92218681998215,0.00858243607536901,0.0120286420319928,2.58380610827399e-06,0.0799999999999272,0.289999999999054,11.9200000000001,NA,NA,NA
22,3,66,405,2000,223,TRUE,TRUE,TRUE,0.000507819585301017,0.000462720932657495,0.000457144799311583,4.44089209850063e-16,4.44089209850063e-16,3.64846619582693e-09,0.0294686692254289,1.3178789518903,0.00237263450738732,0.000306052411445989,0.129521108179369,5.79236004820346,0.0104282364551514,0.0145289009732181,2.14420361954998e-06,0.0600000000013097,0.290000000000873,11.9200000000001,NA,NA,NA
22,3,66,405,2000,224,TRUE,TRUE,TRUE,0.000493110377463957,0.000457417928241531,0.000456830629805642,4.44089209850063e-16,3.33066907387547e-16,3.70024322293716e-09,0.0207079829095616,0.926089149253674,0.00165967703655781,0.000241864029277394,0.112264370647841,5.02061528439611,0.00899762177714589,0.0135665894264889,1.05881618810542e-06,0.0900000000001455,0.280000000000655,11.9099999999999,NA,NA,NA
22,3,66,405,2000,225,TRUE,TRUE,TRUE,0.000512264281677339,0.000496833489867308,0.000507076716124345,4.44089209850063e-16,6.66133814775094e-16,4.05904954092762e-09,0.0197621602426011,0.883790673693997,0.0015457674301279,0.000128430274685343,0.0677498641994575,3.02986603632733,0.00529929583555111,0.007150326068043,9.64303648035173e-07,0.0799999999999272,0.289999999999054,11.8900000000012,NA,NA,NA
22,3,66,405,2000,226,TRUE,TRUE,TRUE,0.000409762669257167,0.000407094780701121,0.000410465946253829,4.44089209850063e-16,6.66133814775094e-16,9.29611942979136e-11,0.0301370108788795,1.34776809927651,0.00240879291317788,0.000279882418041666,0.103357338122995,4.62228068032895,0.00826115186393885,0.00867150584070941,2.24256648077457e-06,0.0799999999999272,0.280000000000655,11.8700000000008,NA,NA,NA
22,3,66,405,2000,227,TRUE,TRUE,TRUE,0.000509654881244868,0.000479071340705275,0.000480876942800453,4.44089209850063e-16,4.44089209850063e-16,4.15029810518774e-09,0.0415895606798722,1.85994169669093,0.00333895710573853,0.00049110689793963,0.0931065595645957,4.16385192675138,0.00747492408111751,0.00927403756455192,4.2708433519624e-06,0.069999999999709,0.280000000000655,11.9200000000001,NA,NA,NA
22,3,66,405,2000,228,TRUE,TRUE,TRUE,0.000720395265497676,0.000668216190663269,0.000645929086404969,4.44089209850063e-16,4.44089209850063e-16,1.74088832238795e-09,0.0225242823831718,1.00731653106346,0.00177950021684624,0.000213653481239362,0.108899726312911,4.87014381533581,0.00860347438785008,0.0101803374455613,1.25269949846139e-06,0.0799999999999272,0.279999999998836,11.8500000000004,NA,NA,NA
22,3,66,405,2000,229,TRUE,TRUE,TRUE,0.000719556387842228,0.000682055326126223,0.000667624109924615,4.44089209850063e-16,4.44089209850063e-16,3.24977311727537e-09,0.0267614385142909,1.19680791387271,0.00210687345301415,0.00022306260174787,0.0992347472379368,4.43791281108072,0.00781254918193315,0.0107743267835332,1.76833232433129e-06,0.0799999999999272,0.280000000000655,11.7999999999993,NA,NA,NA
22,3,66,405,2000,230,TRUE,TRUE,TRUE,0.00059105780176131,0.000543498626003232,0.000545749910419027,4.44089209850063e-16,3.33066907387547e-16,5.30862021008716e-09,0.0270162780157655,1.20820468284569,0.0021239841980491,0.0002486452840742,0.113885072955618,5.09309529502569,0.0089534944528719,0.0141932542379664,1.80217105635835e-06,0.0799999999999272,0.290000000000873,11.8299999999999,NA,NA,NA
22,3,66,405,2000,231,TRUE,TRUE,TRUE,0.000615220966311914,0.000640679873772789,0.000632106956147522,4.44089209850063e-16,4.44089209850063e-16,3.93748567084629e-09,0.019577522685748,0.875533431127535,0.00152622462519437,0.00019040529403469,0.0989751688672775,4.42630411343507,0.00771590677905215,0.0078019070115829,9.46368875335746e-07,0.100000000000364,0.289999999999054,11.8199999999997,NA,NA,NA
22,3,66,405,2000,232,TRUE,TRUE,TRUE,0.00051662587574805,0.000469343709036475,0.000467951863970784,4.44089209850063e-16,4.44089209850063e-16,1.46872869422054e-09,0.0343040380775375,1.5341232208823,0.00268898064148879,0.000413306650301593,0.112883233445655,5.04829167008926,0.00884854514205972,0.0129407484234463,2.90559760104974e-06,0.0799999999999272,0.289999999999054,11.8600000000006,NA,NA,NA
22,3,66,405,2000,233,TRUE,TRUE,TRUE,0.000695481733665629,0.000696657326833558,0.000699197966209903,3.33066907387547e-16,6.66133814775094e-16,8.07360711618799e-09,0.015623476617588,0.698703115236103,0.00121554535261748,0.000135205865433363,0.0894529913867304,4.00045939062865,0.00695966529213255,0.00991053635063111,6.02698818815599e-07,0.069999999999709,0.280000000000655,11.8700000000008,NA,NA,NA
22,3,66,405,2000,234,TRUE,TRUE,TRUE,0.000423017704376998,0.000404036451429912,0.000405227023449725,4.44089209850063e-16,4.44089209850063e-16,3.7939402730558e-09,0.0289697703316737,1.29556751508358,0.0022988220881296,0.000307289189166227,0.0883089312294277,3.94929546498709,0.00700752955115326,0.00989760139320595,2.07221627918499e-06,0.0799999999999272,0.289999999999054,11.8600000000006,NA,NA,NA
22,3,66,405,2000,235,TRUE,TRUE,TRUE,0.000641133164215717,0.000637367281965692,0.00063611211435393,4.44089209850063e-16,4.44089209850063e-16,9.69981561738109e-09,0.0277870252382291,1.24267354650365,0.00214721120312044,0.000236309707560167,0.0813797984580425,3.63941522694831,0.00628853263199931,0.00849897831299984,1.90646610269131e-06,0.069999999999709,0.280000000000655,11.9200000000001,NA,NA,NA
22,3,66,405,2000,236,TRUE,TRUE,TRUE,0.000476311212229949,0.000471075634166153,0.000448413332574318,6.66133814775094e-16,4.44089209850063e-16,8.42171465897934e-09,0.0419611810283898,1.87656106391308,0.00334118596319897,0.000363707840946859,0.0983001305516074,4.39611548220996,0.00782721096809557,0.0100373742673412,4.34750793406742e-06,0.0799999999999272,0.270000000000437,11.9300000000003,NA,NA,NA
22,3,66,405,2000,237,TRUE,TRUE,TRUE,0.000471341832995006,0.000455121236144458,0.000455978659865142,6.66133814775094e-16,6.66133814775094e-16,1.02261954459948e-09,0.0313110681029495,1.40027353452641,0.00250457280147034,0.000303898491154087,0.100385655862943,4.4893830095088,0.0080298500998247,0.011787940234953,2.42069873024085e-06,0.0799999999999272,0.280000000000655,11.6900000000005,NA,NA,NA
22,3,66,405,2000,238,TRUE,TRUE,TRUE,0.000428058415868092,0.000413486961876858,0.000396681290163038,4.44089209850063e-16,4.44089209850063e-16,8.9303520134365e-09,0.0560280426435866,2.50565023994633,0.00443338499394852,0.000587063888545458,0.125024604036249,5.59127026970095,0.00989294248479533,0.0145558355013264,7.75096682091743e-06,0.070000000001528,0.299999999999272,11.7999999999993,NA,NA,NA
22,3,66,405,2000,239,TRUE,TRUE,TRUE,0.00057454459727737,0.000523204442720123,0.000518502811868063,4.44089209850063e-16,4.44089209850063e-16,9.3857410732312e-09,0.0166037815300426,0.742543683694614,0.00130526296651487,0.00015622646563429,0.0953624264977563,4.26473736296621,0.00749666836312551,0.00955966983227086,6.80705089129341e-07,0.100000000000364,0.279999999998836,11.8600000000006,NA,NA,NA
22,3,66,405,2000,240,TRUE,TRUE,TRUE,0.000542476047304056,0.000477442959930917,0.000485262910134768,5.55111512312578e-16,4.44089209850063e-16,6.48714904016856e-09,0.0380090038346915,1.69981432662841,0.00304634051279907,0.000414219205978839,0.122217621287342,5.46573818493646,0.00979548142658096,0.0164198103285287,3.56712190742122e-06,0.0799999999999272,0.299999999999272,11.8500000000004,NA,NA,NA
22,3,66,405,2000,241,TRUE,TRUE,TRUE,0.000411622320573639,0.000380483124381376,0.000375835724540593,4.44089209850063e-16,5.55111512312578e-16,1.28036692359501e-09,0.0241222220753623,1.07877856657712,0.00192204308120748,0.000253046579629768,0.10504474371941,4.6977437527129,0.00836989736071287,0.0110307321559731,1.43674468605703e-06,0.0799999999999272,0.290000000000873,11.8299999999999,NA,NA,NA
22,3,66,405,2000,242,TRUE,TRUE,TRUE,0.000495616515798424,0.000499232967731476,0.000478993281135347,4.44089209850063e-16,4.44089209850063e-16,5.50689538414417e-09,0.0329901858462324,1.47536596285054,0.00259066542346681,0.000209709706581407,0.077619449187315,3.47124729517854,0.00609532859667356,0.00807274141156711,2.68728978313322e-06,0.0799999999999272,0.279999999998836,11.8000000000011,NA,NA,NA
22,3,66,405,2000,243,TRUE,TRUE,TRUE,0.000466876870378341,0.000471608429813027,0.000466046774788298,5.55111512312578e-16,4.44089209850063e-16,1.29615251864834e-09,0.0308008743974322,1.37745697838183,0.00247122929032414,0.000307002836990478,0.127936459540648,5.72149240667081,0.0102646542444774,0.0119622448157628,2.34245398431209e-06,0.0799999999999272,0.289999999999054,11.8300000000017,NA,NA,NA
22,3,66,405,2000,244,TRUE,TRUE,TRUE,0.000676456566601339,0.000655559642763823,0.000659322741514106,4.44089209850063e-16,4.44089209850063e-16,9.25023169173755e-10,0.0266479182820338,1.19173113474974,0.0021594016186766,0.000235047331983651,0.0762379443062209,3.40946451867106,0.00617790622881127,0.00874579724319346,1.75336184880481e-06,0.0799999999999272,0.279999999998836,11.8299999999999,NA,NA,NA
22,3,66,405,2000,245,TRUE,TRUE,TRUE,0.000463884126628276,0.000452949585330325,0.00045762504567262,4.44089209850063e-16,5.55111512312578e-16,1.58692770035884e-09,0.0284472820420499,1.27220112842265,0.00226774466274693,0.000194848324980512,0.0952475220539825,4.25959868002231,0.00759288917157392,0.00995714188263719,1.99814285328379e-06,0.0799999999999272,0.299999999999272,11.8700000000008,NA,NA,NA
22,3,66,405,2000,246,TRUE,TRUE,TRUE,0.000454754943229724,0.000424428211772834,0.000431205956371831,4.44089209850063e-16,4.44089209850063e-16,2.17559303905546e-12,0.0320389119286612,1.4328236999523,0.00255271502704502,0.000297334895890344,0.105477066576144,4.71707781863059,0.00840393373710937,0.0127584828055376,2.53454784585804e-06,0.0799999999999272,0.279999999998836,11.9500000000007,NA,NA,NA
22,3,66,405,2000,247,TRUE,TRUE,TRUE,0.000537117607336006,0.000490228276189208,0.000496380343006158,4.44089209850063e-16,4.44089209850063e-16,5.02424568615822e-09,0.0294290717174876,1.31610809750038,0.00231700765264633,0.000259913544283563,0.104377800872494,4.66791716185666,0.00821786584740463,0.0121519022290073,2.13844509173587e-06,0.069999999999709,0.280000000000655,11.8400000000001,NA,NA,NA
22,3,66,405,2000,248,TRUE,TRUE,TRUE,0.000428759675545764,0.000420856073646602,0.00041692222210569,4.44089209850063e-16,5.55111512312578e-16,4.89681695192701e-09,0.0200571161845251,0.896981504424189,0.00157798452806278,0.000195635397361116,0.0756240402409195,3.38200989423751,0.00594968710117154,0.00760651919877375,9.93303480591458e-07,0.0799999999999272,0.299999999999272,11.8400000000001,NA,NA,NA
22,3,66,405,2000,249,TRUE,TRUE,TRUE,0.000459903117764262,0.000449562983065575,0.000441685780201407,4.44089209850063e-16,4.44089209850063e-16,1.87197590761912e-09,0.0281760940889563,1.26007323446672,0.00224212119453377,0.000330226722809357,0.122965007901987,5.49916233045286,0.00978497763148516,0.013508250629755,1.96022784718449e-06,0.069999999999709,0.300000000001091,11.7700000000004,NA,NA,NA
22,3,66,405,2000,250,TRUE,TRUE,TRUE,0.000560324891396279,0.00055379773765619,0.000554754951043193,4.44089209850063e-16,4.44089209850063e-16,1.32437327771129e-09,0.0146285512845925,0.654208701693815,0.00116736903028183,0.000108125889909161,0.0738984635494547,3.30483975858742,0.00589715112964769,0.0061360574651701,5.28381512804824e-07,0.0799999999999272,0.280000000000655,11.8600000000006,NA,NA,NA
22,3,66,405,2000,251,TRUE,TRUE,TRUE,0.000686526876242856,0.000632979299074281,0.000644785584988571,4.44089209850063e-16,4.44089209850063e-16,1.34892186309798e-09,0.0275289948452551,1.23113407652463,0.00222217952819821,0.000239663756715913,0.101676040599799,4.54709076928359,0.00820743427790162,0.0129421241868215,1.8712235980002e-06,0.0799999999999272,0.290000000000873,11.9099999999999,NA,NA,NA
22,3,66,405,2000,252,TRUE,TRUE,TRUE,0.00049465853408214,0.000456135627398555,0.000464015025187214,4.44089209850063e-16,4.44089209850063e-16,9.08430575208286e-09,0.0468557987803012,2.0954550242561,0.00371558958952741,0.000493829781362365,0.110746989185219,4.95275592243168,0.00878205837483451,0.0145973089385478,5.42090340577796e-06,0.0799999999999272,0.280000000000655,11.9099999999999,NA,NA,NA
22,3,66,405,2000,253,TRUE,TRUE,TRUE,0.000401736566659523,0.000376071816056829,0.000379939954641987,4.44089209850063e-16,4.44089209850063e-16,3.86189968892836e-09,0.0161641526743808,0.722882883572011,0.00127794490011294,0.000124773810568968,0.0632003575330703,2.82640591292472,0.00499664759555948,0.00687830476175577,6.45135386865908e-07,0.100000000000364,0.279999999998836,11.9099999999999,NA,NA,NA
22,3,66,405,2000,254,TRUE,TRUE,TRUE,0.000489562014140869,0.000459560133249611,0.000465594293216091,4.44089209850063e-16,4.44089209850063e-16,3.89475651729754e-09,0.0242916419532645,1.0863552538517,0.00192025488218433,0.000227383406638637,0.0918239618565092,4.10649241349005,0.00725868639903833,0.0108619864852812,1.45699720687802e-06,0.0799999999999272,0.279999999998836,11.8600000000006,NA,NA,NA
22,3,66,405,2000,255,TRUE,TRUE,TRUE,0.000477037262764265,0.000431456011885718,0.000445216451523749,4.44089209850063e-16,4.44089209850063e-16,2.94774782361173e-09,0.0307683128382037,1.37600078118406,0.00243177220648249,0.000376199619054773,0.101548102735851,4.54136921406989,0.00802584968349168,0.0128629676084131,2.3375038886656e-06,0.069999999999709,0.280000000000655,11.8400000000001,NA,NA,NA
22,3,66,405,2000,256,TRUE,TRUE,TRUE,0.000578665885702147,0.000587467476166352,0.000573587040830817,2.22044604925031e-16,6.66133814775094e-16,3.51689699584767e-09,0.0282871219533137,1.26503855150872,0.00221198103649231,0.000338570499252455,0.111575460081622,4.98980626726642,0.00872491737568025,0.0119969299036171,1.97570683555961e-06,0.0799999999999272,0.299999999999272,11.9699999999993,NA,NA,NA
22,3,66,405,2000,257,TRUE,TRUE,TRUE,0.00058271513491536,0.000562820899452656,0.000551797043643799,4.44089209850063e-16,4.44089209850063e-16,8.46552450362026e-09,0.0218283467358116,0.976193342754208,0.00170713873941398,0.000213813637628846,0.0898401568046511,4.0177739544888,0.00702616711620345,0.00858051685165151,1.17648573140449e-06,0.0799999999999272,0.279999999998836,11.9300000000003,NA,NA,NA
22,3,66,405,2000,258,TRUE,TRUE,TRUE,0.00064333726276006,0.000606572234506451,0.000602852063011055,4.44089209850063e-16,4.44089209850063e-16,2.07409023289529e-09,0.0149952245339806,0.670606827917065,0.00116735426461384,0.000130640451843078,0.080823909831919,3.61455513182969,0.00629201220770308,0.00813842123382358,5.55201873640726e-07,0.0799999999999272,0.280000000000655,11.75,NA,NA,NA
22,3,66,405,2000,259,TRUE,TRUE,TRUE,0.000598596702553176,0.000586156221783265,0.000581880059910434,5.55111512312578e-16,4.44089209850063e-16,2.32661290233693e-09,0.0219433400534573,0.98133600025849,0.00176231435821367,0.000161416174563556,0.0841734651383166,3.76435179901969,0.00676014252308325,0.00815676288235068,1.18891400667078e-06,0.069999999999709,0.300000000001091,11.8299999999999,NA,NA,NA
22,3,66,405,2000,260,TRUE,TRUE,TRUE,0.000478342006051015,0.000464602605702906,0.000460951279498566,4.44089209850063e-16,4.44089209850063e-16,6.70563582438888e-09,0.0343694103350257,1.53704675711403,0.00268393901055544,0.000244084007988477,0.089971805394152,4.02366145839412,0.00702598141759147,0.00951608548663785,2.91668238710462e-06,0.069999999999709,0.299999999999272,11.8100000000013,NA,NA,NA
22,3,66,405,2000,261,TRUE,TRUE,TRUE,0.000510656700093948,0.000481697217817312,0.000480380364344678,4.44089209850063e-16,4.44089209850063e-16,1.52863210978182e-09,0.0250420976010835,1.11991665070414,0.00196172437253006,0.000361478430633611,0.105434123095908,4.71515732781062,0.0082593995226913,0.0145062942630858,1.54841148706713e-06,0.0799999999999272,0.299999999999272,11.8199999999997,NA,NA,NA
22,3,66,405,2000,262,TRUE,TRUE,TRUE,0.000515592322709834,0.000483896793662276,0.000482116204612464,4.44089209850063e-16,4.44089209850063e-16,8.43921599269493e-09,0.0114858731764351,0.513663864069007,0.000901151866591449,0.000174906264518881,0.0877054215714253,3.92230569257967,0.00688114026205976,0.00958037946041657,3.25741438580621e-07,0.069999999999709,0.279999999998836,11.8400000000001,NA,NA,NA
22,3,66,405,2000,263,TRUE,TRUE,TRUE,0.000474032015666732,0.000454003690563879,0.000455456764845936,4.44089209850063e-16,4.44089209850063e-16,4.0851260152408e-09,0.0288774718651649,1.29143980217693,0.00230430940493885,0.000271014085029719,0.0981921783848568,4.39128771454651,0.00783535211115914,0.0105175254890923,2.05903304030467e-06,0.0799999999999272,0.300000000001091,11.8999999999996,NA,NA,NA
22,3,66,405,2000,264,TRUE,TRUE,TRUE,0.000444804410061028,0.000411389334890391,0.000400085718550209,4.44089209850063e-16,6.66133814775094e-16,1.22212018283108e-10,0.0436707571135111,1.95301563069387,0.00344253228417841,0.000439796825588701,0.120432616481979,5.38591034323733,0.00949361077550496,0.013124374967532,4.70897537498095e-06,0.0799999999999272,0.280000000000655,11.8799999999992,NA,NA,NA
22,3,66,405,2000,265,TRUE,TRUE,TRUE,0.000584370128778612,0.000550740211899675,0.000553935107809152,5.55111512312578e-16,6.66133814775094e-16,4.9267123714003e-10,0.0169486082919171,0.757964805294867,0.00136733981525669,0.000183734365350574,0.117729892902743,5.26504087028608,0.00949793441675077,0.0138819005352673,7.09272402550229e-07,0.0800000000017462,0.280000000000655,11.869999999999,NA,NA,NA
22,3,66,405,2000,266,TRUE,TRUE,TRUE,0.000435664540787633,0.000406643427675033,0.000409468627420516,4.44089209850063e-16,4.44089209850063e-16,8.19689138786828e-09,0.0386885314328884,1.73020372467152,0.00305937959563495,0.000370057451590355,0.103636502092922,4.63476527260144,0.00819528134367317,0.0143087467187542,3.69580855415702e-06,0.069999999999709,0.279999999998836,11.9300000000003,NA,NA,NA
22,3,66,405,2000,267,TRUE,TRUE,TRUE,0.000544036046042527,0.000518693412217705,0.000516114166467775,4.44089209850063e-16,4.44089209850063e-16,5.46950995605755e-09,0.0472841317906776,2.11461065882028,0.00374248913384401,0.000337907122883507,0.0929577169187766,4.15719548127134,0.00735750519890181,0.0108273339621974,5.52046696098313e-06,0.0799999999999272,0.290000000000873,11.9399999999987,NA,NA,NA
22,3,66,405,2000,268,TRUE,TRUE,TRUE,0.000573838380769696,0.0005548656494995,0.000540564698399891,4.44089209850063e-16,4.44089209850063e-16,3.29234284279778e-09,0.0246285945087035,1.10142423023478,0.00193034266963165,0.000217272301739513,0.0797641959178043,3.56716328485643,0.00625176685720265,0.00828705634401672,1.4976979443806e-06,0.069999999999709,0.279999999998836,11.8500000000004,NA,NA,NA
22,3,66,405,2000,269,TRUE,TRUE,TRUE,0.000656373340257847,0.000604309513519353,0.000607664879298453,4.44089209850063e-16,6.66133814775094e-16,6.48706643957553e-10,0.0162850172604967,0.728288112184561,0.00131278433156121,0.00026939083907962,0.117940823932599,5.27447399271251,0.00950756534263647,0.0147712589729707,6.54819227591791e-07,0.0799999999999272,0.390000000001237,11.7300000000014,NA,NA,NA
22,3,66,405,2000,270,TRUE,TRUE,TRUE,0.000431922486794615,0.000425889611899945,0.000422420602879693,4.44089209850063e-16,4.44089209850063e-16,1.42782496936888e-09,0.0273277740320051,1.22213520818634,0.00216816076376644,0.000249278898820648,0.0954203427130789,4.26732745485542,0.00757056329920425,0.0112766667216277,1.84396847788724e-06,0.0799999999999272,0.299999999999272,11.8099999999995,NA,NA,NA
22,3,66,405,2000,271,TRUE,TRUE,TRUE,0.000520514796030596,0.000514544489597885,0.000511243275738854,4.44089209850063e-16,6.66133814775094e-16,7.90390286553588e-09,0.0250160543709162,1.11875196204399,0.00196403878465609,0.00020036390880307,0.0775336458465048,3.46741005312358,0.00608725442071972,0.00703394719951689,1.54519253404602e-06,0.0799999999999272,0.299999999999272,11.7900000000009,NA,NA,NA
22,3,66,405,2000,272,TRUE,TRUE,TRUE,0.000503109656481496,0.000470392808596578,0.000466167341596536,4.44089209850063e-16,5.55111512312578e-16,2.97714675134841e-09,0.019483898186293,0.871346416224721,0.00154806582455364,0.000268894643710382,0.105653570518868,4.72497131491513,0.0083945563766799,0.0119387661235066,9.37338984034153e-07,0.069999999999709,0.299999999999272,11.8700000000008,NA,NA,NA
22,3,66,405,2000,273,TRUE,TRUE,TRUE,0.000511901198242053,0.000488493289329294,0.000492089282183596,8.88178419700125e-16,4.44089209850063e-16,2.41765718556053e-09,0.0386858508985229,1.73008384753037,0.00310399791041339,0.000348709243823464,0.0960785729603069,4.29676440640839,0.00770896032470828,0.0108073197268652,3.69529644380924e-06,0.0799999999999272,0.280000000000655,11.9099999999999,NA,NA,NA
22,3,66,405,2000,274,TRUE,TRUE,TRUE,0.00058117318379452,0.000547475017718179,0.000545532935142077,4.44089209850063e-16,4.44089209850063e-16,7.35350735858731e-09,0.0371982234619373,1.66355512606239,0.00290537856860206,0.000478672915221523,0.114849963789199,5.13624652492076,0.00897039138816125,0.0131210282331296,3.41656254005982e-06,0.0799999999999272,0.289999999999054,11.8199999999997,NA,NA,NA
22,3,66,405,2000,275,TRUE,TRUE,TRUE,0.00050028144953752,0.000483813884613932,0.000483643735993098,4.44089209850063e-16,4.44089209850063e-16,5.52431833611422e-09,0.0220424032948226,0.985766243093775,0.00176047561078658,0.000194297782471153,0.0810157305134741,3.62313361349864,0.0064705384322829,0.00871473473030449,1.19967294570767e-06,0.069999999999709,0.299999999999272,11.8299999999999,NA,NA,NA
22,3,66,405,2000,276,TRUE,TRUE,TRUE,0.00050040384546911,0.000475116969803834,0.000478121660511497,6.66133814775094e-16,4.44089209850063e-16,3.9359082659729e-09,0.0283038270784179,1.26578562741483,0.00222977789066009,0.000256863736609603,0.0941306439501823,4.20965037276874,0.00741562009025126,0.0095182462088701,1.97804105502464e-06,0.0799999999999272,0.300000000001091,11.9399999999987,NA,NA,NA
22,3,66,405,2000,277,TRUE,TRUE,TRUE,0.000527041095364416,0.00052375866571725,0.000517568878601949,4.44089209850063e-16,4.44089209850063e-16,7.03439528848548e-11,0.0284501607931816,1.27232987008707,0.00229409205558112,0.000229440149468019,0.0798324933419959,3.57021763852004,0.00643733053336548,0.00831381327246561,1.99854728187132e-06,0.0799999999999272,0.279999999998836,11.9099999999999,NA,NA,NA
22,3,66,405,2000,278,TRUE,TRUE,TRUE,0.000450570287048167,0.000452937377813249,0.00045586268497539,4.44089209850063e-16,4.44089209850063e-16,3.56021878644697e-09,0.0119338608888913,0.533698483631741,0.00094682117490292,0.000152859927382565,0.0770978428616064,3.44792035114298,0.00611686953956848,0.00757225922683347,3.51647001766444e-07,0.0799999999999272,0.299999999999272,11.8099999999995,NA,NA,NA
22,3,66,405,2000,279,TRUE,TRUE,TRUE,0.000782291556388417,0.000724066928104162,0.00073501217156071,3.33066907387547e-16,4.44089209850063e-16,7.41475325582996e-09,0.0440005471279288,1.96776428850464,0.00339962109768334,0.000436694748046307,0.127630893314118,5.70782706958782,0.00986116550699517,0.0168257694240452,4.78036579643725e-06,0.0799999999999272,0.280000000000655,11.8199999999997,NA,NA,NA
22,3,66,405,2000,280,TRUE,TRUE,TRUE,0.00054744874465638,0.000466862477025246,0.000469561584515021,4.44089209850063e-16,4.44089209850063e-16,1.94550953125372e-09,0.0202500345518933,0.905609076095058,0.00161600180388658,0.000199947388807686,0.112267937412293,5.0207747949516,0.0089592533243322,0.0103474944473021,1.01250345519228e-06,0.0799999999999272,0.280000000000655,11.8799999999992,NA,NA,NA
22,3,66,405,2000,281,TRUE,TRUE,TRUE,0.00048649090909663,0.000486801069213095,0.000483126648317042,4.44089209850063e-16,4.44089209850063e-16,3.33036953570343e-09,0.0202321707744181,0.904810183679669,0.00160537271132657,0.000196574393726223,0.0857412880561094,3.83446697143703,0.00680335914588621,0.0075173485611657,1.01071786233387e-06,0.0799999999999272,0.300000000001091,11.8600000000006,NA,NA,NA
22,3,66,405,2000,282,TRUE,TRUE,TRUE,0.000799860568888705,0.000782519706362743,0.000776715104610247,4.44089209850063e-16,4.44089209850063e-16,4.73398964473404e-09,0.0207423962691993,0.927628161483352,0.00159764858563877,0.000178714482018449,0.0922905514046241,4.12735893243356,0.00710852627660805,0.00991426423908592,1.06233827898393e-06,0.0799999999999272,0.309999999999491,11.8600000000006,NA,NA,NA
22,3,66,405,2000,283,TRUE,TRUE,TRUE,0.000468840513612265,0.000437827888449506,0.000439091161965575,4.44089209850063e-16,4.44089209850063e-16,4.60725657625005e-09,0.0229590047276953,1.02675790533731,0.00183241396177437,0.000177717815574852,0.0941410402999339,4.21011531166399,0.0075136252057769,0.0102999850850551,1.30152073601564e-06,0.069999999999709,0.280000000000655,11.9300000000003,NA,NA,NA
22,3,66,405,2000,284,TRUE,TRUE,TRUE,0.000466115472350983,0.00046786465725148,0.000463192681151415,4.44089209850063e-16,4.44089209850063e-16,1.94843630119124e-09,0.0159128076628912,0.711642392942088,0.00127059040159796,0.000139105434740827,0.0812784510009064,3.63488283087825,0.00648984276604637,0.00794535444677535,6.25228265965853e-07,0.069999999999709,0.280000000000655,11.9499999999989,NA,NA,NA
22,3,66,405,2000,285,TRUE,TRUE,TRUE,0.000679215047064164,0.000602624293585154,0.000611905307407212,4.44089209850063e-16,4.44089209850063e-16,9.66791091627783e-11,0.0346793595466737,1.55090810725037,0.00280042055414166,0.000456579996992446,0.12600022562808,5.63490139369397,0.010174744467252,0.0152109953016577,2.96952587300609e-06,0.0799999999999272,0.289999999999054,11.880000000001,NA,NA,NA
22,3,66,405,2000,286,TRUE,TRUE,TRUE,0.000445543425871406,0.000420451557361108,0.000424394145951354,4.44089209850063e-16,3.33066907387547e-16,2.40368747128628e-09,0.018406836058666,0.823178733557429,0.00147370053311465,0.000143954250532374,0.069079116911508,3.08931202479574,0.0055306588864657,0.00763024512610855,8.36571885655819e-07,0.0599999999994907,0.280000000000655,11.75,NA,NA,NA
22,3,66,405,2000,287,TRUE,TRUE,TRUE,0.000513956803093111,0.000509744329476192,0.000507441435216531,4.44089209850063e-16,4.44089209850063e-16,7.20935044995485e-09,0.0230262574566791,1.02976553881092,0.00181058564251126,0.000207835350934715,0.091981430769011,4.11353463734399,0.00723262380963724,0.00947208806941546,1.30915687027474e-06,0.200000000000728,0.279999999998836,11.7099999999991,NA,NA,NA
22,3,66,405,2000,288,TRUE,TRUE,TRUE,0.000522166071946502,0.000460552961771218,0.000476754071878036,4.44089209850063e-16,5.55111512312578e-16,3.28476246203024e-09,0.040027579428408,1.79008777153385,0.00316454854075493,0.000458227249154675,0.0978165660441194,4.37448982000497,0.00773329978372085,0.0150806119748381,3.95606695036422e-06,0.0799999999999272,0.289999999999054,11.8600000000006,NA,NA,NA
22,3,66,405,2000,289,TRUE,TRUE,TRUE,0.000420391296945578,0.000390276615720144,0.000393848348435781,4.44089209850063e-16,4.44089209850063e-16,1.63075775105881e-09,0.0200787446752722,0.897948759935414,0.00159350783745806,0.000193807668082968,0.115146704424039,5.14951716954455,0.00913837886405044,0.0116614585552242,9.95446883295737e-07,0.0799999999999272,0.289999999999054,11.8700000000008,NA,NA,NA
22,3,66,405,2000,290,TRUE,TRUE,TRUE,0.000455798910319411,0.000436957362418345,0.000429417881764904,4.44089209850063e-16,3.33066907387547e-16,1.40900491274465e-09,0.0255045481081808,1.14059806610612,0.00202006623014672,0.000190478496548963,0.078128716017659,3.49402240020524,0.0061881190822343,0.00730475274025366,1.60612833136421e-06,0.0799999999999272,0.280000000000655,11.8499999999985,NA,NA,NA
22,3,66,405,2000,291,TRUE,TRUE,TRUE,0.000602534225571611,0.00057622318584855,0.00058900827678892,4.44089209850063e-16,5.55111512312578e-16,5.30708987867001e-09,0.0353090145212374,1.57906713376028,0.00275480677788528,0.000318357579402573,0.0957579497331342,4.28242569978592,0.00747102836309891,0.0134693392292462,3.07833705299001e-06,0.0799999999999272,0.279999999998836,11.880000000001,NA,NA,NA
22,3,66,405,2000,292,TRUE,TRUE,TRUE,0.000488663433858445,0.000485032257864018,0.00048843297757933,4.44089209850063e-16,4.44089209850063e-16,1.63716551426774e-09,0.0189898861708039,0.849253527258014,0.00152408632329808,0.000195194446661162,0.08155750040076,3.64736229942131,0.00654562485552349,0.00809983929249825,8.90409325382935e-07,0.0599999999994907,0.280000000000655,11.8700000000008,NA,NA,NA
22,3,66,405,2000,293,TRUE,TRUE,TRUE,0.000517596770018895,0.000502274639602651,0.00050641901035881,4.44089209850063e-16,4.44089209850063e-16,4.19297507825434e-09,0.0203061770249193,0.908119843817282,0.0015900148746334,0.000231737771827056,0.0895673167874243,4.00557217797878,0.00701330269101069,0.010137807939401,1.01812549473423e-06,0.190000000000509,0.279999999998836,11.6900000000005,NA,NA,NA
22,3,66,405,2000,294,TRUE,TRUE,TRUE,0.000474450740642471,0.000462007081771888,0.000465079727472448,6.66133814775094e-16,2.22044604925031e-16,1.0360379221197e-11,0.0111211998451569,0.497355176902617,0.000887517037658677,9.24218605575788e-05,0.0699387200493211,3.12775464579219,0.00558139467863663,0.00619299941311624,3.05385397520782e-07,0.0799999999999272,0.280000000000655,11.9700000000012,NA,NA,NA
22,3,66,405,2000,295,TRUE,TRUE,TRUE,0.000736787479497839,0.00071943756984955,0.000713636838241284,4.44089209850063e-16,4.44089209850063e-16,5.94329918612857e-09,0.0322234430639334,1.44107618320098,0.00249536555364935,0.000256087732324772,0.0986878089016426,4.41345298509163,0.00764232917040209,0.0108686978146721,2.56382785899891e-06,0.069999999999709,0.300000000001091,11.8900000000012,NA,NA,NA
22,3,66,405,2000,296,TRUE,TRUE,TRUE,0.000516066179421426,0.000501584910250956,0.000492097908206578,4.44089209850063e-16,4.44089209850063e-16,2.42880782153065e-09,0.0270532435424007,1.2098578314533,0.00216278286646389,0.000359703150820678,0.0958826873954873,4.28800413763344,0.00766538153417557,0.010579039697987,1.80710613867765e-06,0.0799999999999272,0.279999999998836,11.8700000000008,NA,NA,NA
22,3,66,405,2000,297,TRUE,TRUE,TRUE,0.000562328833596322,0.000535694652301147,0.000531563842589489,4.44089209850063e-16,4.44089209850063e-16,5.06805619693296e-09,0.0257055604194005,1.14958760995015,0.00201017919329638,0.000241192653817279,0.093048274549461,4.16124534163317,0.00727639088274028,0.0111626720430706,1.63154527524803e-06,0.0799999999999272,0.290000000000873,11.8299999999999,NA,NA,NA
22,3,66,405,2000,298,TRUE,TRUE,TRUE,0.000613894461253912,0.000609846522623511,0.000596626953796346,4.44089209850063e-16,6.66133814775094e-16,8.32555269170143e-09,0.0425833554085996,1.90438554807324,0.00331712922743355,0.000433679984908508,0.106040394606286,4.74227061401115,0.00826026246316096,0.0127761320897974,4.47738804408669e-06,0.069999999999709,0.280000000000655,11.7800000000007,NA,NA,NA
22,3,66,405,2000,299,TRUE,TRUE,TRUE,0.000458172718693386,0.000445538875524984,0.000464758075281386,4.44089209850063e-16,5.55111512312578e-16,3.73572550671497e-09,0.0468316881228949,2.09437676287725,0.0037264282012929,0.000455386717220563,0.100974975045203,4.51573816454836,0.00803464512417049,0.0121780018013595,5.4153259566422e-06,0.200000000000728,0.289999999999054,11.7399999999998,NA,NA,NA
22,3,66,405,2000,300,TRUE,TRUE,TRUE,0.000627425565643641,0.000601504108537769,0.000599441195779863,4.44089209850063e-16,6.66133814775094e-16,2.3930935011407e-09,0.0122035929886297,0.545761269846315,0.000950949233061402,0.000116703272880159,0.0756799090863638,3.38450842496227,0.00589725923921653,0.0074135458947211,3.67722671190447e-07,0.0799999999999272,0.279999999998836,11.8199999999997,NA,NA,NA
22,3,66,405,2000,301,TRUE,TRUE,TRUE,0.00053494748735401,0.000522916939007365,0.000522729572918317,4.44089209850063e-16,4.44089209850063e-16,2.20822027330314e-09,0.0351502045173337,1.57196493447557,0.0027591635556554,0.000300247817634158,0.08869370173737,3.96650292521701,0.00696213387120526,0.00999242422412294,3.05070833977873e-06,0.0799999999999272,0.299999999999272,11.8600000000006,NA,NA,NA
22,3,66,405,2000,302,TRUE,TRUE,TRUE,0.00050573913382081,0.000500210534765343,0.000506505465812257,6.66133814775094e-16,6.66133814775094e-16,3.9507952465101e-11,0.0239553271642809,1.07131479925159,0.00188125754866811,0.000226390946394872,0.0810822071167309,3.62610653757455,0.00636754042868862,0.0098356542010265,1.41693259147588e-06,0.0799999999999272,0.289999999999054,11.8600000000006,NA,NA,NA
22,3,66,405,2000,303,TRUE,TRUE,TRUE,0.000500963596120542,0.000475843869393322,0.000475992830035204,4.44089209850063e-16,4.44089209850063e-16,3.7105647443525e-09,0.0139675132068618,0.624646180143381,0.00112238691462775,0.000163295055699564,0.104676521437089,4.68127635163088,0.00841148715520964,0.0097986633334699,4.81707222676195e-07,0.0799999999999272,0.280000000000655,11.8400000000001,NA,NA,NA
22,3,66,405,2000,304,TRUE,TRUE,TRUE,0.000509053887543214,0.000488562137433042,0.000494787623088144,4.44089209850063e-16,4.44089209850063e-16,5.61861002168484e-10,0.0194096565989862,0.868026231505212,0.00156268612924055,0.000202833469103325,0.071918611757454,3.21629809474165,0.00579022181327408,0.00851033267859691,9.30209306890297e-07,0.0799999999999272,0.279999999998836,11.75,NA,NA,NA
22,3,66,405,2000,305,TRUE,TRUE,TRUE,0.000939221925984061,0.000929443373375339,0.000923328407121573,4.44089209850063e-16,4.44089209850063e-16,1.39398670384594e-09,0.0257586091043101,1.15196001926165,0.0021150215735328,0.000234663481890607,0.0884902190138507,3.95740290117629,0.0072658706649506,0.00833779959411629,1.63828627898432e-06,0.18999999999869,0.280000000000655,11.75,NA,NA,NA
22,3,66,405,2000,306,TRUE,TRUE,TRUE,0.000399123679956651,0.000347062135869659,0.000353022077374901,4.44089209850063e-16,4.44089209850063e-16,3.9226399906056e-09,0.0292716959660808,1.30907003993726,0.00231260809861765,0.000262055072127509,0.103392727315288,4.62386333312166,0.00816853450529725,0.0127631316690753,2.11563502402634e-06,0.0799999999999272,0.279999999998836,11.880000000001,NA,NA,NA
22,3,66,405,2000,307,TRUE,TRUE,TRUE,0.000384299261812529,0.00034179699015361,0.000345101596548037,6.66133814775094e-16,4.44089209850063e-16,2.24673768478567e-09,0.0152523560277617,0.682106097902075,0.00120292518545152,0.000194108068725996,0.100187291089876,4.48051186717042,0.0079015868430302,0.0100244787569608,5.74405838018759e-07,0.0799999999999272,0.290000000000873,11.9200000000001,NA,NA,NA
22,3,66,405,2000,308,TRUE,TRUE,TRUE,0.000441875569055217,0.000443454760559538,0.000439067611109475,4.44089209850063e-16,4.44089209850063e-16,1.44285050573956e-09,0.0181153730731228,0.810144112585436,0.00143222239612553,0.000174383731746275,0.0791982837786965,3.54185492460969,0.00626150812929413,0.00872020411635788,8.10288250810918e-07,0.0799999999999272,0.280000000000655,11.8899999999994,NA,NA,NA
22,3,66,405,2000,309,TRUE,TRUE,TRUE,0.000462252208495706,0.000433735810776471,0.000430493457453352,4.44089209850063e-16,4.44089209850063e-16,1.72861325253848e-09,0.0158461622282442,0.70866191849687,0.00125233657017243,0.000150344006556224,0.0845264548420442,3.78013797847754,0.00668020237461938,0.00755314619949843,6.20002116947733e-07,0.0799999999999272,0.279999999998836,11.8400000000001,NA,NA,NA
22,3,66,405,2000,310,TRUE,TRUE,TRUE,0.000853503992146792,0.000878606349725846,0.000862613262582167,7.7715611723761e-16,4.44089209850063e-16,5.86128767743332e-09,0.025535653764452,1.14198915334426,0.00197060158661838,0.000239431463370465,0.111576766513119,4.98986469265914,0.00861044542460806,0.00910884423581138,1.61004842759993e-06,0.0599999999994907,0.280000000000655,11.7799999999988,NA,NA,NA
22,3,66,405,2000,311,TRUE,TRUE,TRUE,0.000437611421724891,0.000422520874970528,0.000422520601750136,4.44089209850063e-16,4.44089209850063e-16,3.90043752851454e-09,0.0181675898306497,0.81247931697333,0.00143330323238914,0.000151387900842792,0.0785340258743796,3.5121484080368,0.00619581761739144,0.00630131650510179,8.14966222851172e-07,0.18999999999869,0.280000000000655,11.6700000000001,NA,NA,NA
22,3,66,405,2000,312,TRUE,TRUE,TRUE,0.000474278587061585,0.000514597906726055,0.000488851714659143,6.66133814775094e-16,4.44089209850063e-16,1.59158508594714e-09,0.0537642944115213,2.40441234132947,0.00432421132270083,0.000582357688102775,0.108883690836626,4.86942668703534,0.00875741221802957,0.0143650369435875,7.13728235449071e-06,0.0900000000001455,0.299999999999272,11.8299999999999,NA,NA,NA
22,3,66,405,2000,313,TRUE,TRUE,TRUE,0.000519183284918754,0.000508726209763305,0.000507410589130402,4.44089209850063e-16,8.88178419700125e-16,1.00557340232399e-11,0.0164261403743712,0.734599329700959,0.00128381748228192,0.000165557781059533,0.0667004330643135,2.98293404920959,0.00521310424068615,0.00696420153582267,6.6621750024333e-07,0.0799999999999272,0.290000000000873,11.9099999999999,NA,NA,NA
22,3,66,405,2000,314,TRUE,TRUE,TRUE,0.00053402436786035,0.000515206429387452,0.000509848199028443,4.44089209850063e-16,4.44089209850063e-16,8.416352503815e-09,0.0235722775243571,1.05418429857906,0.00184767037802416,0.000198796200180595,0.077074294710656,3.44686724581759,0.00604132931562654,0.00692545452977811,1.37198090786497e-06,0.0800000000017462,0.280000000000655,11.9300000000003,NA,NA,NA
22,3,66,405,2000,315,TRUE,TRUE,TRUE,0.000544823160515461,0.000516488076190778,0.00050076905355786,4.44089209850063e-16,4.44089209850063e-16,3.13900572201931e-09,0.0280461924035664,1.25426385448825,0.00224557742726045,0.000223879658051374,0.0846831061816142,3.78714363935844,0.00678033113997859,0.00706827340306404,1.94219483540214e-06,0.0599999999994907,0.289999999999054,11.9100000000017,NA,NA,NA
22,3,66,405,2000,316,TRUE,TRUE,TRUE,0.000651548578941584,0.000656683004024918,0.000661275738775524,4.44089209850063e-16,4.44089209850063e-16,1.01866803881023e-09,0.0304325201356821,1.36098367500032,0.0024690110124534,0.000325389802483755,0.128051229330346,5.72662506770135,0.01038888314097,0.0172535940851759,2.2867611896511e-06,0.0799999999999272,0.280000000000655,11.7800000000007,NA,NA,NA
22,3,66,405,2000,317,TRUE,TRUE,TRUE,0.00048172314024026,0.000432142828768221,0.000430344704772638,4.44089209850063e-16,6.66133814775094e-16,1.59961066614756e-09,0.0193315333184601,0.864532452187577,0.0015431333531578,0.000288781213541256,0.113906004332405,5.09403137465288,0.0090925097101544,0.0143281039035088,9.22736248006746e-07,0.190000000000509,0.289999999999054,11.7300000000014,NA,NA,NA
22,3,66,405,2000,318,TRUE,TRUE,TRUE,0.000714089470132905,0.000629713455256025,0.000627499385976033,4.44089209850063e-16,2.22044604925031e-16,8.89559537142759e-11,0.0232020050869762,1.03762521177549,0.00187572731718711,0.000262402348568003,0.12517883131353,5.59816752322065,0.010119873370778,0.0135591995514091,1.32921738285449e-06,0.0799999999999272,0.279999999998836,11.8500000000004,NA,NA,NA
22,3,66,405,2000,319,TRUE,TRUE,TRUE,0.000390675400305801,0.000387350001510791,0.000386006149579603,4.44089209850063e-16,4.44089209850063e-16,9.80642234083007e-09,0.013295726323683,0.594602957399769,0.0010570139527687,0.00015643910408869,0.0842957778230073,3.76982178856927,0.00670153785880029,0.0088645780430312,4.36484786356237e-07,0.0800000000017462,0.280000000000655,11.8599999999988,NA,NA,NA
22,3,66,405,2000,320,TRUE,TRUE,TRUE,0.000581795946893034,0.000524016039446594,0.000539611859485484,4.44089209850063e-16,4.44089209850063e-16,4.01763067259253e-11,0.0431557665584937,1.92998455291808,0.0033904272245365,0.000620030953840001,0.135975876269786,6.08102605278685,0.0106826120713306,0.0225511769500457,4.59856836358322e-06,0.069999999999709,0.299999999999272,11.8700000000008,NA,NA,NA
22,3,66,405,2000,321,TRUE,TRUE,TRUE,0.000354808101997007,0.000328160376438297,0.000330149474704213,4.44089209850063e-16,4.44089209850063e-16,1.94780724882548e-09,0.0200343990925372,0.895965565185467,0.00158648085623869,0.000234103310503997,0.110890225015389,4.95916162349313,0.00878115776362102,0.012115259177591,9.91054683948289e-07,0.0799999999999272,0.299999999999272,11.8400000000001,NA,NA,NA
22,3,66,405,2000,322,TRUE,TRUE,TRUE,0.000418681934191976,0.000400483527767433,0.000410522553375558,4.44089209850063e-16,6.66133814775094e-16,6.82408796137679e-10,0.0424183557139203,1.89700653740185,0.00332772976633113,0.000497335284634914,0.149480027736149,6.68495006593166,0.0117267425716444,0.0184180701419905,4.44275778141401e-06,0.0799999999999272,0.280000000000655,11.8899999999994,NA,NA,NA
22,3,66,405,2000,323,TRUE,TRUE,TRUE,0.000641264020497059,0.000582117878555789,0.000579842897038004,6.66133814775094e-16,6.66133814775094e-16,1.80089365642289e-09,0.0206681038516284,0.924305703565326,0.00163400182724809,0.000246009985232831,0.117752049223931,5.26603173109221,0.0093093718212061,0.0112336998226965,1.05474201684369e-06,0.0799999999999272,0.290000000000873,11.8599999999988,NA,NA,NA
22,3,66,405,2000,324,TRUE,TRUE,TRUE,0.000413270419608564,0.000387838413022856,0.000375878131331805,4.44089209850063e-16,4.44089209850063e-16,5.94182036905977e-09,0.0407194166225443,1.82102767144288,0.00322537866278617,0.000354390957568285,0.122622305530587,5.48383621448281,0.00971289376530583,0.0131077156252104,4.09400219772923e-06,0.199999999998909,0.280000000000655,11.8099999999995,NA,NA,NA
22,3,66,405,2000,325,TRUE,TRUE,TRUE,0.000480156961190074,0.000460624395419535,0.000456887619942701,4.44089209850063e-16,5.55111512312578e-16,2.38667330343389e-09,0.0271109274371382,1.2124375336501,0.00217761034683007,0.000214424933744795,0.10219372205245,4.57024218765996,0.00820842839251766,0.00979427387717635,1.81482070741179e-06,0.0599999999994907,0.290000000000873,11.8700000000008,NA,NA,NA
22,3,66,405,2000,326,TRUE,TRUE,TRUE,0.000562645511527076,0.000571800658635639,0.000567648216538761,4.44089209850063e-16,4.44089209850063e-16,1.86418303016467e-09,0.0178573264774713,0.798603918000655,0.00142673289080467,0.000234324401944264,0.102246778045499,4.57261492380137,0.00816913110707575,0.0102172562881293,7.87368170180244e-07,0.069999999999709,0.280000000000655,11.9500000000007,NA,NA,NA
22,3,66,405,2000,327,TRUE,TRUE,TRUE,0.000470272345157231,0.000459728023008946,0.000457758548561072,4.44089209850063e-16,4.44089209850063e-16,8.87484863376642e-09,0.0188330443712601,0.842239348748147,0.00149445449322808,0.000185297909936821,0.0779363799344279,3.48542086907263,0.00618446868615029,0.00811217475053638,8.75761877258892e-07,0.069999999999709,0.280000000000655,11.8400000000001,NA,NA,NA
22,3,66,405,2000,328,TRUE,TRUE,TRUE,0.000517875054575221,0.000502738632531208,0.00050538392486171,6.66133814775094e-16,4.44089209850063e-16,2.96837932012295e-09,0.0273335978856934,1.2223956588411,0.00214501226310626,0.000235992406956598,0.0955471680754315,4.27299925748525,0.00749809257032159,0.0106512480689815,1.84475450216489e-06,0.0799999999999272,0.280000000000655,11.8700000000008,NA,NA,NA
22,3,66,405,2000,329,TRUE,TRUE,TRUE,0.000524572629293875,0.000523655098384287,0.000525733549104056,3.33066907387547e-16,3.33066907387547e-16,3.47326545302451e-09,0.0148236858035977,0.662935382678859,0.00118765176113866,0.000202399700015121,0.102483313547705,4.58319311304187,0.00821081136195677,0.0105233502065403,5.42572001984649e-07,0.069999999999709,0.280000000000655,11.8599999999988,NA,NA,NA
22,3,66,405,2000,330,TRUE,TRUE,TRUE,0.000449408650030687,0.000434160142577293,0.000434028171216807,4.44089209850063e-16,4.44089209850063e-16,9.83421832856379e-09,0.0135216792008401,0.604707877260471,0.0010802386912355,0.000139354716012008,0.0903682087655582,4.04138915609361,0.00721946099417427,0.00928311983693675,4.51446440519586e-07,0.199999999998909,0.280000000000655,11.7899999999991,NA,NA,NA
22,3,66,405,2000,331,TRUE,TRUE,TRUE,0.000537782248044629,0.00052824809968636,0.000531013981171426,6.66133814775094e-16,4.44089209850063e-16,9.92926629805879e-10,0.0157909817572874,0.706194172815076,0.00126731196691081,0.000155620949044533,0.0784812919264876,3.50979007419263,0.00629854951172736,0.00768604517098481,6.15691616935765e-07,0.069999999999709,0.390000000001237,11.8100000000013,NA,NA,NA
22,3,66,405,2000,332,TRUE,TRUE,TRUE,0.00050087513271034,0.00046929589924837,0.000465641860538577,4.44089209850063e-16,4.44089209850063e-16,2.62497290570707e-09,0.0258886644303322,1.15777627025807,0.00204069738588937,0.000294188477468538,0.122078806216355,5.45953018623588,0.00962297230081614,0.0157679632802257,1.65487147157122e-06,0.0799999999999272,0.299999999999272,11.9200000000001,NA,NA,NA
22,3,66,405,2000,333,TRUE,TRUE,TRUE,0.000411857991897718,0.000397514010313697,0.000391656508468492,5.55111512312578e-16,4.44089209850063e-16,6.0131011281328e-11,0.0215101926204238,0.961965058167637,0.00172361826569938,0.000183347008032797,0.0665879130600355,2.97790200164171,0.00533570969123281,0.00672300396638548,1.14244046066107e-06,0.0799999999999272,0.290000000000873,11.8600000000006,NA,NA,NA
22,3,66,405,2000,334,TRUE,TRUE,TRUE,0.000413098269935203,0.000330459505440936,0.00035394671600203,4.44089209850063e-16,4.44089209850063e-16,9.34530985929882e-09,0.0472607713017683,2.1135659459965,0.00374011429255788,0.000536593296700971,0.141662713090173,6.33534912693353,0.011210877930197,0.0222996762787062,5.5150135902174e-06,0.0799999999999272,0.280000000000655,11.9400000000005,NA,NA,NA
22,3,66,405,2000,335,TRUE,TRUE,TRUE,0.000483484287189544,0.000475909475095539,0.000469970315145002,4.44089209850063e-16,4.44089209850063e-16,7.15578130083827e-09,0.0296791816706911,1.32729335464462,0.00234496348165913,0.000222238022274723,0.084436841906358,3.77613036616039,0.00667138713506263,0.00856776264754444,2.17494771516515e-06,0.0900000000001455,0.300000000001091,11.8400000000001,NA,NA,NA
22,3,66,405,2000,336,TRUE,TRUE,TRUE,0.000408832062909335,0.000368434872762499,0.000376157855635245,4.44089209850063e-16,4.44089209850063e-16,5.63832669442377e-09,0.0367208771045927,1.6422075479857,0.00288515215981096,0.000343298199993569,0.106832677374811,4.77770257656764,0.00839382264722032,0.0144163130984083,3.32943905019901e-06,0.0799999999999272,0.279999999998836,11.8100000000013,NA,NA,NA
22,3,66,405,2000,337,TRUE,TRUE,TRUE,0.000667600022712233,0.000660695655588796,0.000648150906370551,4.44089209850063e-16,6.66133814775094e-16,2.20202966971783e-09,0.0198019207813213,0.885568819042005,0.00160548250899206,0.000134271771059957,0.0729878379370894,3.2641153431614,0.00591764296358956,0.00631511972376586,9.68187818838829e-07,0.069999999999709,0.279999999998836,11.8900000000012,NA,NA,NA
22,3,66,405,2000,338,TRUE,TRUE,TRUE,0.000465192820466249,0.000446553606624859,0.000438441460753557,5.55111512312578e-16,4.44089209850063e-16,3.14932258049794e-09,0.0311795691704663,1.39439272348639,0.00248636978765933,0.000270822167180995,0.0994848921423092,4.44909963128876,0.00793327928294415,0.00949240102100646,2.40040872507628e-06,0.0799999999999272,0.280000000000655,11.8400000000001,NA,NA,NA
22,3,66,405,2000,339,TRUE,TRUE,TRUE,0.000521252335757453,0.000477624600047523,0.000467800248525047,4.44089209850063e-16,6.66133814775094e-16,1.83617387961021e-09,0.027382939031574,1.22460226196664,0.00218010546974984,0.000229143461908166,0.105163506923137,4.70305500464807,0.00837264168016619,0.0104397440901778,1.85142061730099e-06,0.0800000000017462,0.299999999999272,11.8400000000001,NA,NA,NA
22,3,66,405,2000,340,TRUE,TRUE,TRUE,0.000588979331969034,0.00053385588332949,0.000538152203208409,4.44089209850063e-16,4.44089209850063e-16,1.10911058115448e-10,0.0333383016282435,1.49093417390289,0.00267443585553958,0.000391114678393478,0.127286696588349,5.69243412405876,0.0102110812087881,0.0154314097867285,2.7443021122364e-06,0.0799999999999272,0.280000000000655,11.8599999999988,NA,NA,NA
22,3,66,405,2000,341,TRUE,TRUE,TRUE,0.000581757806431295,0.000554629887000351,0.000550772715626888,5.55111512312578e-16,4.44089209850063e-16,2.61351740249438e-09,0.0494104321406304,2.2097017012818,0.00386344094448097,0.000401620587453522,0.096103158379351,4.29786389977315,0.00751438230533935,0.0120770666901535,6.02812544277492e-06,0.0599999999994907,0.279999999998836,11.7299999999996,NA,NA,NA
22,3,66,405,2000,342,TRUE,TRUE,TRUE,0.000513329911544646,0.000520779193580307,0.000512587761329775,4.44089209850063e-16,4.44089209850063e-16,3.25914539800465e-09,0.0343473236330374,1.53605900977314,0.00273033053063167,0.000331522644415827,0.0928944359982128,4.15436547247015,0.0073843457918733,0.010514277239281,2.91293491543855e-06,0.190000000000509,0.260000000000218,11.869999999999,NA,NA,NA
22,3,66,405,2000,343,TRUE,TRUE,TRUE,0.00055060995472547,0.000518871271401247,0.000517721487423216,4.44089209850063e-16,4.44089209850063e-16,5.57291990332942e-11,0.013277929800583,0.593807072691478,0.00106558417454151,0.000193638123050732,0.12520655863188,5.59940752659392,0.0100481121252107,0.0129604916762958,4.35317085899286e-07,0.0799999999999272,0.300000000001091,11.9899999999998,NA,NA,NA
22,3,66,405,2000,344,TRUE,TRUE,TRUE,0.000409920683671723,0.000430288218331065,0.000425980719550228,4.44089209850063e-16,4.44089209850063e-16,2.11505546410251e-09,0.0187381442558068,0.837995286563623,0.00148906774204682,0.000154658826588161,0.0744075673664675,3.32760757343633,0.0059129605801411,0.00738509031722856,8.66958148522036e-07,0.0799999999999272,0.300000000001091,11.8600000000006,NA,NA,NA
22,3,66,405,2000,345,TRUE,TRUE,TRUE,0.000523247517946278,0.000488663071031084,0.000491507904051026,4.44089209850063e-16,4.44089209850063e-16,1.59668278598701e-10,0.0241278939149418,1.07903221895427,0.00189989943784317,0.000230377475475052,0.109137650000682,4.88078408612212,0.0085938109896701,0.0118599182983417,1.4374204068412e-06,0.069999999999709,0.290000000000873,11.8299999999999,NA,NA,NA
22,3,66,405,2000,346,TRUE,TRUE,TRUE,0.00044208040079917,0.000424112303873314,0.000431543242132763,4.44089209850063e-16,4.44089209850063e-16,7.86592702084477e-09,0.0315312675806238,1.4101211545402,0.00249387685095011,0.000318182256819455,0.117352571824724,5.24816655869019,0.00928167132909627,0.0128574533039369,2.45486625985407e-06,0.0799999999999272,0.280000000000655,11.9299999999985,NA,NA,NA
22,3,66,405,2000,347,TRUE,TRUE,TRUE,0.000560621982990637,0.00053240978377601,0.000535617217322902,4.44089209850063e-16,4.44089209850063e-16,2.17742046615399e-09,0.0240698672905899,1.07643718942316,0.00187377071692935,0.000235009677396647,0.0825513644232141,3.69180924971329,0.00642638895475982,0.00915365402053681,1.4305148429299e-06,0.069999999999709,0.289999999999054,11.8099999999995,NA,NA,NA
22,3,66,405,2000,348,TRUE,TRUE,TRUE,0.000498090852554252,0.000482491443544404,0.000485021204515808,6.66133814775094e-16,6.66133814775094e-16,5.52510881490775e-09,0.0266485671151122,1.19176015144713,0.00212660982841092,0.000259217008874657,0.0872029521362407,3.89983457630589,0.00695897285127242,0.00891724672958105,1.75344723281145e-06,0.179999999998472,0.280000000000655,11.7700000000004,NA,NA,NA
22,3,66,405,2000,349,TRUE,TRUE,TRUE,0.00051792966292589,0.000495998035181944,0.000486693937602268,6.66133814775094e-16,4.44089209850063e-16,2.83457213257066e-09,0.0262843278265495,1.17547087526108,0.00210048368956904,0.00023047130397913,0.0860346694484395,3.8475873861687,0.00687536775170538,0.00891557514762553,1.70584170195932e-06,0.0799999999999272,0.279999999998836,11.8100000000013,NA,NA,NA
22,3,66,405,2000,350,TRUE,TRUE,TRUE,0.000475248855189588,0.000415915912819191,0.000438457063993093,4.44089209850063e-16,4.44089209850063e-16,4.99463093106556e-09,0.0320329295391564,1.43255615936029,0.00254269112968275,0.000302220804897502,0.10409108832145,4.65509498677393,0.00826248147645832,0.0153882971844865,2.53360141940878e-06,0.0799999999999272,0.299999999999272,11.8099999999995,NA,NA,NA
22,3,66,405,2000,351,TRUE,TRUE,TRUE,0.000472533486337562,0.000458151593242535,0.000461373614556528,6.66133814775094e-16,4.44089209850063e-16,2.06360262211547e-09,0.0181728298504794,0.812713657784188,0.00145731680408759,0.000144329772723495,0.0996005463083233,4.45427184283053,0.00798717376576295,0.00962334582804658,8.1543640685056e-07,0.0799999999999272,0.300000000001091,11.8099999999995,NA,NA,NA
22,3,66,405,2000,352,TRUE,TRUE,TRUE,0.000509250904408529,0.000515415471079934,0.000493913422987389,6.66133814775094e-16,4.44089209850063e-16,1.18949294858339e-11,0.0344189041643294,1.53926018844982,0.00270222722041148,0.000261416537554737,0.0806187327750164,3.60537933489654,0.00632937449546987,0.00858894032853641,2.92508879968714e-06,0.0599999999994907,0.280000000000655,11.8899999999994,NA,NA,NA
22,3,66,405,2000,353,TRUE,TRUE,TRUE,0.000675200781874554,0.000672123938699681,0.000663302595600467,4.44089209850063e-16,4.44089209850063e-16,4.63437999087546e-09,0.0323536130994087,1.44689756416011,0.00250294249342186,0.000319969442443835,0.0995740423152598,4.45308654822723,0.00770325406893133,0.0129747057959122,2.58458340885489e-06,0.0800000000017462,0.280000000000655,11.9099999999999,NA,NA,NA
22,3,66,405,2000,354,TRUE,TRUE,TRUE,0.00048024100178503,0.000463802191589393,0.000465836172033422,5.55111512312578e-16,4.44089209850063e-16,1.15817222479109e-09,0.0132254008489167,0.591457906557222,0.00106508037809643,0.000143948825879647,0.0787136046605068,3.52017941549875,0.00633903779332427,0.00832489044854867,4.31879574356853e-07,0.0799999999999272,0.280000000000655,11.8299999999999,NA,NA,NA
22,3,66,405,2000,355,TRUE,TRUE,TRUE,0.000677037914071912,0.000653640187043933,0.00066205861778828,2.22044604925031e-16,7.7715611723761e-16,6.45686037969995e-09,0.0278570237837657,1.24580397662657,0.00216659529076048,0.000250602941832767,0.0834466045376955,3.73184560475659,0.00649010539764429,0.0104795449726112,1.91608339281305e-06,0.190000000000509,0.279999999998836,11.7800000000007,NA,NA,NA
22,3,66,405,2000,356,TRUE,TRUE,TRUE,0.000523635367052203,0.000488742184058853,0.000479500552356207,6.66133814775094e-16,4.44089209850063e-16,2.19608575768859e-09,0.0316660775701169,1.41615004055125,0.00252609437839526,0.000401543234062274,0.104094351014796,4.65524089885616,0.00830390673865228,0.0102706644904771,2.47590239179422e-06,0.0799999999999272,0.409999999999854,11.7700000000004,NA,NA,NA
22,3,66,405,2000,357,TRUE,TRUE,TRUE,0.000647435199365508,0.000616952240829698,0.000616743632149609,6.66133814775094e-16,6.66133814775094e-16,1.18559762007919e-09,0.0210621915184731,0.941929839808506,0.00171130188867281,0.000224705714472861,0.0837288598529493,3.74446844619495,0.00680296520317469,0.00830312072434936,1.09534792977985e-06,0.0799999999999272,0.299999999999272,11.8500000000004,NA,NA,NA
22,3,66,405,2000,358,TRUE,TRUE,TRUE,0.000466997717813255,0.000460110306219374,0.000457592583247507,4.44089209850063e-16,3.33066907387547e-16,2.13997530806864e-09,0.0242799275318312,1.08583136899886,0.00190646288048561,0.000251226012238703,0.0988799212052904,4.42204450849705,0.00776406351114881,0.0096275428071948,1.45559229864438e-06,0.0799999999999272,0.280000000000655,11.8299999999999,NA,NA,NA
22,3,66,405,2000,359,TRUE,TRUE,TRUE,0.000495108055430532,0.000489531818305982,0.000486494818442296,6.66133814775094e-16,4.44089209850063e-16,2.39048825179111e-09,0.0154943802510995,0.692929750213776,0.00121247870495786,0.000171118189015829,0.082656402467574,3.69650669386154,0.00646809528333657,0.00899029632087434,5.92779800902871e-07,0.0599999999994907,0.289999999999054,11.8500000000004,NA,NA,NA
22,3,66,405,2000,360,TRUE,TRUE,TRUE,0.000453041661562714,0.000444605041838359,0.000441999008397924,4.44089209850063e-16,5.55111512312578e-16,2.55385890213233e-09,0.0280971529342456,1.25654287870362,0.00223060924933494,0.000214716141783811,0.0853814137324964,3.81837290241792,0.00677835834964156,0.00894261291250587,1.94925926669232e-06,0.0799999999999272,0.290000000000873,11.8899999999994,NA,NA,NA
22,3,66,405,2000,361,TRUE,TRUE,TRUE,0.000755889276921975,0.000720564552286814,0.000722415966164736,4.44089209850063e-16,6.66133814775094e-16,2.37139197167835e-11,0.0358456748949257,1.60306731528823,0.00278044063746682,0.000348404673104596,0.111541514716487,4.98828818438717,0.00865193809828999,0.0130765812990745,3.17262323129063e-06,0.070000000001528,0.279999999998836,11.9500000000007,NA,NA,NA
22,3,66,405,2000,362,TRUE,TRUE,TRUE,0.000544411207086858,0.000539438380453607,0.000537825740437825,3.33066907387547e-16,6.66133814775094e-16,9.44295752702828e-11,0.00922861491412801,0.412716205723172,0.000726949945691032,0.0001121232113519,0.0757882196233663,3.38935221943061,0.00596993618781111,0.00763379011424092,2.10289711687076e-07,0.069999999999709,0.299999999999272,11.75,NA,NA,NA
22,3,66,405,2000,363,TRUE,TRUE,TRUE,0.000458829164781075,0.000441260895088501,0.000440368358068996,4.44089209850063e-16,4.44089209850063e-16,4.49172499195072e-09,0.0237998685222239,1.064362477425,0.00188764007938807,0.000205377891418834,0.0920103389190204,4.11482744911448,0.00729762029144998,0.00988669832418054,1.39860183129666e-06,0.0799999999999272,0.420000000000073,11.6900000000005,NA,NA,NA
22,3,66,405,2000,364,TRUE,TRUE,TRUE,0.000416979549447935,0.000355690926455262,0.000358419414798675,4.44089209850063e-16,4.44089209850063e-16,2.30004393309002e-09,0.0129346868192754,0.578456779911406,0.00102779573130664,0.000188150555118227,0.124575841881656,5.57120101603295,0.00989884952754269,0.0142660037024598,4.13101538549966e-07,0.0799999999999272,0.280000000000655,11.880000000001,NA,NA,NA
22,3,66,405,2000,365,TRUE,TRUE,TRUE,0.000427159012536949,0.000400065206653447,0.000393627670751516,4.44089209850063e-16,4.44089209850063e-16,4.87807572113752e-09,0.0196528761375594,0.878903339939326,0.00155254191804365,0.000146016776980673,0.0810685935337848,3.62549771963685,0.00640427328891076,0.00699796633820426,9.53668001180867e-07,0.0799999999999272,0.280000000000655,11.8799999999992,NA,NA,NA
22,3,66,405,2000,366,TRUE,TRUE,TRUE,0.000563247701775089,0.0005543907190218,0.000561207960164259,6.66133814775094e-16,4.44089209850063e-16,2.38835617949462e-11,0.0152428064965399,0.681679029882773,0.00122715271115691,0.000167096303243852,0.0816374496286691,3.65093773758838,0.0065723866314578,0.00888842220717834,5.7368678985422e-07,0.0799999999999272,0.280000000000655,11.9300000000003,NA,NA,NA
22,3,66,405,2000,367,TRUE,TRUE,TRUE,0.000547002618645651,0.000539086665340215,0.000537859098045669,4.44089209850063e-16,4.44089209850063e-16,6.60121735052144e-09,0.0203724978690876,0.911085802134992,0.00159264870161755,0.000190195551468264,0.0759076643589366,3.39469395039641,0.00593418852518427,0.00776828962818854,1.02478683808884e-06,0.0799999999999272,0.279999999998836,11.8400000000001,NA,NA,NA
22,3,66,405,2000,368,TRUE,TRUE,TRUE,0.000365781246158226,0.000332498458516403,0.000341078786678493,4.44089209850063e-16,4.44089209850063e-16,2.13975814844503e-09,0.0482958146856686,2.15985449331775,0.00382053537210989,0.000618768915330747,0.13967197791326,6.24632074331799,0.0110490264132248,0.0181837034497505,5.75922399049986e-06,0.0799999999999272,0.290000000000873,11.9099999999999,NA,NA,NA
22,3,66,405,2000,369,TRUE,TRUE,TRUE,0.000431315859030228,0.00040166503804118,0.00040554910726792,5.55111512312578e-16,4.44089209850063e-16,4.80865569585376e-09,0.0383518408617698,1.71514646458343,0.00302000963290157,0.000453419205271643,0.111227862311059,4.97426122239032,0.00875862039679282,0.0133639997090427,3.63176221601608e-06,0.0600000000013097,0.290000000000873,11.8299999999999,NA,NA,NA
22,3,66,405,2000,370,TRUE,TRUE,TRUE,0.000542984952008205,0.000534963350713417,0.000541090976697489,6.66133814775094e-16,4.44089209850063e-16,9.15862918837718e-09,0.0206225040446273,0.92226641820102,0.00162065988164116,0.000181049049871262,0.0808532623381775,3.61586781581577,0.00635401201947785,0.00923314065838099,1.05009301992758e-06,0.0799999999999272,0.299999999999272,11.880000000001,NA,NA,NA
22,3,66,405,2000,371,TRUE,TRUE,TRUE,0.000470028340460834,0.000451137350590281,0.000430848152147822,5.55111512312578e-16,4.44089209850063e-16,4.04653821561851e-09,0.0290019317655756,1.29700581813275,0.00229583680647162,0.000245543670260417,0.0921875633652573,4.12275316729569,0.00729770702116166,0.00931968832568941,2.07681986700026e-06,0.0799999999999272,0.280000000000655,11.8200000000015,NA,NA,NA
22,3,66,405,2000,372,TRUE,TRUE,TRUE,0.000488889498311516,0.000493118480638543,0.000484968311058448,4.44089209850063e-16,4.44089209850063e-16,8.42909075871034e-09,0.0230236134009468,1.02964729304384,0.00182253133517208,0.000142847110652156,0.0924398875742436,4.13403744896894,0.00731746962520293,0.00897857745420083,1.30885623218829e-06,0.0799999999999272,0.299999999999272,11.9400000000005,NA,NA,NA
22,3,66,405,2000,373,TRUE,TRUE,TRUE,0.000587495218889583,0.000597357231976205,0.000588197721718053,6.66133814775094e-16,4.44089209850063e-16,1.61703095358234e-09,0.014777360265329,0.660863641625599,0.00118847381354326,0.000138056997812441,0.0728784205266437,3.25922204780783,0.0058612697270111,0.00650986384309249,5.39186114595862e-07,0.0799999999999272,0.280000000000655,11.8899999999994,NA,NA,NA
22,3,66,405,2000,374,TRUE,TRUE,TRUE,0.000630140203553424,0.000619893962096976,0.000621739423945216,4.44089209850063e-16,4.44089209850063e-16,9.12301123534576e-09,0.0294884167360349,1.31876208741233,0.00229821244147916,0.000280097835187121,0.102463943282862,4.58232684846323,0.00798564098451327,0.0130632977595155,2.14707832493349e-06,0.0799999999999272,0.280000000000655,11.9399999999987,NA,NA,NA
22,3,66,405,2000,375,TRUE,TRUE,TRUE,0.00081740268837997,0.000788004104009365,0.000790439220514676,4.44089209850063e-16,4.44089209850063e-16,2.74189559945626e-11,0.0338496846992367,1.51380392008855,0.00276861366877198,0.000338653797356869,0.104873583860933,4.69008925114141,0.00857775900574432,0.0126285175209802,2.82913865243886e-06,0.0599999999994907,0.279999999998836,11.9099999999999,NA,NA,NA
22,3,66,405,2000,376,TRUE,TRUE,TRUE,0.00118179235648449,0.00118203821272404,0.00117803424155454,4.44089209850063e-16,6.66133814775094e-16,9.83524373054934e-12,0.0129719121030605,0.580121545211909,0.00099074346254422,9.68507268197527e-05,0.0675515267814467,3.02099611734425,0.0051593190743105,0.00639995794247739,4.15482724961794e-07,0.069999999999709,0.279999999998836,11.9200000000001,NA,NA,NA
22,3,66,405,2000,377,TRUE,TRUE,TRUE,0.000786041389987623,0.00075519367982378,0.000758208219511687,5.55111512312578e-16,4.44089209850063e-16,9.82807035754263e-09,0.0282414719027607,1.26299701918447,0.00218576833109462,0.000232880285210513,0.106783351161352,4.77549664124029,0.00826457162219733,0.0130945128589701,1.96933514872697e-06,0.069999999999709,0.280000000000655,11.7199999999993,NA,NA,NA
22,3,66,405,2000,378,TRUE,TRUE,TRUE,0.00039635748990627,0.000383163615609184,0.000386228648760083,4.44089209850063e-16,4.44089209850063e-16,5.1437332171389e-09,0.0230230273140867,1.02962108244265,0.00182424981094294,0.000175402381856316,0.0941172762437532,4.20905255076317,0.00745746513053389,0.0103717488974269,1.30878959680292e-06,0.0900000000001455,0.409999999999854,11.7199999999993,NA,NA,NA
22,3,66,405,2000,379,TRUE,TRUE,TRUE,0.000571509308117845,0.000539651844750573,0.000539184425363903,4.44089209850063e-16,4.44089209850063e-16,3.96025945370582e-09,0.0167415805985831,0.748706245384468,0.00135014252470222,0.000169506181137535,0.0904322817114785,4.04425458534554,0.00729300727763131,0.00734716428243587,6.92050668984823e-07,0.0799999999999272,0.300000000001091,11.880000000001,NA,NA,NA
22,3,66,405,2000,380,TRUE,TRUE,TRUE,0.000427035109952822,0.000414321456934824,0.000410850601953891,4.44089209850063e-16,4.44089209850063e-16,2.5840194428639e-09,0.0352106142783622,1.57466654111885,0.00277268438445107,0.000382767589314881,0.114322169658514,5.11264285383401,0.00900237900147961,0.0124892631490638,3.06120335273977e-06,0.0900000000001455,0.280000000000655,11.8099999999995,NA,NA,NA
22,3,66,405,2000,381,TRUE,TRUE,TRUE,0.000457833026487561,0.000431155433192558,0.000428090875123137,4.44089209850063e-16,5.55111512312578e-16,9.83588099856547e-09,0.0330471832934746,1.47791496618209,0.00262967243483704,0.000354819541840357,0.101389583694198,4.53428002701262,0.00806790070586385,0.0112193869544086,2.69658351514199e-06,0.0799999999999272,0.300000000001091,11.869999999999,NA,NA,NA
22,3,66,405,2000,382,TRUE,TRUE,TRUE,0.000514281480577194,0.000481034322122242,0.000482289302286871,6.66133814775094e-16,4.44089209850063e-16,6.03734839899062e-11,0.0238671261242855,1.06737032882927,0.00191017489858678,0.000237966914468757,0.0851960953881279,3.81008521410821,0.00681856047605225,0.00961630465319274,1.40651780106803e-06,0.0900000000001455,0.299999999999272,11.8600000000006,NA,NA,NA
22,3,66,405,2000,383,TRUE,TRUE,TRUE,0.000553526537173793,0.000538132916121215,0.000545112227969348,4.44089209850063e-16,5.55111512312578e-16,5.26155852220711e-09,0.0261063901988103,1.16751326263348,0.00204991883245323,0.000213155990891778,0.0879989547527455,3.93543289552134,0.00690982986196512,0.00713455274180319,1.68282372645071e-06,0.0799999999999272,0.299999999999272,11.7900000000009,NA,NA,NA
22,3,66,405,2000,384,TRUE,TRUE,TRUE,0.000722866188047824,0.00072019844663738,0.000721350494781737,4.44089209850063e-16,6.66133814775094e-16,9.34744925906728e-09,0.0201329788824536,0.900374187414682,0.0015636262636425,0.000232756194236572,0.111403522284359,4.98211697521478,0.00865214602981178,0.0128004142910925,1.00083170044771e-06,0.069999999999709,0.280000000000655,11.7600000000002,NA,NA,NA
22,3,66,405,2000,385,TRUE,TRUE,TRUE,0.000495879706175413,0.000500787862551882,0.000499357547686165,4.44089209850063e-16,6.66133814775094e-16,4.72483097091470e-09,0.016126262718324,0.721188393223858,0.00125658998086723,0.000172372782870411,0.0865800005447397,3.87197533420014,0.00674648324465015,0.0082875514761156,6.42114442618285e-07,0.0900000000001455,0.419999999998254,11.7100000000009,NA,NA,NA
22,3,66,405,2000,386,TRUE,TRUE,TRUE,0.000433416300519389,0.000398123840917038,0.000399974090616997,4.44089209850063e-16,4.44089209850063e-16,4.29451763039879e-09,0.0161938835557523,0.724212489007561,0.00128086112083418,0.000220075539758113,0.122399252142611,5.47386096372031,0.00968121345005975,0.0152420119862882,6.4751077683275e-07,0.0600000000013097,0.290000000000873,11.8599999999988,NA,NA,NA
22,3,66,405,2000,387,TRUE,TRUE,TRUE,0.000728691602843597,0.000697722242472694,0.000694594906390903,4.44089209850063e-16,6.66133814775094e-16,6.50635101351327e-12,0.0325156600699184,1.45414452499226,0.00252736001561021,0.000335994899586467,0.12815452681696,5.73124467174086,0.00996112722916177,0.0140525738607522,2.61053864143824e-06,0.0799999999999272,0.289999999999054,11.8600000000006,NA,NA,NA
22,3,66,405,2000,388,TRUE,TRUE,TRUE,0.000510700262285748,0.000495645519927759,0.000492210436974559,4.44089209850063e-16,4.44089209850063e-16,8.63807469997369e-09,0.034973440969993,1.56405982831961,0.00279051703086398,0.00035247476613165,0.0896633517801598,4.00986699341828,0.00715420339684505,0.00912183358934726,3.02010265007799e-06,0.0799999999999272,0.280000000000655,11.8899999999994,NA,NA,NA
22,3,66,405,2000,389,TRUE,TRUE,TRUE,0.000481075770647092,0.000457770699362641,0.000449423542356297,6.66133814775094e-16,5.55111512312578e-16,2.41548780977041e-09,0.0231621913681219,1.03584468813959,0.00182105845062541,0.000221678247726231,0.0983103396498158,4.39657204696162,0.00772935824412318,0.00955969756020636,1.32465952832963e-06,0.0599999999994907,0.280000000000655,11.8899999999994,NA,NA,NA
22,3,66,405,2000,390,TRUE,TRUE,TRUE,0.000593913485465536,0.00051852571503035,0.000538379026361355,4.44089209850063e-16,5.55111512312578e-16,3.30842286899724e-09,0.0295317270050345,1.32069898152447,0.00231343541300765,0.000291266617381325,0.122430257511553,5.47524756597275,0.00959085438188522,0.0171582143850628,2.15338987629601e-06,0.0800000000017462,0.280000000000655,11.9400000000005,NA,NA,NA
22,3,66,405,2000,391,TRUE,TRUE,TRUE,0.000586847061004975,0.000589310440693939,0.000590700930953729,4.44089209850063e-16,4.44089209850063e-16,3.1435138936331e-09,0.0145995470550601,0.652911593116424,0.00114111613263073,0.000132660154392283,0.0665381921110395,2.97567841320449,0.00520069589608769,0.0070633106500253,5.26288331389909e-07,0.0799999999999272,0.279999999998836,11.8400000000001,NA,NA,NA
22,3,66,405,2000,392,TRUE,TRUE,TRUE,0.000562347940035205,0.000534759962281128,0.00053704439139534,4.44089209850063e-16,4.44089209850063e-16,1.96573890498541e-09,0.0177669369892728,0.794561577199388,0.00142945223703766,0.000211715764848464,0.0929398837789544,4.15639795901344,0.00747754803532311,0.0102846299778889,7.79417407359974e-07,0.069999999999709,0.420000000000073,11.8099999999995,NA,NA,NA
22,3,66,405,2000,393,TRUE,TRUE,TRUE,0.000406445558840095,0.000376691312449457,0.000384895640401912,4.44089209850063e-16,3.33066907387547e-16,1.13089582143289e-09,0.0309262102456657,1.38306216791518,0.00244730917867817,0.000273038774608381,0.0935442458827333,4.18342585395493,0.00740251358775607,0.0115814812071591,2.36155674113362e-06,0.0799999999999272,0.299999999999272,11.8900000000012,NA,NA,NA
22,3,66,405,2000,394,TRUE,TRUE,TRUE,0.000915204214024836,0.000877125675414152,0.000878565366285161,4.44089209850063e-16,4.44089209850063e-16,2.89834822808643e-12,0.0196245256386605,0.877635467084646,0.00150910431739679,0.000191017355547274,0.111583361646977,4.99015963601169,0.00858063710234957,0.0127160271046449,9.50918534672698e-07,0.0799999999999272,0.299999999999272,11.8400000000001,NA,NA,NA
22,3,66,405,2000,395,TRUE,TRUE,TRUE,0.000615823034628457,0.000611733485816613,0.000602172343309709,4.44089209850063e-16,4.44089209850063e-16,5.94457438829465e-09,0.0190039408035559,0.849882069542661,0.00148196530362577,0.000196557521917384,0.0782878914087143,3.50114094010014,0.00610504631439534,0.00875260481947748,8.91727817444587e-07,0.069999999999709,0.280000000000655,11.8599999999988,NA,NA,NA
22,3,66,405,2000,396,TRUE,TRUE,TRUE,0.000778958643730232,0.000742487663677515,0.000746061458224899,4.44089209850063e-16,4.44089209850063e-16,1.35065292283798e-11,0.0222309656245977,0.994199006841229,0.0017164436126864,0.000215336719620041,0.102286408636425,4.57438725770737,0.00789749108218508,0.0111385821844578,1.2202860064248e-06,0.0799999999999272,0.279999999998836,11.880000000001,NA,NA,NA
22,3,66,405,2000,397,TRUE,TRUE,TRUE,0.000502207833243745,0.000493923099088531,0.00048955094147621,4.44089209850063e-16,4.44089209850063e-16,2.78295675393281e-09,0.0275269404075408,1.23104219927694,0.00215830079338292,0.000278769450332561,0.101452439408782,4.5370910200243,0.00795456658912311,0.00919895657338543,1.87094431654395e-06,0.0799999999999272,0.289999999999054,11.9200000000001,NA,NA,NA
22,3,66,405,2000,398,TRUE,TRUE,TRUE,0.000502367259498009,0.00049180165109006,0.000494330438710832,4.44089209850063e-16,4.44089209850063e-16,4.20441459425547e-12,0.0420354102552545,1.87988069585681,0.00327616434714279,0.000402902004509542,0.134174109306415,6.00044858459261,0.0104572889987286,0.0159268821704046,4.36290300080877e-06,0.069999999999709,0.290000000000873,11.8299999999999,NA,NA,NA
22,3,66,405,2000,399,TRUE,TRUE,TRUE,0.000441904777744102,0.000423574758153304,0.000416780195731657,4.44089209850063e-16,6.66133814775094e-16,6.89803036912906e-09,0.0208063353272356,0.930487603087082,0.00164624712648379,0.000196739880564678,0.0679581951805319,3.03918288103736,0.00537701530699302,0.00717326338971702,1.06889775246758e-06,0.069999999999709,0.299999999999272,11.8899999999994,NA,NA,NA
22,3,66,405,2000,400,TRUE,TRUE,TRUE,0.000455014778366078,0.000413611398357169,0.000425055033979005,4.44089209850063e-16,4.44089209850063e-16,1.72135639076032e-10,0.0626262381537216,2.80073051373625,0.00501147741700863,0.000738826301613926,0.116579498759212,5.21359368016899,0.00932892574329496,0.0163110595250515,9.6840634698436e-06,0.0800000000017462,0.279999999998836,11.8300000000017,NA,NA,NA
22,3,66,405,2000,401,TRUE,TRUE,TRUE,0.000435540012424416,0.000425579064087761,0.000401519917555663,6.66133814775094e-16,4.44089209850063e-16,6.59943211189784e-11,0.0427172500343557,1.91037349777349,0.0033832213887253,0.000381921286674469,0.0998263413732717,4.4643697051147,0.00790628172507876,0.0122207788697608,4.50558876666089e-06,0.0800000000017462,0.290000000000873,11.7699999999968,NA,NA,NA
22,3,66,405,2000,402,TRUE,TRUE,TRUE,0.000554471213628885,0.000538356021817591,0.000537312488840776,4.44089209850063e-16,6.66133814775094e-16,1.30151400767886e-09,0.0210233661716111,0.940193517511838,0.00169776318482771,0.000178173554630234,0.0724549333796198,3.24028312684097,0.00585117137983218,0.00740548781598704,1.0913133955201e-06,0.0800000000017462,0.279999999998836,11.8400000000001,NA,NA,NA
22,3,66,405,2000,403,TRUE,TRUE,TRUE,0.000449941180229157,0.000446327300057251,0.000445866156346343,4.44089209850063e-16,4.44089209850063e-16,2.93577873122786e-09,0.0109916075810039,0.491559634662536,0.000867699773232643,0.000114679946534579,0.0597573482114035,2.67242985511648,0.00471736614593396,0.00602966385397963,2.98309721517982e-07,0.0800000000017462,0.290000000000873,11.9099999999999,NA,NA,NA
22,3,66,405,2000,404,TRUE,TRUE,TRUE,0.000435503897204189,0.000418308579099402,0.000419941663756711,4.44089209850063e-16,6.66133814775094e-16,1.15598353112034e-09,0.0208049989924941,0.93042784038063,0.00165829812806522,0.000192377527611143,0.0917581941840165,4.10355119376173,0.00731374424506802,0.010396911208943,1.06876045204366e-06,0.100000000002183,0.299999999999272,11.8400000000001,NA,NA,NA
22,3,66,405,2000,405,TRUE,TRUE,TRUE,0.000810542771701763,0.000772170311989206,0.000776164954131127,4.44089209850063e-16,4.44089209850063e-16,2.01347494233062e-09,0.029781750112023,1.33188035478791,0.00242761310682535,0.000332403477059984,0.128758661090274,5.75826237779419,0.0104955622857719,0.0156245212790651,2.19000651786416e-06,0.0799999999981083,0.299999999999272,11.9300000000003,NA,NA,NA
22,3,66,405,2000,406,TRUE,TRUE,TRUE,0.000448500253665516,0.000433086524942934,0.000436822749183494,4.44089209850063e-16,4.44089209850063e-16,2.01994643234116e-09,0.0183528394935275,0.820763933753404,0.00145405415035954,0.000170180867726799,0.071396310791685,3.19294008545819,0.00565656895019551,0.00823471678295107,8.31670907346126e-07,0.0800000000017462,0.30000000000291,11.8700000000026,NA,NA,NA
22,3,66,405,2000,407,TRUE,TRUE,TRUE,0.00061374135709137,0.000584398985487789,0.00058751039682652,4.44089209850063e-16,4.44089209850063e-16,4.05115940793621e-11,0.0248876949522517,1.11301155433026,0.00201247895336951,0.000198166157019841,0.0798351963919652,3.5703385225896,0.00645566625536028,0.00854468832409339,1.52937619762058e-06,0.0800000000017462,0.279999999998836,11.9799999999996,NA,NA,NA
22,3,66,405,2000,408,TRUE,TRUE,TRUE,0.000738072137461735,0.000717166101245872,0.000709803802747196,4.44089209850063e-16,4.44089209850063e-16,1.60288760042704e-09,0.0251615184593183,1.12525731384303,0.00204955390635966,0.000157613364436315,0.0789465995951678,3.53059926574505,0.00643066561565824,0.0071034921011659,1.56321484241633e-06,0.0600000000013097,0.290000000000873,11.8600000000006,NA,NA,NA
22,3,66,405,2000,409,TRUE,TRUE,TRUE,0.00048903308723415,0.000441741413679276,0.000449500302683036,6.66133814775094e-16,4.44089209850063e-16,1.63893432159057e-09,0.0194190933230571,0.86844825463536,0.00153810549950013,0.000204231366268459,0.104450879847043,4.67118535295302,0.00827311914349831,0.0120121674185611,9.3111403824593e-07,0.0799999999981083,0.279999999998836,11.9300000000003,NA,NA,NA
22,3,66,405,2000,410,TRUE,TRUE,TRUE,0.000485418055412306,0.000489177093479253,0.000484192968455656,4.44089209850063e-16,4.44089209850063e-16,8.77669736887299e-09,0.0297229308519155,1.32924987750817,0.00238481273079387,0.000324840533210136,0.103144619365933,4.61276760831137,0.0082757855408769,0.00853859586754879,2.18136448994506e-06,0.0600000000013097,0.279999999998836,11.75,NA,NA,NA
22,3,66,405,2000,411,TRUE,TRUE,TRUE,0.000453767795087397,0.000446439112504439,0.000442397900211308,6.66133814775094e-16,6.66133814775094e-16,5.83388892749781e-10,0.0207213451864485,0.926686728442736,0.00164342778928719,0.000228686790691768,0.0937215457456772,4.19135494487381,0.00743313676537407,0.00974242228092237,1.06018307737272e-06,0.18999999999869,0.279999999998836,11.7299999999996,NA,NA,NA
22,3,66,405,2000,412,TRUE,TRUE,TRUE,0.000477921546876153,0.000453867979807414,0.000447072772990454,4.44089209850063e-16,4.44089209850063e-16,3.73935460373787e-09,0.0194452142116368,0.869616416285297,0.00153250746662785,0.000159206515021992,0.0841333310642989,3.76255694866534,0.00663067820415941,0.00815307313794733,9.33620631448003e-07,0.0800000000017462,0.299999999999272,11.9099999999999,NA,NA,NA
22,3,66,405,2000,413,TRUE,TRUE,TRUE,0.000380830131891008,0.000381581637944063,0.000381454050911049,4.44089209850063e-16,5.55111512312578e-16,4.91956519965697e-09,0.015397553690293,0.688599534773958,0.00121455282820545,0.000127192380816155,0.0647219886193811,2.89445532383808,0.00510524437231264,0.00668811693806504,5.85394221346804e-07,0.0800000000017462,0.289999999997235,11.9099999999999,NA,NA,NA
22,3,66,405,2000,414,TRUE,TRUE,TRUE,0.000576134107869408,0.000549625890266561,0.000549228762344117,4.44089209850063e-16,4.44089209850063e-16,4.00449517989898e-09,0.0104135159818452,0.465706592403727,0.000813589754236823,0.000118498067877226,0.0843013649188612,3.7700716510918,0.00658631790508972,0.00850284380273081,2.67756333590483e-07,0.0800000000017462,0.280000000002474,11.8500000000022,NA,NA,NA
22,3,66,405,2000,415,TRUE,TRUE,TRUE,0.000693953003488467,0.00068293442628245,0.000690543740303224,4.44089209850063e-16,4.44089209850063e-16,1.5844008327548e-09,0.0233845544213275,1.04578906619263,0.00190080427720795,0.000194180964911084,0.0964630493847044,4.31395871482237,0.00784096089920534,0.00844074684587781,1.35021576662723e-06,0.0600000000013097,0.279999999998836,11.8400000000001,NA,NA,NA
22,3,66,405,2000,416,TRUE,TRUE,TRUE,0.000455206861112948,0.000454375155613812,0.000456648043624222,4.44089209850063e-16,4.44089209850063e-16,8.32802560246648e-09,0.0122576805622623,0.548180139673926,0.000959497273043161,0.000179779592059504,0.112877645826386,5.04804178415887,0.00883574937426496,0.0130471219713968,3.70989463620896e-07,0.0599999999976717,0.279999999998836,11.9200000000019,NA,NA,NA
22,3,66,405,2000,417,TRUE,TRUE,TRUE,0.000569094060052733,0.000538302932176283,0.000530575205131198,4.44089209850063e-16,4.44089209850063e-16,6.67609389992663e-09,0.0240416499930644,1.07517527351499,0.00193881110539414,0.000305901294794353,0.117118040909093,5.23767801728667,0.00944484918556174,0.0131492545415881,1.42716280096053e-06,0.069999999999709,0.279999999998836,11.8400000000001,NA,NA,NA
22,3,66,405,2000,418,TRUE,TRUE,TRUE,0.000710722561895797,0.000660539276398124,0.000661705194068575,4.44089209850063e-16,4.44089209850063e-16,3.74305941797104e-09,0.0276654902079583,1.23723833471699,0.00215597632885201,0.000276982590762032,0.101283135482913,4.52951951828228,0.00789301187044416,0.0123711725226485,1.88982555172009e-06,0.18999999999869,0.279999999998836,11.6599999999999,NA,NA,NA
22,3,66,405,2000,419,TRUE,TRUE,TRUE,0.000411039307979535,0.000408445414910514,0.000411954319966513,4.44089209850063e-16,4.44089209850063e-16,5.68719715765553e-09,0.0277257041680948,1.23993118487818,0.00219091673412197,0.000241247128826672,0.0829198906069804,3.70829024168109,0.00655242423496149,0.00825960028927852,1.89806091757212e-06,0.0800000000017462,0.290000000000873,11.7999999999993,NA,NA,NA
22,3,66,405,2000,420,TRUE,TRUE,TRUE,0.000537360419790173,0.000484616890503965,0.000491771248904891,4.44089209850063e-16,4.44089209850063e-16,1.56490220781791e-09,0.0211879688953726,0.947554775104083,0.00168276849415415,0.000221462660476845,0.109251084300858,4.88585702224559,0.00867682426387812,0.0137783711216741,1.10846919978093e-06,0.0800000000017462,0.290000000000873,11.8599999999969,NA,NA,NA
22,3,66,405,2000,421,TRUE,TRUE,TRUE,0.000421508394925259,0.000414459398116327,0.00040895853517669,5.55111512312578e-16,4.44089209850063e-16,2.18042028876653e-09,0.0160505570620364,0.717802733349054,0.00126474725907067,0.000122541095379347,0.0676131249732441,3.02375087222725,0.00532775991241914,0.00583424745670413,6.36099708646139e-07,0.0800000000017462,0.279999999998836,11.9199999999983,NA,NA,NA
22,3,66,405,2000,422,TRUE,TRUE,TRUE,0.000502114983643028,0.000473776534217596,0.000473079233524212,6.66133814775094e-16,4.44089209850063e-16,6.34699759416435e-09,0.0268455244431944,1.2005683509323,0.0021687425539564,0.000274502121243358,0.0986051623414719,4.40975691855867,0.00796591670474675,0.01170429949957,1.7794621793337e-06,0.0799999999981083,0.30000000000291,11.880000000001,NA,NA,NA
22,3,66,405,2000,423,TRUE,TRUE,TRUE,0.00045386214132246,0.000437998138367476,0.000439185336849027,5.55111512312578e-16,4.44089209850063e-16,6.11663453220501e-09,0.0205310910766859,0.918178305994181,0.00162112853508704,0.000199041722552806,0.0899588769208952,4.02308327949317,0.00710312480793818,0.00981946647941356,1.04080419950413e-06,0.0800000000017462,0.290000000000873,11.9099999999999,NA,NA,NA
22,3,66,405,2000,424,TRUE,TRUE,TRUE,0.000519465472103688,0.000528319973277781,0.000523030123208228,4.44089209850063e-16,4.44089209850063e-16,7.08113723213444e-09,0.0325097462659538,1.45388005163885,0.00255631603579404,0.000298957663915189,0.0869323679726385,3.8877336846369,0.00683569180946616,0.00960996442564976,2.60958914142394e-06,0.100000000002183,0.299999999999272,11.9300000000003,NA,NA,NA
22,3,66,405,2000,425,TRUE,TRUE,TRUE,0.000498572460160601,0.000474017685291586,0.000470922390293702,4.44089209850063e-16,4.44089209850063e-16,7.72806529880654e-09,0.0168577930591444,0.75390342461742,0.00133580507624054,0.000237655969485218,0.122047383176049,5.45812490515221,0.00967098797668572,0.0146043746386653,7.01691819320832e-07,0.0800000000017462,0.279999999998836,11.880000000001,NA,NA,NA
22,3,66,405,2000,426,TRUE,TRUE,TRUE,0.000434362036289802,0.000413260763099343,0.000408999143912063,4.44089209850063e-16,4.44089209850063e-16,3.39600192411638e-09,0.0321071753064366,1.4358765310139,0.00255891707624586,0.000269957002046795,0.0829457713885925,3.709447665421,0.00661071392244537,0.00936835424016635,2.54535976829199e-06,0.0799999999981083,0.290000000000873,11.8400000000001,NA,NA,NA
22,3,66,405,2000,427,TRUE,TRUE,TRUE,0.000507587070924658,0.000475666141229947,0.000475522606298551,4.44089209850063e-16,4.44089209850063e-16,2.42296760433192e-09,0.0205851800410413,0.920597238016807,0.0016429283821347,0.000197862083751943,0.093137685802584,4.1652439344319,0.00743343255421287,0.00947346200855748,1.04629540079528e-06,0.069999999999709,0.299999999999272,11.9199999999983,NA,NA,NA
22,3,66,405,2000,428,TRUE,TRUE,TRUE,0.000520102195429175,0.000479422591466065,0.000483146714646331,4.44089209850063e-16,4.44089209850063e-16,1.69076774803045e-09,0.0388822181953449,1.73886566001541,0.00305744124553698,0.000457551586180216,0.111870700303563,5.00300981138549,0.00879677418497102,0.0138443037288596,3.73290590565534e-06,0.0800000000017462,0.289999999997235,11.8600000000006,NA,NA,NA
22,3,66,405,2000,429,TRUE,TRUE,TRUE,0.000506541678806171,0.000470869519444205,0.000470374572344984,6.66133814775094e-16,4.44089209850063e-16,3.88248055926965e-09,0.0455746056445369,2.0381583253786,0.00365145251559392,0.000535285009732434,0.125119799984541,5.59552756193224,0.0100246398612322,0.0158767409442362,5.12850538186433e-06,0.069999999999709,0.30000000000291,11.9500000000007,NA,NA,NA
22,3,66,405,2000,430,TRUE,TRUE,TRUE,0.000446309568210865,0.000413020628409633,0.000426266382323292,4.44089209850063e-16,2.22044604925031e-16,1.41924916263747e-10,0.0397770740485039,1.77888483036995,0.003187636503145,0.000420650075028561,0.111747144007394,4.99748420583981,0.00895514021282233,0.0135328185563139,3.90670523422263e-06,0.0799999999981083,0.30000000000291,11.8999999999978,NA,NA,NA
22,3,66,405,2000,431,TRUE,TRUE,TRUE,0.000454263456134129,0.000456656781887322,0.00044529424572714,4.44089209850063e-16,4.44089209850063e-16,2.69526512219898e-09,0.0282359780960141,1.26275132867765,0.00224398842923934,0.000234635832853769,0.088270035160451,3.9475559799013,0.00701505493718183,0.00966510038429647,1.96856903466318e-06,0.069999999999709,0.280000000002474,11.7900000000009,NA,NA,NA
22,3,66,405,2000,432,TRUE,TRUE,TRUE,0.00059017880286658,0.000555949515812017,0.000553790705016064,4.44089209850063e-16,5.55111512312578e-16,9.034610837233e-10,0.0186111904720673,0.832317740754779,0.00149985659090381,0.000276383371655697,0.120997156132702,5.41115732393754,0.00975103566741862,0.0143971512024876,8.55250397006345e-07,0.069999999999709,0.30000000000291,11.8599999999969,NA,NA,NA
22,3,66,405,2000,433,TRUE,TRUE,TRUE,0.000474437164184495,0.000451675164906458,0.000450672063993628,6.66133814775094e-16,4.44089209850063e-16,1.03685571239964e-09,0.0123627079448426,0.552877107012893,0.000981117568084604,0.000124507605463009,0.0789771426866677,3.53196519432179,0.00626770951095222,0.00756451978526229,3.77374191924625e-07,0.0800000000017462,0.280000000002474,11.8600000000006,NA,NA,NA
22,3,66,405,2000,434,TRUE,TRUE,TRUE,0.000496982357558909,0.000475118986455297,0.000478055550675901,4.44089209850063e-16,5.55111512312578e-16,2.62757371416455e-10,0.014309008914469,0.639918332468064,0.0011221106016452,0.000122899826891398,0.0810883319417896,3.62638044807818,0.00635893635160154,0.00820733876911106,5.05549965714454e-07,0.0800000000017462,0.299999999999272,11.8400000000001,NA,NA,NA
22,3,66,405,2000,435,TRUE,TRUE,TRUE,0.000513744041212706,0.000482632848277053,0.000488663254914903,6.66133814775094e-16,4.44089209850063e-16,7.05155933644619e-11,0.0339463166705254,1.51812543322058,0.0027296100736998,0.000326364522621247,0.0878873369413864,3.93044119524737,0.00706698645965773,0.0109786068942412,2.84531460616195e-06,0.0800000000017462,0.280000000002474,11.8999999999978,NA,NA,NA
22,3,66,405,2000,436,TRUE,TRUE,TRUE,0.0006176680521029,0.000600755732522004,0.000600946816238654,4.44089209850063e-16,4.44089209850063e-16,8.01338728706469e-09,0.0238807236228667,1.0679784274523,0.00189987898404212,0.000262644378011601,0.0838348780328189,3.74920972333574,0.00666965228607116,0.00968304520824859,1.40812089074505e-06,0.0800000000017462,0.290000000000873,11.9099999999999,NA,NA,NA
22,3,66,405,2000,437,TRUE,TRUE,TRUE,0.000502096355537719,0.000490215023289301,0.000490562127967125,4.44089209850063e-16,4.44089209850063e-16,1.33733735196984e-09,0.0200025751087554,0.894542353364448,0.00159642252363908,0.000129326328618617,0.0744690601626604,3.33035761488461,0.00594343899780522,0.00701330443658321,9.87908669089882e-07,0.0800000000017462,0.299999999999272,11.8899999999994,NA,NA,NA
22,3,66,405,2000,438,TRUE,TRUE,TRUE,0.000465377759579748,0.0004341062303056,0.000431087629767579,4.44089209850063e-16,5.55111512312578e-16,2.17403872682098e-11,0.0198099501971099,0.885927905432462,0.00155926422935296,0.000285927128686581,0.113215061567364,5.06313147482899,0.00891128922432821,0.0139681707273525,9.6897315262216e-07,0.0799999999981083,0.280000000002474,11.7799999999988,NA,NA,NA
22,3,66,405,2000,439,TRUE,TRUE,TRUE,0.000377065662513043,0.000357652663657223,0.00036089778253915,4.44089209850063e-16,4.44089209850063e-16,5.10311792822904e-11,0.0173865826678207,0.777551614833336,0.00138664632391684,0.000142289276936935,0.0928483870412276,4.15230610050791,0.00740501322382429,0.0100154120193139,7.46403103370283e-07,0.0600000000013097,0.279999999998836,11.9099999999999,NA,NA,NA
22,3,66,405,2000,440,TRUE,TRUE,TRUE,0.000526407678112547,0.000527177733314769,0.000527555943003139,4.44089209850063e-16,4.44089209850063e-16,1.3522631903129e-09,0.0311579890834512,1.39342763265586,0.0024646372147719,0.000328353981757346,0.108592070039197,4.85638500850123,0.00858977311824886,0.00995579450857065,2.39708712030731e-06,0.0900000000001455,0.279999999998836,11.869999999999,NA,NA,NA
22,3,66,405,2000,441,TRUE,TRUE,TRUE,0.000597481633971978,0.000563281090135493,0.00055910526615056,4.44089209850063e-16,4.44089209850063e-16,1.14457998634521e-10,0.019131261231463,0.855576012177151,0.00151242482222909,0.000194506881868506,0.101716804664542,4.54891379367969,0.00804123776008455,0.0109194148168967,9.03716435324638e-07,0.0900000000001455,0.280000000002474,11.9599999999991,NA,NA,NA
22,3,66,405,2000,442,TRUE,TRUE,TRUE,0.000588465444182408,0.000556133446226632,0.000557817958651392,4.44089209850063e-16,4.44089209850063e-16,7.4849024755963e-09,0.016346153343512,0.731022200934568,0.00127533392211857,0.000180115389781577,0.0729067500517807,3.26048898268736,0.00568821603092087,0.00785966519131875,6.59745010196567e-07,0.0800000000017462,0.279999999998836,12,NA,NA,NA
22,3,66,405,2000,443,TRUE,TRUE,TRUE,0.000472985954796708,0.000435684185102868,0.000437035439564878,4.44089209850063e-16,4.44089209850063e-16,1.15663034705449e-12,0.0246238022924671,1.10120991580943,0.00197338843205931,0.000252319059882211,0.0895360781894733,4.00417514540797,0.00717555553981674,0.0107512812354855,1.49711515886051e-06,0.0600000000013097,0.279999999998836,11.7799999999988,NA,NA,NA
22,3,66,405,2000,444,TRUE,TRUE,TRUE,0.000541502896652707,0.000538338277201014,0.000532125833805424,5.55111512312578e-16,4.44089209850063e-16,1.77402847967301e-09,0.0206474070487734,0.923380114403314,0.00161265650383366,0.00014871345338463,0.0782159847472152,3.4979251764372,0.0061090245476535,0.00740645349051761,1.05263066132775e-06,0.0800000000017462,0.290000000000873,11.8300000000017,NA,NA,NA
22,3,66,405,2000,445,TRUE,TRUE,TRUE,0.000443017375002175,0.000467612868673248,0.000452029798458678,4.44089209850063e-16,5.55111512312578e-16,9.23474630099008e-11,0.0349894260149107,1.5647747012608,0.00278179592404459,0.000377065807356303,0.117954707932937,5.27509490408361,0.0093778596313607,0.011450141948302,3.02286403173558e-06,0.069999999999709,0.279999999998836,11.9300000000003,NA,NA,NA
22,3,66,405,2000,446,TRUE,TRUE,TRUE,0.000719391445224053,0.000710512396868073,0.000684702928430603,4.44089209850063e-16,4.44089209850063e-16,6.96608815076161e-09,0.0284141074273153,1.27071751454917,0.00221186707687315,0.0001355257229676,0.0813030322100875,3.63598213597221,0.0063289512315482,0.00790674394424684,1.99348518738521e-06,0.0900000000001455,0.30000000000291,11.8899999999994,NA,NA,NA
22,3,66,405,2000,447,TRUE,TRUE,TRUE,0.000525901429512107,0.0005425396937935,0.000524097485418494,4.44089209850063e-16,4.44089209850063e-16,2.40314634858407e-09,0.0299802432890092,1.34075723952413,0.00239997239907842,0.000219038874945454,0.109230043791303,4.88491606205263,0.00874406147148775,0.0107546746288847,2.21929626584735e-06,0.0900000000001455,0.299999999999272,11.9199999999983,NA,NA,NA
22,3,66,405,2000,448,TRUE,TRUE,TRUE,0.000674046590922308,0.000652999989199275,0.000662375257469168,3.33066907387547e-16,4.44089209850063e-16,7.56105400512297e-10,0.0293498441421133,1.31256493261579,0.002380142928051,0.000286618181519316,0.0965195284863325,4.31648453703334,0.00782730811220657,0.0110144151949783,2.12694654608973e-06,0.0800000000017462,0.279999999998836,11.9300000000003,NA,NA,NA
22,3,66,405,2000,449,TRUE,TRUE,TRUE,0.000396002277812802,0.000391602075796231,0.000388298685087512,4.44089209850063e-16,4.44089209850063e-16,3.10211101250957e-09,0.0178946055717118,0.800271089777883,0.00141208574829431,0.00021095062238885,0.102910964756592,4.60231825651649,0.00812083318034821,0.0112416810318763,7.90659033499111e-07,0.0799999999981083,0.290000000000873,11.9099999999999,NA,NA,NA
22,3,66,405,2000,450,TRUE,TRUE,TRUE,0.000594783696435409,0.000570337940296569,0.000583436106938965,4.44089209850063e-16,4.44089209850063e-16,4.68096228445347e-09,0.0385240761632538,1.72284906142829,0.00301449555502038,0.000410878734442122,0.0948656982192537,4.24252299902464,0.0074232078763934,0.0128822370009516,3.66445541785723e-06,0.0799999999981083,0.279999999998836,11.8400000000001,NA,NA,NA
22,3,66,405,2000,451,TRUE,TRUE,TRUE,0.000437522696408334,0.00041158235888791,0.000415579879409338,4.44089209850063e-16,4.44089209850063e-16,4.65910510172307e-09,0.0265887549722719,1.18908527110171,0.00211849394754754,0.000251815714349846,0.0826658311977885,3.69692835949556,0.00658650859147534,0.00951231667062302,1.74558491598892e-06,0.069999999999709,0.279999999998836,11.869999999999,NA,NA,NA
22,3,66,405,2000,452,TRUE,TRUE,TRUE,0.000377072445227702,0.000372559789320646,0.00037358031828566,4.44089209850063e-16,4.44089209850063e-16,5.23499288362927e-09,0.0180933230419725,0.809158005214277,0.00143521325496501,0.000165350021944732,0.0849829038386775,3.80055099817221,0.00674108287083286,0.00855517855396215,8.0831688568191e-07,0.0799999999981083,0.279999999998836,11.8600000000006,NA,NA,NA
22,3,66,405,2000,453,TRUE,TRUE,TRUE,0.000405240078214127,0.000402516353676157,0.000410412096796362,4.44089209850063e-16,4.44089209850063e-16,5.50282042155459e-11,0.0611309455026014,2.73385899345304,0.00483750023457932,0.000691678617315006,0.120785072528139,5.40167265680321,0.00955813478565756,0.0142600282247543,9.22714197047413e-06,0.0800000000017462,0.279999999998836,11.8899999999994,NA,NA,NA
22,3,66,405,2000,454,TRUE,TRUE,TRUE,0.000734780709454589,0.00071797357258495,0.000697222016299011,6.66133814775094e-16,3.33066907387547e-16,9.2331873258189e-09,0.0360507368466087,1.61223796455947,0.00292973408163732,0.000339110111099217,0.107930255400947,4.82678775810861,0.0087711646237189,0.0105377149196357,3.20902623995909e-06,0.0799999999981083,0.279999999998836,11.8899999999994,NA,NA,NA
22,3,66,405,2000,455,TRUE,TRUE,TRUE,0.00048636433850557,0.000479799580114463,0.000466923166669409,5.55111512312578e-16,4.44089209850063e-16,1.49037449048706e-09,0.0235322887843963,1.05239594776132,0.00186252870351568,0.000141646461969458,0.0766672650685472,3.42866432684533,0.00606804476685236,0.00748554676005142,1.36732991464746e-06,0.0799999999981083,0.260000000002037,12,NA,NA,NA
22,3,66,405,2000,456,TRUE,TRUE,TRUE,0.000497132664763401,0.0004723952902642,0.000468969160633585,4.44089209850063e-16,4.44089209850063e-16,2.79047007722966e-09,0.0232584836998868,1.04015101213035,0.00183148903891919,0.000338782672073989,0.116996727561172,5.23225271943607,0.0092129060037884,0.0137592602248446,1.33569645436518e-06,0.0800000000017462,0.289999999997235,11.8600000000006,NA,NA,NA
22,3,66,405,2000,457,TRUE,TRUE,TRUE,0.000465320247350904,0.000457206709439961,0.000453265160690778,4.44089209850063e-16,4.44089209850063e-16,1.71970859774717e-09,0.0164172110845722,0.734199999721328,0.00130961798600659,0.0002084159128799,0.107962355476568,4.82822331713203,0.00861226927127828,0.01169731089621,6.65493382210861e-07,0.0799999999981083,0.420000000001892,11.7799999999988,NA,NA,NA
22,3,66,405,2000,458,TRUE,TRUE,TRUE,0.000826246113691438,0.000798807123250508,0.000795095009837269,4.44089209850063e-16,4.44089209850063e-16,5.01817076781208e-09,0.0106675898369208,0.477069120628816,0.000826206441555847,0.0001297684330126,0.105039463555853,4.69750761662,0.00813532229248768,0.0103203566508085,2.80981414638953e-07,0.0799999999981083,0.290000000000873,11.8899999999994,NA,NA,NA
22,3,66,405,2000,459,TRUE,TRUE,TRUE,0.000526195381844092,0.000498561003514272,0.000498361613609202,4.44089209850063e-16,4.44089209850063e-16,1.42467526664802e-09,0.0134862753380563,0.603124568383459,0.0010880605706668,0.000231937130877213,0.11933454318536,5.33680301252698,0.00962780366734213,0.0147944789749772,4.49085487639177e-07,0.069999999999709,0.299999999999272,11.8600000000006,NA,NA,NA
22,3,66,405,2000,460,TRUE,TRUE,TRUE,0.000539069999050382,0.000519783014868532,0.000516076100756288,4.44089209850063e-16,4.44089209850063e-16,1.49937173787862e-09,0.0158521305929556,0.708928831881055,0.00127477754188104,0.000174056164439662,0.0791605008576292,3.54016522101179,0.00636583379789995,0.00817473297669835,6.20469245274367e-07,0.069999999999709,0.280000000002474,11.8600000000006,NA,NA,NA
22,3,66,405,2000,461,TRUE,TRUE,TRUE,0.000489983621279242,0.000489648527729658,0.00048249490954556,4.44089209850063e-16,3.33066907387547e-16,1.83377957263531e-09,0.0214686127147865,0.96010554825758,0.00168405229644315,0.00018342124604942,0.0803853593669271,3.59494255880397,0.00630563096184799,0.00863135320172148,1.13802797999381e-06,0.0799999999981083,0.290000000000873,11.9300000000003,NA,NA,NA
22,3,66,405,2000,462,TRUE,TRUE,TRUE,0.00048514358859686,0.000443816926444146,0.000438599596633073,4.44089209850063e-16,5.55111512312578e-16,1.07944320149045e-10,0.0141491569254044,0.632769534190322,0.00113651518037631,0.000134796133764326,0.0841076127674434,3.76140679146465,0.00675584977955706,0.007952022298781,4.94317633826466e-07,0.0799999999981083,0.299999999999272,11.8899999999994,NA,NA,NA
22,3,66,405,2000,463,TRUE,TRUE,TRUE,0.000828533576233623,0.000808288440684902,0.000805237429262212,4.44089209850063e-16,5.55111512312578e-16,7.97331067836637e-09,0.0128199193368533,0.57332422206536,0.000990023931626295,0.000145554458939046,0.0764842772055792,3.42048086083225,0.00590653208004107,0.00845401381432964,4.05803288403519e-07,0.0799999999981083,0.279999999998836,11.9399999999987,NA,NA,NA
22,3,66,405,2000,464,TRUE,TRUE,TRUE,0.000469924322162257,0.000477329903687713,0.000472296439079628,4.44089209850063e-16,4.44089209850063e-16,1.11915299250143e-09,0.0230881278688661,1.03253246775984,0.00184844115539496,0.000285809889746247,0.121109050482105,5.41616139136882,0.00969602015691383,0.0134945365973635,1.31620160120768e-06,0.0799999999981083,0.280000000002474,11.9199999999983,NA,NA,NA
22,3,66,405,2000,465,TRUE,TRUE,TRUE,0.000437750155635437,0.000411755107200545,0.000414980385002444,4.44089209850063e-16,4.44089209850063e-16,2.14209094906437e-09,0.0330823858681685,1.47948927318206,0.00262839510295998,0.000348135052774978,0.107602952593873,4.81215033159177,0.00854905310604883,0.0139447079484256,2.70233149316147e-06,0.0799999999981083,0.279999999998836,11.8600000000006,NA,NA,NA
22,3,66,405,2000,466,TRUE,TRUE,TRUE,0.00044502941875591,0.000434505965322771,0.000428252086348094,5.55111512312578e-16,4.44089209850063e-16,4.34702385199159e-09,0.0406951218683309,1.81994117700452,0.00320724943583956,0.000331358066745224,0.0864377292123861,3.86561276679229,0.00681229949743479,0.0102555379234701,4.08911837994642e-06,0.0799999999981083,0.290000000000873,11.8600000000006,NA,NA,NA
22,3,66,405,2000,467,TRUE,TRUE,TRUE,0.0004520840600393,0.000424037514623074,0.000425071352822095,2.22044604925031e-16,4.44089209850063e-16,7.57483209490317e-09,0.0191918106265623,0.858283863445925,0.00150970395409813,0.000151143307064672,0.0781754875984328,3.49611408888575,0.00614959396158044,0.00726037331851614,9.09445913890941e-07,0.0599999999976717,0.299999999999272,11.8400000000001,NA,NA,NA
22,3,66,405,2000,468,TRUE,TRUE,TRUE,0.000493212899718184,0.000449323521597222,0.000453951325168979,4.44089209850063e-16,4.44089209850063e-16,5.60455459819309e-10,0.0226505604400698,1.01296385744927,0.00178088569679452,0.000277098194146674,0.132437415695971,5.92278128521178,0.0104128063390496,0.0175515802428805,1.26678490925742e-06,0.0799999999981083,0.280000000002474,11.9300000000003,NA,NA,NA
22,3,66,405,2000,469,TRUE,TRUE,TRUE,0.000427728868750734,0.000412838647116925,0.000414707714529326,6.66133814775094e-16,4.44089209850063e-16,6.41308250948214e-09,0.0244017397916158,1.09127897886629,0.001930861776941,0.00019404956972835,0.0864322593835767,3.86536814861143,0.006839215046287,0.00955799157877379,1.47023433298203e-06,0.0799999999981083,0.290000000000873,11.9599999999991,NA,NA,NA
22,3,66,405,2000,470,TRUE,TRUE,TRUE,0.000599843235754854,0.000563814028990464,0.000572109166876556,4.44089209850063e-16,4.44089209850063e-16,8.96962482066499e-09,0.0348172527898573,1.5570748805583,0.00273457299321511,0.000367656502149316,0.12126066909491,5.42294198186653,0.00952390336042633,0.0151561590880789,2.9931878810687e-06,0.0799999999981083,0.280000000002474,11.9399999999987,NA,NA,NA
22,3,66,405,2000,471,TRUE,TRUE,TRUE,0.000566135935000823,0.000545688648226981,0.000544637082307048,4.44089209850063e-16,6.66133814775094e-16,1.01352259918031e-10,0.0264033596752973,1.18079414136683,0.00205471041187896,0.000267769989136468,0.0807652820695489,3.61193321858912,0.00628515719315461,0.00884405530027266,1.7213269188719e-06,0.0900000000001455,0.299999999999272,11.869999999999,NA,NA,NA
22,3,66,405,2000,472,TRUE,TRUE,TRUE,0.000428804704750974,0.000431803846987235,0.000437415523988338,4.44089209850063e-16,4.44089209850063e-16,2.72426436964679e-09,0.0293716543714917,1.31354031572569,0.00234941989939928,0.000288544116614275,0.0942658391016878,4.21569648374863,0.00754026434527418,0.00990367506059897,2.1301088407861e-06,0.069999999999709,0.299999999999272,11.8899999999994,NA,NA,NA
22,3,66,405,2000,473,TRUE,TRUE,TRUE,0.000461825819870914,0.000455832094943129,0.000457751231611299,5.55111512312578e-16,6.66133814775094e-16,3.44599260237999e-09,0.00956367436107949,0.427700519720912,0.000752564653307847,0.000130818227361829,0.0790570377746088,3.53553821127588,0.00622099101016215,0.00807296761477971,2.25836709345109e-07,0.0800000000017462,0.279999999998836,11.880000000001,NA,NA,NA
22,3,66,405,2000,474,TRUE,TRUE,TRUE,0.000651006794992426,0.000641259546535302,0.000639820489265706,4.44089209850063e-16,5.55111512312578e-16,3.14861137162836e-09,0.0345903090727087,1.54692564898609,0.0028024830136544,0.000326079125372303,0.0966619940142749,4.32285578913193,0.00783148816975155,0.0108837790995722,2.9542950166556e-06,0.0799999999981083,0.279999999998836,11.739999999998,NA,NA,NA
22,3,66,405,2000,475,TRUE,TRUE,TRUE,0.0004283412791408,0.000409931887293398,0.000400871042571903,2.22044604925031e-16,4.44089209850063e-16,6.47574616152724e-09,0.0265228769943086,1.18613911836278,0.00211284731920523,0.000283815670343301,0.09225625335509,4.12582507702849,0.00734925466882979,0.00876442767435037,1.73694568902524e-06,0.0800000000017462,0.289999999997235,11.8600000000006,NA,NA,NA
22,3,66,405,2000,476,TRUE,TRUE,TRUE,0.000445389194899428,0.000407510844380369,0.000414919381544436,5.55111512312578e-16,5.55111512312578e-16,2.51643150761538e-12,0.0336681113980943,1.50568371520349,0.00267328753333374,0.000345408131053659,0.114386795212187,5.11553299645597,0.00908244570071277,0.0121153804220171,2.79886845707281e-06,0.069999999999709,0.280000000002474,11.8600000000006,NA,NA,NA
22,3,66,405,2000,477,TRUE,TRUE,TRUE,0.000445654275938662,0.000408705620476669,0.000410054345126079,4.44089209850063e-16,5.55111512312578e-16,2.59910426514409e-09,0.0227532081537026,1.01755440275763,0.00181481060114313,0.000273347909924837,0.127281104657564,5.69218404531157,0.0101520232442548,0.0160188449761023,1.27829254638448e-06,0.0799999999981083,0.290000000000873,11.880000000001,NA,NA,NA
22,3,66,405,2000,478,TRUE,TRUE,TRUE,0.000592939363802055,0.000575272677621479,0.000574410561624195,4.44089209850063e-16,4.44089209850063e-16,2.15960582750085e-12,0.0267157009307834,1.19476246695572,0.00209197124890039,0.000285035080494822,0.114987329273985,5.14238969615565,0.00900407544807642,0.010808474136951,1.76229302771126e-06,0.0799999999981083,0.279999999998836,11.8400000000001,NA,NA,NA
22,3,66,405,2000,479,TRUE,TRUE,TRUE,0.000500328174893604,0.000456992930682684,0.000471133838952544,4.44089209850063e-16,4.44089209850063e-16,5.71483749212121e-10,0.0330571428431161,1.47836037078257,0.00265635104419764,0.000354671269079176,0.0959038005562622,4.28894834688769,0.00770647850478705,0.0126248012033869,2.69820911839552e-06,0.0800000000017462,0.30000000000291,11.8300000000017,NA,NA,NA
22,3,66,405,2000,480,TRUE,TRUE,TRUE,0.000456909054549476,0.000452472186240665,0.000454043651523768,4.44089209850063e-16,4.44089209850063e-16,2.30963892455804e-09,0.0255647369456189,1.14328979274608,0.0020168381820732,0.000225737557158823,0.0769463059666537,3.44114341517871,0.00607040268683966,0.00882497636443702,1.61371796320664e-06,0.0799999999981083,0.309999999997672,11.8500000000022,NA,NA,NA
22,3,66,405,2000,481,TRUE,TRUE,TRUE,0.000492287405893193,0.000484519010872103,0.000480072555937127,4.44089209850063e-16,5.55111512312578e-16,6.86164369767539e-09,0.0245713743953808,1.09886526897339,0.00193798754862313,0.000218523930485048,0.0751831884950927,3.36229440480415,0.00592983041260672,0.00745666540279899,1.49074676463698e-06,0.069999999999709,0.279999999998836,11.9000000000015,NA,NA,NA
22,3,66,405,2000,482,TRUE,TRUE,TRUE,0.000548671130646545,0.00051159719307516,0.000521869961840002,4.44089209850063e-16,4.44089209850063e-16,1.36815403450896e-09,0.0320688591484295,1.43416298033509,0.00250231596622506,0.000279060432205824,0.0920647869033445,4.11726243699822,0.00718376619289961,0.0123341137615114,2.53928821501681e-06,0.0800000000017462,0.279999999998836,11.869999999999,NA,NA,NA
22,3,66,405,2000,483,TRUE,TRUE,TRUE,0.000520048418311891,0.000516220371299238,0.000509301098626737,4.44089209850063e-16,4.44089209850063e-16,4.582872303871e-09,0.0130821857694358,0.585053133494777,0.00103162859341774,0.000157134578756768,0.0640273235860998,2.8633889591179,0.00504903530155875,0.00697189955172917,4.22576751866738e-07,0.0799999999981083,0.279999999998836,11.8799999999974,NA,NA,NA
22,3,66,405,2000,484,TRUE,TRUE,TRUE,0.000564606847472393,0.000519124262437017,0.00052957409621272,2.22044604925031e-16,4.44089209850063e-16,3.00392599683619e-09,0.0347379327722389,1.55352758153088,0.0027721943096062,0.000341811311471929,0.11499979726494,5.14294728166202,0.00917733895318339,0.0105228056033297,2.97956536614467e-06,0.0800000000017462,0.279999999998836,11.8400000000001,NA,NA,NA
22,3,66,405,2000,485,TRUE,TRUE,TRUE,0.000474445279884015,0.000457779884121331,0.000454293993159406,4.44089209850063e-16,4.44089209850063e-16,1.92785831742981e-09,0.0296380571873026,1.3254542118367,0.00234965354814083,0.000248511224924641,0.0951833080481745,4.25672694238042,0.00754596686502748,0.011134347580537,2.16892452799461e-06,0.069999999999709,0.280000000002474,11.8599999999969,NA,NA,NA
22,3,66,405,2000,486,TRUE,TRUE,TRUE,0.000503949435891378,0.000482179553355028,0.000479103621324704,5.55111512312578e-16,4.44089209850063e-16,1.83142789822455e-09,0.0140412502828507,0.627943802430848,0.00111326738351225,0.000172775490867139,0.0722224191932497,3.22988477631184,0.00572618976419741,0.00690435251557631,4.86806690137422e-07,0.0800000000017462,0.280000000002474,11.75,NA,NA,NA
22,3,66,405,2000,487,TRUE,TRUE,TRUE,0.000460332551014076,0.000448315649965861,0.000446116669731458,4.44089209850063e-16,4.44089209850063e-16,1.96699079246798e-09,0.0145748961141029,0.651809169522634,0.00115117440752132,0.000148620119915677,0.123462086786933,5.5213923739912,0.00975145163956045,0.0116512200497141,5.24512584535538e-07,0.069999999999709,0.409999999999854,11.7700000000004,NA,NA,NA
22,3,66,405,2000,488,TRUE,TRUE,TRUE,0.000552594516922168,0.000544295950772752,0.000542226485909192,4.44089209850063e-16,4.44089209850063e-16,1.99046557014526e-09,0.0336596271655756,1.50530428879051,0.00272593087509604,0.000284195693538436,0.0945671768032787,4.22917271544745,0.00765853958365779,0.00916533897341765,2.79745802697668e-06,0.0800000000017462,0.299999999999272,11.8100000000013,NA,NA,NA
22,3,66,405,2000,489,TRUE,TRUE,TRUE,0.000466384234094846,0.000454500420361825,0.000456691155703521,4.44089209850063e-16,4.44089209850063e-16,8.81659767415499e-09,0.0173554129743017,0.77615766376241,0.00136706248341929,0.000144739576100505,0.085339706085208,3.81650767972755,0.00672209360318092,0.00866027265986702,7.43729282737189e-07,0.069999999999709,0.299999999999272,11.8400000000001,NA,NA,NA
22,3,66,405,2000,490,TRUE,TRUE,TRUE,0.00050753461931509,0.000466911167369946,0.000450230664853056,4.44089209850063e-16,4.44089209850063e-16,5.90483217877136e-12,0.0307369030055613,1.37459609076505,0.0024244050579134,0.000267726343707864,0.0928797888285701,4.15371043113017,0.00732598953684996,0.00606871903913486,2.332733842897e-06,0.0799999999981083,0.30000000000291,11.8999999999978,NA,NA,NA
22,3,66,405,2000,491,TRUE,TRUE,TRUE,0.000503501008745199,0.000485397437434616,0.000486595971194596,4.44089209850063e-16,4.44089209850063e-16,4.53733584038218e-09,0.0431302346195234,1.92884272989538,0.0034144092615102,0.000445823522710498,0.104826994012507,4.68800568977858,0.0082986392810059,0.0114870388006523,4.59312873662997e-06,0.0800000000017462,0.290000000000873,11.8599999999969,NA,NA,NA
22,3,66,405,2000,492,TRUE,TRUE,TRUE,0.000473418995947103,0.000482677202808744,0.000470944735735733,5.55111512312578e-16,2.22044604925031e-16,5.63447954959884e-10,0.0252289102739176,1.12827116741445,0.00200553835714862,0.000230518713237871,0.0805167173312546,3.60081706555641,0.00640056836566842,0.00848407691606212,1.57159978668984e-06,0.0800000000017462,0.280000000002474,11.880000000001,NA,NA,NA
22,3,66,405,2000,493,TRUE,TRUE,TRUE,0.000551332619455484,0.000512872580742641,0.00051412278962913,4.44089209850063e-16,4.44089209850063e-16,9.87741843871959e-09,0.0228655401542603,1.02257804254354,0.001837529527156,0.000248449484317348,0.114908314915559,5.13885606662287,0.00923430717790152,0.0141276939817914,1.29094549764466e-06,0.0799999999981083,0.279999999998836,11.8600000000006,NA,NA,NA
22,3,66,405,2000,494,TRUE,TRUE,TRUE,0.000483682001433666,0.000490196229944183,0.000487671573718978,4.44089209850063e-16,4.44089209850063e-16,1.07873532328995e-09,0.0116012744127251,0.518824764249644,0.000919033025296527,0.000142554416996177,0.0836665912763562,3.74168371079247,0.00662792360230847,0.00889812268411561,3.32319920986047e-07,0.0800000000017462,0.299999999999272,11.7599999999984,NA,NA,NA
22,3,66,405,2000,495,TRUE,TRUE,TRUE,0.000457244929874076,0.000455024832234045,0.000444686205849923,4.44089209850063e-16,4.44089209850063e-16,2.45136910770327e-09,0.0303027519232573,1.35518026411432,0.00239410214588007,0.000356034605545119,0.134160530382777,5.99984131666631,0.0105994998241496,0.0140782976361038,2.26730067684561e-06,0.0799999999981083,0.400000000001455,11.6700000000019,NA,NA,NA
22,3,66,405,2000,496,TRUE,TRUE,TRUE,0.000558514769183739,0.000550312512117409,0.0005490305031757,2.22044604925031e-16,4.44089209850063e-16,2.98407476506668e-09,0.0214881154976975,0.960977739224367,0.00168784359871548,0.000162740412847029,0.0750701384525093,3.35723865320263,0.00589659212578831,0.0076001660046785,1.14009656207997e-06,0.069999999999709,0.279999999998836,11.8100000000013,NA,NA,NA
22,3,66,405,2000,497,TRUE,TRUE,TRUE,0.000514800266939314,0.00050277684469893,0.000492868101993355,4.44089209850063e-16,4.44089209850063e-16,1.7430501486615e-13,0.0195740682385775,0.875378943553579,0.00155420847548698,0.000182960807521226,0.0731866905817132,3.27300830377909,0.00581112589414413,0.00659822167006041,9.46034931872815e-07,0.0900000000001455,0.279999999998836,11.8700000000026,NA,NA,NA
22,3,66,405,2000,498,TRUE,TRUE,TRUE,0.000531120730490715,0.000454271307792514,0.000459639005080681,3.33066907387547e-16,6.66133814775094e-16,1.74121295160035e-09,0.0256477423688722,1.14700190812399,0.00205921937818292,0.000261716107601728,0.126403260148575,5.65292564539608,0.0101487311834258,0.0123788777977012,1.62421404597541e-06,0.0799999999981083,0.299999999999272,11.8400000000001,NA,NA,NA
22,3,66,405,2000,499,TRUE,TRUE,TRUE,0.00046627524126811,0.000446356388307193,0.000447662822949346,4.44089209850063e-16,4.44089209850063e-16,4.26081392390643e-11,0.0307316487268385,1.37436111227711,0.0024258169999609,0.000289136267227263,0.0938430245599764,4.19678764260579,0.00740754283405992,0.0114000865797834,2.33193637893776e-06,0.0800000000017462,0.290000000000873,11.8199999999997,NA,NA,NA
22,3,66,405,2000,500,TRUE,TRUE,TRUE,0.000405875642282391,0.00039904248477727,0.000394223358896831,4.44089209850063e-16,6.66133814775094e-16,3.26227622693409e-09,0.0207214513366657,0.926691475624768,0.00163543756686741,0.000196630256411368,0.0874504686756039,3.91090385245733,0.00690201566427816,0.00838214232970813,1.06019393950075e-06,0.0900000000001455,0.280000000002474,11.9300000000003,NA,NA,NA
